{"1": {"AUC": NaN, "kappa": NaN, "f1": NaN, "precision": NaN, "recall": NaN, "average_precision": NaN, "Spearman_r": 0.6243895524429569, "Pearson_r": 0.643858260549696, "R2": 0.41164231030022247, "MAE": 0.40256064009809733, "MSE": 0.23684875415797685, "poisson_deviance_explained": 0.31328310823209626}, "2": {"AUC": NaN, "kappa": NaN, "f1": NaN, "precision": NaN, "recall": NaN, "average_precision": NaN, "Spearman_r": 0.6700870427180752, "Pearson_r": 0.6842174279024273, "R2": 0.46268835283838483, "MAE": 0.3908003549245262, "MSE": 0.22356519439128403, "poisson_deviance_explained": 0.3514103545020274}, "3": {"AUC": NaN, "kappa": NaN, "f1": NaN, "precision": NaN, "recall": NaN, "average_precision": NaN, "Spearman_r": 0.6687732927904767, "Pearson_r": 0.6825521950928106, "R2": 0.4583061149992961, "MAE": 0.39321488740719746, "MSE": 0.22641011076325526, "poisson_deviance_explained": 0.35078965456801037}, "4": {"AUC": NaN, "kappa": NaN, "f1": NaN, "precision": NaN, "recall": NaN, "average_precision": NaN, "Spearman_r": 0.5482076027862895, "Pearson_r": 0.5828694038053509, "R2": 0.33615805821867617, "MAE": 0.4396865730324894, "MSE": 0.27673959859919994, "poisson_deviance_explained": 0.2658470739965467}, "5": {"AUC": NaN, "kappa": NaN, "f1": NaN, "precision": NaN, "recall": NaN, "average_precision": NaN, "Spearman_r": 0.6853407904233978, "Pearson_r": 0.6945037675791098, "R2": 0.47698169961046766, "MAE": 0.3895221725259504, "MSE": 0.227311850152274, "poisson_deviance_explained": 0.3706458128272708}, "6": {"AUC": NaN, "kappa": NaN, "f1": NaN, "precision": NaN, "recall": NaN, "average_precision": NaN, "Spearman_r": 0.6677651911763626, "Pearson_r": 0.6802236789511461, "R2": 0.4567747201505771, "MAE": 0.39673422822677995, "MSE": 0.2328129806615571, "poisson_deviance_explained": 0.3534443156962216}, "7": {"AUC": NaN, "kappa": NaN, "f1": NaN, "precision": NaN, "recall": NaN, "average_precision": NaN, "Spearman_r": 0.6631849034145596, "Pearson_r": 0.6715895202674579, "R2": 0.44645228897085054, "MAE": 0.40088406566957246, "MSE": 0.24076943770590828, "poisson_deviance_explained": 0.3395652776242918}, "8": {"AUC": NaN, "kappa": NaN, "f1": NaN, "precision": NaN, "recall": NaN, "average_precision": NaN, "Spearman_r": 0.6592258500062899, "Pearson_r": 0.6597713614599118, "R2": 0.42926034043747785, "MAE": 0.40398830170617744, "MSE": 0.24277449825214995, "poisson_deviance_explained": 0.32075910539276276}, "9": {"AUC": NaN, "kappa": NaN, "f1": NaN, "precision": NaN, "recall": NaN, "average_precision": NaN, "Spearman_r": 0.6700393633839958, "Pearson_r": 0.6694902283869606, "R2": 0.4431593272511174, "MAE": 0.40135857870573577, "MSE": 0.2439241218428439, "poisson_deviance_explained": 0.33417893717287694}, "10": {"AUC": NaN, "kappa": NaN, "f1": NaN, "precision": NaN, "recall": NaN, "average_precision": NaN, "Spearman_r": 0.649956986583508, "Pearson_r": 0.6468493566425526, "R2": 0.4139586938229147, "MAE": 0.3999459670623123, "MSE": 0.2447852265168167, "poisson_deviance_explained": 0.30899979929405574}, "11": {"AUC": NaN, "kappa": NaN, "f1": NaN, "precision": NaN, "recall": NaN, "average_precision": NaN, "Spearman_r": 0.6566743979223849, "Pearson_r": 0.6505537230167376, "R2": 0.41842312171233775, "MAE": 0.39943339134755895, "MSE": 0.24417338243544445, "poisson_deviance_explained": 0.314761687900039}, "12": {"AUC": NaN, "kappa": NaN, "f1": NaN, "precision": NaN, "recall": NaN, "average_precision": NaN, "Spearman_r": 0.6620666022199241, "Pearson_r": 0.656335108177866, "R2": 0.42726306744356424, "MAE": 0.38614101810979434, "MSE": 0.23365666619543501, "poisson_deviance_explained": 0.32685468125175376}, "13": {"AUC": NaN, "kappa": NaN, "f1": NaN, "precision": NaN, "recall": NaN, "average_precision": NaN, "Spearman_r": 0.679423398087867, "Pearson_r": 0.6726466969594593, "R2": 0.44936105368791657, "MAE": 0.37491403338223844, "MSE": 0.2211244792178745, "poisson_deviance_explained": 0.33603485331172545}, "14": {"AUC": NaN, "kappa": NaN, "f1": NaN, "precision": NaN, "recall": NaN, "average_precision": NaN, "Spearman_r": 0.7009242709624997, "Pearson_r": 0.6942682201231686, "R2": 0.4801154138789624, "MAE": 0.36790641065260554, "MSE": 0.21496564839569712, "poisson_deviance_explained": 0.3583786228112348}, "15": {"AUC": NaN, "kappa": NaN, "f1": NaN, "precision": NaN, "recall": NaN, "average_precision": NaN, "Spearman_r": 0.7077027175277596, "Pearson_r": 0.7002195983172546, "R2": 0.4874112276844216, "MAE": 0.3639381846645645, "MSE": 0.20983913270909976, "poisson_deviance_explained": 0.37597416576108145}, "16": {"AUC": NaN, "kappa": NaN, "f1": NaN, "precision": NaN, "recall": NaN, "average_precision": NaN, "Spearman_r": 0.7094016848173331, "Pearson_r": 0.7031695945661807, "R2": 0.4913391899231899, "MAE": 0.36411480975921084, "MSE": 0.2114428807381602, "poisson_deviance_explained": 0.3781123391301995}, "17": {"AUC": NaN, "kappa": NaN, "f1": NaN, "precision": NaN, "recall": NaN, "average_precision": NaN, "Spearman_r": 0.7143193087561999, "Pearson_r": 0.705836252645, "R2": 0.49614058422252094, "MAE": 0.36121682467688665, "MSE": 0.20951139321405474, "poisson_deviance_explained": 0.3763348974812155}, "18": {"AUC": NaN, "kappa": NaN, "f1": NaN, "precision": NaN, "recall": NaN, "average_precision": NaN, "Spearman_r": 0.7139228768642438, "Pearson_r": 0.7078181859003647, "R2": 0.4982741719127268, "MAE": 0.3630121623914837, "MSE": 0.20898305510923962, "poisson_deviance_explained": 0.37600506762952046}, "19": {"AUC": NaN, "kappa": NaN, "f1": NaN, "precision": NaN, "recall": NaN, "average_precision": NaN, "Spearman_r": 0.6915917281548762, "Pearson_r": 0.6963007731839107, "R2": 0.48238224464517865, "MAE": 0.36075708889648667, "MSE": 0.20195417286338752, "poisson_deviance_explained": 0.3622935814771654}, "20": {"AUC": NaN, "kappa": NaN, "f1": NaN, "precision": NaN, "recall": NaN, "average_precision": NaN, "Spearman_r": 0.6709536039854617, "Pearson_r": 0.679838207014469, "R2": 0.4588089349837905, "MAE": 0.3687490937810764, "MSE": 0.20689183872890937, "poisson_deviance_explained": 0.346696834957511}, "21": {"AUC": NaN, "kappa": NaN, "f1": NaN, "precision": NaN, "recall": NaN, "average_precision": NaN, "Spearman_r": 0.6631544012412283, "Pearson_r": 0.6755569253641258, "R2": 0.4535629327282511, "MAE": 0.37152821673513026, "MSE": 0.210366099979707, "poisson_deviance_explained": 0.34064623303307606}, "22": {"AUC": NaN, "kappa": NaN, "f1": NaN, "precision": NaN, "recall": NaN, "average_precision": NaN, "Spearman_r": 0.6764528447016547, "Pearson_r": 0.6864574810809472, "R2": 0.4675709460929114, "MAE": 0.3726061918853277, "MSE": 0.21002640400536715, "poisson_deviance_explained": 0.35735933369066475}, "23": {"AUC": NaN, "kappa": NaN, "f1": NaN, "precision": NaN, "recall": NaN, "average_precision": NaN, "Spearman_r": 0.6907381064172905, "Pearson_r": 0.6997818843788547, "R2": 0.4841860458550761, "MAE": 0.3750090228018433, "MSE": 0.21042050404381032, "poisson_deviance_explained": 0.3726860395816394}, "24": {"AUC": NaN, "kappa": NaN, "f1": NaN, "precision": NaN, "recall": NaN, "average_precision": NaN, "Spearman_r": 0.7052322997754654, "Pearson_r": 0.7139209356806075, "R2": 0.5053668227365824, "MAE": 0.3735963326191169, "MSE": 0.21421394126804902, "poisson_deviance_explained": 0.39241277516571627}, "25": {"AUC": NaN, "kappa": NaN, "f1": NaN, "precision": NaN, "recall": NaN, "average_precision": NaN, "Spearman_r": 0.6746456528022049, "Pearson_r": 0.6834186198712274, "R2": 0.46428812433201994, "MAE": 0.3907514434390573, "MSE": 0.23122459025869568, "poisson_deviance_explained": 0.35334643681849953}, "26": {"AUC": NaN, "kappa": NaN, "f1": NaN, "precision": NaN, "recall": NaN, "average_precision": NaN, "Spearman_r": 0.6724861594913198, "Pearson_r": 0.6845823079295652, "R2": 0.46627258390041026, "MAE": 0.3921883120272502, "MSE": 0.23334404975488535, "poisson_deviance_explained": 0.3550741203216299}, "27": {"AUC": NaN, "kappa": NaN, "f1": NaN, "precision": NaN, "recall": NaN, "average_precision": NaN, "Spearman_r": 0.6728100252728245,