{"1": {"AUC": NaN, "kappa": NaN, "f1": NaN, "precision": NaN, "recall": NaN, "average_precision": NaN, "Spearman_r": 0.6508073098292044, "Pearson_r": 0.6627154913188034, "R2": 0.4341128226577199, "MAE": 0.4000012528959995, "MSE": 0.23618006619906678, "poisson_deviance_explained": 0.3293766775228757}, "2": {"AUC": NaN, "kappa": NaN, "f1": NaN, "precision": NaN, "recall": NaN, "average_precision": NaN, "Spearman_r": 0.6855286115879325, "Pearson_r": 0.6930580864257154, "R2": 0.4735496983183568, "MAE": 0.3938722234097233, "MSE": 0.2291717921094274, "poisson_deviance_explained": 0.3629263708948923}, "3": {"AUC": NaN, "kappa": NaN, "f1": NaN, "precision": NaN, "recall": NaN, "average_precision": NaN, "Spearman_r": 0.644781422895031, "Pearson_r": 0.6590746457421865, "R2": 0.42834381402055133, "MAE": 0.4010734447585418, "MSE": 0.23525232114249386, "poisson_deviance_explained": 0.3206562661309206}, "4": {"AUC": NaN, "kappa": NaN, "f1": NaN, "precision": NaN, "recall": NaN, "average_precision": NaN, "Spearman_r": 0.6085807416129903, "Pearson_r": 0.6271927256702067, "R2": 0.3894570152795328, "MAE": 0.4321773451840664, "MSE": 0.2703462881411099, "poisson_deviance_explained": 0.2978925140733848}, "5": {"AUC": NaN, "kappa": NaN, "f1": NaN, "precision": NaN, "recall": NaN, "average_precision": NaN, "Spearman_r": 0.6805480147342021, "Pearson_r": 0.6850316810399183, "R2": 0.4638176675293473, "MAE": 0.3910884242594712, "MSE": 0.22759840332684667, "poisson_deviance_explained": 0.3518222731093681}, "6": {"AUC": NaN, "kappa": NaN, "f1": NaN, "precision": NaN, "recall": NaN, "average_precision": NaN, "Spearman_r": 0.6658828350624209, "Pearson_r": 0.6712589610826261, "R2": 0.44692754213218633, "MAE": 0.38181645705491324, "MSE": 0.2206587602966715, "poisson_deviance_explained": 0.33642997142987363}, "7": {"AUC": NaN, "kappa": NaN, "f1": NaN, "precision": NaN, "recall": NaN, "average_precision": NaN, "Spearman_r": 0.6818893106487215, "Pearson_r": 0.6852637058899788, "R2": 0.4649538524977822, "MAE": 0.38490219892863037, "MSE": 0.22509208641515527, "poisson_deviance_explained": 0.35225212923849536}, "8": {"AUC": NaN, "kappa": NaN, "f1": NaN, "precision": NaN, "recall": NaN, "average_precision": NaN, "Spearman_r": 0.6858512577256428, "Pearson_r": 0.6860040524559687, "R2": 0.46401506901991785, "MAE": 0.3925845794232545, "MSE": 0.23472464092080733, "poisson_deviance_explained": 0.3577529221878556}, "9": {"AUC": NaN, "kappa": NaN, "f1": NaN, "precision": NaN, "recall": NaN, "average_precision": NaN, "Spearman_r": 0.6826789115859727, "Pearson_r": 0.6781302890959694, "R2": 0.45567502053068865, "MAE": 0.37888283260998823, "MSE": 0.2233654728621725, "poisson_deviance_explained": 0.3489965012110311}, "10": {"AUC": NaN, "kappa": NaN, "f1": NaN, "precision": NaN, "recall": NaN, "average_precision": NaN, "Spearman_r": 0.6741050682790735, "Pearson_r": 0.6688965935617542, "R2": 0.4430466184880434, "MAE": 0.37263244914756244, "MSE": 0.22057201254195863, "poisson_deviance_explained": 0.33518934575769477}, "11": {"AUC": NaN, "kappa": NaN, "f1": NaN, "precision": NaN, "recall": NaN, "average_precision": NaN, "Spearman_r": 0.644753378637677, "Pearson_r": 0.638756206503998, "R2": 0.4058170389448761, "MAE": 0.3806248072121344, "MSE": 0.22902548067956408, "poisson_deviance_explained": 0.30926674684359823}, "12": {"AUC": NaN, "kappa": NaN, "f1": NaN, "precision": NaN, "recall": NaN, "average_precision": NaN, "Spearman_r": 0.6623708627053928, "Pearson_r": 0.6590656091913224, "R2": 0.4318533068736158, "MAE": 0.3752597346519204, "MSE": 0.22310689830103073, "poisson_deviance_explained": 0.3323347530798606}, "13": {"AUC": NaN, "kappa": NaN, "f1": NaN, "precision": NaN, "recall": NaN, "average_precision": NaN, "Spearman_r": 0.6865242299520284, "Pearson_r": 0.6819537416755233, "R2": 0.46172938434501665, "MAE": 0.36277890951142516, "MSE": 0.2071322171607945, "poisson_deviance_explained": 0.3521987736483937}, "14": {"AUC": NaN, "kappa": NaN, "f1": NaN, "precision": NaN, "recall": NaN, "average_precision": NaN, "Spearman_r": 0.6948321152035456, "Pearson_r": 0.6902109918479565, "R2": 0.4740927548995395, "MAE": 0.36169020799788926, "MSE": 0.20700796419779605, "poisson_deviance_explained": 0.3671100912168196}, "15": {"AUC": NaN, "kappa": NaN, "f1": NaN, "precision": NaN, "recall": NaN, "average_precision": NaN, "Spearman_r": 0.7031111327377403, "Pearson_r": 0.6968538162520507, "R2": 0.4821218950117603, "MAE": 0.35588604454718065, "MSE": 0.20353230764408864, "poisson_deviance_explained": 0.3715879162645713}, "16": {"AUC": NaN, "kappa": NaN, "f1": NaN, "precision": NaN, "recall": NaN, "average_precision": NaN, "Spearman_r": 0.7112095685390605, "Pearson_r": 0.707206557872565, "R2": 0.4964344538826674, "MAE": 0.3607718615697553, "MSE": 0.20673096145264017, "poisson_deviance_explained": 0.38015254918455266}, "17": {"AUC": NaN, "kappa": NaN, "f1": NaN, "precision": NaN, "recall": NaN, "average_precision": NaN, "Spearman_r": 0.7002385143285407, "Pearson_r": 0.6991421353836434, "R2": 0.4852804382138376, "MAE": 0.35017182942687997, "MSE": 0.19454412048311223, "poisson_deviance_explained": 0.36807935572816364}, "18": {"AUC": NaN, "kappa": NaN, "f1": NaN, "precision": NaN, "recall": NaN, "average_precision": NaN, "Spearman_r": 0.6957596035646112, "Pearson_r": 0.6948286595706059, "R2": 0.47975532983547786, "MAE": 0.3612768992456532, "MSE": 0.20528993965920553, "poisson_deviance_explained": 0.3611245660625231}, "19": {"AUC": NaN, "kappa": NaN, "f1": NaN, "precision": NaN, "recall": NaN, "average_precision": NaN, "Spearman_r": 0.7025275494719392, "Pearson_r": 0.7049918419081469, "R2": 0.4930017347965545, "MAE": 0.35444373292450576, "MSE": 0.19466392653231984, "poisson_deviance_explained": 0.3776462591994689}, "20": {"AUC": NaN, "kappa": NaN, "f1": NaN, "precision": NaN, "recall": NaN, "average_precision": NaN, "Spearman_r": 0.6858902913314351, "Pearson_r": 0.6885219024847975, "R2": 0.4698075028714349, "MAE": 0.35883985323521217, "MSE": 0.19657597442087696, "poisson_deviance_explained": 0.3509268723308394}, "21": {"AUC": NaN, "kappa": NaN, "f1": NaN, "precision": NaN, "recall": NaN, "average_precision": NaN, "Spearman_r": 0.6547086360883052, "Pearson_r": 0.6648676672729115, "R2": 0.4396783955033744, "MAE": 0.372975464318756, "MSE": 0.20934920345059832, "poisson_deviance_explained": 0.3298849002421508}, "22": {"AUC": NaN, "kappa": NaN, "f1": NaN, "precision": NaN, "recall": NaN, "average_precision": NaN, "Spearman_r": 0.6589585302530739, "Pearson_r": 0.6672776390717791, "R2": 0.44179946031365314, "MAE": 0.3765666040659016, "MSE": 0.21265454440306453, "poisson_deviance_explained": 0.3335185429321359}, "23": {"AUC": NaN, "kappa": NaN, "f1": NaN, "precision": NaN, "recall": NaN, "average_precision": NaN, "Spearman_r": 0.6710365053250466, "Pearson_r": 0.6813685078608097, "R2": 0.46042524180259925, "MAE": 0.3803190686656034, "MSE": 0.21729415870425856, "poisson_deviance_explained": 0.352591430274529}, "24": {"AUC": NaN, "kappa": NaN, "f1": NaN, "precision": NaN, "recall": NaN, "average_precision": NaN, "Spearman_r": 0.6626046328918697, "Pearson_r": 0.6743647176629054, "R2": 0.4512564817622218, "MAE": 0.38476255572426854, "MSE": 0.22161213290049497, "poisson_deviance_explained": 0.34525085657984167}, "25": {"AUC": NaN, "kappa": NaN, "f1": NaN, "precision": NaN, "recall": NaN, "average_precision": NaN, "Spearman_r": 0.6781434287807869, "Pearson_r": 0.6835837028794354, "R2": 0.4633027773631183, "MAE": 0.38184959440464467, "MSE": 0.21994433435566527, "poisson_deviance_explained": 0.3547853884384935}, "26": {"AUC": NaN, "kappa": NaN, "f1": NaN, "precision": NaN, "recall": NaN, "average_precision": NaN, "Spearman_r": 0.6889979188119664, "Pearson_r": 0.6920331005208572, "R2": 0.47483705757418704, "MAE": 0.37594991466246497, "MSE": 0.2133317658432978, "poisson_deviance_explained": 0.3633825937188837}, "27": {"AUC": NaN, "kappa": NaN, "f1": NaN, "precision": NaN, "recall": NaN, "average_precision": NaN, "Spearman_r": 0.6767198083637495,