{"1": {"AUC": NaN, "kappa": NaN, "f1": NaN, "precision": NaN, "recall": NaN, "average_precision": NaN, "Spearman_r": 0.6756770289775812, "Pearson_r": 0.6910693114508575, "R2": 0.47640015063613794, "MAE": 0.3719789598656047, "MSE": 0.21151796170974047, "poisson_deviance_explained": 0.35671904873587357}, "2": {"AUC": NaN, "kappa": NaN, "f1": NaN, "precision": NaN, "recall": NaN, "average_precision": NaN, "Spearman_r": 0.692553906587279, "Pearson_r": 0.7037209706185821, "R2": 0.49299529323421365, "MAE": 0.36471960661869435, "MSE": 0.2035931918821673, "poisson_deviance_explained": 0.37185554379915253}, "3": {"AUC": NaN, "kappa": NaN, "f1": NaN, "precision": NaN, "recall": NaN, "average_precision": NaN, "Spearman_r": 0.6995123926056627, "Pearson_r": 0.7140080424318358, "R2": 0.5073140958458308, "MAE": 0.35991746922489315, "MSE": 0.19748018233250283, "poisson_deviance_explained": 0.3853924210877483}, "4": {"AUC": NaN, "kappa": NaN, "f1": NaN, "precision": NaN, "recall": NaN, "average_precision": NaN, "Spearman_r": 0.652089414100653, "Pearson_r": 0.6676721159271684, "R2": 0.4439173105677131, "MAE": 0.38694844946876034, "MSE": 0.22598579510313552, "poisson_deviance_explained": 0.3343588343892887}, "5": {"AUC": NaN, "kappa": NaN, "f1": NaN, "precision": NaN, "recall": NaN, "average_precision": NaN, "Spearman_r": 0.6969710269179172, "Pearson_r": 0.7062952587125021, "R2": 0.4958339173463373, "MAE": 0.3698895877489033, "MSE": 0.20915968215160055, "poisson_deviance_explained": 0.37433669500479516}, "6": {"AUC": NaN, "kappa": NaN, "f1": NaN, "precision": NaN, "recall": NaN, "average_precision": NaN, "Spearman_r": 0.7107776333005242, "Pearson_r": 0.7182409517309316, "R2": 0.5130447092565423, "MAE": 0.3678857883155576, "MSE": 0.20877416707286459, "poisson_deviance_explained": 0.3844430658324427}, "7": {"AUC": NaN, "kappa": NaN, "f1": NaN, "precision": NaN, "recall": NaN, "average_precision": NaN, "Spearman_r": 0.7078466304988188, "Pearson_r": 0.710294604341761, "R2": 0.5022655805140854, "MAE": 0.36502519457295024, "MSE": 0.20879601753034993, "poisson_deviance_explained": 0.3799615708208247}, "8": {"AUC": NaN, "kappa": NaN, "f1": NaN, "precision": NaN, "recall": NaN, "average_precision": NaN, "Spearman_r": 0.7076111870096977, "Pearson_r": 0.7070350628852754, "R2": 0.4972394547326484, "MAE": 0.36933133219671604, "MSE": 0.21220936204961685, "poisson_deviance_explained": 0.3757337173790325}, "9": {"AUC": NaN, "kappa": NaN, "f1": NaN, "precision": NaN, "recall": NaN, "average_precision": NaN, "Spearman_r": 0.7087980787811424, "Pearson_r": 0.7071596349755319, "R2": 0.49719854414997944, "MAE": 0.3605869197412819, "MSE": 0.20433359695747347, "poisson_deviance_explained": 0.37997066247207234}, "10": {"AUC": NaN, "kappa": NaN, "f1": NaN, "precision": NaN, "recall": NaN, "average_precision": NaN, "Spearman_r": 0.6892172900981244, "Pearson_r": 0.6842383985840924, "R2": 0.4665069510165022, "MAE": 0.3631919524185307, "MSE": 0.21111574830881422, "poisson_deviance_explained": 0.35170204485538337}, "11": {"AUC": NaN, "kappa": NaN, "f1": NaN, "precision": NaN, "recall": NaN, "average_precision": NaN, "Spearman_r": 0.6969054734429538, "Pearson_r": 0.6911695222780929, "R2": 0.4760789919218601, "MAE": 0.3564116710643203, "MSE": 0.20417864000475675, "poisson_deviance_explained": 0.35808503856963125}, "12": {"AUC": NaN, "kappa": NaN, "f1": NaN, "precision": NaN, "recall": NaN, "average_precision": NaN, "Spearman_r": 0.7009923368240031, "Pearson_r": 0.6991832333085652, "R2": 0.48779658383103697, "MAE": 0.3487508968269212, "MSE": 0.19618864279696002, "poisson_deviance_explained": 0.3704179006871503}, "13": {"AUC": NaN, "kappa": NaN, "f1": NaN, "precision": NaN, "recall": NaN, "average_precision": NaN, "Spearman_r": 0.7012858997809192, "Pearson_r": 0.6977176056052881, "R2": 0.48601291449305506, "MAE": 0.3497021089359701, "MSE": 0.19525804806122368, "poisson_deviance_explained": 0.36902593814789}, "14": {"AUC": NaN, "kappa": NaN, "f1": NaN, "precision": NaN, "recall": NaN, "average_precision": NaN, "Spearman_r": 0.7183478042153361, "Pearson_r": 0.714004346517364, "R2": 0.5092737552050959, "MAE": 0.3463994147104598, "MSE": 0.19314194068772464, "poisson_deviance_explained": 0.38461540031443164}, "15": {"AUC": NaN, "kappa": NaN, "f1": NaN, "precision": NaN, "recall": NaN, "average_precision": NaN, "Spearman_r": 0.7105585271121481, "Pearson_r": 0.7057715633156885, "R2": 0.49718675620127006, "MAE": 0.34182785256382225, "MSE": 0.19096882012879435, "poisson_deviance_explained": 0.3828499467794978}, "16": {"AUC": NaN, "kappa": NaN, "f1": NaN, "precision": NaN, "recall": NaN, "average_precision": NaN, "Spearman_r": 0.727739406726981, "Pearson_r": 0.7217700759034742, "R2": 0.5199315962512314, "MAE": 0.335662882386288, "MSE": 0.18548411265102105, "poisson_deviance_explained": 0.3988401581799941}, "17": {"AUC": NaN, "kappa": NaN, "f1": NaN, "precision": NaN, "recall": NaN, "average_precision": NaN, "Spearman_r": 0.7206203547435616, "Pearson_r": 0.7160250844909853, "R2": 0.511902287382923, "MAE": 0.34202184465200125, "MSE": 0.19044015787833027, "poisson_deviance_explained": 0.390060550619203}, "18": {"AUC": NaN, "kappa": NaN, "f1": NaN, "precision": NaN, "recall": NaN, "average_precision": NaN, "Spearman_r": 0.7098842731670545, "Pearson_r": 0.7084127015508787, "R2": 0.5011285409323434, "MAE": 0.3401671845294536, "MSE": 0.18813939846184796, "poisson_deviance_explained": 0.38112345045467777}, "19": {"AUC": NaN, "kappa": NaN, "f1": NaN, "precision": NaN, "recall": NaN, "average_precision": NaN, "Spearman_r": 0.6939634955327906, "Pearson_r": 0.6965287565345569, "R2": 0.4843420946246204, "MAE": 0.34901696078068695, "MSE": 0.1936425245673297, "poisson_deviance_explained": 0.3679698014536549}, "20": {"AUC": NaN, "kappa": NaN, "f1": NaN, "precision": NaN, "recall": NaN, "average_precision": NaN, "Spearman_r": 0.6950110921546128, "Pearson_r": 0.6985585820185045, "R2": 0.486263280953078, "MAE": 0.35312037092699405, "MSE": 0.19449226798934388, "poisson_deviance_explained": 0.3667384495076871}, "21": {"AUC": NaN, "kappa": NaN, "f1": NaN, "precision": NaN, "recall": NaN, "average_precision": NaN, "Spearman_r": 0.6901522376317558, "Pearson_r": 0.7005340651672036, "R2": 0.48968774513336966, "MAE": 0.349692332692788, "MSE": 0.18926324061878574, "poisson_deviance_explained": 0.3640617130496743}, "22": {"AUC": NaN, "kappa": NaN, "f1": NaN, "precision": NaN, "recall": NaN, "average_precision": NaN, "Spearman_r": 0.6784807595170498, "Pearson_r": 0.689807516497529, "R2": 0.4741899985546856, "MAE": 0.35412591288334805, "MSE": 0.194201423580908, "poisson_deviance_explained": 0.3576234400650158}, "23": {"AUC": NaN, "kappa": NaN, "f1": NaN, "precision": NaN, "recall": NaN, "average_precision": NaN, "Spearman_r": 0.6696726067357678, "Pearson_r": 0.6788409668045459, "R2": 0.4594572568350711, "MAE": 0.3652468189517329, "MSE": 0.20502255626666305, "poisson_deviance_explained": 0.34752338342183287}, "24": {"AUC": NaN, "kappa": NaN, "f1": NaN, "precision": NaN, "recall": NaN, "average_precision": NaN, "Spearman_r": 0.6893652121201687, "Pearson_r": 0.6976026728510066, "R2": 0.48459229453039665, "MAE": 0.36799728199816417, "MSE": 0.20679672094304777, "poisson_deviance_explained": 0.36758233317223543}, "25": {"AUC": NaN, "kappa": NaN, "f1": NaN, "precision": NaN, "recall": NaN, "average_precision": NaN, "Spearman_r": 0.6926402414151678, "Pearson_r": 0.7009131913535753, "R2": 0.4895393203011743, "MAE": 0.36473791488710167, "MSE": 0.20510114900410661, "poisson_deviance_explained": 0.3740357205776501}, "26": {"AUC": NaN, "kappa": NaN, "f1": NaN, "precision": NaN, "recall": NaN, "average_precision": NaN, "Spearman_r": 0.70223996114693, "Pearson_r": 0.7057704805100593, "R2": 0.4962577318496142, "MAE": 0.3689747351324946, "MSE": 0.2096333952232319, "poisson_deviance_explained": 0.3766646117760992}, "27": {"AUC": NaN, "kappa": NaN, "f1": NaN, "precision": NaN, "recall": NaN, "average_precision": NaN, "Spearman_r": 0.7041039465599868,