{"1": {"AUC": NaN, "kappa": NaN, "f1": NaN, "precision": NaN, "recall": NaN, "average_precision": NaN, "Spearman_r": 0.6650418782145366, "Pearson_r": 0.6734533809805141, "R2": 0.45319091323129634, "MAE": 0.3954179322972747, "MSE": 0.24093769896721304, "poisson_deviance_explained": 0.3433999343975609}, "2": {"AUC": NaN, "kappa": NaN, "f1": NaN, "precision": NaN, "recall": NaN, "average_precision": NaN, "Spearman_r": 0.6705407680234511, "Pearson_r": 0.6843584072151991, "R2": 0.46733355724843373, "MAE": 0.38811618147541793, "MSE": 0.2300637820925155, "poisson_deviance_explained": 0.3487582177387313}, "3": {"AUC": NaN, "kappa": NaN, "f1": NaN, "precision": NaN, "recall": NaN, "average_precision": NaN, "Spearman_r": 0.6918082890904261, "Pearson_r": 0.7062258367738286, "R2": 0.496418223347608, "MAE": 0.3716247680030983, "MSE": 0.2113263693074806, "poisson_deviance_explained": 0.3716494366677652}, "4": {"AUC": NaN, "kappa": NaN, "f1": NaN, "precision": NaN, "recall": NaN, "average_precision": NaN, "Spearman_r": 0.6399492483311101, "Pearson_r": 0.6548612139960986, "R2": 0.4265054139067347, "MAE": 0.40711857994819867, "MSE": 0.25082027350013086, "poisson_deviance_explained": 0.33702316150107803}, "5": {"AUC": NaN, "kappa": NaN, "f1": NaN, "precision": NaN, "recall": NaN, "average_precision": NaN, "Spearman_r": 0.7175173559446963, "Pearson_r": 0.7252914594712052, "R2": 0.5235712587723677, "MAE": 0.3701203736676903, "MSE": 0.21163780256575343, "poisson_deviance_explained": 0.39952147722289066}, "6": {"AUC": NaN, "kappa": NaN, "f1": NaN, "precision": NaN, "recall": NaN, "average_precision": NaN, "Spearman_r": 0.6960815315675638, "Pearson_r": 0.7021246770196292, "R2": 0.4892140274222908, "MAE": 0.38336525308518565, "MSE": 0.22474943035034964, "poisson_deviance_explained": 0.36886080979210134}, "7": {"AUC": NaN, "kappa": NaN, "f1": NaN, "precision": NaN, "recall": NaN, "average_precision": NaN, "Spearman_r": 0.6989782821398178, "Pearson_r": 0.7036317890296007, "R2": 0.49199260531578803, "MAE": 0.38179304196860836, "MSE": 0.2260957000853521, "poisson_deviance_explained": 0.370855053678832}, "8": {"AUC": NaN, "kappa": NaN, "f1": NaN, "precision": NaN, "recall": NaN, "average_precision": NaN, "Spearman_r": 0.6950805120886441, "Pearson_r": 0.6998203591116803, "R2": 0.48788919682988985, "MAE": 0.36823663882853713, "MSE": 0.21316718922637634, "poisson_deviance_explained": 0.36845612009827744}, "9": {"AUC": NaN, "kappa": NaN, "f1": NaN, "precision": NaN, "recall": NaN, "average_precision": NaN, "Spearman_r": 0.6981869646942844, "Pearson_r": 0.6957309988447483, "R2": 0.4814178348569833, "MAE": 0.3696034203923151, "MSE": 0.21645290596350653, "poisson_deviance_explained": 0.3641564373920957}, "10": {"AUC": NaN, "kappa": NaN, "f1": NaN, "precision": NaN, "recall": NaN, "average_precision": NaN, "Spearman_r": 0.6980281703627516, "Pearson_r": 0.6913333111339756, "R2": 0.4756080112679697, "MAE": 0.36929490336970794, "MSE": 0.21807701621380202, "poisson_deviance_explained": 0.35778415091308857}, "11": {"AUC": NaN, "kappa": NaN, "f1": NaN, "precision": NaN, "recall": NaN, "average_precision": NaN, "Spearman_r": 0.6730244309646094, "Pearson_r": 0.669022769022027, "R2": 0.44654483634419206, "MAE": 0.37922188279105384, "MSE": 0.2296274448608532, "poisson_deviance_explained": 0.33839556423173556}, "12": {"AUC": NaN, "kappa": NaN, "f1": NaN, "precision": NaN, "recall": NaN, "average_precision": NaN, "Spearman_r": 0.6975629474828361, "Pearson_r": 0.6926288333929331, "R2": 0.4778840688446464, "MAE": 0.3674635361610602, "MSE": 0.21712268444185012, "poisson_deviance_explained": 0.3621823009507851}, "13": {"AUC": NaN, "kappa": NaN, "f1": NaN, "precision": NaN, "recall": NaN, "average_precision": NaN, "Spearman_r": 0.6925855994305115, "Pearson_r": 0.6901748435881995, "R2": 0.4757672851188327, "MAE": 0.3594482185248105, "MSE": 0.20735120617862812, "poisson_deviance_explained": 0.3618717990062926}, "14": {"AUC": NaN, "kappa": NaN, "f1": NaN, "precision": NaN, "recall": NaN, "average_precision": NaN, "Spearman_r": 0.7054655896785328, "Pearson_r": 0.704744526655719, "R2": 0.4959784158079016, "MAE": 0.3586407193920014, "MSE": 0.20624057497095613, "poisson_deviance_explained": 0.37787703759457714}, "15": {"AUC": NaN, "kappa": NaN, "f1": NaN, "precision": NaN, "recall": NaN, "average_precision": NaN, "Spearman_r": 0.7107832601188868, "Pearson_r": 0.7026156724591429, "R2": 0.49345750691023615, "MAE": 0.3585632153081877, "MSE": 0.20744046824945064, "poisson_deviance_explained": 0.37015337779856716}, "16": {"AUC": NaN, "kappa": NaN, "f1": NaN, "precision": NaN, "recall": NaN, "average_precision": NaN, "Spearman_r": 0.704702979611608, "Pearson_r": 0.6994757004319025, "R2": 0.4887605279495366, "MAE": 0.35716863851436087, "MSE": 0.20807975682791488, "poisson_deviance_explained": 0.3678539291690168}, "17": {"AUC": NaN, "kappa": NaN, "f1": NaN, "precision": NaN, "recall": NaN, "average_precision": NaN, "Spearman_r": 0.710189700150773, "Pearson_r": 0.7059063628786054, "R2": 0.4973170743869093, "MAE": 0.3492477267973045, "MSE": 0.19867536241292824, "poisson_deviance_explained": 0.37363999623561206}, "18": {"AUC": NaN, "kappa": NaN, "f1": NaN, "precision": NaN, "recall": NaN, "average_precision": NaN, "Spearman_r": 0.6823788144895458, "Pearson_r": 0.6842181870209982, "R2": 0.46764330442193847, "MAE": 0.3644350624144647, "MSE": 0.21422708869657633, "poisson_deviance_explained": 0.3536808141227774}, "19": {"AUC": NaN, "kappa": NaN, "f1": NaN, "precision": NaN, "recall": NaN, "average_precision": NaN, "Spearman_r": 0.6885826326717148, "Pearson_r": 0.6907808038458334, "R2": 0.47682140142208207, "MAE": 0.35176878264667694, "MSE": 0.19710890686179436, "poisson_deviance_explained": 0.3618587691253248}, "20": {"AUC": NaN, "kappa": NaN, "f1": NaN, "precision": NaN, "recall": NaN, "average_precision": NaN, "Spearman_r": 0.7098261959474752, "Pearson_r": 0.7125379811151108, "R2": 0.5067826052253853, "MAE": 0.35587422683489117, "MSE": 0.20010028743339947, "poisson_deviance_explained": 0.3850598394212902}, "21": {"AUC": NaN, "kappa": NaN, "f1": NaN, "precision": NaN, "recall": NaN, "average_precision": NaN, "Spearman_r": 0.6765464293842428, "Pearson_r": 0.6812892190482377, "R2": 0.4633397881697442, "MAE": 0.3616580605448526, "MSE": 0.20357333089313787, "poisson_deviance_explained": 0.3461714933988529}, "22": {"AUC": NaN, "kappa": NaN, "f1": NaN, "precision": NaN, "recall": NaN, "average_precision": NaN, "Spearman_r": 0.6765688298287309, "Pearson_r": 0.690323527398537, "R2": 0.47593276569180953, "MAE": 0.36748635321490886, "MSE": 0.20813476804637285, "poisson_deviance_explained": 0.3604126649989652}, "23": {"AUC": NaN, "kappa": NaN, "f1": NaN, "precision": NaN, "recall": NaN, "average_precision": NaN, "Spearman_r": 0.6888481383523437, "Pearson_r": 0.6964759293647617, "R2": 0.4837907929024913, "MAE": 0.37464630908600877, "MSE": 0.21765944048354008, "poisson_deviance_explained": 0.36354080030483915}, "24": {"AUC": NaN, "kappa": NaN, "f1": NaN, "precision": NaN, "recall": NaN, "average_precision": NaN, "Spearman_r": 0.6870055556373874, "Pearson_r": 0.698881213783885, "R2": 0.4870822639711425, "MAE": 0.36953154457746534, "MSE": 0.21033264446348798, "poisson_deviance_explained": 0.36128828960057935}, "25": {"AUC": NaN, "kappa": NaN, "f1": NaN, "precision": NaN, "recall": NaN, "average_precision": NaN, "Spearman_r": 0.7071438217773663, "Pearson_r": 0.7162084320862386, "R2": 0.5121320144052753, "MAE": 0.365437863305264, "MSE": 0.20938266150792106, "poisson_deviance_explained": 0.38979241117134067}, "26": {"AUC": NaN, "kappa": NaN, "f1": NaN, "precision": NaN, "recall": NaN, "average_precision": NaN, "Spearman_r": 0.7013543552766158, "Pearson_r": 0.7088714313886267, "R2": 0.5006729784232673, "MAE": 0.364618315455345, "MSE": 0.20751863548003155, "poisson_deviance_explained": 0.37952337459343966}, "27": {"AUC": NaN, "kappa": NaN, "f1": NaN, "precision": NaN, "recall": NaN, "average_precision": NaN,