{"AUC": NaN, "kappa": NaN, "f1": NaN, "precision": NaN, "recall": NaN, "average_precision": NaN, "Spearman_r": 0.7137659864824314, "Pearson_r": 0.7126015272158188, "R2": 0.5056737351499121, "MAE": 0.35124138699797636, "MSE": 0.1948818792922331, "poisson_deviance_explained": 0.3832389489105237}
