{"1": {"AUC": NaN, "kappa": NaN, "f1": NaN, "precision": NaN, "recall": NaN, "average_precision": NaN, "Spearman_r": 0.6674429841012319, "Pearson_r": 0.6782137366617855, "R2": 0.45853839276518615, "MAE": 0.3971975457943111, "MSE": 0.23980151110803846, "poisson_deviance_explained": 0.3430301890750673}, "2": {"AUC": NaN, "kappa": NaN, "f1": NaN, "precision": NaN, "recall": NaN, "average_precision": NaN, "Spearman_r": 0.6741304907964263, "Pearson_r": 0.6903396748417047, "R2": 0.4750072750038995, "MAE": 0.3920382062947919, "MSE": 0.2370543222005532, "poisson_deviance_explained": 0.35564152866924004}, "3": {"AUC": NaN, "kappa": NaN, "f1": NaN, "precision": NaN, "recall": NaN, "average_precision": NaN, "Spearman_r": 0.6938801206185508, "Pearson_r": 0.7026746516759494, "R2": 0.49280717574569444, "MAE": 0.38021521636873384, "MSE": 0.22352010387234106, "poisson_deviance_explained": 0.3676490371105039}, "4": {"AUC": NaN, "kappa": NaN, "f1": NaN, "precision": NaN, "recall": NaN, "average_precision": NaN, "Spearman_r": 0.5582689299842922, "Pearson_r": 0.5961627762935292, "R2": 0.3540620803040663, "MAE": 0.444485581574858, "MSE": 0.29388417975739145, "poisson_deviance_explained": 0.2718973930077532}, "5": {"AUC": NaN, "kappa": NaN, "f1": NaN, "precision": NaN, "recall": NaN, "average_precision": NaN, "Spearman_r": 0.6994376265399158, "Pearson_r": 0.7125633609471343, "R2": 0.5037155159283109, "MAE": 0.3837940782530348, "MSE": 0.2233889447055281, "poisson_deviance_explained": 0.38442191836940875}, "6": {"AUC": NaN, "kappa": NaN, "f1": NaN, "precision": NaN, "recall": NaN, "average_precision": NaN, "Spearman_r": 0.6873850899649491, "Pearson_r": 0.6919346919551504, "R2": 0.4760982431985281, "MAE": 0.3913815895050609, "MSE": 0.2349130372576209, "poisson_deviance_explained": 0.3607275441340593}, "7": {"AUC": NaN, "kappa": NaN, "f1": NaN, "precision": NaN, "recall": NaN, "average_precision": NaN, "Spearman_r": 0.6998285193720656, "Pearson_r": 0.7084174257481162, "R2": 0.49910312681657343, "MAE": 0.3870855398158394, "MSE": 0.22755084117257277, "poisson_deviance_explained": 0.37480828800407195}, "8": {"AUC": NaN, "kappa": NaN, "f1": NaN, "precision": NaN, "recall": NaN, "average_precision": NaN, "Spearman_r": 0.7085473153383794, "Pearson_r": 0.7073901165102646, "R2": 0.49826671772320374, "MAE": 0.3841250597278649, "MSE": 0.2309750022396681, "poisson_deviance_explained": 0.3785008564326692}, "9": {"AUC": NaN, "kappa": NaN, "f1": NaN, "precision": NaN, "recall": NaN, "average_precision": NaN, "Spearman_r": 0.6835529346191771, "Pearson_r": 0.6816789345260089, "R2": 0.46151622907601253, "MAE": 0.39477904029732014, "MSE": 0.2420771120908107, "poisson_deviance_explained": 0.34766924147624423}, "10": {"AUC": NaN, "kappa": NaN, "f1": NaN, "precision": NaN, "recall": NaN, "average_precision": NaN, "Spearman_r": 0.6751278141812082, "Pearson_r": 0.6706131929848781, "R2": 0.4478367306769816, "MAE": 0.39398357665826667, "MSE": 0.2444558966985173, "poisson_deviance_explained": 0.3344407107681554}, "11": {"AUC": NaN, "kappa": NaN, "f1": NaN, "precision": NaN, "recall": NaN, "average_precision": NaN, "Spearman_r": 0.660180683616591, "Pearson_r": 0.6558172667936143, "R2": 0.42912132066407616, "MAE": 0.39838800734774604, "MSE": 0.2501308939951265, "poisson_deviance_explained": 0.31547035530965983}, "12": {"AUC": NaN, "kappa": NaN, "f1": NaN, "precision": NaN, "recall": NaN, "average_precision": NaN, "Spearman_r": 0.680484270491265, "Pearson_r": 0.6824312856816028, "R2": 0.46455805508469716, "MAE": 0.38659901415363335, "MSE": 0.2367157695946449, "poisson_deviance_explained": 0.3616989957494985}, "13": {"AUC": NaN, "kappa": NaN, "f1": NaN, "precision": NaN, "recall": NaN, "average_precision": NaN, "Spearman_r": 0.6973152925622977, "Pearson_r": 0.6908992524048679, "R2": 0.4767353750011648, "MAE": 0.37623412809507173, "MSE": 0.2269419912415816, "poisson_deviance_explained": 0.3609365624105737}, "14": {"AUC": NaN, "kappa": NaN, "f1": NaN, "precision": NaN, "recall": NaN, "average_precision": NaN, "Spearman_r": 0.690955418663988, "Pearson_r": 0.6870044321963024, "R2": 0.47195146488653905, "MAE": 0.37299370170452756, "MSE": 0.22448812073565705, "poisson_deviance_explained": 0.36281606087556295}, "15": {"AUC": NaN, "kappa": NaN, "f1": NaN, "precision": NaN, "recall": NaN, "average_precision": NaN, "Spearman_r": 0.7029630214828787, "Pearson_r": 0.6978624512393093, "R2": 0.48605766465504296, "MAE": 0.3643015700548764, "MSE": 0.2155300827145391, "poisson_deviance_explained": 0.36873249131805474}, "16": {"AUC": NaN, "kappa": NaN, "f1": NaN, "precision": NaN, "recall": NaN, "average_precision": NaN, "Spearman_r": 0.7150120487588982, "Pearson_r": 0.7116842131967601, "R2": 0.5056889131925992, "MAE": 0.36441005376297375, "MSE": 0.22098803586360447, "poisson_deviance_explained": 0.39712554845976233}, "17": {"AUC": NaN, "kappa": NaN, "f1": NaN, "precision": NaN, "recall": NaN, "average_precision": NaN, "Spearman_r": 0.7049245093568864, "Pearson_r": 0.7010092103050977, "R2": 0.49107113374488953, "MAE": 0.3610012508086079, "MSE": 0.21194792450351285, "poisson_deviance_explained": 0.372254169398451}, "18": {"AUC": NaN, "kappa": NaN, "f1": NaN, "precision": NaN, "recall": NaN, "average_precision": NaN, "Spearman_r": 0.6845414295428561, "Pearson_r": 0.6809824159343016, "R2": 0.46258187190159217, "MAE": 0.36965808857467647, "MSE": 0.21697034831528716, "poisson_deviance_explained": 0.34807343015356773}, "19": {"AUC": NaN, "kappa": NaN, "f1": NaN, "precision": NaN, "recall": NaN, "average_precision": NaN, "Spearman_r": 0.6850691605271906, "Pearson_r": 0.6909212132574906, "R2": 0.47674370984452896, "MAE": 0.3641588405274827, "MSE": 0.20869438269967897, "poisson_deviance_explained": 0.36243487707461575}, "20": {"AUC": NaN, "kappa": NaN, "f1": NaN, "precision": NaN, "recall": NaN, "average_precision": NaN, "Spearman_r": 0.6860503463330777, "Pearson_r": 0.6933136763080339, "R2": 0.47986956180053064, "MAE": 0.3556471780689088, "MSE": 0.20021023599499624, "poisson_deviance_explained": 0.35916503591616855}, "21": {"AUC": NaN, "kappa": NaN, "f1": NaN, "precision": NaN, "recall": NaN, "average_precision": NaN, "Spearman_r": 0.6699738809980436, "Pearson_r": 0.6820926815100734, "R2": 0.46429383294415194, "MAE": 0.3661038072986948, "MSE": 0.20931488758508915, "poisson_deviance_explained": 0.34399771419031067}, "22": {"AUC": NaN, "kappa": NaN, "f1": NaN, "precision": NaN, "recall": NaN, "average_precision": NaN, "Spearman_r": 0.6714199379089154, "Pearson_r": 0.6797694533091619, "R2": 0.46088031149803466, "MAE": 0.36935752619302065, "MSE": 0.20885139233112643, "poisson_deviance_explained": 0.34289816133052897}, "23": {"AUC": NaN, "kappa": NaN, "f1": NaN, "precision": NaN, "recall": NaN, "average_precision": NaN, "Spearman_r": 0.6806776232256223, "Pearson_r": 0.6908455144767648, "R2": 0.47522355081995005, "MAE": 0.3755655087114897, "MSE": 0.21765361686819348, "poisson_deviance_explained": 0.3597958542007943}, "24": {"AUC": NaN, "kappa": NaN, "f1": NaN, "precision": NaN, "recall": NaN, "average_precision": NaN, "Spearman_r": 0.6774596857875815, "Pearson_r": 0.6891408055981003, "R2": 0.4738287615890273, "MAE": 0.37493815495118676, "MSE": 0.21599240956156726, "poisson_deviance_explained": 0.35441265023825785}, "25": {"AUC": NaN, "kappa": NaN, "f1": NaN, "precision": NaN, "recall": NaN, "average_precision": NaN, "Spearman_r": 0.6809485399509978, "Pearson_r": 0.6935467855118965, "R2": 0.48021403389368567, "MAE": 0.37627227224697685, "MSE": 0.21811740680446054, "poisson_deviance_explained": 0.370914132558925}, "26": {"AUC": NaN, "kappa": NaN, "f1": NaN, "precision": NaN, "recall": NaN, "average_precision": NaN, "Spearman_r": 0.6942248814681768, "Pearson_r": 0.7044087730822874, "R2": 0.494671772684367, "MAE": 0.37797259309069686, "MSE": 0.22116018163954598, "poisson_deviance_explained": 0.37929477756975627}, "27": {"AUC": NaN, "kappa": NaN, "f1": NaN, "precision": NaN, "recall": NaN, "average_precision": NaN,