{"AUC": NaN, "kappa": NaN, "f1": NaN, "precision": NaN, "recall": NaN, "average_precision": NaN, "Spearman_r": 0.7077597890997573, "Pearson_r": 0.7072907928070519, "R2": 0.49525976966540874, "MAE": 0.3827759496378229, "MSE": 0.227458358920535, "poisson_deviance_explained": 0.3786083815795882}
