{"1": {"AUC": NaN, "kappa": NaN, "f1": NaN, "precision": NaN, "recall": NaN, "average_precision": NaN, "Spearman_r": 0.6440337001057278, "Pearson_r": 0.665248781188589, "R2": 0.44161531345392857, "MAE": 0.39412896143199444, "MSE": 0.24467136506434814, "poisson_deviance_explained": 0.3280238521622235}, "2": {"AUC": NaN, "kappa": NaN, "f1": NaN, "precision": NaN, "recall": NaN, "average_precision": NaN, "Spearman_r": 0.6918590814536107, "Pearson_r": 0.7049561579409003, "R2": 0.49656972280791944, "MAE": 0.3741584962620771, "MSE": 0.22421415918980203, "poisson_deviance_explained": 0.3737446413485844}, "3": {"AUC": NaN, "kappa": NaN, "f1": NaN, "precision": NaN, "recall": NaN, "average_precision": NaN, "Spearman_r": 0.7087832971561028, "Pearson_r": 0.7147956568966309, "R2": 0.5098676226200123, "MAE": 0.37553347952530935, "MSE": 0.22320507957817062, "poisson_deviance_explained": 0.3854836796526777}, "4": {"AUC": NaN, "kappa": NaN, "f1": NaN, "precision": NaN, "recall": NaN, "average_precision": NaN, "Spearman_r": 0.7045496397148255, "Pearson_r": 0.7123526360272505, "R2": 0.5064264658087232, "MAE": 0.37382830968089364, "MSE": 0.21945258038834237, "poisson_deviance_explained": 0.37948025907505634}, "5": {"AUC": NaN, "kappa": NaN, "f1": NaN, "precision": NaN, "recall": NaN, "average_precision": NaN, "Spearman_r": 0.6849154401016382, "Pearson_r": 0.6965487323447488, "R2": 0.48433838987836897, "MAE": 0.38796412656234275, "MSE": 0.23636257679424427, "poisson_deviance_explained": 0.3521819629621594}, "6": {"AUC": NaN, "kappa": NaN, "f1": NaN, "precision": NaN, "recall": NaN, "average_precision": NaN, "Spearman_r": 0.7064433713043539, "Pearson_r": 0.7121002482724657, "R2": 0.5061860379235168, "MAE": 0.3793745629153469, "MSE": 0.22790781407446417, "poisson_deviance_explained": 0.38951490039229997}, "7": {"AUC": NaN, "kappa": NaN, "f1": NaN, "precision": NaN, "recall": NaN, "average_precision": NaN, "Spearman_r": 0.7154866796325485, "Pearson_r": 0.7183907393825555, "R2": 0.514296776377527, "MAE": 0.3777693197429626, "MSE": 0.22996814744571312, "poisson_deviance_explained": 0.3884286305453475}, "8": {"AUC": NaN, "kappa": NaN, "f1": NaN, "precision": NaN, "recall": NaN, "average_precision": NaN, "Spearman_r": 0.7183757261512544, "Pearson_r": 0.7142357511631688, "R2": 0.5068759683669465, "MAE": 0.38265539235625107, "MSE": 0.2345926705406837, "poisson_deviance_explained": 0.38623429668519726}, "9": {"AUC": NaN, "kappa": NaN, "f1": NaN, "precision": NaN, "recall": NaN, "average_precision": NaN, "Spearman_r": 0.710738438837068, "Pearson_r": 0.7076820904436002, "R2": 0.49859814207903863, "MAE": 0.37618477839858083, "MSE": 0.22934152687137466, "poisson_deviance_explained": 0.37364148199902447}, "10": {"AUC": NaN, "kappa": NaN, "f1": NaN, "precision": NaN, "recall": NaN, "average_precision": NaN, "Spearman_r": 0.6927915632971683, "Pearson_r": 0.6859361655150341, "R2": 0.4688693600655418, "MAE": 0.3881682247013516, "MSE": 0.24222849889282025, "poisson_deviance_explained": 0.35505280089455504}, "11": {"AUC": NaN, "kappa": NaN, "f1": NaN, "precision": NaN, "recall": NaN, "average_precision": NaN, "Spearman_r": 0.681111796944141, "Pearson_r": 0.6759031635703183, "R2": 0.45528450929057207, "MAE": 0.3936094808217475, "MSE": 0.2478622696597062, "poisson_deviance_explained": 0.34963463279622575}, "12": {"AUC": NaN, "kappa": NaN, "f1": NaN, "precision": NaN, "recall": NaN, "average_precision": NaN, "Spearman_r": 0.6816369922222618, "Pearson_r": 0.6802723141848208, "R2": 0.46130280025445125, "MAE": 0.3881025310588766, "MSE": 0.24059162787582558, "poisson_deviance_explained": 0.34718218382606547}, "13": {"AUC": NaN, "kappa": NaN, "f1": NaN, "precision": NaN, "recall": NaN, "average_precision": NaN, "Spearman_r": 0.6992002723403935, "Pearson_r": 0.6978612159688041, "R2": 0.4862149899857634, "MAE": 0.37404985689436737, "MSE": 0.22771994407018187, "poisson_deviance_explained": 0.37706670083422367}, "14": {"AUC": NaN, "kappa": NaN, "f1": NaN, "precision": NaN, "recall": NaN, "average_precision": NaN, "Spearman_r": 0.712657265615122, "Pearson_r": 0.7080456319938191, "R2": 0.5000953818159214, "MAE": 0.36778472920607025, "MSE": 0.224262880632655, "poisson_deviance_explained": 0.3879963036653036}, "15": {"AUC": NaN, "kappa": NaN, "f1": NaN, "precision": NaN, "recall": NaN, "average_precision": NaN, "Spearman_r": 0.7152254869096174, "Pearson_r": 0.7072093138477329, "R2": 0.49846255820249596, "MAE": 0.36497559273395774, "MSE": 0.21851952944589945, "poisson_deviance_explained": 0.38953554354437614}, "16": {"AUC": NaN, "kappa": NaN, "f1": NaN, "precision": NaN, "recall": NaN, "average_precision": NaN, "Spearman_r": 0.7452321690452145, "Pearson_r": 0.7399721122689065, "R2": 0.5466649914647579, "MAE": 0.3473634601167357, "MSE": 0.2059267327044795, "poisson_deviance_explained": 0.43228369891113005}, "17": {"AUC": NaN, "kappa": NaN, "f1": NaN, "precision": NaN, "recall": NaN, "average_precision": NaN, "Spearman_r": 0.7267722709145809, "Pearson_r": 0.7237226814753562, "R2": 0.5227418984268191, "MAE": 0.35550988467668515, "MSE": 0.2110785188469618, "poisson_deviance_explained": 0.4125546621513245}, "18": {"AUC": NaN, "kappa": NaN, "f1": NaN, "precision": NaN, "recall": NaN, "average_precision": NaN, "Spearman_r": 0.7216878627843035, "Pearson_r": 0.7170343564116133, "R2": 0.5131225794801381, "MAE": 0.3540051399126188, "MSE": 0.20790681546219844, "poisson_deviance_explained": 0.39210889041942376}, "19": {"AUC": NaN, "kappa": NaN, "f1": NaN, "precision": NaN, "recall": NaN, "average_precision": NaN, "Spearman_r": 0.6941095937148686, "Pearson_r": 0.6993417885217158, "R2": 0.4885560069888758, "MAE": 0.3637874228811923, "MSE": 0.21366803281544208, "poisson_deviance_explained": 0.37227687214353167}, "20": {"AUC": NaN, "kappa": NaN, "f1": NaN, "precision": NaN, "recall": NaN, "average_precision": NaN, "Spearman_r": 0.6930589535868619, "Pearson_r": 0.7038743942887329, "R2": 0.4953758183549738, "MAE": 0.3614855176479151, "MSE": 0.20875317800392781, "poisson_deviance_explained": 0.3720796237007892}, "21": {"AUC": NaN, "kappa": NaN, "f1": NaN, "precision": NaN, "recall": NaN, "average_precision": NaN, "Spearman_r": 0.6702161079719271, "Pearson_r": 0.6785863974501471, "R2": 0.4603742897126484, "MAE": 0.36465147438202294, "MSE": 0.2084597779141482, "poisson_deviance_explained": 0.3340274153302941}, "22": {"AUC": NaN, "kappa": NaN, "f1": NaN, "precision": NaN, "recall": NaN, "average_precision": NaN, "Spearman_r": 0.6809525551614656, "Pearson_r": 0.6924758483755407, "R2": 0.47915390184756657, "MAE": 0.38014331218424596, "MSE": 0.22451014618146514, "poisson_deviance_explained": 0.3559042979609145}, "23": {"AUC": NaN, "kappa": NaN, "f1": NaN, "precision": NaN, "recall": NaN, "average_precision": NaN, "Spearman_r": 0.7008722624444754, "Pearson_r": 0.709862540074264, "R2": 0.502136100771591, "MAE": 0.374648893584225, "MSE": 0.21824183259677493, "poisson_deviance_explained": 0.3948073177960678}, "24": {"AUC": NaN, "kappa": NaN, "f1": NaN, "precision": NaN, "recall": NaN, "average_precision": NaN, "Spearman_r": 0.712135615624432, "Pearson_r": 0.7182428754507963, "R2": 0.5149899647222282, "MAE": 0.3774423740236076, "MSE": 0.22352007688985123, "poisson_deviance_explained": 0.3969815888874625}, "25": {"AUC": NaN, "kappa": NaN, "f1": NaN, "precision": NaN, "recall": NaN, "average_precision": NaN, "Spearman_r": 0.679451476604967, "Pearson_r": 0.6890721428064881, "R2": 0.47450092187884807, "MAE": 0.37449290063833957, "MSE": 0.22047640924954753, "poisson_deviance_explained": 0.35229619827336467}, "26": {"AUC": NaN, "kappa": NaN, "f1": NaN, "precision": NaN, "recall": NaN, "average_precision": NaN, "Spearman_r": 0.6750687763845664, "Pearson_r": 0.6874174863342585, "R2": 0.4718023163607008, "MAE": 0.38330227795682453, "MSE": 0.23240547000219566, "poisson_deviance_explained": 0.36590783945497685}, "27": {"AUC": NaN, "kappa": NaN, "f1": NaN, "precision": NaN, "recall": NaN, "average_precision": NaN, "Spearman_r": 0.6952379548890062,