{"1": {"AUC": NaN, "kappa": NaN, "f1": NaN, "precision": NaN, "recall": NaN, "average_precision": NaN, "Spearman_r": 0.6776654244502036, "Pearson_r": 0.6918117590721055, "R2": 0.4740357841296511, "MAE": 0.3921240179765604, "MSE": 0.2330843963858815, "poisson_deviance_explained": 0.35901766597446494}, "2": {"AUC": NaN, "kappa": NaN, "f1": NaN, "precision": NaN, "recall": NaN, "average_precision": NaN, "Spearman_r": 0.6553392488462598, "Pearson_r": 0.6699913359931713, "R2": 0.4467729108103301, "MAE": 0.3996281271164827, "MSE": 0.24429180114830373, "poisson_deviance_explained": 0.33718656993788043}, "3": {"AUC": NaN, "kappa": NaN, "f1": NaN, "precision": NaN, "recall": NaN, "average_precision": NaN, "Spearman_r": 0.7039083525202907, "Pearson_r": 0.7172587126551833, "R2": 0.5107917033970895, "MAE": 0.37910794370187645, "MSE": 0.21916713675576402, "poisson_deviance_explained": 0.3908054376266096}, "4": {"AUC": NaN, "kappa": NaN, "f1": NaN, "precision": NaN, "recall": NaN, "average_precision": NaN, "Spearman_r": 0.7049396790339704, "Pearson_r": 0.7114434521755072, "R2": 0.5019775289168291, "MAE": 0.38818186962317613, "MSE": 0.23307895471584936, "poisson_deviance_explained": 0.38635859236008685}, "5": {"AUC": NaN, "kappa": NaN, "f1": NaN, "precision": NaN, "recall": NaN, "average_precision": NaN, "Spearman_r": 0.7081192604313492, "Pearson_r": 0.7211472805044302, "R2": 0.5147436109314041, "MAE": 0.3834561133597842, "MSE": 0.224550225022733, "poisson_deviance_explained": 0.3823115882174728}, "6": {"AUC": NaN, "kappa": NaN, "f1": NaN, "precision": NaN, "recall": NaN, "average_precision": NaN, "Spearman_r": 0.7201885397979113, "Pearson_r": 0.7282529642297918, "R2": 0.5233703607254119, "MAE": 0.3845907161298156, "MSE": 0.2276657539356127, "poisson_deviance_explained": 0.4023846356406259}, "7": {"AUC": NaN, "kappa": NaN, "f1": NaN, "precision": NaN, "recall": NaN, "average_precision": NaN, "Spearman_r": 0.7089404109426128, "Pearson_r": 0.7133907451533237, "R2": 0.5032782063716414, "MAE": 0.38759453954884393, "MSE": 0.22892312270204707, "poisson_deviance_explained": 0.38090915085483545}, "8": {"AUC": NaN, "kappa": NaN, "f1": NaN, "precision": NaN, "recall": NaN, "average_precision": NaN, "Spearman_r": 0.7215068850209606, "Pearson_r": 0.7173114065342706, "R2": 0.5061997330185075, "MAE": 0.3940558986551559, "MSE": 0.24624673889168816, "poisson_deviance_explained": 0.39444422046392114}, "9": {"AUC": NaN, "kappa": NaN, "f1": NaN, "precision": NaN, "recall": NaN, "average_precision": NaN, "Spearman_r": 0.6954583373430517, "Pearson_r": 0.6924082785056225, "R2": 0.47299802911502253, "MAE": 0.3944193208193535, "MSE": 0.24195144354307235, "poisson_deviance_explained": 0.35955267534705704}, "10": {"AUC": NaN, "kappa": NaN, "f1": NaN, "precision": NaN, "recall": NaN, "average_precision": NaN, "Spearman_r": 0.6674243359850082, "Pearson_r": 0.6618605619458953, "R2": 0.43364679368580605, "MAE": 0.40019798123541384, "MSE": 0.25158756193641885, "poisson_deviance_explained": 0.33168234286923604}, "11": {"AUC": NaN, "kappa": NaN, "f1": NaN, "precision": NaN, "recall": NaN, "average_precision": NaN, "Spearman_r": 0.6697934317154098, "Pearson_r": 0.6606862536385334, "R2": 0.43276129445072653, "MAE": 0.39244316316674627, "MSE": 0.2452891398209482, "poisson_deviance_explained": 0.32413043100520256}, "12": {"AUC": NaN, "kappa": NaN, "f1": NaN, "precision": NaN, "recall": NaN, "average_precision": NaN, "Spearman_r": 0.6886723224671265, "Pearson_r": 0.6811492860050247, "R2": 0.4574018248230074, "MAE": 0.3970058055932466, "MSE": 0.24421071101804173, "poisson_deviance_explained": 0.3503869253761239}, "13": {"AUC": NaN, "kappa": NaN, "f1": NaN, "precision": NaN, "recall": NaN, "average_precision": NaN, "Spearman_r": 0.707399017280647, "Pearson_r": 0.7032115940101485, "R2": 0.49063792097904046, "MAE": 0.37971934293462867, "MSE": 0.22789001097833872, "poisson_deviance_explained": 0.3737062202508886}, "14": {"AUC": NaN, "kappa": NaN, "f1": NaN, "precision": NaN, "recall": NaN, "average_precision": NaN, "Spearman_r": 0.6990005366488521, "Pearson_r": 0.6973751452350486, "R2": 0.48214065491138425, "MAE": 0.3865556110525979, "MSE": 0.2361300772424511, "poisson_deviance_explained": 0.37411316795988203}, "15": {"AUC": NaN, "kappa": NaN, "f1": NaN, "precision": NaN, "recall": NaN, "average_precision": NaN, "Spearman_r": 0.7200051316780978, "Pearson_r": 0.7132409277786778, "R2": 0.5056968124370198, "MAE": 0.3641363016485959, "MSE": 0.21712765594937694, "poisson_deviance_explained": 0.39716755852280294}, "16": {"AUC": NaN, "kappa": NaN, "f1": NaN, "precision": NaN, "recall": NaN, "average_precision": NaN, "Spearman_r": 0.7258153417042676, "Pearson_r": 0.7256966919953202, "R2": 0.5242473827210329, "MAE": 0.3633317521125502, "MSE": 0.21791061695549846, "poisson_deviance_explained": 0.4097883159700736}, "17": {"AUC": NaN, "kappa": NaN, "f1": NaN, "precision": NaN, "recall": NaN, "average_precision": NaN, "Spearman_r": 0.6940825651188761, "Pearson_r": 0.6931093679374577, "R2": 0.4788158313666522, "MAE": 0.3683492858547149, "MSE": 0.22021307205675045, "poisson_deviance_explained": 0.3712382830837202}, "18": {"AUC": NaN, "kappa": NaN, "f1": NaN, "precision": NaN, "recall": NaN, "average_precision": NaN, "Spearman_r": 0.7099232015834769, "Pearson_r": 0.7064098175261493, "R2": 0.495410363736162, "MAE": 0.36868300522896646, "MSE": 0.21536293744780546, "poisson_deviance_explained": 0.3803169911273643}, "19": {"AUC": NaN, "kappa": NaN, "f1": NaN, "precision": NaN, "recall": NaN, "average_precision": NaN, "Spearman_r": 0.7100717305181251, "Pearson_r": 0.7163417982177155, "R2": 0.5093243761929821, "MAE": 0.362068507002228, "MSE": 0.20612184651140728, "poisson_deviance_explained": 0.3856578412977397}, "20": {"AUC": NaN, "kappa": NaN, "f1": NaN, "precision": NaN, "recall": NaN, "average_precision": NaN, "Spearman_r": 0.6776262937550646, "Pearson_r": 0.6889678592784569, "R2": 0.4723786538237227, "MAE": 0.37815684028264435, "MSE": 0.2165495651815661, "poisson_deviance_explained": 0.35874381648593967}, "21": {"AUC": NaN, "kappa": NaN, "f1": NaN, "precision": NaN, "recall": NaN, "average_precision": NaN, "Spearman_r": 0.6746743656117797, "Pearson_r": 0.6814585535919672, "R2": 0.4623072161486209, "MAE": 0.37197567160950057, "MSE": 0.21495298762065823, "poisson_deviance_explained": 0.35296714719128586}, "22": {"AUC": NaN, "kappa": NaN, "f1": NaN, "precision": NaN, "recall": NaN, "average_precision": NaN, "Spearman_r": 0.6772055386814881, "Pearson_r": 0.6915503267560051, "R2": 0.475023683231917, "MAE": 0.3743206291486504, "MSE": 0.21370555606272226, "poisson_deviance_explained": 0.3569929596275382}, "23": {"AUC": NaN, "kappa": NaN, "f1": NaN, "precision": NaN, "recall": NaN, "average_precision": NaN, "Spearman_r": 0.6779219364584045, "Pearson_r": 0.6880568636449639, "R2": 0.4706462659950419, "MAE": 0.390575838703204, "MSE": 0.23532628213776727, "poisson_deviance_explained": 0.35852177121621576}, "24": {"AUC": NaN, "kappa": NaN, "f1": NaN, "precision": NaN, "recall": NaN, "average_precision": NaN, "Spearman_r": 0.6959560083229155, "Pearson_r": 0.7052384921714437, "R2": 0.49257280917169977, "MAE": 0.38699233755559437, "MSE": 0.2264120523362085, "poisson_deviance_explained": 0.3776453967299582}, "25": {"AUC": NaN, "kappa": NaN, "f1": NaN, "precision": NaN, "recall": NaN, "average_precision": NaN, "Spearman_r": 0.6931374853864704, "Pearson_r": 0.6992879425022834, "R2": 0.48416363058470036, "MAE": 0.38713770083008836, "MSE": 0.22731937951110381, "poisson_deviance_explained": 0.3781810306830362}, "26": {"AUC": NaN, "kappa": NaN, "f1": NaN, "precision": NaN, "recall": NaN, "average_precision": NaN, "Spearman_r": 0.674485445125198, "Pearson_r": 0.6855184743250334, "R2": 0.467056316145652, "MAE": 0.3933326498786641, "MSE": 0.23628248206969385, "poisson_deviance_explained": 0.35731520074428735}, "27": {"AUC": NaN, "kappa": NaN, "f1": NaN, "precision": NaN, "recall": NaN, "average_precision": NaN, "Spearman_r": 0.6691383687036556,