{"1": {"AUC": NaN, "kappa": NaN, "f1": NaN, "precision": NaN, "recall": NaN, "average_precision": NaN, "Spearman_r": 0.6599793346165888, "Pearson_r": 0.6718922321247218, "R2": 0.4472737374318122, "MAE": 0.4028774727931768, "MSE": 0.23983161839211245, "poisson_deviance_explained": 0.3415597150111068}, "2": {"AUC": NaN, "kappa": NaN, "f1": NaN, "precision": NaN, "recall": NaN, "average_precision": NaN, "Spearman_r": 0.6497293075727394, "Pearson_r": 0.6675456785140084, "R2": 0.44182817192094415, "MAE": 0.4069655790829096, "MSE": 0.24639127724765378, "poisson_deviance_explained": 0.33037988069732316}, "3": {"AUC": NaN, "kappa": NaN, "f1": NaN, "precision": NaN, "recall": NaN, "average_precision": NaN, "Spearman_r": 0.6793245760527984, "Pearson_r": 0.6923380419209992, "R2": 0.4725528405268833, "MAE": 0.3951467213772865, "MSE": 0.2325229265459636, "poisson_deviance_explained": 0.361937177210617}, "4": {"AUC": NaN, "kappa": NaN, "f1": NaN, "precision": NaN, "recall": NaN, "average_precision": NaN, "Spearman_r": 0.557725860239528, "Pearson_r": 0.6010336380621154, "R2": 0.3583402667891692, "MAE": 0.4362821426006917, "MSE": 0.2798591021085199, "poisson_deviance_explained": 0.27629296483415744}, "5": {"AUC": NaN, "kappa": NaN, "f1": NaN, "precision": NaN, "recall": NaN, "average_precision": NaN, "Spearman_r": 0.7023621483614646, "Pearson_r": 0.709869634169552, "R2": 0.49739213607436883, "MAE": 0.3935252908527917, "MSE": 0.23289913987998978, "poisson_deviance_explained": 0.38301859621182666}, "6": {"AUC": NaN, "kappa": NaN, "f1": NaN, "precision": NaN, "recall": NaN, "average_precision": NaN, "Spearman_r": 0.6808451634525506, "Pearson_r": 0.6863248476727833, "R2": 0.4641726944225004, "MAE": 0.4079384355700223, "MSE": 0.25007753515547543, "poisson_deviance_explained": 0.35727866223550064}, "7": {"AUC": NaN, "kappa": NaN, "f1": NaN, "precision": NaN, "recall": NaN, "average_precision": NaN, "Spearman_r": 0.6753197108828283, "Pearson_r": 0.6824272217059386, "R2": 0.46050586471451094, "MAE": 0.4007249732057051, "MSE": 0.2404000844828621, "poisson_deviance_explained": 0.34358065374272595}, "8": {"AUC": NaN, "kappa": NaN, "f1": NaN, "precision": NaN, "recall": NaN, "average_precision": NaN, "Spearman_r": 0.690248499732795, "Pearson_r": 0.6905715688937071, "R2": 0.4698100983070912, "MAE": 0.4076247973323879, "MSE": 0.25073329195326066, "poisson_deviance_explained": 0.3543665084864557}, "9": {"AUC": NaN, "kappa": NaN, "f1": NaN, "precision": NaN, "recall": NaN, "average_precision": NaN, "Spearman_r": 0.6849692713895398, "Pearson_r": 0.6899416683499855, "R2": 0.4691230476139454, "MAE": 0.40284616818395963, "MSE": 0.24488821016762016, "poisson_deviance_explained": 0.35698037274956784}, "10": {"AUC": NaN, "kappa": NaN, "f1": NaN, "precision": NaN, "recall": NaN, "average_precision": NaN, "Spearman_r": 0.6647245289954149, "Pearson_r": 0.6595287492016128, "R2": 0.4285390304394152, "MAE": 0.404192940107742, "MSE": 0.2503921758605742, "poisson_deviance_explained": 0.3242715488142447}, "11": {"AUC": NaN, "kappa": NaN, "f1": NaN, "precision": NaN, "recall": NaN, "average_precision": NaN, "Spearman_r": 0.6520782686065281, "Pearson_r": 0.6496079947415986, "R2": 0.415754997933677, "MAE": 0.4099543676732213, "MSE": 0.25629165854500513, "poisson_deviance_explained": 0.31494309676531385}, "12": {"AUC": NaN, "kappa": NaN, "f1": NaN, "precision": NaN, "recall": NaN, "average_precision": NaN, "Spearman_r": 0.6765388717457971, "Pearson_r": 0.6744772485131958, "R2": 0.4500356804272103, "MAE": 0.39583658257466864, "MSE": 0.24309923414391277, "poisson_deviance_explained": 0.3495955296982788}, "13": {"AUC": NaN, "kappa": NaN, "f1": NaN, "precision": NaN, "recall": NaN, "average_precision": NaN, "Spearman_r": 0.6799855273819323, "Pearson_r": 0.6755461206535431, "R2": 0.4529296795762078, "MAE": 0.38662620471126624, "MSE": 0.23245403459706493, "poisson_deviance_explained": 0.3486683054561397}, "14": {"AUC": NaN, "kappa": NaN, "f1": NaN, "precision": NaN, "recall": NaN, "average_precision": NaN, "Spearman_r": 0.6959277448150619, "Pearson_r": 0.6936036631325285, "R2": 0.4771559033353495, "MAE": 0.38012626215858564, "MSE": 0.22759183669154595, "poisson_deviance_explained": 0.37509556837974645}, "15": {"AUC": NaN, "kappa": NaN, "f1": NaN, "precision": NaN, "recall": NaN, "average_precision": NaN, "Spearman_r": 0.7026200944485046, "Pearson_r": 0.6951517848499501, "R2": 0.48033124091547563, "MAE": 0.37520373902263315, "MSE": 0.225106865681877, "poisson_deviance_explained": 0.3684340295822187}, "16": {"AUC": NaN, "kappa": NaN, "f1": NaN, "precision": NaN, "recall": NaN, "average_precision": NaN, "Spearman_r": 0.7023152116769129, "Pearson_r": 0.696864573007932, "R2": 0.48244517880753546, "MAE": 0.3735752523117862, "MSE": 0.2200966218622165, "poisson_deviance_explained": 0.37093915635583197}, "17": {"AUC": NaN, "kappa": NaN, "f1": NaN, "precision": NaN, "recall": NaN, "average_precision": NaN, "Spearman_r": 0.7103751133558597, "Pearson_r": 0.7084763766418632, "R2": 0.49763806833280366, "MAE": 0.3744749623738002, "MSE": 0.22220727987134967, "poisson_deviance_explained": 0.3773302240716955}, "18": {"AUC": NaN, "kappa": NaN, "f1": NaN, "precision": NaN, "recall": NaN, "average_precision": NaN, "Spearman_r": 0.69275045975281, "Pearson_r": 0.6924295930554559, "R2": 0.4762721151031867, "MAE": 0.3691921139532863, "MSE": 0.21324592895124406, "poisson_deviance_explained": 0.36472855672785875}, "19": {"AUC": NaN, "kappa": NaN, "f1": NaN, "precision": NaN, "recall": NaN, "average_precision": NaN, "Spearman_r": 0.6878234982086501, "Pearson_r": 0.6922383025482964, "R2": 0.47525405968890333, "MAE": 0.36923013732774823, "MSE": 0.20900429581331945, "poisson_deviance_explained": 0.36525003146756085}, "20": {"AUC": NaN, "kappa": NaN, "f1": NaN, "precision": NaN, "recall": NaN, "average_precision": NaN, "Spearman_r": 0.6917320361476341, "Pearson_r": 0.6961796632705963, "R2": 0.4789492100700101, "MAE": 0.37035117563431413, "MSE": 0.2081640114066791, "poisson_deviance_explained": 0.3647807291541816}, "21": {"AUC": NaN, "kappa": NaN, "f1": NaN, "precision": NaN, "recall": NaN, "average_precision": NaN, "Spearman_r": 0.6875105038883019, "Pearson_r": 0.700711700510885, "R2": 0.4868914856537305, "MAE": 0.3658506776082693, "MSE": 0.20609175885867612, "poisson_deviance_explained": 0.36671027744346607}, "22": {"AUC": NaN, "kappa": NaN, "f1": NaN, "precision": NaN, "recall": NaN, "average_precision": NaN, "Spearman_r": 0.6683296664327845, "Pearson_r": 0.6880028091119639, "R2": 0.47078703078101447, "MAE": 0.3724621872637657, "MSE": 0.21288814487922997, "poisson_deviance_explained": 0.35154667441576737}, "23": {"AUC": NaN, "kappa": NaN, "f1": NaN, "precision": NaN, "recall": NaN, "average_precision": NaN, "Spearman_r": 0.6625522925205061, "Pearson_r": 0.6724260521636021, "R2": 0.4471266199706384, "MAE": 0.3885129665144933, "MSE": 0.22587455466724324, "poisson_deviance_explained": 0.3405252517994366}, "24": {"AUC": NaN, "kappa": NaN, "f1": NaN, "precision": NaN, "recall": NaN, "average_precision": NaN, "Spearman_r": 0.679495191506971, "Pearson_r": 0.6842871080049965, "R2": 0.46251778144804634, "MAE": 0.3838186787032609, "MSE": 0.22101901625059583, "poisson_deviance_explained": 0.36031034875833956}, "25": {"AUC": NaN, "kappa": NaN, "f1": NaN, "precision": NaN, "recall": NaN, "average_precision": NaN, "Spearman_r": 0.6829379745491971, "Pearson_r": 0.6951425900563881, "R2": 0.47766475847237144, "MAE": 0.3826326443340865, "MSE": 0.21807549209667057, "poisson_deviance_explained": 0.36478292961621506}, "26": {"AUC": NaN, "kappa": NaN, "f1": NaN, "precision": NaN, "recall": NaN, "average_precision": NaN, "Spearman_r": 0.695968983455874, "Pearson_r": 0.7061446791125106, "R2": 0.4941653018869616, "MAE": 0.37873702506045476, "MSE": 0.21814630506401353, "poisson_deviance_explained": 0.3839682338020075}, "27": {"AUC": NaN, "kappa": NaN, "f1": NaN, "precision": NaN, "recall": NaN, "average_precision": NaN, "Spearman_r": 0.6731666533511519,