{"1": {"AUC": NaN, "kappa": NaN, "f1": NaN, "precision": NaN, "recall": NaN, "average_precision": NaN, "Spearman_r": 0.6715621189656181, "Pearson_r": 0.6821799614364814, "R2": 0.46430155739667334, "MAE": 0.38402084609900444, "MSE": 0.22603380146614613, "poisson_deviance_explained": 0.349116233910293}, "2": {"AUC": NaN, "kappa": NaN, "f1": NaN, "precision": NaN, "recall": NaN, "average_precision": NaN, "Spearman_r": 0.7060763520798448, "Pearson_r": 0.7149663754318205, "R2": 0.5081968340121736, "MAE": 0.36779896176631083, "MSE": 0.20819570137756455, "poisson_deviance_explained": 0.3823969220134221}, "3": {"AUC": NaN, "kappa": NaN, "f1": NaN, "precision": NaN, "recall": NaN, "average_precision": NaN, "Spearman_r": 0.672547734651254, "Pearson_r": 0.6841797621170282, "R2": 0.4673507127858372, "MAE": 0.3769161589660633, "MSE": 0.21776125718724135, "poisson_deviance_explained": 0.3501297898151783}, "4": {"AUC": NaN, "kappa": NaN, "f1": NaN, "precision": NaN, "recall": NaN, "average_precision": NaN, "Spearman_r": 0.6116851946715801, "Pearson_r": 0.6281227254529451, "R2": 0.3916534257699912, "MAE": 0.42774257505701735, "MSE": 0.2708904514314611, "poisson_deviance_explained": 0.29783843505026864}, "5": {"AUC": NaN, "kappa": NaN, "f1": NaN, "precision": NaN, "recall": NaN, "average_precision": NaN, "Spearman_r": 0.6939921494666939, "Pearson_r": 0.7038370255920791, "R2": 0.49279873009119746, "MAE": 0.3784020939115179, "MSE": 0.21816849756014697, "poisson_deviance_explained": 0.37440114831224136}, "6": {"AUC": NaN, "kappa": NaN, "f1": NaN, "precision": NaN, "recall": NaN, "average_precision": NaN, "Spearman_r": 0.6934046042698089, "Pearson_r": 0.6970796561186267, "R2": 0.48392050395919883, "MAE": 0.37211148636437896, "MSE": 0.21485577728515992, "poisson_deviance_explained": 0.3658097527786949}, "7": {"AUC": NaN, "kappa": NaN, "f1": NaN, "precision": NaN, "recall": NaN, "average_precision": NaN, "Spearman_r": 0.6874065843887729, "Pearson_r": 0.6906627574553297, "R2": 0.475102498803713, "MAE": 0.3733951590117708, "MSE": 0.21754965061306866, "poisson_deviance_explained": 0.35521406519405163}, "8": {"AUC": NaN, "kappa": NaN, "f1": NaN, "precision": NaN, "recall": NaN, "average_precision": NaN, "Spearman_r": 0.6995913618412126, "Pearson_r": 0.6992086653356148, "R2": 0.48620531430985414, "MAE": 0.374210757511687, "MSE": 0.21913747850424972, "poisson_deviance_explained": 0.36962722881794463}, "9": {"AUC": NaN, "kappa": NaN, "f1": NaN, "precision": NaN, "recall": NaN, "average_precision": NaN, "Spearman_r": 0.7043728729987238, "Pearson_r": 0.7008132242132624, "R2": 0.48917892800609997, "MAE": 0.35973374962837806, "MSE": 0.20617559946417577, "poisson_deviance_explained": 0.37049204466108043}, "10": {"AUC": NaN, "kappa": NaN, "f1": NaN, "precision": NaN, "recall": NaN, "average_precision": NaN, "Spearman_r": 0.6951470469060702, "Pearson_r": 0.691310395973123, "R2": 0.4751924160694263, "MAE": 0.35683552071787683, "MSE": 0.20536027684615688, "poisson_deviance_explained": 0.36400011081177863}, "11": {"AUC": NaN, "kappa": NaN, "f1": NaN, "precision": NaN, "recall": NaN, "average_precision": NaN, "Spearman_r": 0.6800697986390736, "Pearson_r": 0.6748756858466749, "R2": 0.4538563066997159, "MAE": 0.36480806583132525, "MSE": 0.21440895805914376, "poisson_deviance_explained": 0.34629997413974256}, "12": {"AUC": NaN, "kappa": NaN, "f1": NaN, "precision": NaN, "recall": NaN, "average_precision": NaN, "Spearman_r": 0.6849186139085607, "Pearson_r": 0.6774528797370981, "R2": 0.4579550796540375, "MAE": 0.3651424363234698, "MSE": 0.21725665597964366, "poisson_deviance_explained": 0.3452524947011536}, "13": {"AUC": NaN, "kappa": NaN, "f1": NaN, "precision": NaN, "recall": NaN, "average_precision": NaN, "Spearman_r": 0.7076441627290149, "Pearson_r": 0.7031325613927085, "R2": 0.4938045287058169, "MAE": 0.35185660402616104, "MSE": 0.2000138605276888, "poisson_deviance_explained": 0.37614126633412237}, "14": {"AUC": NaN, "kappa": NaN, "f1": NaN, "precision": NaN, "recall": NaN, "average_precision": NaN, "Spearman_r": 0.7077584724525416, "Pearson_r": 0.7012613512001009, "R2": 0.4909099921051192, "MAE": 0.35196390668477623, "MSE": 0.20241596055338312, "poisson_deviance_explained": 0.37066603561909484}, "15": {"AUC": NaN, "kappa": NaN, "f1": NaN, "precision": NaN, "recall": NaN, "average_precision": NaN, "Spearman_r": 0.7121221687880481, "Pearson_r": 0.7070377324389902, "R2": 0.4989560986065633, "MAE": 0.3458973670142203, "MSE": 0.19504467267251305, "poisson_deviance_explained": 0.38877084838164966}, "16": {"AUC": NaN, "kappa": NaN, "f1": NaN, "precision": NaN, "recall": NaN, "average_precision": NaN, "Spearman_r": 0.72650621830876, "Pearson_r": 0.7195387362284756, "R2": 0.5162911050529599, "MAE": 0.34778101041405163, "MSE": 0.1968228968931107, "poisson_deviance_explained": 0.3952771593485087}, "17": {"AUC": NaN, "kappa": NaN, "f1": NaN, "precision": NaN, "recall": NaN, "average_precision": NaN, "Spearman_r": 0.7156016120146734, "Pearson_r": 0.711666458729668, "R2": 0.5053304520612727, "MAE": 0.33979260756163615, "MSE": 0.18891146177982482, "poisson_deviance_explained": 0.3846897657774859}, "18": {"AUC": NaN, "kappa": NaN, "f1": NaN, "precision": NaN, "recall": NaN, "average_precision": NaN, "Spearman_r": 0.716064970678059, "Pearson_r": 0.7143536807951405, "R2": 0.5086952223082339, "MAE": 0.34771997843644137, "MSE": 0.19486243602048697, "poisson_deviance_explained": 0.3859051842365915}, "19": {"AUC": NaN, "kappa": NaN, "f1": NaN, "precision": NaN, "recall": NaN, "average_precision": NaN, "Spearman_r": 0.6969378903345115, "Pearson_r": 0.6980017914568788, "R2": 0.4868198218718719, "MAE": 0.34822634818567494, "MSE": 0.1909864586423005, "poisson_deviance_explained": 0.36443889215243674}, "20": {"AUC": NaN, "kappa": NaN, "f1": NaN, "precision": NaN, "recall": NaN, "average_precision": NaN, "Spearman_r": 0.6999790820586531, "Pearson_r": 0.7050779916338586, "R2": 0.4964133820408866, "MAE": 0.3518740016093595, "MSE": 0.19500436974577637, "poisson_deviance_explained": 0.37705900957745087}, "21": {"AUC": NaN, "kappa": NaN, "f1": NaN, "precision": NaN, "recall": NaN, "average_precision": NaN, "Spearman_r": 0.6849140384901198, "Pearson_r": 0.696133515924801, "R2": 0.48372254689045435, "MAE": 0.35532475477212416, "MSE": 0.19578966048898436, "poisson_deviance_explained": 0.36435266406454625}, "22": {"AUC": NaN, "kappa": NaN, "f1": NaN, "precision": NaN, "recall": NaN, "average_precision": NaN, "Spearman_r": 0.6722436057928101, "Pearson_r": 0.6804468426581547, "R2": 0.46267910021521597, "MAE": 0.3684097940944546, "MSE": 0.2096651816763263, "poisson_deviance_explained": 0.3484012585287797}, "23": {"AUC": NaN, "kappa": NaN, "f1": NaN, "precision": NaN, "recall": NaN, "average_precision": NaN, "Spearman_r": 0.6785254351548194, "Pearson_r": 0.6883643836020626, "R2": 0.4730944057263604, "MAE": 0.3679361538931486, "MSE": 0.20819579531325577, "poisson_deviance_explained": 0.35178633799618897}, "24": {"AUC": NaN, "kappa": NaN, "f1": NaN, "precision": NaN, "recall": NaN, "average_precision": NaN, "Spearman_r": 0.6839491359205385, "Pearson_r": 0.6909053445691766, "R2": 0.4761965522942778, "MAE": 0.367642068187358, "MSE": 0.20906984247705454, "poisson_deviance_explained": 0.3605981440452316}, "25": {"AUC": NaN, "kappa": NaN, "f1": NaN, "precision": NaN, "recall": NaN, "average_precision": NaN, "Spearman_r": 0.6877490568703616, "Pearson_r": 0.6957609122432565, "R2": 0.4832611553933108, "MAE": 0.367888199975668, "MSE": 0.21015974248516148, "poisson_deviance_explained": 0.36956539365359253}, "26": {"AUC": NaN, "kappa": NaN, "f1": NaN, "precision": NaN, "recall": NaN, "average_precision": NaN, "Spearman_r": 0.6920561210754657, "Pearson_r": 0.7048434589207109, "R2": 0.4959873483823727, "MAE": 0.36890951806292616, "MSE": 0.2131452677712437, "poisson_deviance_explained": 0.3782796055166714}, "27": {"AUC": NaN, "kappa": NaN, "f1": NaN, "precision": NaN, "recall": NaN, "average_precision": NaN, "Spearman_r": 0.6969688318876527,