{"1": {"AUC": NaN, "kappa": NaN, "f1": NaN, "precision": NaN, "recall": NaN, "average_precision": NaN, "Spearman_r": 0.6433484362203769, "Pearson_r": 0.6566807485865822, "R2": 0.4301758248325519, "MAE": 0.39988855096782494, "MSE": 0.23967239896569734, "poisson_deviance_explained": 0.32226095474461636}, "2": {"AUC": NaN, "kappa": NaN, "f1": NaN, "precision": NaN, "recall": NaN, "average_precision": NaN, "Spearman_r": 0.6594316922935681, "Pearson_r": 0.6783730226802185, "R2": 0.4588985695158003, "MAE": 0.3846752360703743, "MSE": 0.22392573395816828, "poisson_deviance_explained": 0.3433683153706343}, "3": {"AUC": NaN, "kappa": NaN, "f1": NaN, "precision": NaN, "recall": NaN, "average_precision": NaN, "Spearman_r": 0.6870542717176448, "Pearson_r": 0.7010949925419029, "R2": 0.4887657077458226, "MAE": 0.37382030880685674, "MSE": 0.21295583217539657, "poisson_deviance_explained": 0.3649703807981718}, "4": {"AUC": NaN, "kappa": NaN, "f1": NaN, "precision": NaN, "recall": NaN, "average_precision": NaN, "Spearman_r": 0.585422799229368, "Pearson_r": 0.6179264400829423, "R2": 0.3805816268954524, "MAE": 0.41469518754188717, "MSE": 0.2583006812872069, "poisson_deviance_explained": 0.28983022577964535}, "5": {"AUC": NaN, "kappa": NaN, "f1": NaN, "precision": NaN, "recall": NaN, "average_precision": NaN, "Spearman_r": 0.6797996479703844, "Pearson_r": 0.6943060151298057, "R2": 0.4798773371091325, "MAE": 0.37633086454796016, "MSE": 0.21622372880392313, "poisson_deviance_explained": 0.3642378456866886}, "6": {"AUC": NaN, "kappa": NaN, "f1": NaN, "precision": NaN, "recall": NaN, "average_precision": NaN, "Spearman_r": 0.6903008984630681, "Pearson_r": 0.7024425925000315, "R2": 0.4906340436976935, "MAE": 0.3822667552602564, "MSE": 0.22112542662110957, "poisson_deviance_explained": 0.3690663381330611}, "7": {"AUC": NaN, "kappa": NaN, "f1": NaN, "precision": NaN, "recall": NaN, "average_precision": NaN, "Spearman_r": 0.6819564299419, "Pearson_r": 0.6917527394252163, "R2": 0.47420597488300065, "MAE": 0.38260764907075323, "MSE": 0.22375402726937577, "poisson_deviance_explained": 0.35691033225809354}, "8": {"AUC": NaN, "kappa": NaN, "f1": NaN, "precision": NaN, "recall": NaN, "average_precision": NaN, "Spearman_r": 0.6911630458923597, "Pearson_r": 0.695981804780653, "R2": 0.4815698768234149, "MAE": 0.3787118324299745, "MSE": 0.22173682020997854, "poisson_deviance_explained": 0.3630151334194395}, "9": {"AUC": NaN, "kappa": NaN, "f1": NaN, "precision": NaN, "recall": NaN, "average_precision": NaN, "Spearman_r": 0.6845697417095902, "Pearson_r": 0.6812351311003465, "R2": 0.4614595571378364, "MAE": 0.38584688748274204, "MSE": 0.22995212091008863, "poisson_deviance_explained": 0.3468728555090357}, "10": {"AUC": NaN, "kappa": NaN, "f1": NaN, "precision": NaN, "recall": NaN, "average_precision": NaN, "Spearman_r": 0.6841424373412502, "Pearson_r": 0.6798825769594066, "R2": 0.4600773491027449, "MAE": 0.38292045652008017, "MSE": 0.22999606442618556, "poisson_deviance_explained": 0.344770337276079}, "11": {"AUC": NaN, "kappa": NaN, "f1": NaN, "precision": NaN, "recall": NaN, "average_precision": NaN, "Spearman_r": 0.6620031717305934, "Pearson_r": 0.6541478987122911, "R2": 0.42653499157410546, "MAE": 0.38231053442514434, "MSE": 0.23094595223015676, "poisson_deviance_explained": 0.3192982423420544}, "12": {"AUC": NaN, "kappa": NaN, "f1": NaN, "precision": NaN, "recall": NaN, "average_precision": NaN, "Spearman_r": 0.6732658855198972, "Pearson_r": 0.6704460454869776, "R2": 0.4485366648907966, "MAE": 0.3747903524041302, "MSE": 0.22244421075541446, "poisson_deviance_explained": 0.3391274860098955}, "13": {"AUC": NaN, "kappa": NaN, "f1": NaN, "precision": NaN, "recall": NaN, "average_precision": NaN, "Spearman_r": 0.6944255769325424, "Pearson_r": 0.6866788549581969, "R2": 0.47057490629264, "MAE": 0.36441855504325, "MSE": 0.21528619584883205, "poisson_deviance_explained": 0.35275302540474873}, "14": {"AUC": NaN, "kappa": NaN, "f1": NaN, "precision": NaN, "recall": NaN, "average_precision": NaN, "Spearman_r": 0.684752225042802, "Pearson_r": 0.6794534787254392, "R2": 0.46075129617413035, "MAE": 0.3686553630755503, "MSE": 0.2171925332182716, "poisson_deviance_explained": 0.3473380792310051}, "15": {"AUC": NaN, "kappa": NaN, "f1": NaN, "precision": NaN, "recall": NaN, "average_precision": NaN, "Spearman_r": 0.7082171336297258, "Pearson_r": 0.7005733673262596, "R2": 0.4903672936697302, "MAE": 0.35674927838235476, "MSE": 0.20578263288953047, "poisson_deviance_explained": 0.37019794423099406}, "16": {"AUC": NaN, "kappa": NaN, "f1": NaN, "precision": NaN, "recall": NaN, "average_precision": NaN, "Spearman_r": 0.7093754590947187, "Pearson_r": 0.7067219191439924, "R2": 0.4989971184109452, "MAE": 0.3616389257207437, "MSE": 0.20987771228109028, "poisson_deviance_explained": 0.37502063909210936}, "17": {"AUC": NaN, "kappa": NaN, "f1": NaN, "precision": NaN, "recall": NaN, "average_precision": NaN, "Spearman_r": 0.7293041826709412, "Pearson_r": 0.722506182274397, "R2": 0.5209782750766043, "MAE": 0.3530359262551334, "MSE": 0.20604518293257904, "poisson_deviance_explained": 0.39837632870716155}, "18": {"AUC": NaN, "kappa": NaN, "f1": NaN, "precision": NaN, "recall": NaN, "average_precision": NaN, "Spearman_r": 0.7050528307432602, "Pearson_r": 0.7023236402228034, "R2": 0.4924426076040035, "MAE": 0.36154065133931035, "MSE": 0.20982033782864962, "poisson_deviance_explained": 0.3676309103551568}, "19": {"AUC": NaN, "kappa": NaN, "f1": NaN, "precision": NaN, "recall": NaN, "average_precision": NaN, "Spearman_r": 0.7129412855956941, "Pearson_r": 0.7130721384023982, "R2": 0.5077400372050316, "MAE": 0.35022720201489105, "MSE": 0.19724290819968118, "poisson_deviance_explained": 0.37898637676603397}, "20": {"AUC": NaN, "kappa": NaN, "f1": NaN, "precision": NaN, "recall": NaN, "average_precision": NaN, "Spearman_r": 0.6798630981513483, "Pearson_r": 0.6836848862654095, "R2": 0.4662290638414308, "MAE": 0.36139146465591765, "MSE": 0.20448429078055316, "poisson_deviance_explained": 0.3486017297638152}, "21": {"AUC": NaN, "kappa": NaN, "f1": NaN, "precision": NaN, "recall": NaN, "average_precision": NaN, "Spearman_r": 0.6761202533111035, "Pearson_r": 0.6888164192270457, "R2": 0.47411480957504515, "MAE": 0.3613100739131039, "MSE": 0.20454907870191233, "poisson_deviance_explained": 0.3490980600255459}, "22": {"AUC": NaN, "kappa": NaN, "f1": NaN, "precision": NaN, "recall": NaN, "average_precision": NaN, "Spearman_r": 0.6815512457768036, "Pearson_r": 0.6893375765880988, "R2": 0.4743968172701244, "MAE": 0.36821976551521796, "MSE": 0.21061753763487354, "poisson_deviance_explained": 0.351833333213476}, "23": {"AUC": NaN, "kappa": NaN, "f1": NaN, "precision": NaN, "recall": NaN, "average_precision": NaN, "Spearman_r": 0.6889010494180441, "Pearson_r": 0.6947292465070091, "R2": 0.4814260280385605, "MAE": 0.3780363509386444, "MSE": 0.21926056042158049, "poisson_deviance_explained": 0.3630729600034801}, "24": {"AUC": NaN, "kappa": NaN, "f1": NaN, "precision": NaN, "recall": NaN, "average_precision": NaN, "Spearman_r": 0.714476368730958, "Pearson_r": 0.7182128746678418, "R2": 0.513779259510383, "MAE": 0.37410222439650176, "MSE": 0.21677025410236134, "poisson_deviance_explained": 0.3827527349190617}, "25": {"AUC": NaN, "kappa": NaN, "f1": NaN, "precision": NaN, "recall": NaN, "average_precision": NaN, "Spearman_r": 0.689531725003119, "Pearson_r": 0.6977653151876408, "R2": 0.4857242851771346, "MAE": 0.38097218138311245, "MSE": 0.22406936790355056, "poisson_deviance_explained": 0.3668728313667857}, "26": {"AUC": NaN, "kappa": NaN, "f1": NaN, "precision": NaN, "recall": NaN, "average_precision": NaN, "Spearman_r": 0.6956431938458868, "Pearson_r": 0.7068377034645767, "R2": 0.4979666217722425, "MAE": 0.3763052593782545, "MSE": 0.21782650712962923, "poisson_deviance_explained": 0.3790266817197123}, "27": {"AUC": NaN, "kappa": NaN, "f1": NaN, "precision": NaN, "recall": NaN, "average_precision": NaN, "Spearman_r": 0.6830696059184463,