{"1": {"AUC": NaN, "kappa": NaN, "f1": NaN, "precision": NaN, "recall": NaN, "average_precision": NaN, "Spearman_r": 0.6407945746794347, "Pearson_r": 0.6575001797126369, "R2": 0.4283129219930538, "MAE": 0.3867624551599924, "MSE": 0.21852028517402183, "poisson_deviance_explained": 0.32580856676617886}, "2": {"AUC": NaN, "kappa": NaN, "f1": NaN, "precision": NaN, "recall": NaN, "average_precision": NaN, "Spearman_r": 0.6598334944732136, "Pearson_r": 0.6736948667412487, "R2": 0.4487307089030761, "MAE": 0.3770690067983759, "MSE": 0.21012053201290593, "poisson_deviance_explained": 0.33918635302515376}, "3": {"AUC": NaN, "kappa": NaN, "f1": NaN, "precision": NaN, "recall": NaN, "average_precision": NaN, "Spearman_r": 0.6718666451038787, "Pearson_r": 0.6824827314950012, "R2": 0.45929658282265895, "MAE": 0.38075358575037666, "MSE": 0.2147839448941704, "poisson_deviance_explained": 0.34917963898339666}, "4": {"AUC": NaN, "kappa": NaN, "f1": NaN, "precision": NaN, "recall": NaN, "average_precision": NaN, "Spearman_r": 0.6308320090774502, "Pearson_r": 0.642836019195188, "R2": 0.4087193133991255, "MAE": 0.4050115292142227, "MSE": 0.23844747298248306, "poisson_deviance_explained": 0.3104910264098356}, "5": {"AUC": NaN, "kappa": NaN, "f1": NaN, "precision": NaN, "recall": NaN, "average_precision": NaN, "Spearman_r": 0.6642538273826928, "Pearson_r": 0.6725184268549249, "R2": 0.4459793963320712, "MAE": 0.3845643396978696, "MSE": 0.219538170357679, "poisson_deviance_explained": 0.3379291462436199}, "6": {"AUC": NaN, "kappa": NaN, "f1": NaN, "precision": NaN, "recall": NaN, "average_precision": NaN, "Spearman_r": 0.6670827697900366, "Pearson_r": 0.6707985455351312, "R2": 0.4440676625293053, "MAE": 0.3801705986656528, "MSE": 0.21884229734903776, "poisson_deviance_explained": 0.33359479059482866}, "7": {"AUC": NaN, "kappa": NaN, "f1": NaN, "precision": NaN, "recall": NaN, "average_precision": NaN, "Spearman_r": 0.6880194390196626, "Pearson_r": 0.68735030954724, "R2": 0.4656522568747492, "MAE": 0.3659376617657904, "MSE": 0.20675413186934982, "poisson_deviance_explained": 0.35054707427180976}, "8": {"AUC": NaN, "kappa": NaN, "f1": NaN, "precision": NaN, "recall": NaN, "average_precision": NaN, "Spearman_r": 0.6956449331564453, "Pearson_r": 0.6931857014685856, "R2": 0.4716899192010746, "MAE": 0.35560396920506354, "MSE": 0.1988896702019004, "poisson_deviance_explained": 0.3579600365449769}, "9": {"AUC": NaN, "kappa": NaN, "f1": NaN, "precision": NaN, "recall": NaN, "average_precision": NaN, "Spearman_r": 0.680709676980554, "Pearson_r": 0.6771224980243131, "R2": 0.45186736500282354, "MAE": 0.35690033163618967, "MSE": 0.20097213661593022, "poisson_deviance_explained": 0.34003413413316375}, "10": {"AUC": NaN, "kappa": NaN, "f1": NaN, "precision": NaN, "recall": NaN, "average_precision": NaN, "Spearman_r": 0.6874407251941638, "Pearson_r": 0.6845787498643662, "R2": 0.46279185058017036, "MAE": 0.3474679916510935, "MSE": 0.1927613307569666, "poisson_deviance_explained": 0.3515250270361434}, "11": {"AUC": NaN, "kappa": NaN, "f1": NaN, "precision": NaN, "recall": NaN, "average_precision": NaN, "Spearman_r": 0.6615753763210943, "Pearson_r": 0.6595946928911538, "R2": 0.43111823326602305, "MAE": 0.3595992835479364, "MSE": 0.205487478051504, "poisson_deviance_explained": 0.3260472969127085}, "12": {"AUC": NaN, "kappa": NaN, "f1": NaN, "precision": NaN, "recall": NaN, "average_precision": NaN, "Spearman_r": 0.6858968153770942, "Pearson_r": 0.6812677646768827, "R2": 0.45989887267478047, "MAE": 0.347692208484067, "MSE": 0.19539189455239614, "poisson_deviance_explained": 0.35134617485063635}, "13": {"AUC": NaN, "kappa": NaN, "f1": NaN, "precision": NaN, "recall": NaN, "average_precision": NaN, "Spearman_r": 0.694324009072091, "Pearson_r": 0.6911376178006868, "R2": 0.47371350148556557, "MAE": 0.34329603136089365, "MSE": 0.1895062319766242, "poisson_deviance_explained": 0.3611335848125762}, "14": {"AUC": NaN, "kappa": NaN, "f1": NaN, "precision": NaN, "recall": NaN, "average_precision": NaN, "Spearman_r": 0.7055424186299498, "Pearson_r": 0.7001879439582817, "R2": 0.4864011288940193, "MAE": 0.3437619396698081, "MSE": 0.19062668915403874, "poisson_deviance_explained": 0.37300613888227274}, "15": {"AUC": NaN, "kappa": NaN, "f1": NaN, "precision": NaN, "recall": NaN, "average_precision": NaN, "Spearman_r": 0.7128068635934312, "Pearson_r": 0.7082939939315802, "R2": 0.49708776282712264, "MAE": 0.3432392623284255, "MSE": 0.18882041957800152, "poisson_deviance_explained": 0.37911580452750115}, "16": {"AUC": NaN, "kappa": NaN, "f1": NaN, "precision": NaN, "recall": NaN, "average_precision": NaN, "Spearman_r": 0.7125448050281354, "Pearson_r": 0.7062294957012912, "R2": 0.493324559737489, "MAE": 0.34449648063076044, "MSE": 0.19029672531415398, "poisson_deviance_explained": 0.376329131279836}, "17": {"AUC": NaN, "kappa": NaN, "f1": NaN, "precision": NaN, "recall": NaN, "average_precision": NaN, "Spearman_r": 0.7207006933391814, "Pearson_r": 0.7151503187022644, "R2": 0.5065992850163035, "MAE": 0.3477181015304264, "MSE": 0.1915658594155503, "poisson_deviance_explained": 0.3829100521383755}, "18": {"AUC": NaN, "kappa": NaN, "f1": NaN, "precision": NaN, "recall": NaN, "average_precision": NaN, "Spearman_r": 0.7057954737663913, "Pearson_r": 0.7020982931034497, "R2": 0.4877909517531681, "MAE": 0.34722069860950333, "MSE": 0.19084731642684113, "poisson_deviance_explained": 0.3686876111479829}, "19": {"AUC": NaN, "kappa": NaN, "f1": NaN, "precision": NaN, "recall": NaN, "average_precision": NaN, "Spearman_r": 0.6992280842830673, "Pearson_r": 0.6992630287228823, "R2": 0.48393514538923477, "MAE": 0.3527702500610474, "MSE": 0.19349772964228504, "poisson_deviance_explained": 0.36579653544865365}, "20": {"AUC": NaN, "kappa": NaN, "f1": NaN, "precision": NaN, "recall": NaN, "average_precision": NaN, "Spearman_r": 0.663423645514416, "Pearson_r": 0.6715939867701263, "R2": 0.4461217892638756, "MAE": 0.36663380372417786, "MSE": 0.2024072724970687, "poisson_deviance_explained": 0.33023621448395557}, "21": {"AUC": NaN, "kappa": NaN, "f1": NaN, "precision": NaN, "recall": NaN, "average_precision": NaN, "Spearman_r": 0.6558267004282319, "Pearson_r": 0.6631605565520179, "R2": 0.43409446366864657, "MAE": 0.37431908820872284, "MSE": 0.20989935698669407, "poisson_deviance_explained": 0.32186595039315924}, "22": {"AUC": NaN, "kappa": NaN, "f1": NaN, "precision": NaN, "recall": NaN, "average_precision": NaN, "Spearman_r": 0.6611844325191323, "Pearson_r": 0.6711115439090486, "R2": 0.44498779639214603, "MAE": 0.37465741761468585, "MSE": 0.20897115494271457, "poisson_deviance_explained": 0.33125151050941204}, "23": {"AUC": NaN, "kappa": NaN, "f1": NaN, "precision": NaN, "recall": NaN, "average_precision": NaN, "Spearman_r": 0.6537582766714944, "Pearson_r": 0.6633849125250888, "R2": 0.43527461444728854, "MAE": 0.39095514103639933, "MSE": 0.22731046289137008, "poisson_deviance_explained": 0.3258313221835629}, "24": {"AUC": NaN, "kappa": NaN, "f1": NaN, "precision": NaN, "recall": NaN, "average_precision": NaN, "Spearman_r": 0.6796213798831559, "Pearson_r": 0.6815815395778111, "R2": 0.4589182697212161, "MAE": 0.38773609289913624, "MSE": 0.22465420325168364, "poisson_deviance_explained": 0.34780361721789244}, "25": {"AUC": NaN, "kappa": NaN, "f1": NaN, "precision": NaN, "recall": NaN, "average_precision": NaN, "Spearman_r": 0.6824068814836542, "Pearson_r": 0.6857966624207205, "R2": 0.46378368395682024, "MAE": 0.38892627302298005, "MSE": 0.22655483056231465, "poisson_deviance_explained": 0.35039176503154457}, "26": {"AUC": NaN, "kappa": NaN, "f1": NaN, "precision": NaN, "recall": NaN, "average_precision": NaN, "Spearman_r": 0.6788089490362627, "Pearson_r": 0.6826961272316071, "R2": 0.4587354815825364, "MAE": 0.3926400624076461, "MSE": 0.22848150387428734, "poisson_deviance_explained": 0.3468668665921446}, "27": {"AUC": NaN, "kappa": NaN, "f1": NaN, "precision": NaN, "recall": NaN, "average_precision": NaN, "Spearman_r": 0.683736047754574,