{"1": {"AUC": NaN, "kappa": NaN, "f1": NaN, "precision": NaN, "recall": NaN, "average_precision": NaN, "Spearman_r": 0.6257924736206517, "Pearson_r": 0.6472376539014187, "R2": 0.4164094506214262, "MAE": 0.40801004923349304, "MSE": 0.24280570936994855, "poisson_deviance_explained": 0.31519720514153515}, "2": {"AUC": NaN, "kappa": NaN, "f1": NaN, "precision": NaN, "recall": NaN, "average_precision": NaN, "Spearman_r": 0.6384150581745178, "Pearson_r": 0.6596513437350785, "R2": 0.4324891167722058, "MAE": 0.39884006194956856, "MSE": 0.2381681887737338, "poisson_deviance_explained": 0.32352803328281177}, "3": {"AUC": NaN, "kappa": NaN, "f1": NaN, "precision": NaN, "recall": NaN, "average_precision": NaN, "Spearman_r": 0.6525808300403662, "Pearson_r": 0.6677072325850051, "R2": 0.4425273920691912, "MAE": 0.3984633706340419, "MSE": 0.23829807134792125, "poisson_deviance_explained": 0.33964995577154755}, "4": {"AUC": NaN, "kappa": NaN, "f1": NaN, "precision": NaN, "recall": NaN, "average_precision": NaN, "Spearman_r": 0.6731794547185121, "Pearson_r": 0.6838864479098928, "R2": 0.4632249569938799, "MAE": 0.3944501751572052, "MSE": 0.2332136436522255, "poisson_deviance_explained": 0.347038504887329}, "5": {"AUC": NaN, "kappa": NaN, "f1": NaN, "precision": NaN, "recall": NaN, "average_precision": NaN, "Spearman_r": 0.6911880939780902, "Pearson_r": 0.698672103092345, "R2": 0.48022680265226325, "MAE": 0.39811365560430534, "MSE": 0.23589880896851156, "poisson_deviance_explained": 0.3660356576644631}, "6": {"AUC": NaN, "kappa": NaN, "f1": NaN, "precision": NaN, "recall": NaN, "average_precision": NaN, "Spearman_r": 0.6741501806036697, "Pearson_r": 0.6750899994960716, "R2": 0.4520456881220617, "MAE": 0.4064186406690739, "MSE": 0.2492973625400217, "poisson_deviance_explained": 0.3421447569362406}, "7": {"AUC": NaN, "kappa": NaN, "f1": NaN, "precision": NaN, "recall": NaN, "average_precision": NaN, "Spearman_r": 0.6926042889419116, "Pearson_r": 0.6917804862208093, "R2": 0.47205345598410753, "MAE": 0.39485134816886897, "MSE": 0.2366138650585657, "poisson_deviance_explained": 0.359655747270472}, "8": {"AUC": NaN, "kappa": NaN, "f1": NaN, "precision": NaN, "recall": NaN, "average_precision": NaN, "Spearman_r": 0.6882072157456198, "Pearson_r": 0.6875659199299262, "R2": 0.46574862116836924, "MAE": 0.3955997983725601, "MSE": 0.24145574557049654, "poisson_deviance_explained": 0.3539784962337371}, "9": {"AUC": NaN, "kappa": NaN, "f1": NaN, "precision": NaN, "recall": NaN, "average_precision": NaN, "Spearman_r": 0.6691767512397513, "Pearson_r": 0.6651035813914313, "R2": 0.43857424665581934, "MAE": 0.39190371652605305, "MSE": 0.23802118279432, "poisson_deviance_explained": 0.3241580481645906}, "10": {"AUC": NaN, "kappa": NaN, "f1": NaN, "precision": NaN, "recall": NaN, "average_precision": NaN, "Spearman_r": 0.6448996898014574, "Pearson_r": 0.6392575617354749, "R2": 0.40545482109136777, "MAE": 0.39960980567817, "MSE": 0.24865825565043528, "poisson_deviance_explained": 0.3122324787643026}, "11": {"AUC": NaN, "kappa": NaN, "f1": NaN, "precision": NaN, "recall": NaN, "average_precision": NaN, "Spearman_r": 0.650146384984437, "Pearson_r": 0.6419540656003901, "R2": 0.4094493466328818, "MAE": 0.4062655467570863, "MSE": 0.2585528288535006, "poisson_deviance_explained": 0.3102337344925793}, "12": {"AUC": NaN, "kappa": NaN, "f1": NaN, "precision": NaN, "recall": NaN, "average_precision": NaN, "Spearman_r": 0.6619441392722046, "Pearson_r": 0.6552735009424436, "R2": 0.42605137297012896, "MAE": 0.3960618483032787, "MSE": 0.24500029851376748, "poisson_deviance_explained": 0.3254605175756131}, "13": {"AUC": NaN, "kappa": NaN, "f1": NaN, "precision": NaN, "recall": NaN, "average_precision": NaN, "Spearman_r": 0.6839614794292401, "Pearson_r": 0.6739485151653273, "R2": 0.4514430612732947, "MAE": 0.3928149364530903, "MSE": 0.24197195165965465, "poisson_deviance_explained": 0.3401633434734823}, "14": {"AUC": NaN, "kappa": NaN, "f1": NaN, "precision": NaN, "recall": NaN, "average_precision": NaN, "Spearman_r": 0.6893687937316819, "Pearson_r": 0.6814860864342933, "R2": 0.45992104632236264, "MAE": 0.38131478891259946, "MSE": 0.22997276316621423, "poisson_deviance_explained": 0.35307042153535684}, "15": {"AUC": NaN, "kappa": NaN, "f1": NaN, "precision": NaN, "recall": NaN, "average_precision": NaN, "Spearman_r": 0.6873195038567732, "Pearson_r": 0.6824257693400123, "R2": 0.46315626482575645, "MAE": 0.37385170974933357, "MSE": 0.22212064060008216, "poisson_deviance_explained": 0.35298619707393286}, "16": {"AUC": NaN, "kappa": NaN, "f1": NaN, "precision": NaN, "recall": NaN, "average_precision": NaN, "Spearman_r": 0.6989384564766307, "Pearson_r": 0.6878405732357407, "R2": 0.47088016442595815, "MAE": 0.3697795015248562, "MSE": 0.21969600595591715, "poisson_deviance_explained": 0.3533299786398195}, "17": {"AUC": NaN, "kappa": NaN, "f1": NaN, "precision": NaN, "recall": NaN, "average_precision": NaN, "Spearman_r": 0.7120013215040271, "Pearson_r": 0.7038182648113076, "R2": 0.4886227472918596, "MAE": 0.3661229682901835, "MSE": 0.2125970549175249, "poisson_deviance_explained": 0.3734530581031148}, "18": {"AUC": NaN, "kappa": NaN, "f1": NaN, "precision": NaN, "recall": NaN, "average_precision": NaN, "Spearman_r": 0.6731901570531146, "Pearson_r": 0.6692066562861493, "R2": 0.4457672243217585, "MAE": 0.38325724717361126, "MSE": 0.23056935172060666, "poisson_deviance_explained": 0.33239925804395687}, "19": {"AUC": NaN, "kappa": NaN, "f1": NaN, "precision": NaN, "recall": NaN, "average_precision": NaN, "Spearman_r": 0.6875571215671806, "Pearson_r": 0.6859372367380183, "R2": 0.4628107010433177, "MAE": 0.3755446489697418, "MSE": 0.21496213195575295, "poisson_deviance_explained": 0.35230305860719024}, "20": {"AUC": NaN, "kappa": NaN, "f1": NaN, "precision": NaN, "recall": NaN, "average_precision": NaN, "Spearman_r": 0.6729114696735438, "Pearson_r": 0.6783268262721318, "R2": 0.4561101772727898, "MAE": 0.37093335243877307, "MSE": 0.21041878779156334, "poisson_deviance_explained": 0.3472600327025025}, "21": {"AUC": NaN, "kappa": NaN, "f1": NaN, "precision": NaN, "recall": NaN, "average_precision": NaN, "Spearman_r": 0.7041741318688572, "Pearson_r": 0.7089823658838074, "R2": 0.4968177122048443, "MAE": 0.3735754170367758, "MSE": 0.21253934909755695, "poisson_deviance_explained": 0.373609078629646}, "22": {"AUC": NaN, "kappa": NaN, "f1": NaN, "precision": NaN, "recall": NaN, "average_precision": NaN, "Spearman_r": 0.674818428367633, "Pearson_r": 0.681156660682346, "R2": 0.4585302449753299, "MAE": 0.3830843535682995, "MSE": 0.22065551636003547, "poisson_deviance_explained": 0.352830202264781}, "23": {"AUC": NaN, "kappa": NaN, "f1": NaN, "precision": NaN, "recall": NaN, "average_precision": NaN, "Spearman_r": 0.6782132122871339, "Pearson_r": 0.6765257499796156, "R2": 0.4536516861823827, "MAE": 0.4003999445652999, "MSE": 0.2443042205324257, "poisson_deviance_explained": 0.34816271134934507}, "24": {"AUC": NaN, "kappa": NaN, "f1": NaN, "precision": NaN, "recall": NaN, "average_precision": NaN, "Spearman_r": 0.6724394136411397, "Pearson_r": 0.6746812860178361, "R2": 0.4521078366077306, "MAE": 0.4029103324154051, "MSE": 0.24783203413371604, "poisson_deviance_explained": 0.3332233772663483}, "25": {"AUC": NaN, "kappa": NaN, "f1": NaN, "precision": NaN, "recall": NaN, "average_precision": NaN, "Spearman_r": 0.6848624476339527, "Pearson_r": 0.6897458024884165, "R2": 0.46959022593533295, "MAE": 0.4078711880481721, "MSE": 0.2490474612564838, "poisson_deviance_explained": 0.3652911094301585}, "26": {"AUC": NaN, "kappa": NaN, "f1": NaN, "precision": NaN, "recall": NaN, "average_precision": NaN, "Spearman_r": 0.6783019302357759, "Pearson_r": 0.6808897601832842, "R2": 0.46059004168355033, "MAE": 0.3982980209747265, "MSE": 0.24417546710856733, "poisson_deviance_explained": 0.3530739048301099}, "27": {"AUC": NaN, "kappa": NaN, "f1": NaN, "precision": NaN, "recall": NaN, "average_precision": NaN, "Spearman_r": 0.6846857383592375,