{"1": {"AUC": NaN, "kappa": NaN, "f1": NaN, "precision": NaN, "recall": NaN, "average_precision": NaN, "Spearman_r": 0.6590507076273938, "Pearson_r": 0.6744950627621794, "R2": 0.4536323966101785, "MAE": 0.3725364578089909, "MSE": 0.21013302810939335, "poisson_deviance_explained": 0.3453035018980609}, "2": {"AUC": NaN, "kappa": NaN, "f1": NaN, "precision": NaN, "recall": NaN, "average_precision": NaN, "Spearman_r": 0.6935755716115368, "Pearson_r": 0.704869745178818, "R2": 0.49560475139523097, "MAE": 0.36227584722734, "MSE": 0.20155052031577284, "poisson_deviance_explained": 0.37605996753392745}, "3": {"AUC": NaN, "kappa": NaN, "f1": NaN, "precision": NaN, "recall": NaN, "average_precision": NaN, "Spearman_r": 0.6944928697136377, "Pearson_r": 0.7052440666018439, "R2": 0.49426383906597626, "MAE": 0.362186664600431, "MSE": 0.1985647118414659, "poisson_deviance_explained": 0.3774952807305769}, "4": {"AUC": NaN, "kappa": NaN, "f1": NaN, "precision": NaN, "recall": NaN, "average_precision": NaN, "Spearman_r": 0.6498593804052634, "Pearson_r": 0.6664537761566677, "R2": 0.44244497975116337, "MAE": 0.384378981895868, "MSE": 0.2221901688710256, "poisson_deviance_explained": 0.33362431966994366}, "5": {"AUC": NaN, "kappa": NaN, "f1": NaN, "precision": NaN, "recall": NaN, "average_precision": NaN, "Spearman_r": 0.6785329342274613, "Pearson_r": 0.6901887707459599, "R2": 0.4742718420221792, "MAE": 0.36620103087808276, "MSE": 0.2057465471551868, "poisson_deviance_explained": 0.360119236609978}, "6": {"AUC": NaN, "kappa": NaN, "f1": NaN, "precision": NaN, "recall": NaN, "average_precision": NaN, "Spearman_r": 0.6900126503421652, "Pearson_r": 0.6960701323876024, "R2": 0.48238253363321415, "MAE": 0.36135099045585967, "MSE": 0.20207653132421652, "poisson_deviance_explained": 0.3612033935155152}, "7": {"AUC": NaN, "kappa": NaN, "f1": NaN, "precision": NaN, "recall": NaN, "average_precision": NaN, "Spearman_r": 0.6989986884172249, "Pearson_r": 0.6963105132092708, "R2": 0.4815555041909627, "MAE": 0.35716767148737677, "MSE": 0.2007484338594078, "poisson_deviance_explained": 0.36266240502330627}, "8": {"AUC": NaN, "kappa": NaN, "f1": NaN, "precision": NaN, "recall": NaN, "average_precision": NaN, "Spearman_r": 0.7306523257857298, "Pearson_r": 0.7258685487252579, "R2": 0.5224778438277604, "MAE": 0.33368042607030385, "MSE": 0.18038137491853978, "poisson_deviance_explained": 0.39782379964640513}, "9": {"AUC": NaN, "kappa": NaN, "f1": NaN, "precision": NaN, "recall": NaN, "average_precision": NaN, "Spearman_r": 0.7203219013380304, "Pearson_r": 0.7166895530025528, "R2": 0.5089196483479468, "MAE": 0.3343634600634874, "MSE": 0.1806066182262924, "poisson_deviance_explained": 0.38358789907076907}, "10": {"AUC": NaN, "kappa": NaN, "f1": NaN, "precision": NaN, "recall": NaN, "average_precision": NaN, "Spearman_r": 0.6979424003117377, "Pearson_r": 0.6916446689982989, "R2": 0.47471147109577805, "MAE": 0.3356721633240546, "MSE": 0.18384750306804956, "poisson_deviance_explained": 0.35846956759679516}, "11": {"AUC": NaN, "kappa": NaN, "f1": NaN, "precision": NaN, "recall": NaN, "average_precision": NaN, "Spearman_r": 0.6958508018476217, "Pearson_r": 0.691201648775502, "R2": 0.4753433546172794, "MAE": 0.3422914604987301, "MSE": 0.19051910594632912, "poisson_deviance_explained": 0.361190825372266}, "12": {"AUC": NaN, "kappa": NaN, "f1": NaN, "precision": NaN, "recall": NaN, "average_precision": NaN, "Spearman_r": 0.697792444740242, "Pearson_r": 0.692726566588295, "R2": 0.4775997570425644, "MAE": 0.3384803704029229, "MSE": 0.1865783563481973, "poisson_deviance_explained": 0.35932052326689656}, "13": {"AUC": NaN, "kappa": NaN, "f1": NaN, "precision": NaN, "recall": NaN, "average_precision": NaN, "Spearman_r": 0.710876054758544, "Pearson_r": 0.7071188605624488, "R2": 0.4972832944187021, "MAE": 0.3333291340129612, "MSE": 0.18142118809531654, "poisson_deviance_explained": 0.37743532158575066}, "14": {"AUC": NaN, "kappa": NaN, "f1": NaN, "precision": NaN, "recall": NaN, "average_precision": NaN, "Spearman_r": 0.7107012137205754, "Pearson_r": 0.706317681101205, "R2": 0.4974807146708845, "MAE": 0.3329159257889876, "MSE": 0.1819798162902517, "poisson_deviance_explained": 0.3770604464950553}, "15": {"AUC": NaN, "kappa": NaN, "f1": NaN, "precision": NaN, "recall": NaN, "average_precision": NaN, "Spearman_r": 0.7233167490620075, "Pearson_r": 0.7183533940527481, "R2": 0.514262168269262, "MAE": 0.33189921549135437, "MSE": 0.18124601202016077, "poisson_deviance_explained": 0.39117983220722297}, "16": {"AUC": NaN, "kappa": NaN, "f1": NaN, "precision": NaN, "recall": NaN, "average_precision": NaN, "Spearman_r": 0.7310605038392683, "Pearson_r": 0.7224772193135117, "R2": 0.5197831905639678, "MAE": 0.33071741777299024, "MSE": 0.1799836140923621, "poisson_deviance_explained": 0.39526527921302856}, "17": {"AUC": NaN, "kappa": NaN, "f1": NaN, "precision": NaN, "recall": NaN, "average_precision": NaN, "Spearman_r": 0.730747175740495, "Pearson_r": 0.7248663179214909, "R2": 0.5237983200421279, "MAE": 0.3338663152204529, "MSE": 0.18288007016812874, "poisson_deviance_explained": 0.40031145460794626}, "18": {"AUC": NaN, "kappa": NaN, "f1": NaN, "precision": NaN, "recall": NaN, "average_precision": NaN, "Spearman_r": 0.7127013745071016, "Pearson_r": 0.7088466770171385, "R2": 0.5006243748161927, "MAE": 0.3353219193887255, "MSE": 0.181811340646323, "poisson_deviance_explained": 0.37627969749595347}, "19": {"AUC": NaN, "kappa": NaN, "f1": NaN, "precision": NaN, "recall": NaN, "average_precision": NaN, "Spearman_r": 0.7167603372700802, "Pearson_r": 0.7177727920844202, "R2": 0.5137042654337713, "MAE": 0.33886767190493317, "MSE": 0.18359667989988718, "poisson_deviance_explained": 0.38360131526390107}, "20": {"AUC": NaN, "kappa": NaN, "f1": NaN, "precision": NaN, "recall": NaN, "average_precision": NaN, "Spearman_r": 0.7120263264389824, "Pearson_r": 0.7166584599922625, "R2": 0.5114304123220546, "MAE": 0.34495039254533144, "MSE": 0.18588880720089443, "poisson_deviance_explained": 0.3830965609256328}, "21": {"AUC": NaN, "kappa": NaN, "f1": NaN, "precision": NaN, "recall": NaN, "average_precision": NaN, "Spearman_r": 0.6950766846527558, "Pearson_r": 0.7051522231303987, "R2": 0.49510470266040374, "MAE": 0.3500917030602826, "MSE": 0.18729809868540856, "poisson_deviance_explained": 0.3692207808280973}, "22": {"AUC": NaN, "kappa": NaN, "f1": NaN, "precision": NaN, "recall": NaN, "average_precision": NaN, "Spearman_r": 0.6956732204108637, "Pearson_r": 0.7022996969749215, "R2": 0.49065503974141333, "MAE": 0.35908623234281156, "MSE": 0.19723203570886882, "poisson_deviance_explained": 0.36533290598473733}, "23": {"AUC": NaN, "kappa": NaN, "f1": NaN, "precision": NaN, "recall": NaN, "average_precision": NaN, "Spearman_r": 0.6867276169122337, "Pearson_r": 0.694791036917843, "R2": 0.48127212825675403, "MAE": 0.3686598021249717, "MSE": 0.20969780262032475, "poisson_deviance_explained": 0.3597359131778365}, "24": {"AUC": NaN, "kappa": NaN, "f1": NaN, "precision": NaN, "recall": NaN, "average_precision": NaN, "Spearman_r": 0.7040068128291874, "Pearson_r": 0.7054329715815183, "R2": 0.49528993402622634, "MAE": 0.3700818752312501, "MSE": 0.2113952499708893, "poisson_deviance_explained": 0.3762788392166584}, "25": {"AUC": NaN, "kappa": NaN, "f1": NaN, "precision": NaN, "recall": NaN, "average_precision": NaN, "Spearman_r": 0.7165264725585159, "Pearson_r": 0.7190392577105915, "R2": 0.5144553643032288, "MAE": 0.3640439464936247, "MSE": 0.20687346787801994, "poisson_deviance_explained": 0.39105355530716}, "26": {"AUC": NaN, "kappa": NaN, "f1": NaN, "precision": NaN, "recall": NaN, "average_precision": NaN, "Spearman_r": 0.7169290622495887, "Pearson_r": 0.7226535530096607, "R2": 0.5203430271689357, "MAE": 0.36145664458237275, "MSE": 0.2019053434767603, "poisson_deviance_explained": 0.3953070724884985}, "27": {"AUC": NaN, "kappa": NaN, "f1": NaN, "precision": NaN, "recall": NaN, "average_precision": NaN, "Spearman_r": 0.7121344505939305,