{"1": {"AUC": NaN, "kappa": NaN, "f1": NaN, "precision": NaN, "recall": NaN, "average_precision": NaN, "Spearman_r": 0.6518780112676607, "Pearson_r": 0.6612938025228552, "R2": 0.43226516117224767, "MAE": 0.3935109081666376, "MSE": 0.22868029792919964, "poisson_deviance_explained": 0.32620041292860946}, "2": {"AUC": NaN, "kappa": NaN, "f1": NaN, "precision": NaN, "recall": NaN, "average_precision": NaN, "Spearman_r": 0.6719876565137565, "Pearson_r": 0.682691434660126, "R2": 0.4590226720487005, "MAE": 0.38942335425885255, "MSE": 0.22317171215522563, "poisson_deviance_explained": 0.3488349274658562}, "3": {"AUC": NaN, "kappa": NaN, "f1": NaN, "precision": NaN, "recall": NaN, "average_precision": NaN, "Spearman_r": 0.6687525120622559, "Pearson_r": 0.6828759665685106, "R2": 0.46116188799291635, "MAE": 0.3794394695654208, "MSE": 0.2137926710638548, "poisson_deviance_explained": 0.3488084666581909}, "4": {"AUC": NaN, "kappa": NaN, "f1": NaN, "precision": NaN, "recall": NaN, "average_precision": NaN, "Spearman_r": 0.6253949979828773, "Pearson_r": 0.6414730756068434, "R2": 0.40600240641447405, "MAE": 0.4081946795446256, "MSE": 0.2428132353618613, "poisson_deviance_explained": 0.3093926946819108}, "5": {"AUC": NaN, "kappa": NaN, "f1": NaN, "precision": NaN, "recall": NaN, "average_precision": NaN, "Spearman_r": 0.6778255777724206, "Pearson_r": 0.6863858931641328, "R2": 0.465138888542281, "MAE": 0.38108895665335374, "MSE": 0.21757555691876296, "poisson_deviance_explained": 0.3543267909610155}, "6": {"AUC": NaN, "kappa": NaN, "f1": NaN, "precision": NaN, "recall": NaN, "average_precision": NaN, "Spearman_r": 0.6807989811600249, "Pearson_r": 0.6865157388191145, "R2": 0.46450695748014315, "MAE": 0.38909508933646764, "MSE": 0.22537077724282684, "poisson_deviance_explained": 0.3510050973322437}, "7": {"AUC": NaN, "kappa": NaN, "f1": NaN, "precision": NaN, "recall": NaN, "average_precision": NaN, "Spearman_r": 0.6825552353248987, "Pearson_r": 0.6870641007927374, "R2": 0.4661006519644907, "MAE": 0.3835377334556483, "MSE": 0.2242665177016458, "poisson_deviance_explained": 0.3535020668335006}, "8": {"AUC": NaN, "kappa": NaN, "f1": NaN, "precision": NaN, "recall": NaN, "average_precision": NaN, "Spearman_r": 0.6699368631506066, "Pearson_r": 0.6726760199227045, "R2": 0.4462631361018147, "MAE": 0.3852759993463791, "MSE": 0.2247663136198929, "poisson_deviance_explained": 0.33852222183156244}, "9": {"AUC": NaN, "kappa": NaN, "f1": NaN, "precision": NaN, "recall": NaN, "average_precision": NaN, "Spearman_r": 0.6693335920885363, "Pearson_r": 0.6717423112803355, "R2": 0.4450982128702956, "MAE": 0.38375570749836624, "MSE": 0.22368957939724068, "poisson_deviance_explained": 0.33831735195461643}, "10": {"AUC": NaN, "kappa": NaN, "f1": NaN, "precision": NaN, "recall": NaN, "average_precision": NaN, "Spearman_r": 0.6734189475982135, "Pearson_r": 0.6718391373375151, "R2": 0.4471717353332867, "MAE": 0.37386678173347715, "MSE": 0.21860784880786002, "poisson_deviance_explained": 0.3430503542552441}, "11": {"AUC": NaN, "kappa": NaN, "f1": NaN, "precision": NaN, "recall": NaN, "average_precision": NaN, "Spearman_r": 0.6616852933302954, "Pearson_r": 0.658506325172995, "R2": 0.4305832569589969, "MAE": 0.37188730212346066, "MSE": 0.2184404866187773, "poisson_deviance_explained": 0.3293485175511891}, "12": {"AUC": NaN, "kappa": NaN, "f1": NaN, "precision": NaN, "recall": NaN, "average_precision": NaN, "Spearman_r": 0.6930206550800478, "Pearson_r": 0.6905527865620671, "R2": 0.4721285794931124, "MAE": 0.35950442616846906, "MSE": 0.20355398264471303, "poisson_deviance_explained": 0.3629932918708715}, "13": {"AUC": NaN, "kappa": NaN, "f1": NaN, "precision": NaN, "recall": NaN, "average_precision": NaN, "Spearman_r": 0.6902121031511061, "Pearson_r": 0.6881870981859892, "R2": 0.46993757614613774, "MAE": 0.3616298757157828, "MSE": 0.2050665578074132, "poisson_deviance_explained": 0.36050349708260354}, "14": {"AUC": NaN, "kappa": NaN, "f1": NaN, "precision": NaN, "recall": NaN, "average_precision": NaN, "Spearman_r": 0.7179198528405422, "Pearson_r": 0.7157954763587576, "R2": 0.5072617596995246, "MAE": 0.35399609706724094, "MSE": 0.19658016928292601, "poisson_deviance_explained": 0.39343566294637533}, "15": {"AUC": NaN, "kappa": NaN, "f1": NaN, "precision": NaN, "recall": NaN, "average_precision": NaN, "Spearman_r": 0.7098713614673041, "Pearson_r": 0.7050785710550911, "R2": 0.49376471760977136, "MAE": 0.3538369252814287, "MSE": 0.19833316213391458, "poisson_deviance_explained": 0.3813016917317953}, "16": {"AUC": NaN, "kappa": NaN, "f1": NaN, "precision": NaN, "recall": NaN, "average_precision": NaN, "Spearman_r": 0.7278702240941664, "Pearson_r": 0.722225168986796, "R2": 0.5181856730801429, "MAE": 0.346019704893346, "MSE": 0.19161434774826752, "poisson_deviance_explained": 0.4006603063508718}, "17": {"AUC": NaN, "kappa": NaN, "f1": NaN, "precision": NaN, "recall": NaN, "average_precision": NaN, "Spearman_r": 0.7237505301375956, "Pearson_r": 0.7184656149746977, "R2": 0.5117551092848186, "MAE": 0.34512444036644974, "MSE": 0.18864249462406343, "poisson_deviance_explained": 0.38913198691748174}, "18": {"AUC": NaN, "kappa": NaN, "f1": NaN, "precision": NaN, "recall": NaN, "average_precision": NaN, "Spearman_r": 0.7141468254290079, "Pearson_r": 0.7143498279755424, "R2": 0.5059221842718571, "MAE": 0.34896664796187904, "MSE": 0.19201087838017228, "poisson_deviance_explained": 0.38643449360198545}, "19": {"AUC": NaN, "kappa": NaN, "f1": NaN, "precision": NaN, "recall": NaN, "average_precision": NaN, "Spearman_r": 0.7031170366175479, "Pearson_r": 0.7043946899737658, "R2": 0.49282165622474594, "MAE": 0.34881550696550784, "MSE": 0.19027827644000775, "poisson_deviance_explained": 0.3709565897612096}, "20": {"AUC": NaN, "kappa": NaN, "f1": NaN, "precision": NaN, "recall": NaN, "average_precision": NaN, "Spearman_r": 0.68520974287415, "Pearson_r": 0.6923457803681657, "R2": 0.47577818517877823, "MAE": 0.35533003517139855, "MSE": 0.19252806971932776, "poisson_deviance_explained": 0.35738179012600924}, "21": {"AUC": NaN, "kappa": NaN, "f1": NaN, "precision": NaN, "recall": NaN, "average_precision": NaN, "Spearman_r": 0.6757967611661946, "Pearson_r": 0.6889309492949163, "R2": 0.470953383234366, "MAE": 0.3582219655102892, "MSE": 0.19520866802740192, "poisson_deviance_explained": 0.3515216139719687}, "22": {"AUC": NaN, "kappa": NaN, "f1": NaN, "precision": NaN, "recall": NaN, "average_precision": NaN, "Spearman_r": 0.6689026213055944, "Pearson_r": 0.6765773709016805, "R2": 0.4533648455914846, "MAE": 0.3673785814492929, "MSE": 0.20257073838746908, "poisson_deviance_explained": 0.34234975146429736}, "23": {"AUC": NaN, "kappa": NaN, "f1": NaN, "precision": NaN, "recall": NaN, "average_precision": NaN, "Spearman_r": 0.6623802064117494, "Pearson_r": 0.6719619827111263, "R2": 0.44714710440912286, "MAE": 0.3812894696061479, "MSE": 0.21651060397406302, "poisson_deviance_explained": 0.34073405653327915}, "24": {"AUC": NaN, "kappa": NaN, "f1": NaN, "precision": NaN, "recall": NaN, "average_precision": NaN, "Spearman_r": 0.6810537924545814, "Pearson_r": 0.6871758750026306, "R2": 0.46553250179886496, "MAE": 0.3854016919855222, "MSE": 0.2216393543352132, "poisson_deviance_explained": 0.35439327317763536}, "25": {"AUC": NaN, "kappa": NaN, "f1": NaN, "precision": NaN, "recall": NaN, "average_precision": NaN, "Spearman_r": 0.6747555901305547, "Pearson_r": 0.6819217866840673, "R2": 0.4596464927940873, "MAE": 0.38311428348978926, "MSE": 0.21967507650161464, "poisson_deviance_explained": 0.3498690780770888}, "26": {"AUC": NaN, "kappa": NaN, "f1": NaN, "precision": NaN, "recall": NaN, "average_precision": NaN, "Spearman_r": 0.6675173545956132, "Pearson_r": 0.6734636021471291, "R2": 0.4496311591934261, "MAE": 0.3877529984540846, "MSE": 0.2242248509528139, "poisson_deviance_explained": 0.34257508316230456}, "27": {"AUC": NaN, "kappa": NaN, "f1": NaN, "precision": NaN, "recall": NaN, "average_precision": NaN, "Spearman_r": 0.673585681161711,