{"1": {"AUC": NaN, "kappa": NaN, "f1": NaN, "precision": NaN, "recall": NaN, "average_precision": NaN, "Spearman_r": 0.6404376705070862, "Pearson_r": 0.6596985759442914, "R2": 0.4310382761325148, "MAE": 0.40338287030167824, "MSE": 0.24009451996213949, "poisson_deviance_explained": 0.3274081625171912}, "2": {"AUC": NaN, "kappa": NaN, "f1": NaN, "precision": NaN, "recall": NaN, "average_precision": NaN, "Spearman_r": 0.6691967210343512, "Pearson_r": 0.6838876962135942, "R2": 0.4610838736644167, "MAE": 0.3958374857955392, "MSE": 0.23107610021400946, "poisson_deviance_explained": 0.34991646311287017}, "3": {"AUC": NaN, "kappa": NaN, "f1": NaN, "precision": NaN, "recall": NaN, "average_precision": NaN, "Spearman_r": 0.6830597679587604, "Pearson_r": 0.6869019870705406, "R2": 0.46769413241762436, "MAE": 0.38837265862408393, "MSE": 0.22844467634703858, "poisson_deviance_explained": 0.36133977829286923}, "4": {"AUC": NaN, "kappa": NaN, "f1": NaN, "precision": NaN, "recall": NaN, "average_precision": NaN, "Spearman_r": 0.607088029361113, "Pearson_r": 0.6316764990927695, "R2": 0.39338599723252965, "MAE": 0.4379308878475348, "MSE": 0.2747366209293152, "poisson_deviance_explained": 0.29930924316486696}, "5": {"AUC": NaN, "kappa": NaN, "f1": NaN, "precision": NaN, "recall": NaN, "average_precision": NaN, "Spearman_r": 0.6931344168660114, "Pearson_r": 0.7004828387934724, "R2": 0.4862395233369786, "MAE": 0.3874184264025694, "MSE": 0.22650375112946614, "poisson_deviance_explained": 0.3692443056477748}, "6": {"AUC": NaN, "kappa": NaN, "f1": NaN, "precision": NaN, "recall": NaN, "average_precision": NaN, "Spearman_r": 0.6743541855364078, "Pearson_r": 0.6820605331929356, "R2": 0.4597956307518951, "MAE": 0.40189800383438096, "MSE": 0.2406523238421272, "poisson_deviance_explained": 0.3431400885835102}, "7": {"AUC": NaN, "kappa": NaN, "f1": NaN, "precision": NaN, "recall": NaN, "average_precision": NaN, "Spearman_r": 0.6755267987355783, "Pearson_r": 0.6818568951855216, "R2": 0.45960772937854477, "MAE": 0.3940051062896015, "MSE": 0.2332587996309475, "poisson_deviance_explained": 0.3451824594733349}, "8": {"AUC": NaN, "kappa": NaN, "f1": NaN, "precision": NaN, "recall": NaN, "average_precision": NaN, "Spearman_r": 0.6675856254101383, "Pearson_r": 0.6704713950745483, "R2": 0.4439052215783622, "MAE": 0.3990803546630518, "MSE": 0.24077452029665133, "poisson_deviance_explained": 0.33730812361506035}, "9": {"AUC": NaN, "kappa": NaN, "f1": NaN, "precision": NaN, "recall": NaN, "average_precision": NaN, "Spearman_r": 0.6759838590304855, "Pearson_r": 0.6740707205611653, "R2": 0.4494935319135732, "MAE": 0.3863086282053791, "MSE": 0.22948024971080946, "poisson_deviance_explained": 0.3411588951190929}, "10": {"AUC": NaN, "kappa": NaN, "f1": NaN, "precision": NaN, "recall": NaN, "average_precision": NaN, "Spearman_r": 0.6642592881450258, "Pearson_r": 0.6607782828614328, "R2": 0.43184108738667615, "MAE": 0.38098638763175136, "MSE": 0.2288493359868723, "poisson_deviance_explained": 0.327762290054485}, "11": {"AUC": NaN, "kappa": NaN, "f1": NaN, "precision": NaN, "recall": NaN, "average_precision": NaN, "Spearman_r": 0.6505087574034786, "Pearson_r": 0.646438017272753, "R2": 0.41466527367557904, "MAE": 0.391554500265895, "MSE": 0.23964920803217274, "poisson_deviance_explained": 0.316628698861008}, "12": {"AUC": NaN, "kappa": NaN, "f1": NaN, "precision": NaN, "recall": NaN, "average_precision": NaN, "Spearman_r": 0.6731725409303363, "Pearson_r": 0.6682288478360908, "R2": 0.44305978299508797, "MAE": 0.37724336518780854, "MSE": 0.22589924185704494, "poisson_deviance_explained": 0.3401685123250492}, "13": {"AUC": NaN, "kappa": NaN, "f1": NaN, "precision": NaN, "recall": NaN, "average_precision": NaN, "Spearman_r": 0.6835551538954799, "Pearson_r": 0.6784286735055439, "R2": 0.45662513284760464, "MAE": 0.37542154870464717, "MSE": 0.22192165487831816, "poisson_deviance_explained": 0.34985446726604963}, "14": {"AUC": NaN, "kappa": NaN, "f1": NaN, "precision": NaN, "recall": NaN, "average_precision": NaN, "Spearman_r": 0.6922251629417583, "Pearson_r": 0.6870821046191934, "R2": 0.4694540444009474, "MAE": 0.3684587826383562, "MSE": 0.2162949906982281, "poisson_deviance_explained": 0.3603820236680122}, "15": {"AUC": NaN, "kappa": NaN, "f1": NaN, "precision": NaN, "recall": NaN, "average_precision": NaN, "Spearman_r": 0.7032936649440227, "Pearson_r": 0.696889980516287, "R2": 0.48161912275879704, "MAE": 0.36005558783354696, "MSE": 0.20657700611458044, "poisson_deviance_explained": 0.3708315161548339}, "16": {"AUC": NaN, "kappa": NaN, "f1": NaN, "precision": NaN, "recall": NaN, "average_precision": NaN, "Spearman_r": 0.7002859343284474, "Pearson_r": 0.6918601136692627, "R2": 0.4765338463974186, "MAE": 0.35883855560273203, "MSE": 0.2089013080773812, "poisson_deviance_explained": 0.3628946567866661}, "17": {"AUC": NaN, "kappa": NaN, "f1": NaN, "precision": NaN, "recall": NaN, "average_precision": NaN, "Spearman_r": 0.7203527701303019, "Pearson_r": 0.7191345326186599, "R2": 0.5133832642721627, "MAE": 0.3558263575967973, "MSE": 0.20280449912604318, "poisson_deviance_explained": 0.3938353548046788}, "18": {"AUC": NaN, "kappa": NaN, "f1": NaN, "precision": NaN, "recall": NaN, "average_precision": NaN, "Spearman_r": 0.6984083248715339, "Pearson_r": 0.696182840473337, "R2": 0.4809087470304919, "MAE": 0.36056597856060624, "MSE": 0.20362180126641924, "poisson_deviance_explained": 0.3679459496293719}, "19": {"AUC": NaN, "kappa": NaN, "f1": NaN, "precision": NaN, "recall": NaN, "average_precision": NaN, "Spearman_r": 0.6781139708857105, "Pearson_r": 0.6819780334916444, "R2": 0.4631365265633537, "MAE": 0.3598312128523792, "MSE": 0.1996854962846388, "poisson_deviance_explained": 0.34700177322498404}, "20": {"AUC": NaN, "kappa": NaN, "f1": NaN, "precision": NaN, "recall": NaN, "average_precision": NaN, "Spearman_r": 0.6921391576852588, "Pearson_r": 0.6993833458817749, "R2": 0.4855759021771041, "MAE": 0.3629861104870689, "MSE": 0.20091672886746467, "poisson_deviance_explained": 0.3662171890722168}, "21": {"AUC": NaN, "kappa": NaN, "f1": NaN, "precision": NaN, "recall": NaN, "average_precision": NaN, "Spearman_r": 0.6781928965004199, "Pearson_r": 0.6928011785042534, "R2": 0.47711235160112886, "MAE": 0.3617090000900353, "MSE": 0.1988874896238196, "poisson_deviance_explained": 0.36203583465041733}, "22": {"AUC": NaN, "kappa": NaN, "f1": NaN, "precision": NaN, "recall": NaN, "average_precision": NaN, "Spearman_r": 0.6759236731862653, "Pearson_r": 0.6878195378989954, "R2": 0.4703438385434332, "MAE": 0.3721600234359581, "MSE": 0.2103920841747926, "poisson_deviance_explained": 0.35389232959771433}, "23": {"AUC": NaN, "kappa": NaN, "f1": NaN, "precision": NaN, "recall": NaN, "average_precision": NaN, "Spearman_r": 0.6920578548255085, "Pearson_r": 0.695871688087048, "R2": 0.4795024018947781, "MAE": 0.37652497730919726, "MSE": 0.21418383645135347, "poisson_deviance_explained": 0.36782243176661}, "24": {"AUC": NaN, "kappa": NaN, "f1": NaN, "precision": NaN, "recall": NaN, "average_precision": NaN, "Spearman_r": 0.6795419883915661, "Pearson_r": 0.6964315507142311, "R2": 0.4810514804798256, "MAE": 0.3753665589035631, "MSE": 0.21258132501253965, "poisson_deviance_explained": 0.36770189269322306}, "25": {"AUC": NaN, "kappa": NaN, "f1": NaN, "precision": NaN, "recall": NaN, "average_precision": NaN, "Spearman_r": 0.6766424024677502, "Pearson_r": 0.6862550479722199, "R2": 0.46686136916176246, "MAE": 0.3815484675444837, "MSE": 0.22070721563614223, "poisson_deviance_explained": 0.3609992935046149}, "26": {"AUC": NaN, "kappa": NaN, "f1": NaN, "precision": NaN, "recall": NaN, "average_precision": NaN, "Spearman_r": 0.6955173992517274, "Pearson_r": 0.6990556794493038, "R2": 0.48420098637144693, "MAE": 0.37791999611842825, "MSE": 0.21718141928926768, "poisson_deviance_explained": 0.37465233568026746}, "27": {"AUC": NaN, "kappa": NaN, "f1": NaN, "precision": NaN, "recall": NaN, "average_precision": NaN, "Spearman_r": 0.6820531779016399,