{"1": {"AUC": NaN, "kappa": NaN, "f1": NaN, "precision": NaN, "recall": NaN, "average_precision": NaN, "Spearman_r": 0.6771814891195446, "Pearson_r": 0.6864356088009423, "R2": 0.46889710569815624, "MAE": 0.3957571494517248, "MSE": 0.23877987068752818, "poisson_deviance_explained": 0.36123271933640544}, "2": {"AUC": NaN, "kappa": NaN, "f1": NaN, "precision": NaN, "recall": NaN, "average_precision": NaN, "Spearman_r": 0.6947016829333903, "Pearson_r": 0.7061165895785153, "R2": 0.4947406857655714, "MAE": 0.3863989021429192, "MSE": 0.2259481306338984, "poisson_deviance_explained": 0.370483327467068}, "3": {"AUC": NaN, "kappa": NaN, "f1": NaN, "precision": NaN, "recall": NaN, "average_precision": NaN, "Spearman_r": 0.7167119726451937, "Pearson_r": 0.7296788125621302, "R2": 0.5275108925297911, "MAE": 0.36166871184672444, "MSE": 0.20627301684680305, "poisson_deviance_explained": 0.4153998199006669}, "4": {"AUC": NaN, "kappa": NaN, "f1": NaN, "precision": NaN, "recall": NaN, "average_precision": NaN, "Spearman_r": 0.6885253300013299, "Pearson_r": 0.6982484870075184, "R2": 0.4851051134332127, "MAE": 0.38665357117562305, "MSE": 0.23194135932699955, "poisson_deviance_explained": 0.37245427611808124}, "5": {"AUC": NaN, "kappa": NaN, "f1": NaN, "precision": NaN, "recall": NaN, "average_precision": NaN, "Spearman_r": 0.7024080932129034, "Pearson_r": 0.7082894232127349, "R2": 0.49434679698789663, "MAE": 0.38696836445434585, "MSE": 0.228520780358853, "poisson_deviance_explained": 0.36369117946216023}, "6": {"AUC": NaN, "kappa": NaN, "f1": NaN, "precision": NaN, "recall": NaN, "average_precision": NaN, "Spearman_r": 0.7144767788943177, "Pearson_r": 0.7152424324954615, "R2": 0.5021703139618969, "MAE": 0.39369017667956385, "MSE": 0.23442859963125148, "poisson_deviance_explained": 0.38183784573383983}, "7": {"AUC": NaN, "kappa": NaN, "f1": NaN, "precision": NaN, "recall": NaN, "average_precision": NaN, "Spearman_r": 0.6938995061256266, "Pearson_r": 0.6956740582319438, "R2": 0.47545407778812687, "MAE": 0.3988338601663712, "MSE": 0.24180259808604684, "poisson_deviance_explained": 0.3621017678372138}, "8": {"AUC": NaN, "kappa": NaN, "f1": NaN, "precision": NaN, "recall": NaN, "average_precision": NaN, "Spearman_r": 0.7002309151693137, "Pearson_r": 0.7010633649087668, "R2": 0.4827515865797104, "MAE": 0.38384338884656327, "MSE": 0.227816146139522, "poisson_deviance_explained": 0.3695854751156854}, "9": {"AUC": NaN, "kappa": NaN, "f1": NaN, "precision": NaN, "recall": NaN, "average_precision": NaN, "Spearman_r": 0.6912390471960439, "Pearson_r": 0.6902905962682867, "R2": 0.47135552238285483, "MAE": 0.3914727810260467, "MSE": 0.23959739509319342, "poisson_deviance_explained": 0.36283845948716853}, "10": {"AUC": NaN, "kappa": NaN, "f1": NaN, "precision": NaN, "recall": NaN, "average_precision": NaN, "Spearman_r": 0.7079790808833932, "Pearson_r": 0.7009648961417078, "R2": 0.48157081503247967, "MAE": 0.3934839540107303, "MSE": 0.24261224967558281, "poisson_deviance_explained": 0.37474371927526795}, "11": {"AUC": NaN, "kappa": NaN, "f1": NaN, "precision": NaN, "recall": NaN, "average_precision": NaN, "Spearman_r": 0.6668629839836792, "Pearson_r": 0.6607202514303562, "R2": 0.4298364013636069, "MAE": 0.4060369130785117, "MSE": 0.25886065794137014, "poisson_deviance_explained": 0.33169858344890424}, "12": {"AUC": NaN, "kappa": NaN, "f1": NaN, "precision": NaN, "recall": NaN, "average_precision": NaN, "Spearman_r": 0.7090656372445647, "Pearson_r": 0.6995449907811776, "R2": 0.4811734835829281, "MAE": 0.38231602195431735, "MSE": 0.22896923652482684, "poisson_deviance_explained": 0.3646978775106495}, "13": {"AUC": NaN, "kappa": NaN, "f1": NaN, "precision": NaN, "recall": NaN, "average_precision": NaN, "Spearman_r": 0.7209500804965868, "Pearson_r": 0.7166740554593345, "R2": 0.5080692448811823, "MAE": 0.37571418789621924, "MSE": 0.22232880114826462, "poisson_deviance_explained": 0.4092994802796428}, "14": {"AUC": NaN, "kappa": NaN, "f1": NaN, "precision": NaN, "recall": NaN, "average_precision": NaN, "Spearman_r": 0.725028850797725, "Pearson_r": 0.7167144176816505, "R2": 0.5089569053583638, "MAE": 0.36450324175076226, "MSE": 0.21322909658101763, "poisson_deviance_explained": 0.3944513142489666}, "15": {"AUC": NaN, "kappa": NaN, "f1": NaN, "precision": NaN, "recall": NaN, "average_precision": NaN, "Spearman_r": 0.7462606290259581, "Pearson_r": 0.7345082866552325, "R2": 0.5327517602819154, "MAE": 0.36534093724067535, "MSE": 0.21050536064188066, "poisson_deviance_explained": 0.3955526096982528}, "16": {"AUC": NaN, "kappa": NaN, "f1": NaN, "precision": NaN, "recall": NaN, "average_precision": NaN, "Spearman_r": 0.7273785616244722, "Pearson_r": 0.7157023011368688, "R2": 0.5069753790959438, "MAE": 0.3742470049308547, "MSE": 0.2214828569948341, "poisson_deviance_explained": 0.3786762615263879}, "17": {"AUC": NaN, "kappa": NaN, "f1": NaN, "precision": NaN, "recall": NaN, "average_precision": NaN, "Spearman_r": 0.7153316038119769, "Pearson_r": 0.7121441296664011, "R2": 0.5046435229739256, "MAE": 0.36735850524953895, "MSE": 0.21412570486192423, "poisson_deviance_explained": 0.38369608912124253}, "18": {"AUC": NaN, "kappa": NaN, "f1": NaN, "precision": NaN, "recall": NaN, "average_precision": NaN, "Spearman_r": 0.7124262188361042, "Pearson_r": 0.7101418702549501, "R2": 0.4986199826815444, "MAE": 0.37031419738450955, "MSE": 0.21863317085888526, "poisson_deviance_explained": 0.3837332537017668}, "19": {"AUC": NaN, "kappa": NaN, "f1": NaN, "precision": NaN, "recall": NaN, "average_precision": NaN, "Spearman_r": 0.7057993708574749, "Pearson_r": 0.7065632361616446, "R2": 0.49502099237916586, "MAE": 0.3639394233621011, "MSE": 0.20712488740626334, "poisson_deviance_explained": 0.378308418399097}, "20": {"AUC": NaN, "kappa": NaN, "f1": NaN, "precision": NaN, "recall": NaN, "average_precision": NaN, "Spearman_r": 0.7063615643487516, "Pearson_r": 0.7117612668983675, "R2": 0.5034711821732546, "MAE": 0.36518946964209037, "MSE": 0.20715065136394514, "poisson_deviance_explained": 0.37973117273256674}, "21": {"AUC": NaN, "kappa": NaN, "f1": NaN, "precision": NaN, "recall": NaN, "average_precision": NaN, "Spearman_r": 0.701668012568507, "Pearson_r": 0.7041107392905309, "R2": 0.49188859659535566, "MAE": 0.36650667593139036, "MSE": 0.21085612326515335, "poisson_deviance_explained": 0.3717450664649974}, "22": {"AUC": NaN, "kappa": NaN, "f1": NaN, "precision": NaN, "recall": NaN, "average_precision": NaN, "Spearman_r": 0.6808297646832403, "Pearson_r": 0.6904120335429744, "R2": 0.47423053557726935, "MAE": 0.3723580295625584, "MSE": 0.21962976162495382, "poisson_deviance_explained": 0.36102801560524145}, "23": {"AUC": NaN, "kappa": NaN, "f1": NaN, "precision": NaN, "recall": NaN, "average_precision": NaN, "Spearman_r": 0.7012668060827507, "Pearson_r": 0.7048546429060228, "R2": 0.4919365476747882, "MAE": 0.3845741162994512, "MSE": 0.22836770889936933, "poisson_deviance_explained": 0.37517401068820255}, "24": {"AUC": NaN, "kappa": NaN, "f1": NaN, "precision": NaN, "recall": NaN, "average_precision": NaN, "Spearman_r": 0.706414548730648, "Pearson_r": 0.7097149457911084, "R2": 0.49931174233819187, "MAE": 0.37916712884485015, "MSE": 0.21674693712530393, "poisson_deviance_explained": 0.3670259197580379}, "25": {"AUC": NaN, "kappa": NaN, "f1": NaN, "precision": NaN, "recall": NaN, "average_precision": NaN, "Spearman_r": 0.7164891591576885, "Pearson_r": 0.7196722766894739, "R2": 0.5087428708668182, "MAE": 0.38774566442641084, "MSE": 0.22952963298175227, "poisson_deviance_explained": 0.3945082044231668}, "26": {"AUC": NaN, "kappa": NaN, "f1": NaN, "precision": NaN, "recall": NaN, "average_precision": NaN, "Spearman_r": 0.6973180319385834, "Pearson_r": 0.7034098371766682, "R2": 0.49111829217702774, "MAE": 0.38421796303004097, "MSE": 0.22582537932383578, "poisson_deviance_explained": 0.3688590088389828}, "27": {"AUC": NaN, "kappa": NaN, "f1": NaN, "precision": NaN, "recall": NaN, "average_precision": NaN,