{"1": {"AUC": NaN, "kappa": NaN, "f1": NaN, "precision": NaN, "recall": NaN, "average_precision": NaN, "Spearman_r": 0.6757507527398814, "Pearson_r": 0.6864272923895447, "R2": 0.47105642497554234, "MAE": 0.38586032837914175, "MSE": 0.2341310457214942, "poisson_deviance_explained": 0.35521457425489256}, "2": {"AUC": NaN, "kappa": NaN, "f1": NaN, "precision": NaN, "recall": NaN, "average_precision": NaN, "Spearman_r": 0.6959507187668094, "Pearson_r": 0.7037346761232312, "R2": 0.4947468062663084, "MAE": 0.3650692838777837, "MSE": 0.21434605948127494, "poisson_deviance_explained": 0.3757599679457386}, "3": {"AUC": NaN, "kappa": NaN, "f1": NaN, "precision": NaN, "recall": NaN, "average_precision": NaN, "Spearman_r": 0.7437266070978593, "Pearson_r": 0.7490315913887884, "R2": 0.5601810414133133, "MAE": 0.3449155814300277, "MSE": 0.20021568722805697, "poisson_deviance_explained": 0.43489961259499343}, "4": {"AUC": NaN, "kappa": NaN, "f1": NaN, "precision": NaN, "recall": NaN, "average_precision": NaN, "Spearman_r": 0.690117316619832, "Pearson_r": 0.6910476925383421, "R2": 0.4773064778134575, "MAE": 0.3835638084190749, "MSE": 0.2405502213218651, "poisson_deviance_explained": 0.3573802764869142}, "5": {"AUC": NaN, "kappa": NaN, "f1": NaN, "precision": NaN, "recall": NaN, "average_precision": NaN, "Spearman_r": 0.7321972526147139, "Pearson_r": 0.7396406867598151, "R2": 0.5463919068533077, "MAE": 0.35516426710631865, "MSE": 0.20707819870190827, "poisson_deviance_explained": 0.4137338714153358}, "6": {"AUC": NaN, "kappa": NaN, "f1": NaN, "precision": NaN, "recall": NaN, "average_precision": NaN, "Spearman_r": 0.7260686360410052, "Pearson_r": 0.7301183840991292, "R2": 0.5318219788549, "MAE": 0.36976926922654063, "MSE": 0.22164472875041827, "poisson_deviance_explained": 0.4070565977753152}, "7": {"AUC": NaN, "kappa": NaN, "f1": NaN, "precision": NaN, "recall": NaN, "average_precision": NaN, "Spearman_r": 0.7199902122527002, "Pearson_r": 0.7227114183195332, "R2": 0.5186427776107547, "MAE": 0.37569428729062126, "MSE": 0.2229827846647518, "poisson_deviance_explained": 0.3951557711645859}, "8": {"AUC": NaN, "kappa": NaN, "f1": NaN, "precision": NaN, "recall": NaN, "average_precision": NaN, "Spearman_r": 0.7194486567689374, "Pearson_r": 0.7198314124882107, "R2": 0.5164230577084519, "MAE": 0.3677078304463983, "MSE": 0.2180991474976657, "poisson_deviance_explained": 0.3920577292513696}, "9": {"AUC": NaN, "kappa": NaN, "f1": NaN, "precision": NaN, "recall": NaN, "average_precision": NaN, "Spearman_r": 0.7241544914852864, "Pearson_r": 0.7204631701899519, "R2": 0.5173080233149971, "MAE": 0.3672554649938632, "MSE": 0.22059716697698434, "poisson_deviance_explained": 0.39550318836834475}, "10": {"AUC": NaN, "kappa": NaN, "f1": NaN, "precision": NaN, "recall": NaN, "average_precision": NaN, "Spearman_r": 0.7008050363440851, "Pearson_r": 0.6974333446757897, "R2": 0.4852218018498379, "MAE": 0.37966220349719987, "MSE": 0.2317515608434912, "poisson_deviance_explained": 0.37319180089937465}, "11": {"AUC": NaN, "kappa": NaN, "f1": NaN, "precision": NaN, "recall": NaN, "average_precision": NaN, "Spearman_r": 0.6635069183118163, "Pearson_r": 0.661395980701031, "R2": 0.4361158985531528, "MAE": 0.4033415707622345, "MSE": 0.25769637443918225, "poisson_deviance_explained": 0.3311031783412236}, "12": {"AUC": NaN, "kappa": NaN, "f1": NaN, "precision": NaN, "recall": NaN, "average_precision": NaN, "Spearman_r": 0.6839224489097042, "Pearson_r": 0.6758816522622835, "R2": 0.4566976702540366, "MAE": 0.38101894877913717, "MSE": 0.2340783103547962, "poisson_deviance_explained": 0.34276192155891927}, "13": {"AUC": NaN, "kappa": NaN, "f1": NaN, "precision": NaN, "recall": NaN, "average_precision": NaN, "Spearman_r": 0.7038872699287176, "Pearson_r": 0.6985354577629946, "R2": 0.48782667944513236, "MAE": 0.368002004652504, "MSE": 0.2242599668715169, "poisson_deviance_explained": 0.3744989624294911}, "14": {"AUC": NaN, "kappa": NaN, "f1": NaN, "precision": NaN, "recall": NaN, "average_precision": NaN, "Spearman_r": 0.7110028757669258, "Pearson_r": 0.7035542830231902, "R2": 0.4948790629140276, "MAE": 0.36442093700870665, "MSE": 0.21709947957945863, "poisson_deviance_explained": 0.3763978016562276}, "15": {"AUC": NaN, "kappa": NaN, "f1": NaN, "precision": NaN, "recall": NaN, "average_precision": NaN, "Spearman_r": 0.7130042351137981, "Pearson_r": 0.7061682298781281, "R2": 0.49852083023716465, "MAE": 0.36716046242982725, "MSE": 0.22061008601997534, "poisson_deviance_explained": 0.36402315216387304}, "16": {"AUC": NaN, "kappa": NaN, "f1": NaN, "precision": NaN, "recall": NaN, "average_precision": NaN, "Spearman_r": 0.6961076903234054, "Pearson_r": 0.6902023123957667, "R2": 0.4759659239409323, "MAE": 0.37418158712461674, "MSE": 0.23338005166062908, "poisson_deviance_explained": 0.34749449903733587}, "17": {"AUC": NaN, "kappa": NaN, "f1": NaN, "precision": NaN, "recall": NaN, "average_precision": NaN, "Spearman_r": 0.7352960022345385, "Pearson_r": 0.729302746327096, "R2": 0.5308111552707372, "MAE": 0.35354127160278476, "MSE": 0.20740197891365178, "poisson_deviance_explained": 0.40909848037001517}, "18": {"AUC": NaN, "kappa": NaN, "f1": NaN, "precision": NaN, "recall": NaN, "average_precision": NaN, "Spearman_r": 0.7108483994340181, "Pearson_r": 0.7130202394559523, "R2": 0.5083674868121834, "MAE": 0.35696745461719204, "MSE": 0.21000454032105245, "poisson_deviance_explained": 0.3796233900644972}, "19": {"AUC": NaN, "kappa": NaN, "f1": NaN, "precision": NaN, "recall": NaN, "average_precision": NaN, "Spearman_r": 0.6926512545619417, "Pearson_r": 0.6988322635350659, "R2": 0.4883470372106614, "MAE": 0.3632032670759862, "MSE": 0.21266532628636542, "poisson_deviance_explained": 0.3675937973391422}, "20": {"AUC": NaN, "kappa": NaN, "f1": NaN, "precision": NaN, "recall": NaN, "average_precision": NaN, "Spearman_r": 0.7104787977661645, "Pearson_r": 0.714831887202372, "R2": 0.5100823841723513, "MAE": 0.3534014881925321, "MSE": 0.20113378401451779, "poisson_deviance_explained": 0.3959247699305013}, "21": {"AUC": NaN, "kappa": NaN, "f1": NaN, "precision": NaN, "recall": NaN, "average_precision": NaN, "Spearman_r": 0.7270261335867074, "Pearson_r": 0.7327650526266745, "R2": 0.5358425961385604, "MAE": 0.35625675426937736, "MSE": 0.20189314086170307, "poisson_deviance_explained": 0.41131786313541885}, "22": {"AUC": NaN, "kappa": NaN, "f1": NaN, "precision": NaN, "recall": NaN, "average_precision": NaN, "Spearman_r": 0.7019664495622808, "Pearson_r": 0.7108189767022743, "R2": 0.50337690222006, "MAE": 0.36126982465242874, "MSE": 0.21069786575946017, "poisson_deviance_explained": 0.3836787130039958}, "23": {"AUC": NaN, "kappa": NaN, "f1": NaN, "precision": NaN, "recall": NaN, "average_precision": NaN, "Spearman_r": 0.7052116608041388, "Pearson_r": 0.7045951710909023, "R2": 0.4936022683361837, "MAE": 0.37856249539496095, "MSE": 0.2264608270966258, "poisson_deviance_explained": 0.3705483067454516}, "24": {"AUC": NaN, "kappa": NaN, "f1": NaN, "precision": NaN, "recall": NaN, "average_precision": NaN, "Spearman_r": 0.7057021122634228, "Pearson_r": 0.7103585687156968, "R2": 0.5030732465306245, "MAE": 0.36867184712303, "MSE": 0.2147701111540631, "poisson_deviance_explained": 0.37643629665081935}, "25": {"AUC": NaN, "kappa": NaN, "f1": NaN, "precision": NaN, "recall": NaN, "average_precision": NaN, "Spearman_r": 0.7138003571094325, "Pearson_r": 0.7143425888767256, "R2": 0.5098803762347341, "MAE": 0.3751369421137858, "MSE": 0.22518603366213383, "poisson_deviance_explained": 0.3981370183837163}, "26": {"AUC": NaN, "kappa": NaN, "f1": NaN, "precision": NaN, "recall": NaN, "average_precision": NaN, "Spearman_r": 0.7013500995996271, "Pearson_r": 0.7069210526542934, "R2": 0.49964282823343453, "MAE": 0.3772936674700372, "MSE": 0.22637371603545417, "poisson_deviance_explained": 0.37894935988367173}, "27": {"AUC": NaN, "kappa": NaN, "f1": NaN, "precision": NaN, "recall": NaN, "average_precision": NaN, "Spearman_r": 0.6971441051466738,