{"1": {"AUC": NaN, "kappa": NaN, "f1": NaN, "precision": NaN, "recall": NaN, "average_precision": NaN, "Spearman_r": 0.6575904246920288, "Pearson_r": 0.6749260982399219, "R2": 0.45526616042608536, "MAE": 0.39048780031546654, "MSE": 0.23480489886961964, "poisson_deviance_explained": 0.33636117165145196}, "2": {"AUC": NaN, "kappa": NaN, "f1": NaN, "precision": NaN, "recall": NaN, "average_precision": NaN, "Spearman_r": 0.6624157227759455, "Pearson_r": 0.6769983355531274, "R2": 0.4576133447821298, "MAE": 0.39275401869191484, "MSE": 0.23929399061923648, "poisson_deviance_explained": 0.3555242388337472}, "3": {"AUC": NaN, "kappa": NaN, "f1": NaN, "precision": NaN, "recall": NaN, "average_precision": NaN, "Spearman_r": 0.671487304955976, "Pearson_r": 0.6942268304510171, "R2": 0.48042900257101884, "MAE": 0.3722580157786191, "MSE": 0.2165227167816503, "poisson_deviance_explained": 0.36704105155577904}, "4": {"AUC": NaN, "kappa": NaN, "f1": NaN, "precision": NaN, "recall": NaN, "average_precision": NaN, "Spearman_r": 0.6878565403377328, "Pearson_r": 0.6989040008056827, "R2": 0.48676945166530594, "MAE": 0.3853919530976458, "MSE": 0.2298796820245194, "poisson_deviance_explained": 0.36232323629302254}, "5": {"AUC": NaN, "kappa": NaN, "f1": NaN, "precision": NaN, "recall": NaN, "average_precision": NaN, "Spearman_r": 0.6761215300136476, "Pearson_r": 0.6863236472254797, "R2": 0.47027423535893886, "MAE": 0.39002921104487953, "MSE": 0.23675395562868626, "poisson_deviance_explained": 0.35722610890565265}, "6": {"AUC": NaN, "kappa": NaN, "f1": NaN, "precision": NaN, "recall": NaN, "average_precision": NaN, "Spearman_r": 0.6691411688965162, "Pearson_r": 0.6821639146672132, "R2": 0.4642756293017347, "MAE": 0.38489272663952073, "MSE": 0.2286179992779829, "poisson_deviance_explained": 0.33844152330549004}, "7": {"AUC": NaN, "kappa": NaN, "f1": NaN, "precision": NaN, "recall": NaN, "average_precision": NaN, "Spearman_r": 0.6881805386070933, "Pearson_r": 0.6866793064304221, "R2": 0.4687124317098815, "MAE": 0.38930361977804273, "MSE": 0.23485870498351225, "poisson_deviance_explained": 0.35266779910849266}, "8": {"AUC": NaN, "kappa": NaN, "f1": NaN, "precision": NaN, "recall": NaN, "average_precision": NaN, "Spearman_r": 0.7092778161663458, "Pearson_r": 0.7102653644188761, "R2": 0.501296212536015, "MAE": 0.3673492552490303, "MSE": 0.21392630356152892, "poisson_deviance_explained": 0.38376523755986736}, "9": {"AUC": NaN, "kappa": NaN, "f1": NaN, "precision": NaN, "recall": NaN, "average_precision": NaN, "Spearman_r": 0.6926833217709857, "Pearson_r": 0.687491431112263, "R2": 0.4712342422640605, "MAE": 0.37311319806342513, "MSE": 0.22455807579290343, "poisson_deviance_explained": 0.3595652179771852}, "10": {"AUC": NaN, "kappa": NaN, "f1": NaN, "precision": NaN, "recall": NaN, "average_precision": NaN, "Spearman_r": 0.6810817714614439, "Pearson_r": 0.6740207232197517, "R2": 0.4519469527467074, "MAE": 0.3840876418878956, "MSE": 0.23382636345524835, "poisson_deviance_explained": 0.3450546463927564}, "11": {"AUC": NaN, "kappa": NaN, "f1": NaN, "precision": NaN, "recall": NaN, "average_precision": NaN, "Spearman_r": 0.6714552967632719, "Pearson_r": 0.669278880350453, "R2": 0.44478686585012217, "MAE": 0.3881014650065107, "MSE": 0.23764609896254543, "poisson_deviance_explained": 0.3485463474298529}, "12": {"AUC": NaN, "kappa": NaN, "f1": NaN, "precision": NaN, "recall": NaN, "average_precision": NaN, "Spearman_r": 0.6452016314908092, "Pearson_r": 0.6393913607819153, "R2": 0.40729212999110787, "MAE": 0.39593080750591636, "MSE": 0.2504493209265072, "poisson_deviance_explained": 0.30929836229623175}, "13": {"AUC": NaN, "kappa": NaN, "f1": NaN, "precision": NaN, "recall": NaN, "average_precision": NaN, "Spearman_r": 0.6847404324646031, "Pearson_r": 0.6782999230712519, "R2": 0.4592254361698248, "MAE": 0.3841643762923093, "MSE": 0.23308692692420102, "poisson_deviance_explained": 0.34238276381490385}, "14": {"AUC": NaN, "kappa": NaN, "f1": NaN, "precision": NaN, "recall": NaN, "average_precision": NaN, "Spearman_r": 0.6909031557104319, "Pearson_r": 0.6849681412599833, "R2": 0.468367048337303, "MAE": 0.3762497026317988, "MSE": 0.2267650841262286, "poisson_deviance_explained": 0.3584720022605472}, "15": {"AUC": NaN, "kappa": NaN, "f1": NaN, "precision": NaN, "recall": NaN, "average_precision": NaN, "Spearman_r": 0.6906238214192354, "Pearson_r": 0.6861961085023598, "R2": 0.4703064254955892, "MAE": 0.368646957226364, "MSE": 0.22582122547329125, "poisson_deviance_explained": 0.3517636239448474}, "16": {"AUC": NaN, "kappa": NaN, "f1": NaN, "precision": NaN, "recall": NaN, "average_precision": NaN, "Spearman_r": 0.7040109699483524, "Pearson_r": 0.6977576236962579, "R2": 0.48678795747208015, "MAE": 0.35905139340779857, "MSE": 0.21287077423031914, "poisson_deviance_explained": 0.35930018914970385}, "17": {"AUC": NaN, "kappa": NaN, "f1": NaN, "precision": NaN, "recall": NaN, "average_precision": NaN, "Spearman_r": 0.6847282913572746, "Pearson_r": 0.6779755283600277, "R2": 0.4595943446103008, "MAE": 0.37269952169989945, "MSE": 0.22718610842477463, "poisson_deviance_explained": 0.3435239408700934}, "18": {"AUC": NaN, "kappa": NaN, "f1": NaN, "precision": NaN, "recall": NaN, "average_precision": NaN, "Spearman_r": 0.6965496724153075, "Pearson_r": 0.6921664752905, "R2": 0.47896073240431003, "MAE": 0.3537607240466195, "MSE": 0.20438998298815245, "poisson_deviance_explained": 0.35856532297049115}, "19": {"AUC": NaN, "kappa": NaN, "f1": NaN, "precision": NaN, "recall": NaN, "average_precision": NaN, "Spearman_r": 0.6577002291322286, "Pearson_r": 0.6639033315188695, "R2": 0.4405394945581985, "MAE": 0.376044194408446, "MSE": 0.22025192032761276, "poisson_deviance_explained": 0.32587706088916235}, "20": {"AUC": NaN, "kappa": NaN, "f1": NaN, "precision": NaN, "recall": NaN, "average_precision": NaN, "Spearman_r": 0.6879397668746938, "Pearson_r": 0.6961243201841475, "R2": 0.4841430733753421, "MAE": 0.36743979056888026, "MSE": 0.21281416970289616, "poisson_deviance_explained": 0.3598728241993673}, "21": {"AUC": NaN, "kappa": NaN, "f1": NaN, "precision": NaN, "recall": NaN, "average_precision": NaN, "Spearman_r": 0.6951902911797242, "Pearson_r": 0.7012924744035209, "R2": 0.49054549186580876, "MAE": 0.3587540453756683, "MSE": 0.20171864031735365, "poisson_deviance_explained": 0.36664335340977827}, "22": {"AUC": NaN, "kappa": NaN, "f1": NaN, "precision": NaN, "recall": NaN, "average_precision": NaN, "Spearman_r": 0.6890888869416573, "Pearson_r": 0.6937987680006013, "R2": 0.47987552142616186, "MAE": 0.36607742053150205, "MSE": 0.20912223692953674, "poisson_deviance_explained": 0.3597437677627455}, "23": {"AUC": NaN, "kappa": NaN, "f1": NaN, "precision": NaN, "recall": NaN, "average_precision": NaN, "Spearman_r": 0.6921230693968046, "Pearson_r": 0.6914744776863502, "R2": 0.47666951142069736, "MAE": 0.3894313838548579, "MSE": 0.2348265254361646, "poisson_deviance_explained": 0.3641140228010067}, "24": {"AUC": NaN, "kappa": NaN, "f1": NaN, "precision": NaN, "recall": NaN, "average_precision": NaN, "Spearman_r": 0.6783845025693144, "Pearson_r": 0.6793165250935054, "R2": 0.45996184465643697, "MAE": 0.40073815135445595, "MSE": 0.246834884720784, "poisson_deviance_explained": 0.34226699247342796}, "25": {"AUC": NaN, "kappa": NaN, "f1": NaN, "precision": NaN, "recall": NaN, "average_precision": NaN, "Spearman_r": 0.6714607271517326, "Pearson_r": 0.677302184111693, "R2": 0.45759418783126427, "MAE": 0.3995839387063409, "MSE": 0.24881586726262225, "poisson_deviance_explained": 0.34684985171020677}, "26": {"AUC": NaN, "kappa": NaN, "f1": NaN, "precision": NaN, "recall": NaN, "average_precision": NaN, "Spearman_r": 0.6709199198153981, "Pearson_r": 0.676950350773625, "R2": 0.4573388471939023, "MAE": 0.3946902290930772, "MSE": 0.24101974210346133, "poisson_deviance_explained": 0.3423349147896789}, "27": {"AUC": NaN, "kappa": NaN, "f1": NaN, "precision": NaN, "recall": NaN, "average_precision": NaN, "Spearman_r": 0.697949604108818,