{"1": {"AUC": NaN, "kappa": NaN, "f1": NaN, "precision": NaN, "recall": NaN, "average_precision": NaN, "Spearman_r": 0.6587122060668351, "Pearson_r": 0.6704462130052228, "R2": 0.4483177887225317, "MAE": 0.3785969083107066, "MSE": 0.21642500254144062, "poisson_deviance_explained": 0.33814545726804746}, "2": {"AUC": NaN, "kappa": NaN, "f1": NaN, "precision": NaN, "recall": NaN, "average_precision": NaN, "Spearman_r": 0.6994317928526924, "Pearson_r": 0.7128511098601201, "R2": 0.5054878919619283, "MAE": 0.35912675910087843, "MSE": 0.19874583500939733, "poisson_deviance_explained": 0.3839981464676596}, "3": {"AUC": NaN, "kappa": NaN, "f1": NaN, "precision": NaN, "recall": NaN, "average_precision": NaN, "Spearman_r": 0.69688475948982, "Pearson_r": 0.7072378849553442, "R2": 0.497836677805802, "MAE": 0.3617531473358199, "MSE": 0.2006194101226151, "poisson_deviance_explained": 0.3773698542137801}, "4": {"AUC": NaN, "kappa": NaN, "f1": NaN, "precision": NaN, "recall": NaN, "average_precision": NaN, "Spearman_r": 0.6519217852093366, "Pearson_r": 0.6683590694122168, "R2": 0.44416052998931677, "MAE": 0.3916675653662824, "MSE": 0.23114581328371409, "poisson_deviance_explained": 0.3351245145531526}, "5": {"AUC": NaN, "kappa": NaN, "f1": NaN, "precision": NaN, "recall": NaN, "average_precision": NaN, "Spearman_r": 0.7072091827345762, "Pearson_r": 0.7134284475597307, "R2": 0.5066659183950615, "MAE": 0.3643153323273961, "MSE": 0.2051085921363612, "poisson_deviance_explained": 0.3850444087333301}, "6": {"AUC": NaN, "kappa": NaN, "f1": NaN, "precision": NaN, "recall": NaN, "average_precision": NaN, "Spearman_r": 0.6948265157829496, "Pearson_r": 0.700193569254502, "R2": 0.4879760324664537, "MAE": 0.3661976373100711, "MSE": 0.2068343921845637, "poisson_deviance_explained": 0.3696317189674606}, "7": {"AUC": NaN, "kappa": NaN, "f1": NaN, "precision": NaN, "recall": NaN, "average_precision": NaN, "Spearman_r": 0.69996123877345, "Pearson_r": 0.7020802247647691, "R2": 0.49012034641506674, "MAE": 0.3618433412290003, "MSE": 0.20324088623926645, "poisson_deviance_explained": 0.37061711082913606}, "8": {"AUC": NaN, "kappa": NaN, "f1": NaN, "precision": NaN, "recall": NaN, "average_precision": NaN, "Spearman_r": 0.7039979830425558, "Pearson_r": 0.7068747612104459, "R2": 0.4968440744224967, "MAE": 0.3568703279332675, "MSE": 0.20018996052603608, "poisson_deviance_explained": 0.3788645783647058}, "9": {"AUC": NaN, "kappa": NaN, "f1": NaN, "precision": NaN, "recall": NaN, "average_precision": NaN, "Spearman_r": 0.7018739392097229, "Pearson_r": 0.7003093709841387, "R2": 0.48814805647270143, "MAE": 0.3597474282130406, "MSE": 0.20296559744263845, "poisson_deviance_explained": 0.36833244741191606}, "10": {"AUC": NaN, "kappa": NaN, "f1": NaN, "precision": NaN, "recall": NaN, "average_precision": NaN, "Spearman_r": 0.6757235412468624, "Pearson_r": 0.6739837688815633, "R2": 0.45313858966847465, "MAE": 0.36860630535259736, "MSE": 0.21540593872769734, "poisson_deviance_explained": 0.3409984724479804}, "11": {"AUC": NaN, "kappa": NaN, "f1": NaN, "precision": NaN, "recall": NaN, "average_precision": NaN, "Spearman_r": 0.6859260658979598, "Pearson_r": 0.6843574559358154, "R2": 0.4667602669624331, "MAE": 0.3555519485391904, "MSE": 0.2027285667115241, "poisson_deviance_explained": 0.3522664559332441}, "12": {"AUC": NaN, "kappa": NaN, "f1": NaN, "precision": NaN, "recall": NaN, "average_precision": NaN, "Spearman_r": 0.6991180122765696, "Pearson_r": 0.6975988862624029, "R2": 0.48498949861920204, "MAE": 0.34862685808710914, "MSE": 0.19540945163252177, "poisson_deviance_explained": 0.3683716675733357}, "13": {"AUC": NaN, "kappa": NaN, "f1": NaN, "precision": NaN, "recall": NaN, "average_precision": NaN, "Spearman_r": 0.7003204650098456, "Pearson_r": 0.6968554702581874, "R2": 0.48475819053235847, "MAE": 0.3473507645206772, "MSE": 0.1948012578938158, "poisson_deviance_explained": 0.3658945594455931}, "14": {"AUC": NaN, "kappa": NaN, "f1": NaN, "precision": NaN, "recall": NaN, "average_precision": NaN, "Spearman_r": 0.7118653357805179, "Pearson_r": 0.7087336078103542, "R2": 0.5016692134148859, "MAE": 0.3463852527896912, "MSE": 0.19348324317908977, "poisson_deviance_explained": 0.3850005816392049}, "15": {"AUC": NaN, "kappa": NaN, "f1": NaN, "precision": NaN, "recall": NaN, "average_precision": NaN, "Spearman_r": 0.7096096826056869, "Pearson_r": 0.7076608142880517, "R2": 0.49984389415864483, "MAE": 0.34332350144879903, "MSE": 0.19028341356350453, "poisson_deviance_explained": 0.38325187738844}, "16": {"AUC": NaN, "kappa": NaN, "f1": NaN, "precision": NaN, "recall": NaN, "average_precision": NaN, "Spearman_r": 0.7166468347612458, "Pearson_r": 0.7145850095442734, "R2": 0.5096060236326923, "MAE": 0.3443169843405349, "MSE": 0.1907481880958703, "poisson_deviance_explained": 0.38730975172310966}, "17": {"AUC": NaN, "kappa": NaN, "f1": NaN, "precision": NaN, "recall": NaN, "average_precision": NaN, "Spearman_r": 0.717408184504917, "Pearson_r": 0.713986099514808, "R2": 0.5087422922522578, "MAE": 0.3465300535817743, "MSE": 0.19188900987140206, "poisson_deviance_explained": 0.38183689904361584}, "18": {"AUC": NaN, "kappa": NaN, "f1": NaN, "precision": NaN, "recall": NaN, "average_precision": NaN, "Spearman_r": 0.7162610762132839, "Pearson_r": 0.7151402726852844, "R2": 0.509750289436372, "MAE": 0.34120328973074915, "MSE": 0.18600465295828944, "poisson_deviance_explained": 0.387515151160163}, "19": {"AUC": NaN, "kappa": NaN, "f1": NaN, "precision": NaN, "recall": NaN, "average_precision": NaN, "Spearman_r": 0.6956761823866761, "Pearson_r": 0.6984752516267414, "R2": 0.4868339634466651, "MAE": 0.345615348838982, "MSE": 0.18986899024461087, "poisson_deviance_explained": 0.365880604980794}, "20": {"AUC": NaN, "kappa": NaN, "f1": NaN, "precision": NaN, "recall": NaN, "average_precision": NaN, "Spearman_r": 0.6825532226376455, "Pearson_r": 0.6970553163054612, "R2": 0.48499148858050123, "MAE": 0.3477716790450468, "MSE": 0.1881841671748363, "poisson_deviance_explained": 0.36094843277145416}, "21": {"AUC": NaN, "kappa": NaN, "f1": NaN, "precision": NaN, "recall": NaN, "average_precision": NaN, "Spearman_r": 0.6962669466742746, "Pearson_r": 0.7047634408648862, "R2": 0.4951239923035887, "MAE": 0.35219229958894044, "MSE": 0.19112038665114567, "poisson_deviance_explained": 0.37213618960765693}, "22": {"AUC": NaN, "kappa": NaN, "f1": NaN, "precision": NaN, "recall": NaN, "average_precision": NaN, "Spearman_r": 0.68794105645804, "Pearson_r": 0.7000870909760812, "R2": 0.4888768500002565, "MAE": 0.35144508397132257, "MSE": 0.1913714619420829, "poisson_deviance_explained": 0.37128160169561064}, "23": {"AUC": NaN, "kappa": NaN, "f1": NaN, "precision": NaN, "recall": NaN, "average_precision": NaN, "Spearman_r": 0.6975436372702307, "Pearson_r": 0.7093792989608738, "R2": 0.502030841933894, "MAE": 0.3587573200388979, "MSE": 0.1978217241180783, "poisson_deviance_explained": 0.37792992553324134}, "24": {"AUC": NaN, "kappa": NaN, "f1": NaN, "precision": NaN, "recall": NaN, "average_precision": NaN, "Spearman_r": 0.6818773624866761, "Pearson_r": 0.691146996795534, "R2": 0.4761940482428535, "MAE": 0.3709471664268753, "MSE": 0.21165100911177898, "poisson_deviance_explained": 0.36341685581236627}, "25": {"AUC": NaN, "kappa": NaN, "f1": NaN, "precision": NaN, "recall": NaN, "average_precision": NaN, "Spearman_r": 0.6977751321388777, "Pearson_r": 0.7066866906477086, "R2": 0.4980589364247652, "MAE": 0.3619410594160391, "MSE": 0.20115798991492326, "poisson_deviance_explained": 0.37611914879298025}, "26": {"AUC": NaN, "kappa": NaN, "f1": NaN, "precision": NaN, "recall": NaN, "average_precision": NaN, "Spearman_r": 0.6918984037005192, "Pearson_r": 0.7025460681684814, "R2": 0.4923459091046114, "MAE": 0.36406607024939314, "MSE": 0.20274914678203074, "poisson_deviance_explained": 0.3707130410971159}, "27": {"AUC": NaN, "kappa": NaN, "f1": NaN, "precision": NaN, "recall": NaN, "average_precision": NaN, "Spearman_r": 0.6843022619919313,