{"1": {"AUC": NaN, "kappa": NaN, "f1": NaN, "precision": NaN, "recall": NaN, "average_precision": NaN, "Spearman_r": 0.6362803982801624, "Pearson_r": 0.6532673242048768, "R2": 0.4235579513012875, "MAE": 0.3885656316828607, "MSE": 0.22274666063475904, "poisson_deviance_explained": 0.32246104583225155}, "2": {"AUC": NaN, "kappa": NaN, "f1": NaN, "precision": NaN, "recall": NaN, "average_precision": NaN, "Spearman_r": 0.6759569958736374, "Pearson_r": 0.6835234564476386, "R2": 0.46165351882443173, "MAE": 0.38267501727712794, "MSE": 0.21826483887193318, "poisson_deviance_explained": 0.3521611387609881}, "3": {"AUC": NaN, "kappa": NaN, "f1": NaN, "precision": NaN, "recall": NaN, "average_precision": NaN, "Spearman_r": 0.6753580950683081, "Pearson_r": 0.6830880340921626, "R2": 0.4604689050128299, "MAE": 0.38467488308667935, "MSE": 0.2193727845775111, "poisson_deviance_explained": 0.35123882529811246}, "4": {"AUC": NaN, "kappa": NaN, "f1": NaN, "precision": NaN, "recall": NaN, "average_precision": NaN, "Spearman_r": 0.6502902479049966, "Pearson_r": 0.660300652441742, "R2": 0.4301308926752856, "MAE": 0.4016296575071056, "MSE": 0.2372121006371608, "poisson_deviance_explained": 0.33140453162961125}, "5": {"AUC": NaN, "kappa": NaN, "f1": NaN, "precision": NaN, "recall": NaN, "average_precision": NaN, "Spearman_r": 0.6838865450012044, "Pearson_r": 0.6887655583614121, "R2": 0.4687326260932153, "MAE": 0.38083504664663387, "MSE": 0.21626070528314897, "poisson_deviance_explained": 0.3572345549738084}, "6": {"AUC": NaN, "kappa": NaN, "f1": NaN, "precision": NaN, "recall": NaN, "average_precision": NaN, "Spearman_r": 0.6671964037476362, "Pearson_r": 0.6742095128776819, "R2": 0.44924525970233176, "MAE": 0.38513276230605176, "MSE": 0.2229734826854938, "poisson_deviance_explained": 0.3418021470470932}, "7": {"AUC": NaN, "kappa": NaN, "f1": NaN, "precision": NaN, "recall": NaN, "average_precision": NaN, "Spearman_r": 0.6780669174479741, "Pearson_r": 0.6824844072065585, "R2": 0.4593219745462561, "MAE": 0.3833003854913316, "MSE": 0.22209408697575125, "poisson_deviance_explained": 0.34864199101038784}, "8": {"AUC": NaN, "kappa": NaN, "f1": NaN, "precision": NaN, "recall": NaN, "average_precision": NaN, "Spearman_r": 0.6782959760858726, "Pearson_r": 0.6759369653040725, "R2": 0.45015468930996383, "MAE": 0.38376509849245516, "MSE": 0.22399525121800373, "poisson_deviance_explained": 0.3403575005008451}, "9": {"AUC": NaN, "kappa": NaN, "f1": NaN, "precision": NaN, "recall": NaN, "average_precision": NaN, "Spearman_r": 0.6706490182303089, "Pearson_r": 0.6712158269739559, "R2": 0.4452791163862201, "MAE": 0.3771955022268525, "MSE": 0.21845646275209682, "poisson_deviance_explained": 0.33809526278164004}, "10": {"AUC": NaN, "kappa": NaN, "f1": NaN, "precision": NaN, "recall": NaN, "average_precision": NaN, "Spearman_r": 0.6626811123862065, "Pearson_r": 0.6616570209806867, "R2": 0.4332284181981969, "MAE": 0.3720450095468495, "MSE": 0.21517273894315778, "poisson_deviance_explained": 0.33012163930784066}, "11": {"AUC": NaN, "kappa": NaN, "f1": NaN, "precision": NaN, "recall": NaN, "average_precision": NaN, "Spearman_r": 0.6671710152291944, "Pearson_r": 0.6661252873569845, "R2": 0.44025104312636953, "MAE": 0.3672996373888317, "MSE": 0.21223491114164614, "poisson_deviance_explained": 0.335002568101483}, "12": {"AUC": NaN, "kappa": NaN, "f1": NaN, "precision": NaN, "recall": NaN, "average_precision": NaN, "Spearman_r": 0.6857674657396532, "Pearson_r": 0.6827390890981013, "R2": 0.4626121496490554, "MAE": 0.361701650238964, "MSE": 0.20557894620576914, "poisson_deviance_explained": 0.35297093050563866}, "13": {"AUC": NaN, "kappa": NaN, "f1": NaN, "precision": NaN, "recall": NaN, "average_precision": NaN, "Spearman_r": 0.6934800108574202, "Pearson_r": 0.6921671084156227, "R2": 0.47545300252461775, "MAE": 0.35769933728279435, "MSE": 0.20136328876318552, "poisson_deviance_explained": 0.363325335969336}, "14": {"AUC": NaN, "kappa": NaN, "f1": NaN, "precision": NaN, "recall": NaN, "average_precision": NaN, "Spearman_r": 0.7087280161654784, "Pearson_r": 0.7061563072880203, "R2": 0.4950171125271845, "MAE": 0.35394372489224474, "MSE": 0.19734063806851404, "poisson_deviance_explained": 0.3781288922642475}, "15": {"AUC": NaN, "kappa": NaN, "f1": NaN, "precision": NaN, "recall": NaN, "average_precision": NaN, "Spearman_r": 0.7135336998555881, "Pearson_r": 0.7109624677530488, "R2": 0.5016376619813331, "MAE": 0.3518557748929462, "MSE": 0.1937250823699881, "poisson_deviance_explained": 0.38218432946100844}, "16": {"AUC": NaN, "kappa": NaN, "f1": NaN, "precision": NaN, "recall": NaN, "average_precision": NaN, "Spearman_r": 0.7163178896926158, "Pearson_r": 0.7129042689077674, "R2": 0.5039221616571095, "MAE": 0.34758769583855836, "MSE": 0.1912892146177163, "poisson_deviance_explained": 0.38573623659315326}, "17": {"AUC": NaN, "kappa": NaN, "f1": NaN, "precision": NaN, "recall": NaN, "average_precision": NaN, "Spearman_r": 0.7206008430888197, "Pearson_r": 0.7169317746565605, "R2": 0.5098923169175772, "MAE": 0.3515450139047276, "MSE": 0.1926204506384967, "poisson_deviance_explained": 0.3907689653094085}, "18": {"AUC": NaN, "kappa": NaN, "f1": NaN, "precision": NaN, "recall": NaN, "average_precision": NaN, "Spearman_r": 0.7041797332067887, "Pearson_r": 0.705067904022942, "R2": 0.49322464446420755, "MAE": 0.3469749306400855, "MSE": 0.18855391334653981, "poisson_deviance_explained": 0.37536844404034786}, "19": {"AUC": NaN, "kappa": NaN, "f1": NaN, "precision": NaN, "recall": NaN, "average_precision": NaN, "Spearman_r": 0.6875816857083926, "Pearson_r": 0.6927811869859952, "R2": 0.4760632276392608, "MAE": 0.35576869329437794, "MSE": 0.19312928665801335, "poisson_deviance_explained": 0.3613651459009021}, "20": {"AUC": NaN, "kappa": NaN, "f1": NaN, "precision": NaN, "recall": NaN, "average_precision": NaN, "Spearman_r": 0.674574292463652, "Pearson_r": 0.6826196703236282, "R2": 0.46289515822508254, "MAE": 0.36153401804382135, "MSE": 0.19865512986577255, "poisson_deviance_explained": 0.3478942385817769}, "21": {"AUC": NaN, "kappa": NaN, "f1": NaN, "precision": NaN, "recall": NaN, "average_precision": NaN, "Spearman_r": 0.6657103116202949, "Pearson_r": 0.675582924142424, "R2": 0.45340385851081, "MAE": 0.3655664776714178, "MSE": 0.20068212043932412, "poisson_deviance_explained": 0.3419633997957271}, "22": {"AUC": NaN, "kappa": NaN, "f1": NaN, "precision": NaN, "recall": NaN, "average_precision": NaN, "Spearman_r": 0.6752091001184188, "Pearson_r": 0.6854465325094559, "R2": 0.4666767298296849, "MAE": 0.3712279014631271, "MSE": 0.2066155603241191, "poisson_deviance_explained": 0.3519231941528902}, "23": {"AUC": NaN, "kappa": NaN, "f1": NaN, "precision": NaN, "recall": NaN, "average_precision": NaN, "Spearman_r": 0.666591259077712, "Pearson_r": 0.6774008942712386, "R2": 0.4542836526366909, "MAE": 0.37349235110472895, "MSE": 0.20777691859329844, "poisson_deviance_explained": 0.3466450813757419}, "24": {"AUC": NaN, "kappa": NaN, "f1": NaN, "precision": NaN, "recall": NaN, "average_precision": NaN, "Spearman_r": 0.6701759524589179, "Pearson_r": 0.6794206804406132, "R2": 0.4571713399163565, "MAE": 0.3795909335522748, "MSE": 0.21443235626361015, "poisson_deviance_explained": 0.35037784195045485}, "25": {"AUC": NaN, "kappa": NaN, "f1": NaN, "precision": NaN, "recall": NaN, "average_precision": NaN, "Spearman_r": 0.673302474564676, "Pearson_r": 0.6838532856530657, "R2": 0.4626238390934728, "MAE": 0.38528050679091996, "MSE": 0.21992055112964454, "poisson_deviance_explained": 0.3490478028438764}, "26": {"AUC": NaN, "kappa": NaN, "f1": NaN, "precision": NaN, "recall": NaN, "average_precision": NaN, "Spearman_r": 0.673280460239468, "Pearson_r": 0.6838468408280836, "R2": 0.4639979714254152, "MAE": 0.3828297835582662, "MSE": 0.2194377258611022, "poisson_deviance_explained": 0.3579023567408296}, "27": {"AUC": NaN, "kappa": NaN, "f1": NaN, "precision": NaN, "recall": NaN, "average_precision": NaN, "Spearman_r": 0.683006573431893,