{"1": {"AUC": NaN, "kappa": NaN, "f1": NaN, "precision": NaN, "recall": NaN, "average_precision": NaN, "Spearman_r": 0.6705297452272648, "Pearson_r": 0.6769320906424893, "R2": 0.45623392155245834, "MAE": 0.3768735072922133, "MSE": 0.2140479174388268, "poisson_deviance_explained": 0.34387289011318745}, "2": {"AUC": NaN, "kappa": NaN, "f1": NaN, "precision": NaN, "recall": NaN, "average_precision": NaN, "Spearman_r": 0.6607323222654579, "Pearson_r": 0.6724894023997674, "R2": 0.4504365547241005, "MAE": 0.3754668908580921, "MSE": 0.21391648777939293, "poisson_deviance_explained": 0.3406614322434478}, "3": {"AUC": NaN, "kappa": NaN, "f1": NaN, "precision": NaN, "recall": NaN, "average_precision": NaN, "Spearman_r": 0.6757165934488522, "Pearson_r": 0.6894304793623914, "R2": 0.471663463011015, "MAE": 0.3731578938915272, "MSE": 0.20898504309437127, "poisson_deviance_explained": 0.355266408135551}, "4": {"AUC": NaN, "kappa": NaN, "f1": NaN, "precision": NaN, "recall": NaN, "average_precision": NaN, "Spearman_r": 0.6535789596816822, "Pearson_r": 0.6665822690508322, "R2": 0.44171623808143545, "MAE": 0.3843599210774683, "MSE": 0.22194918732935165, "poisson_deviance_explained": 0.3334224032369687}, "5": {"AUC": NaN, "kappa": NaN, "f1": NaN, "precision": NaN, "recall": NaN, "average_precision": NaN, "Spearman_r": 0.6875801217840342, "Pearson_r": 0.6920552753190482, "R2": 0.4760738193418049, "MAE": 0.36913719558687225, "MSE": 0.2084228059112169, "poisson_deviance_explained": 0.36243153453439436}, "6": {"AUC": NaN, "kappa": NaN, "f1": NaN, "precision": NaN, "recall": NaN, "average_precision": NaN, "Spearman_r": 0.7102187344789642, "Pearson_r": 0.7115860987483335, "R2": 0.5037327227380155, "MAE": 0.3636268477223707, "MSE": 0.20591880523121112, "poisson_deviance_explained": 0.38112338696704073}, "7": {"AUC": NaN, "kappa": NaN, "f1": NaN, "precision": NaN, "recall": NaN, "average_precision": NaN, "Spearman_r": 0.6909236729484034, "Pearson_r": 0.6936861403511122, "R2": 0.4794159771979032, "MAE": 0.36419403891285507, "MSE": 0.2065869261415621, "poisson_deviance_explained": 0.3569833591450219}, "8": {"AUC": NaN, "kappa": NaN, "f1": NaN, "precision": NaN, "recall": NaN, "average_precision": NaN, "Spearman_r": 0.7005249900135804, "Pearson_r": 0.7010673841137531, "R2": 0.48917387480065877, "MAE": 0.3650352366789241, "MSE": 0.209221867517458, "poisson_deviance_explained": 0.3703801660809142}, "9": {"AUC": NaN, "kappa": NaN, "f1": NaN, "precision": NaN, "recall": NaN, "average_precision": NaN, "Spearman_r": 0.6926874742381662, "Pearson_r": 0.6877918653039232, "R2": 0.4713616323410458, "MAE": 0.3541012752488135, "MSE": 0.2009149392602083, "poisson_deviance_explained": 0.3547710223398064}, "10": {"AUC": NaN, "kappa": NaN, "f1": NaN, "precision": NaN, "recall": NaN, "average_precision": NaN, "Spearman_r": 0.6957534654630905, "Pearson_r": 0.6903534818817126, "R2": 0.4747240887068853, "MAE": 0.3555606209962914, "MSE": 0.20436255772920803, "poisson_deviance_explained": 0.3566219266705043}, "11": {"AUC": NaN, "kappa": NaN, "f1": NaN, "precision": NaN, "recall": NaN, "average_precision": NaN, "Spearman_r": 0.6954571285093956, "Pearson_r": 0.6901614204287695, "R2": 0.47476583978468645, "MAE": 0.3531156571428584, "MSE": 0.20130102272742934, "poisson_deviance_explained": 0.3605838799646992}, "12": {"AUC": NaN, "kappa": NaN, "f1": NaN, "precision": NaN, "recall": NaN, "average_precision": NaN, "Spearman_r": 0.6872375810766512, "Pearson_r": 0.6849496519275187, "R2": 0.46874245950798954, "MAE": 0.35577746429182405, "MSE": 0.20223754987178194, "poisson_deviance_explained": 0.35110156613125765}, "13": {"AUC": NaN, "kappa": NaN, "f1": NaN, "precision": NaN, "recall": NaN, "average_precision": NaN, "Spearman_r": 0.703691239511891, "Pearson_r": 0.696436134892986, "R2": 0.4845647958897581, "MAE": 0.3506875378139263, "MSE": 0.19799274596531216, "poisson_deviance_explained": 0.3634820092412241}, "14": {"AUC": NaN, "kappa": NaN, "f1": NaN, "precision": NaN, "recall": NaN, "average_precision": NaN, "Spearman_r": 0.7130996709293229, "Pearson_r": 0.709592215345315, "R2": 0.5027545065690144, "MAE": 0.3479420069325182, "MSE": 0.1951095162961997, "poisson_deviance_explained": 0.38138987890502685}, "15": {"AUC": NaN, "kappa": NaN, "f1": NaN, "precision": NaN, "recall": NaN, "average_precision": NaN, "Spearman_r": 0.7195903542378786, "Pearson_r": 0.7113905364897296, "R2": 0.5052156664493472, "MAE": 0.34261150621476155, "MSE": 0.1938832322664516, "poisson_deviance_explained": 0.38615367787051313}, "16": {"AUC": NaN, "kappa": NaN, "f1": NaN, "precision": NaN, "recall": NaN, "average_precision": NaN, "Spearman_r": 0.720054589428449, "Pearson_r": 0.7158651311540947, "R2": 0.5120814283836758, "MAE": 0.3458889491880028, "MSE": 0.19403407109442317, "poisson_deviance_explained": 0.3868789284050689}, "17": {"AUC": NaN, "kappa": NaN, "f1": NaN, "precision": NaN, "recall": NaN, "average_precision": NaN, "Spearman_r": 0.7089035133747159, "Pearson_r": 0.7018042715103764, "R2": 0.4921294661480389, "MAE": 0.343948231106959, "MSE": 0.1931264004616384, "poisson_deviance_explained": 0.3702446564098608}, "18": {"AUC": NaN, "kappa": NaN, "f1": NaN, "precision": NaN, "recall": NaN, "average_precision": NaN, "Spearman_r": 0.7118571359147551, "Pearson_r": 0.7088575432500471, "R2": 0.5016743845997331, "MAE": 0.3465803917331345, "MSE": 0.19237060839251813, "poisson_deviance_explained": 0.3784485468616249}, "19": {"AUC": NaN, "kappa": NaN, "f1": NaN, "precision": NaN, "recall": NaN, "average_precision": NaN, "Spearman_r": 0.6920326922089782, "Pearson_r": 0.6942683708917343, "R2": 0.4811621604139037, "MAE": 0.3476232232987073, "MSE": 0.1913340993757896, "poisson_deviance_explained": 0.36375121081871054}, "20": {"AUC": NaN, "kappa": NaN, "f1": NaN, "precision": NaN, "recall": NaN, "average_precision": NaN, "Spearman_r": 0.6877262806963657, "Pearson_r": 0.6933391596509074, "R2": 0.4793460866364845, "MAE": 0.35183711881783963, "MSE": 0.19135105895214605, "poisson_deviance_explained": 0.35192381392370065}, "21": {"AUC": NaN, "kappa": NaN, "f1": NaN, "precision": NaN, "recall": NaN, "average_precision": NaN, "Spearman_r": 0.6842388148610579, "Pearson_r": 0.6953304302136772, "R2": 0.4820183322950291, "MAE": 0.3578397312276488, "MSE": 0.1964060782542356, "poisson_deviance_explained": 0.3579990925493687}, "22": {"AUC": NaN, "kappa": NaN, "f1": NaN, "precision": NaN, "recall": NaN, "average_precision": NaN, "Spearman_r": 0.6893026754011751, "Pearson_r": 0.6965880298214914, "R2": 0.484520150597741, "MAE": 0.36005319347147985, "MSE": 0.2004336324261154, "poisson_deviance_explained": 0.36833858432515354}, "23": {"AUC": NaN, "kappa": NaN, "f1": NaN, "precision": NaN, "recall": NaN, "average_precision": NaN, "Spearman_r": 0.7034153258444917, "Pearson_r": 0.7158202753196248, "R2": 0.5107019315908752, "MAE": 0.35878699283769766, "MSE": 0.19924074122778565, "poisson_deviance_explained": 0.387238096845427}, "24": {"AUC": NaN, "kappa": NaN, "f1": NaN, "precision": NaN, "recall": NaN, "average_precision": NaN, "Spearman_r": 0.6959680066346526, "Pearson_r": 0.7074303626806919, "R2": 0.49859097153493814, "MAE": 0.3689199688020888, "MSE": 0.20801714661157888, "poisson_deviance_explained": 0.3736505169499015}, "25": {"AUC": NaN, "kappa": NaN, "f1": NaN, "precision": NaN, "recall": NaN, "average_precision": NaN, "Spearman_r": 0.6889292806519104, "Pearson_r": 0.698917750253632, "R2": 0.4870554932666261, "MAE": 0.36979143956999017, "MSE": 0.2107113899105704, "poisson_deviance_explained": 0.3716514940932292}, "26": {"AUC": NaN, "kappa": NaN, "f1": NaN, "precision": NaN, "recall": NaN, "average_precision": NaN, "Spearman_r": 0.6789487437118229, "Pearson_r": 0.6943153620363607, "R2": 0.48102038332904884, "MAE": 0.36664213025458553, "MSE": 0.20751786545018586, "poisson_deviance_explained": 0.36239273409450545}, "27": {"AUC": NaN, "kappa": NaN, "f1": NaN, "precision": NaN, "recall": NaN, "average_precision": NaN, "Spearman_r": 0.6916306199485281,