{"1": {"AUC": NaN, "kappa": NaN, "f1": NaN, "precision": NaN, "recall": NaN, "average_precision": NaN, "Spearman_r": 0.6498267699742413, "Pearson_r": 0.6581067179330693, "R2": 0.4282483550493932, "MAE": 0.3913840621951016, "MSE": 0.22655279919473686, "poisson_deviance_explained": 0.3249397843058748}, "2": {"AUC": NaN, "kappa": NaN, "f1": NaN, "precision": NaN, "recall": NaN, "average_precision": NaN, "Spearman_r": 0.6423765533078799, "Pearson_r": 0.653859762473794, "R2": 0.4236329178803325, "MAE": 0.38768696305695094, "MSE": 0.22056589019086204, "poisson_deviance_explained": 0.3215050903080061}, "3": {"AUC": NaN, "kappa": NaN, "f1": NaN, "precision": NaN, "recall": NaN, "average_precision": NaN, "Spearman_r": 0.6585007611495501, "Pearson_r": 0.6706510285864811, "R2": 0.4439280795297651, "MAE": 0.3835898359087648, "MSE": 0.21668603395003327, "poisson_deviance_explained": 0.33386580899057117}, "4": {"AUC": NaN, "kappa": NaN, "f1": NaN, "precision": NaN, "recall": NaN, "average_precision": NaN, "Spearman_r": 0.6098060449806694, "Pearson_r": 0.6269252320138593, "R2": 0.3884382310408989, "MAE": 0.41122551477325436, "MSE": 0.24573952140898705, "poisson_deviance_explained": 0.29284490652010353}, "5": {"AUC": NaN, "kappa": NaN, "f1": NaN, "precision": NaN, "recall": NaN, "average_precision": NaN, "Spearman_r": 0.6938237901811986, "Pearson_r": 0.7003254389186511, "R2": 0.48367578881840767, "MAE": 0.3773064138667525, "MSE": 0.213801083781885, "poisson_deviance_explained": 0.37115900556207904}, "6": {"AUC": NaN, "kappa": NaN, "f1": NaN, "precision": NaN, "recall": NaN, "average_precision": NaN, "Spearman_r": 0.6955300709783947, "Pearson_r": 0.6994785560017204, "R2": 0.4837572334844771, "MAE": 0.3782922205115913, "MSE": 0.21690502352358063, "poisson_deviance_explained": 0.3667925136794158}, "7": {"AUC": NaN, "kappa": NaN, "f1": NaN, "precision": NaN, "recall": NaN, "average_precision": NaN, "Spearman_r": 0.6699426044825438, "Pearson_r": 0.6724208839642951, "R2": 0.44697546300130464, "MAE": 0.3873814970701422, "MSE": 0.22778559752569016, "poisson_deviance_explained": 0.3389317656447569}, "8": {"AUC": NaN, "kappa": NaN, "f1": NaN, "precision": NaN, "recall": NaN, "average_precision": NaN, "Spearman_r": 0.672057139452309, "Pearson_r": 0.6717607842555712, "R2": 0.44647701295992837, "MAE": 0.3798763516083357, "MSE": 0.22122908595257035, "poisson_deviance_explained": 0.3391789721309074}, "9": {"AUC": NaN, "kappa": NaN, "f1": NaN, "precision": NaN, "recall": NaN, "average_precision": NaN, "Spearman_r": 0.6807134510019818, "Pearson_r": 0.6772344603264844, "R2": 0.45444123196708697, "MAE": 0.3709183334165012, "MSE": 0.2155595604863824, "poisson_deviance_explained": 0.345813663976248}, "10": {"AUC": NaN, "kappa": NaN, "f1": NaN, "precision": NaN, "recall": NaN, "average_precision": NaN, "Spearman_r": 0.6788730699243031, "Pearson_r": 0.678348967202373, "R2": 0.4560550355655042, "MAE": 0.37143769905063895, "MSE": 0.21502927128757027, "poisson_deviance_explained": 0.34617854006424675}, "11": {"AUC": NaN, "kappa": NaN, "f1": NaN, "precision": NaN, "recall": NaN, "average_precision": NaN, "Spearman_r": 0.6514240271845304, "Pearson_r": 0.6489553768205986, "R2": 0.4178425371308023, "MAE": 0.3726994265254536, "MSE": 0.2198895674950815, "poisson_deviance_explained": 0.318762718135601}, "12": {"AUC": NaN, "kappa": NaN, "f1": NaN, "precision": NaN, "recall": NaN, "average_precision": NaN, "Spearman_r": 0.6704413956448156, "Pearson_r": 0.6662522322711113, "R2": 0.44146755036020324, "MAE": 0.36276499076231605, "MSE": 0.20978840668759116, "poisson_deviance_explained": 0.33831369716447834}, "13": {"AUC": NaN, "kappa": NaN, "f1": NaN, "precision": NaN, "recall": NaN, "average_precision": NaN, "Spearman_r": 0.6928610840878333, "Pearson_r": 0.6897563983441011, "R2": 0.4723039770384312, "MAE": 0.36275103248220586, "MSE": 0.20561008942520806, "poisson_deviance_explained": 0.35929709868289406}, "14": {"AUC": NaN, "kappa": NaN, "f1": NaN, "precision": NaN, "recall": NaN, "average_precision": NaN, "Spearman_r": 0.6934648335650696, "Pearson_r": 0.6893708017154977, "R2": 0.47218381956755906, "MAE": 0.36383444972585044, "MSE": 0.20727866252498475, "poisson_deviance_explained": 0.3567323845459419}, "15": {"AUC": NaN, "kappa": NaN, "f1": NaN, "precision": NaN, "recall": NaN, "average_precision": NaN, "Spearman_r": 0.7112463776921704, "Pearson_r": 0.7041548693019288, "R2": 0.4931429410790671, "MAE": 0.35396065900917245, "MSE": 0.20103082065874456, "poisson_deviance_explained": 0.37680758806920944}, "16": {"AUC": NaN, "kappa": NaN, "f1": NaN, "precision": NaN, "recall": NaN, "average_precision": NaN, "Spearman_r": 0.7133953902106798, "Pearson_r": 0.7097309137546681, "R2": 0.49974975372234387, "MAE": 0.35335682310041605, "MSE": 0.19674773918191363, "poisson_deviance_explained": 0.3853480054355872}, "17": {"AUC": NaN, "kappa": NaN, "f1": NaN, "precision": NaN, "recall": NaN, "average_precision": NaN, "Spearman_r": 0.7035479403722027, "Pearson_r": 0.7005551675025087, "R2": 0.487697049161504, "MAE": 0.35424646007922667, "MSE": 0.19983503561009627, "poisson_deviance_explained": 0.3697469581224203}, "18": {"AUC": NaN, "kappa": NaN, "f1": NaN, "precision": NaN, "recall": NaN, "average_precision": NaN, "Spearman_r": 0.697311535099796, "Pearson_r": 0.6972906077963545, "R2": 0.4830098055880503, "MAE": 0.3548547285135027, "MSE": 0.19637745390999387, "poisson_deviance_explained": 0.3653426632158917}, "19": {"AUC": NaN, "kappa": NaN, "f1": NaN, "precision": NaN, "recall": NaN, "average_precision": NaN, "Spearman_r": 0.6853604607854, "Pearson_r": 0.6861262963203828, "R2": 0.466907268590657, "MAE": 0.35762343184176576, "MSE": 0.19778204139481514, "poisson_deviance_explained": 0.3555534350013695}, "20": {"AUC": NaN, "kappa": NaN, "f1": NaN, "precision": NaN, "recall": NaN, "average_precision": NaN, "Spearman_r": 0.6717194621733692, "Pearson_r": 0.6796710995148608, "R2": 0.4587395344793148, "MAE": 0.3596548014439477, "MSE": 0.19588690222776997, "poisson_deviance_explained": 0.34626126253629286}, "21": {"AUC": NaN, "kappa": NaN, "f1": NaN, "precision": NaN, "recall": NaN, "average_precision": NaN, "Spearman_r": 0.6802379930596258, "Pearson_r": 0.6904443489999678, "R2": 0.4740743873583215, "MAE": 0.36282319325048856, "MSE": 0.2004022938852737, "poisson_deviance_explained": 0.35898304162954675}, "22": {"AUC": NaN, "kappa": NaN, "f1": NaN, "precision": NaN, "recall": NaN, "average_precision": NaN, "Spearman_r": 0.6924909453362743, "Pearson_r": 0.7032406494513938, "R2": 0.4902853213640542, "MAE": 0.36549396044220767, "MSE": 0.2028564149154197, "poisson_deviance_explained": 0.37583544741553}, "23": {"AUC": NaN, "kappa": NaN, "f1": NaN, "precision": NaN, "recall": NaN, "average_precision": NaN, "Spearman_r": 0.6897391025642385, "Pearson_r": 0.6974592442501424, "R2": 0.48089404774033373, "MAE": 0.37364388581698504, "MSE": 0.21103462582836421, "poisson_deviance_explained": 0.36529640704710953}, "24": {"AUC": NaN, "kappa": NaN, "f1": NaN, "precision": NaN, "recall": NaN, "average_precision": NaN, "Spearman_r": 0.6826019152844788, "Pearson_r": 0.6969618268452294, "R2": 0.4814682325935006, "MAE": 0.3763705662078402, "MSE": 0.2123507127992069, "poisson_deviance_explained": 0.36615260600543675}, "25": {"AUC": NaN, "kappa": NaN, "f1": NaN, "precision": NaN, "recall": NaN, "average_precision": NaN, "Spearman_r": 0.6636849118761899, "Pearson_r": 0.6710056897091006, "R2": 0.44647234084578125, "MAE": 0.3909351026067036, "MSE": 0.22778380425967476, "poisson_deviance_explained": 0.3378506238181288}, "26": {"AUC": NaN, "kappa": NaN, "f1": NaN, "precision": NaN, "recall": NaN, "average_precision": NaN, "Spearman_r": 0.6684335640355624, "Pearson_r": 0.6792435363499804, "R2": 0.45801556260210974, "MAE": 0.3811124483226979, "MSE": 0.21764453881135604, "poisson_deviance_explained": 0.3495677150003802}, "27": {"AUC": NaN, "kappa": NaN, "f1": NaN, "precision": NaN, "recall": NaN, "average_precision": NaN, "Spearman_r": 0.6696972774145357,