{"1": {"AUC": NaN, "kappa": NaN, "f1": NaN, "precision": NaN, "recall": NaN, "average_precision": NaN, "Spearman_r": 0.5130487361986642, "Pearson_r": 0.7274694158825536, "R2": 0.5291210877479922, "MAE": 0.07453300656042358, "MSE": 0.032858496501410615, "poisson_deviance_explained": 0.631200314681715}, "2": {"AUC": NaN, "kappa": NaN, "f1": NaN, "precision": NaN, "recall": NaN, "average_precision": NaN, "Spearman_r": 0.5134486305588363, "Pearson_r": 0.7589316860025503, "R2": 0.5729515499788569, "MAE": 0.06844398142110657, "MSE": 0.028234192735375266, "poisson_deviance_explained": 0.6401121008789175}, "3": {"AUC": NaN, "kappa": NaN, "f1": NaN, "precision": NaN, "recall": NaN, "average_precision": NaN, "Spearman_r": 0.512031522462528, "Pearson_r": 0.7660877841075766, "R2": 0.5850836119175511, "MAE": 0.07604775019689838, "MSE": 0.034142815704528616, "poisson_deviance_explained": 0.6547331928916614}, "4": {"AUC": NaN, "kappa": NaN, "f1": NaN, "precision": NaN, "recall": NaN, "average_precision": NaN, "Spearman_r": 0.5076878206036334, "Pearson_r": 0.7299072235348338, "R2": 0.5327436375544494, "MAE": 0.07937454270166014, "MSE": 0.0382260659458178, "poisson_deviance_explained": 0.6083114668716559}, "5": {"AUC": NaN, "kappa": NaN, "f1": NaN, "precision": NaN, "recall": NaN, "average_precision": NaN, "Spearman_r": 0.5208335264835918, "Pearson_r": 0.745309965702717, "R2": 0.5552828845191251, "MAE": 0.07089135656863499, "MSE": 0.03191758899166764, "poisson_deviance_explained": 0.6174972337593865}, "6": {"AUC": NaN, "kappa": NaN, "f1": NaN, "precision": NaN, "recall": NaN, "average_precision": NaN, "Spearman_r": 0.5187482120725545, "Pearson_r": 0.762955785448797, "R2": 0.5805037488986233, "MAE": 0.07165617584702315, "MSE": 0.02986658585523563, "poisson_deviance_explained": 0.616309333665696}, "7": {"AUC": NaN, "kappa": NaN, "f1": NaN, "precision": NaN, "recall": NaN, "average_precision": NaN, "Spearman_r": 0.5882906140338132, "Pearson_r": 0.7492083552752672, "R2": 0.5595596525798894, "MAE": 0.09613141955578829, "MSE": 0.038987536406540076, "poisson_deviance_explained": 0.5736465760619365}, "8": {"AUC": NaN, "kappa": NaN, "f1": NaN, "precision": NaN, "recall": NaN, "average_precision": NaN, "Spearman_r": 0.5258491451272178, "Pearson_r": 0.7518363475419858, "R2": 0.5643263038572246, "MAE": 0.08780953653682053, "MSE": 0.03835605217129118, "poisson_deviance_explained": 0.5559416118830685}, "9": {"AUC": NaN, "kappa": NaN, "f1": NaN, "precision": NaN, "recall": NaN, "average_precision": NaN, "Spearman_r": 0.55096463903356, "Pearson_r": 0.7177064189784202, "R2": 0.5099858126198944, "MAE": 0.11843636334211634, "MSE": 0.05058412022856608, "poisson_deviance_explained": 0.5067712377973937}, "10": {"AUC": NaN, "kappa": NaN, "f1": NaN, "precision": NaN, "recall": NaN, "average_precision": NaN, "Spearman_r": 0.5471843872500634, "Pearson_r": 0.6909055482852052, "R2": 0.4755438851328806, "MAE": 0.13652156764008994, "MSE": 0.05570011398981403, "poisson_deviance_explained": 0.46011502232116197}, "11": {"AUC": NaN, "kappa": NaN, "f1": NaN, "precision": NaN, "recall": NaN, "average_precision": NaN, "Spearman_r": 0.5194036995827239, "Pearson_r": 0.6450279173281307, "R2": 0.4151006614476369, "MAE": 0.16020407643565385, "MSE": 0.06245690759658303, "poisson_deviance_explained": 0.4043280048260033}, "12": {"AUC": NaN, "kappa": NaN, "f1": NaN, "precision": NaN, "recall": NaN, "average_precision": NaN, "Spearman_r": 0.529038044708907, "Pearson_r": 0.6243207245638228, "R2": 0.38846638636356257, "MAE": 0.16016817752180684, "MSE": 0.06207678947025879, "poisson_deviance_explained": 0.39557071066561456}, "13": {"AUC": NaN, "kappa": NaN, "f1": NaN, "precision": NaN, "recall": NaN, "average_precision": NaN, "Spearman_r": 0.5218130358768323, "Pearson_r": 0.6508822090645309, "R2": 0.42285278287098826, "MAE": 0.14976464870999023, "MSE": 0.055823214153119784, "poisson_deviance_explained": 0.38638801992764815}, "14": {"AUC": NaN, "kappa": NaN, "f1": NaN, "precision": NaN, "recall": NaN, "average_precision": NaN, "Spearman_r": 0.5394493862456196, "Pearson_r": 0.6467853512727395, "R2": 0.4177758862649821, "MAE": 0.14233470408212132, "MSE": 0.05333090300155605, "poisson_deviance_explained": 0.41106243366226103}, "15": {"AUC": NaN, "kappa": NaN, "f1": NaN, "precision": NaN, "recall": NaN, "average_precision": NaN, "Spearman_r": 0.5915104516810272, "Pearson_r": 0.7336461936562433, "R2": 0.5352337171314419, "MAE": 0.15034626999887546, "MSE": 0.05464754584181425, "poisson_deviance_explained": 0.4640267874126869}, "16": {"AUC": NaN, "kappa": NaN, "f1": NaN, "precision": NaN, "recall": NaN, "average_precision": NaN, "Spearman_r": 0.5925422688577665, "Pearson_r": 0.6732039732251665, "R2": 0.45151970168973365, "MAE": 0.17056805962448482, "MSE": 0.07263973608601668, "poisson_deviance_explained": 0.41433605940348495}, "17": {"AUC": NaN, "kappa": NaN, "f1": NaN, "precision": NaN, "recall": NaN, "average_precision": NaN, "Spearman_r": 0.6056625514571026, "Pearson_r": 0.6993861092301579, "R2": 0.48823411148191886, "MAE": 0.1696809471260317, "MSE": 0.06725717873187487, "poisson_deviance_explained": 0.4595319451065808}, "18": {"AUC": NaN, "kappa": NaN, "f1": NaN, "precision": NaN, "recall": NaN, "average_precision": NaN, "Spearman_r": 0.6171199108415184, "Pearson_r": 0.6848628158300137, "R2": 0.4677542471842212, "MAE": 0.19047218416611225, "MSE": 0.07711149553137334, "poisson_deviance_explained": 0.4396112207589682}, "19": {"AUC": NaN, "kappa": NaN, "f1": NaN, "precision": NaN, "recall": NaN, "average_precision": NaN, "Spearman_r": 0.5998467270757175, "Pearson_r": 0.6714691660551334, "R2": 0.45013894067583093, "MAE": 0.19517459148707292, "MSE": 0.07725836352059684, "poisson_deviance_explained": 0.4014248702305512}, "20": {"AUC": NaN, "kappa": NaN, "f1": NaN, "precision": NaN, "recall": NaN, "average_precision": NaN, "Spearman_r": 0.6093227283286369, "Pearson_r": 0.7075176752431384, "R2": 0.4970796096577531, "MAE": 0.19234699960271515, "MSE": 0.0786168144306486, "poisson_deviance_explained": 0.4465643602535999}, "21": {"AUC": NaN, "kappa": NaN, "f1": NaN, "precision": NaN, "recall": NaN, "average_precision": NaN, "Spearman_r": 0.5924574662057349, "Pearson_r": 0.6635198666157022, "R2": 0.43843527990593634, "MAE": 0.17125161293597008, "MSE": 0.06370868289226192, "poisson_deviance_explained": 0.40639310502218295}, "22": {"AUC": NaN, "kappa": NaN, "f1": NaN, "precision": NaN, "recall": NaN, "average_precision": NaN, "Spearman_r": 0.5411940793937324, "Pearson_r": 0.6839982226138709, "R2": 0.4658945620075996, "MAE": 0.1203632947049977, "MSE": 0.0437835338613083, "poisson_deviance_explained": 0.46459382117617}, "23": {"AUC": NaN, "kappa": NaN, "f1": NaN, "precision": NaN, "recall": NaN, "average_precision": NaN, "Spearman_r": 0.45597196754370206, "Pearson_r": 0.7001024472165313, "R2": 0.48989260478835106, "MAE": 0.0687450518131973, "MSE": 0.02722375387912486, "poisson_deviance_explained": 0.5368547820077278}, "24": {"AUC": NaN, "kappa": NaN, "f1": NaN, "precision": NaN, "recall": NaN, "average_precision": NaN, "Spearman_r": 0.5291861853309685, "Pearson_r": 0.8207348688497841, "R2": 0.6714567563161411, "MAE": 0.07359646421885839, "MSE": 0.0264814411054107, "poisson_deviance_explained": 0.6560112185646261}, "25": {"AUC": NaN, "kappa": NaN, "f1": NaN, "precision": NaN, "recall": NaN, "average_precision": NaN, "Spearman_r": 0.5246700674759595, "Pearson_r": 0.7581895534161679, "R2": 0.5744217733737574, "MAE": 0.08279120367293445, "MSE": 0.03345292489496091, "poisson_deviance_explained": 0.5906059316826869}, "26": {"AUC": NaN, "kappa": NaN, "f1": NaN, "precision": NaN, "recall": NaN, "average_precision": NaN, "Spearman_r": 0.5000951976319111, "Pearson_r": 0.7732966773860648, "R2": 0.5943503261809753, "MAE": 0.06942912077571964, "MSE": 0.03555789706975957, "poisson_deviance_explained": 0.6753366687408742}, "27": {"AUC": NaN, "kappa": NaN, "f1": NaN, "precision": NaN, "recall": NaN, "average_precision": NaN,