{"1": {"AUC": NaN, "kappa": NaN, "f1": NaN, "precision": NaN, "recall": NaN, "average_precision": NaN, "Spearman_r": 0.505079492047552, "Pearson_r": 0.7639219026976143, "R2": 0.5832953952314186, "MAE": 0.07331707799994702, "MSE": 0.030424207247747, "poisson_deviance_explained": 0.6502627531073752}, "2": {"AUC": NaN, "kappa": NaN, "f1": NaN, "precision": NaN, "recall": NaN, "average_precision": NaN, "Spearman_r": 0.5739472377388674, "Pearson_r": 0.7853907448006018, "R2": 0.6161627437226675, "MAE": 0.09081244258872546, "MSE": 0.03978303442121078, "poisson_deviance_explained": 0.6638252036508484}, "3": {"AUC": NaN, "kappa": NaN, "f1": NaN, "precision": NaN, "recall": NaN, "average_precision": NaN, "Spearman_r": 0.5333637504123241, "Pearson_r": 0.791814878510437, "R2": 0.6257434375241886, "MAE": 0.07910680283351669, "MSE": 0.03320329095160874, "poisson_deviance_explained": 0.669029673961339}, "4": {"AUC": NaN, "kappa": NaN, "f1": NaN, "precision": NaN, "recall": NaN, "average_precision": NaN, "Spearman_r": 0.5341562214600755, "Pearson_r": 0.7896947307144713, "R2": 0.6234397437011201, "MAE": 0.08343377957811582, "MSE": 0.03937034632768844, "poisson_deviance_explained": 0.6586255718530836}, "5": {"AUC": NaN, "kappa": NaN, "f1": NaN, "precision": NaN, "recall": NaN, "average_precision": NaN, "Spearman_r": 0.5949084861310882, "Pearson_r": 0.7942112057429215, "R2": 0.6300237543024139, "MAE": 0.10104762977668923, "MSE": 0.044499346203581314, "poisson_deviance_explained": 0.6521775994794872}, "6": {"AUC": NaN, "kappa": NaN, "f1": NaN, "precision": NaN, "recall": NaN, "average_precision": NaN, "Spearman_r": 0.5843801589997959, "Pearson_r": 0.7910319161738365, "R2": 0.6246297717106997, "MAE": 0.09202551301017702, "MSE": 0.04037888554671646, "poisson_deviance_explained": 0.6303328278541807}, "7": {"AUC": NaN, "kappa": NaN, "f1": NaN, "precision": NaN, "recall": NaN, "average_precision": NaN, "Spearman_r": 0.5729979645743791, "Pearson_r": 0.7672351513399523, "R2": 0.5874894441519455, "MAE": 0.10244239832202502, "MSE": 0.04534734611164482, "poisson_deviance_explained": 0.6024732171811928}, "8": {"AUC": NaN, "kappa": NaN, "f1": NaN, "precision": NaN, "recall": NaN, "average_precision": NaN, "Spearman_r": 0.5283750572067967, "Pearson_r": 0.7773249479860543, "R2": 0.6031310740797424, "MAE": 0.07784392181246629, "MSE": 0.03242260299708928, "poisson_deviance_explained": 0.6249307803240579}, "9": {"AUC": NaN, "kappa": NaN, "f1": NaN, "precision": NaN, "recall": NaN, "average_precision": NaN, "Spearman_r": 0.5498809758062527, "Pearson_r": 0.7515492761208181, "R2": 0.5625221258675241, "MAE": 0.09911611013780254, "MSE": 0.03958438641470136, "poisson_deviance_explained": 0.5645713280568811}, "10": {"AUC": NaN, "kappa": NaN, "f1": NaN, "precision": NaN, "recall": NaN, "average_precision": NaN, "Spearman_r": 0.5738483135534865, "Pearson_r": 0.7281845180884492, "R2": 0.5274114823758717, "MAE": 0.13553009546427908, "MSE": 0.05245895790441659, "poisson_deviance_explained": 0.5059863052233524}, "11": {"AUC": NaN, "kappa": NaN, "f1": NaN, "precision": NaN, "recall": NaN, "average_precision": NaN, "Spearman_r": 0.4937572112470761, "Pearson_r": 0.6432710150490509, "R2": 0.4120684549787469, "MAE": 0.15603515593592127, "MSE": 0.059884997004831464, "poisson_deviance_explained": 0.39203909295080397}, "12": {"AUC": NaN, "kappa": NaN, "f1": NaN, "precision": NaN, "recall": NaN, "average_precision": NaN, "Spearman_r": 0.5367128792201381, "Pearson_r": 0.682551256387433, "R2": 0.46309008559376497, "MAE": 0.16487196618057887, "MSE": 0.06211900020520328, "poisson_deviance_explained": 0.42211859783939665}, "13": {"AUC": NaN, "kappa": NaN, "f1": NaN, "precision": NaN, "recall": NaN, "average_precision": NaN, "Spearman_r": 0.5644495145350401, "Pearson_r": 0.6990052118249798, "R2": 0.48579342935601344, "MAE": 0.1617977104264859, "MSE": 0.06241635764537654, "poisson_deviance_explained": 0.4485151851042488}, "14": {"AUC": NaN, "kappa": NaN, "f1": NaN, "precision": NaN, "recall": NaN, "average_precision": NaN, "Spearman_r": 0.5360936611462283, "Pearson_r": 0.6805484099331365, "R2": 0.46196459115867883, "MAE": 0.1615975874877874, "MSE": 0.063287027534154, "poisson_deviance_explained": 0.4225341503632494}, "15": {"AUC": NaN, "kappa": NaN, "f1": NaN, "precision": NaN, "recall": NaN, "average_precision": NaN, "Spearman_r": 0.5579030543574913, "Pearson_r": 0.7036314392532114, "R2": 0.4928924868122152, "MAE": 0.15817834075271095, "MSE": 0.06003310948559992, "poisson_deviance_explained": 0.44970341637654954}, "16": {"AUC": NaN, "kappa": NaN, "f1": NaN, "precision": NaN, "recall": NaN, "average_precision": NaN, "Spearman_r": 0.5637483556859729, "Pearson_r": 0.7057695767574093, "R2": 0.49687701717094457, "MAE": 0.164997519619002, "MSE": 0.06371724539196442, "poisson_deviance_explained": 0.44130383825430497}, "17": {"AUC": NaN, "kappa": NaN, "f1": NaN, "precision": NaN, "recall": NaN, "average_precision": NaN, "Spearman_r": 0.5920493234093263, "Pearson_r": 0.7209424245290011, "R2": 0.517707328126457, "MAE": 0.18330704303637788, "MSE": 0.07226914496301085, "poisson_deviance_explained": 0.45004660150099296}, "18": {"AUC": NaN, "kappa": NaN, "f1": NaN, "precision": NaN, "recall": NaN, "average_precision": NaN, "Spearman_r": 0.5873319458371735, "Pearson_r": 0.7040178894041306, "R2": 0.4922351656883631, "MAE": 0.1867714770952149, "MSE": 0.07092474091786596, "poisson_deviance_explained": 0.4303491345203374}, "19": {"AUC": NaN, "kappa": NaN, "f1": NaN, "precision": NaN, "recall": NaN, "average_precision": NaN, "Spearman_r": 0.6002266299401676, "Pearson_r": 0.7146826855052091, "R2": 0.5095283199379423, "MAE": 0.18441652444182102, "MSE": 0.06963500826524859, "poisson_deviance_explained": 0.44271354975651156}, "20": {"AUC": NaN, "kappa": NaN, "f1": NaN, "precision": NaN, "recall": NaN, "average_precision": NaN, "Spearman_r": 0.6165923487031403, "Pearson_r": 0.7140976662494145, "R2": 0.5070355463488438, "MAE": 0.19415709103738754, "MSE": 0.0767647684360741, "poisson_deviance_explained": 0.44850622272190477}, "21": {"AUC": NaN, "kappa": NaN, "f1": NaN, "precision": NaN, "recall": NaN, "average_precision": NaN, "Spearman_r": 0.5612945099555219, "Pearson_r": 0.712444581293775, "R2": 0.5048356197531869, "MAE": 0.15993181199642328, "MSE": 0.060636639687008116, "poisson_deviance_explained": 0.45211630189057284}, "22": {"AUC": NaN, "kappa": NaN, "f1": NaN, "precision": NaN, "recall": NaN, "average_precision": NaN, "Spearman_r": 0.5371978405131655, "Pearson_r": 0.7083869924819436, "R2": 0.5005063464609348, "MAE": 0.12667524405686356, "MSE": 0.04845435709703882, "poisson_deviance_explained": 0.49203939600643243}, "23": {"AUC": NaN, "kappa": NaN, "f1": NaN, "precision": NaN, "recall": NaN, "average_precision": NaN, "Spearman_r": 0.5349573569989234, "Pearson_r": 0.7729700026428854, "R2": 0.597255578053616, "MAE": 0.08864614073092715, "MSE": 0.03658269408722251, "poisson_deviance_explained": 0.606164633457401}, "24": {"AUC": NaN, "kappa": NaN, "f1": NaN, "precision": NaN, "recall": NaN, "average_precision": NaN, "Spearman_r": 0.5834468108870628, "Pearson_r": 0.7892187608325895, "R2": 0.6222247917388557, "MAE": 0.09664649563266103, "MSE": 0.0414026147962494, "poisson_deviance_explained": 0.6262692195198564}, "25": {"AUC": NaN, "kappa": NaN, "f1": NaN, "precision": NaN, "recall": NaN, "average_precision": NaN, "Spearman_r": 0.5472837269284813, "Pearson_r": 0.7714250776352076, "R2": 0.594580924060264, "MAE": 0.08975971706685505, "MSE": 0.03722246008940851, "poisson_deviance_explained": 0.6243410180778839}, "26": {"AUC": NaN, "kappa": NaN, "f1": NaN, "precision": NaN, "recall": NaN, "average_precision": NaN, "Spearman_r": 0.529329210488994, "Pearson_r": 0.7819672334311771, "R2": 0.6111973547645541, "MAE": 0.08058728114963684, "MSE": 0.03610553432859921, "poisson_deviance_explained": 0.6604799498327776}, "27": {"AUC": NaN, "kappa": NaN, "f1": NaN, "precision": NaN, "recall": NaN, "average_precision": NaN,