{"1": {"AUC": NaN, "kappa": NaN, "f1": NaN, "precision": NaN, "recall": NaN, "average_precision": NaN, "Spearman_r": 0.5128240027329272, "Pearson_r": 0.7264790040604332, "R2": 0.5274063327579324, "MAE": 0.08121246816191838, "MSE": 0.04217079990798341, "poisson_deviance_explained": 0.6028316039206479}, "2": {"AUC": NaN, "kappa": NaN, "f1": NaN, "precision": NaN, "recall": NaN, "average_precision": NaN, "Spearman_r": 0.5215821274763107, "Pearson_r": 0.7604107403906065, "R2": 0.5775481869414425, "MAE": 0.07829517851854494, "MSE": 0.03642927870624018, "poisson_deviance_explained": 0.6317771363239518}, "3": {"AUC": NaN, "kappa": NaN, "f1": NaN, "precision": NaN, "recall": NaN, "average_precision": NaN, "Spearman_r": 0.5487603872818815, "Pearson_r": 0.7731544643383498, "R2": 0.5977613691352919, "MAE": 0.0858181136955433, "MSE": 0.041186875067856316, "poisson_deviance_explained": 0.630193596235058}, "4": {"AUC": NaN, "kappa": NaN, "f1": NaN, "precision": NaN, "recall": NaN, "average_precision": NaN, "Spearman_r": 0.45081762065048847, "Pearson_r": 0.7680306400734702, "R2": 0.5884347775287428, "MAE": 0.050000029550979826, "MSE": 0.024096103838578856, "poisson_deviance_explained": 0.6705160493763596}, "5": {"AUC": NaN, "kappa": NaN, "f1": NaN, "precision": NaN, "recall": NaN, "average_precision": NaN, "Spearman_r": 0.44616098409376803, "Pearson_r": 0.7398201305457726, "R2": 0.5427716604668261, "MAE": 0.05114132350059689, "MSE": 0.022414995423371192, "poisson_deviance_explained": 0.6601679051975984}, "6": {"AUC": NaN, "kappa": NaN, "f1": NaN, "precision": NaN, "recall": NaN, "average_precision": NaN, "Spearman_r": 0.44846391267281205, "Pearson_r": 0.7462722135096035, "R2": 0.5568266789308027, "MAE": 0.054204956582366376, "MSE": 0.026204762739690014, "poisson_deviance_explained": 0.6772135960600871}, "7": {"AUC": NaN, "kappa": NaN, "f1": NaN, "precision": NaN, "recall": NaN, "average_precision": NaN, "Spearman_r": 0.542501954688117, "Pearson_r": 0.7343569137948612, "R2": 0.5384495261796334, "MAE": 0.10199752268256021, "MSE": 0.051748326140759075, "poisson_deviance_explained": 0.5583409503130327}, "8": {"AUC": NaN, "kappa": NaN, "f1": NaN, "precision": NaN, "recall": NaN, "average_precision": NaN, "Spearman_r": 0.46892269730454017, "Pearson_r": 0.7531393950492409, "R2": 0.5658033763366652, "MAE": 0.062487477148319794, "MSE": 0.02803706161274066, "poisson_deviance_explained": 0.6259707605954788}, "9": {"AUC": NaN, "kappa": NaN, "f1": NaN, "precision": NaN, "recall": NaN, "average_precision": NaN, "Spearman_r": 0.5750634017238154, "Pearson_r": 0.7278845426816495, "R2": 0.5292084393306282, "MAE": 0.13006095822333433, "MSE": 0.053951086098894104, "poisson_deviance_explained": 0.5079663350879162}, "10": {"AUC": NaN, "kappa": NaN, "f1": NaN, "precision": NaN, "recall": NaN, "average_precision": NaN, "Spearman_r": 0.4554766521143877, "Pearson_r": 0.6466106783319615, "R2": 0.4176562258562927, "MAE": 0.1046346343765989, "MSE": 0.038067637711519116, "poisson_deviance_explained": 0.4298929199116035}, "11": {"AUC": NaN, "kappa": NaN, "f1": NaN, "precision": NaN, "recall": NaN, "average_precision": NaN, "Spearman_r": 0.53000754585984, "Pearson_r": 0.6421304285004334, "R2": 0.41215938325811996, "MAE": 0.15601172074301556, "MSE": 0.057956401103049365, "poisson_deviance_explained": 0.3851230363190833}, "12": {"AUC": NaN, "kappa": NaN, "f1": NaN, "precision": NaN, "recall": NaN, "average_precision": NaN, "Spearman_r": 0.49841332970453023, "Pearson_r": 0.6387547954412492, "R2": 0.40716496583679695, "MAE": 0.16212612593130668, "MSE": 0.06299062478293872, "poisson_deviance_explained": 0.3516556619548956}, "13": {"AUC": NaN, "kappa": NaN, "f1": NaN, "precision": NaN, "recall": NaN, "average_precision": NaN, "Spearman_r": 0.538945347091079, "Pearson_r": 0.6628186433722935, "R2": 0.43573296588464183, "MAE": 0.15746473839542371, "MSE": 0.062488661819601485, "poisson_deviance_explained": 0.39776574300523737}, "14": {"AUC": NaN, "kappa": NaN, "f1": NaN, "precision": NaN, "recall": NaN, "average_precision": NaN, "Spearman_r": 0.5428119873406863, "Pearson_r": 0.6549230950418594, "R2": 0.42826556308864405, "MAE": 0.15785678511583118, "MSE": 0.06261397465475341, "poisson_deviance_explained": 0.39887891555086796}, "15": {"AUC": NaN, "kappa": NaN, "f1": NaN, "precision": NaN, "recall": NaN, "average_precision": NaN, "Spearman_r": 0.5374396578373755, "Pearson_r": 0.6648151922578127, "R2": 0.44000386733494135, "MAE": 0.14156045720001642, "MSE": 0.05308819532230936, "poisson_deviance_explained": 0.42753924546758315}, "16": {"AUC": NaN, "kappa": NaN, "f1": NaN, "precision": NaN, "recall": NaN, "average_precision": NaN, "Spearman_r": 0.5490666239311486, "Pearson_r": 0.6578690942180963, "R2": 0.4326737770467214, "MAE": 0.16161417362119593, "MSE": 0.07352098167664602, "poisson_deviance_explained": 0.42100294132862803}, "17": {"AUC": NaN, "kappa": NaN, "f1": NaN, "precision": NaN, "recall": NaN, "average_precision": NaN, "Spearman_r": 0.6080988066015306, "Pearson_r": 0.716665322487617, "R2": 0.5135088606734928, "MAE": 0.16518051774967524, "MSE": 0.06787235988901409, "poisson_deviance_explained": 0.4585257238661039}, "18": {"AUC": NaN, "kappa": NaN, "f1": NaN, "precision": NaN, "recall": NaN, "average_precision": NaN, "Spearman_r": 0.5770400272515468, "Pearson_r": 0.6886785996399829, "R2": 0.47374855823912043, "MAE": 0.1717884203909186, "MSE": 0.0704023077078434, "poisson_deviance_explained": 0.4232220382111679}, "19": {"AUC": NaN, "kappa": NaN, "f1": NaN, "precision": NaN, "recall": NaN, "average_precision": NaN, "Spearman_r": 0.5842830170715403, "Pearson_r": 0.6893517644665023, "R2": 0.47479561067601916, "MAE": 0.18402971633949758, "MSE": 0.07897159766452407, "poisson_deviance_explained": 0.4165569725446221}, "20": {"AUC": NaN, "kappa": NaN, "f1": NaN, "precision": NaN, "recall": NaN, "average_precision": NaN, "Spearman_r": 0.5795144798447412, "Pearson_r": 0.6527164937856049, "R2": 0.42552743985447916, "MAE": 0.17545886469951347, "MSE": 0.06584106722617362, "poisson_deviance_explained": 0.38382369075746037}, "21": {"AUC": NaN, "kappa": NaN, "f1": NaN, "precision": NaN, "recall": NaN, "average_precision": NaN, "Spearman_r": 0.5423679512653933, "Pearson_r": 0.6627146667584896, "R2": 0.438524242441669, "MAE": 0.16174712742628714, "MSE": 0.06059499325506942, "poisson_deviance_explained": 0.38847325763157614}, "22": {"AUC": NaN, "kappa": NaN, "f1": NaN, "precision": NaN, "recall": NaN, "average_precision": NaN, "Spearman_r": 0.48862436086196, "Pearson_r": 0.6455901548021042, "R2": 0.41624163959795324, "MAE": 0.12470065041898093, "MSE": 0.0497251567658347, "poisson_deviance_explained": 0.4131133505963289}, "23": {"AUC": NaN, "kappa": NaN, "f1": NaN, "precision": NaN, "recall": NaN, "average_precision": NaN, "Spearman_r": 0.4454685758612025, "Pearson_r": 0.7141984392562166, "R2": 0.5094492637638439, "MAE": 0.07861894598551812, "MSE": 0.03142719677661632, "poisson_deviance_explained": 0.5292675137430849}, "24": {"AUC": NaN, "kappa": NaN, "f1": NaN, "precision": NaN, "recall": NaN, "average_precision": NaN, "Spearman_r": 0.5391464780318462, "Pearson_r": 0.7510040772429006, "R2": 0.5638498882141214, "MAE": 0.08114328626506713, "MSE": 0.034673352411985596, "poisson_deviance_explained": 0.5842292991667464}, "25": {"AUC": NaN, "kappa": NaN, "f1": NaN, "precision": NaN, "recall": NaN, "average_precision": NaN, "Spearman_r": 0.5507032838350487, "Pearson_r": 0.7171608851577858, "R2": 0.5071960758069399, "MAE": 0.09681146553939159, "MSE": 0.046161032475818466, "poisson_deviance_explained": 0.5600797305975864}, "26": {"AUC": NaN, "kappa": NaN, "f1": NaN, "precision": NaN, "recall": NaN, "average_precision": NaN, "Spearman_r": 0.4701031562621766, "Pearson_r": 0.6666456585112559, "R2": 0.4172078721945618, "MAE": 0.082614995811193, "MSE": 0.04080319088885239, "poisson_deviance_explained": 0.5639967282921795}, "27": {"AUC": NaN, "kappa": NaN, "f1": NaN, "precision": NaN, "recall": NaN, "average_precision": NaN,