{"1": {"AUC": NaN, "kappa": NaN, "f1": NaN, "precision": NaN, "recall": NaN, "average_precision": NaN, "Spearman_r": 0.4238485585390375, "Pearson_r": 0.7224394904048682, "R2": 0.5181643143221908, "MAE": 0.05064039521509291, "MSE": 0.021907071008934124, "poisson_deviance_explained": 0.6278792502739701}, "2": {"AUC": NaN, "kappa": NaN, "f1": NaN, "precision": NaN, "recall": NaN, "average_precision": NaN, "Spearman_r": 0.44403195187220257, "Pearson_r": 0.7432493239947893, "R2": 0.5522587445537444, "MAE": 0.05571170756054968, "MSE": 0.028207108699981658, "poisson_deviance_explained": 0.6486290111019278}, "3": {"AUC": NaN, "kappa": NaN, "f1": NaN, "precision": NaN, "recall": NaN, "average_precision": NaN, "Spearman_r": 0.4901146848455224, "Pearson_r": 0.7748217405844458, "R2": 0.6000901681254056, "MAE": 0.05881221051607146, "MSE": 0.027787243122338226, "poisson_deviance_explained": 0.683713404544109}, "4": {"AUC": NaN, "kappa": NaN, "f1": NaN, "precision": NaN, "recall": NaN, "average_precision": NaN, "Spearman_r": 0.4619364289391404, "Pearson_r": 0.7381546844068745, "R2": 0.5443628024870604, "MAE": 0.06382706098492719, "MSE": 0.030722939920605995, "poisson_deviance_explained": 0.6433559265143776}, "5": {"AUC": NaN, "kappa": NaN, "f1": NaN, "precision": NaN, "recall": NaN, "average_precision": NaN, "Spearman_r": 0.4387728614726883, "Pearson_r": 0.7559935806830378, "R2": 0.5711421227770487, "MAE": 0.055154631086897596, "MSE": 0.025846936524836727, "poisson_deviance_explained": 0.6589651243991146}, "6": {"AUC": NaN, "kappa": NaN, "f1": NaN, "precision": NaN, "recall": NaN, "average_precision": NaN, "Spearman_r": 0.4975775686736728, "Pearson_r": 0.7514762319828967, "R2": 0.5636583035826764, "MAE": 0.06743349566553021, "MSE": 0.02912032326010742, "poisson_deviance_explained": 0.6190809638583844}, "7": {"AUC": NaN, "kappa": NaN, "f1": NaN, "precision": NaN, "recall": NaN, "average_precision": NaN, "Spearman_r": 0.48192321540890015, "Pearson_r": 0.7221130508029465, "R2": 0.521440375902581, "MAE": 0.07409697790436455, "MSE": 0.03354684091542295, "poisson_deviance_explained": 0.5828264159868863}, "8": {"AUC": NaN, "kappa": NaN, "f1": NaN, "precision": NaN, "recall": NaN, "average_precision": NaN, "Spearman_r": 0.4547812513761454, "Pearson_r": 0.7208235990567479, "R2": 0.519166775546567, "MAE": 0.07005217543466129, "MSE": 0.02897670676532272, "poisson_deviance_explained": 0.5730371183875196}, "9": {"AUC": NaN, "kappa": NaN, "f1": NaN, "precision": NaN, "recall": NaN, "average_precision": NaN, "Spearman_r": 0.5047815234314418, "Pearson_r": 0.7241402890083314, "R2": 0.5234527157179572, "MAE": 0.09145702673779481, "MSE": 0.03790761620835413, "poisson_deviance_explained": 0.5467822465616952}, "10": {"AUC": NaN, "kappa": NaN, "f1": NaN, "precision": NaN, "recall": NaN, "average_precision": NaN, "Spearman_r": 0.5104628295312627, "Pearson_r": 0.6935926108501022, "R2": 0.4803576438766297, "MAE": 0.1235095853957526, "MSE": 0.048076190276243054, "poisson_deviance_explained": 0.4703001766593201}, "11": {"AUC": NaN, "kappa": NaN, "f1": NaN, "precision": NaN, "recall": NaN, "average_precision": NaN, "Spearman_r": 0.5292513691847093, "Pearson_r": 0.6717432364073149, "R2": 0.45069830056070204, "MAE": 0.15204986944438503, "MSE": 0.05849287605975495, "poisson_deviance_explained": 0.4242993229465143}, "12": {"AUC": NaN, "kappa": NaN, "f1": NaN, "precision": NaN, "recall": NaN, "average_precision": NaN, "Spearman_r": 0.4894928517921612, "Pearson_r": 0.5979271837458919, "R2": 0.3540314067233723, "MAE": 0.15313445993523764, "MSE": 0.06255183989953635, "poisson_deviance_explained": 0.35717622141027194}, "13": {"AUC": NaN, "kappa": NaN, "f1": NaN, "precision": NaN, "recall": NaN, "average_precision": NaN, "Spearman_r": 0.5423746168988245, "Pearson_r": 0.6471547802651582, "R2": 0.417839228117717, "MAE": 0.15508064556622725, "MSE": 0.060512003515380004, "poisson_deviance_explained": 0.4034571067532218}, "14": {"AUC": NaN, "kappa": NaN, "f1": NaN, "precision": NaN, "recall": NaN, "average_precision": NaN, "Spearman_r": 0.5420978336009381, "Pearson_r": 0.6774997348162076, "R2": 0.45879395367625664, "MAE": 0.14772013975564488, "MSE": 0.05872954659978919, "poisson_deviance_explained": 0.4270961902958986}, "15": {"AUC": NaN, "kappa": NaN, "f1": NaN, "precision": NaN, "recall": NaN, "average_precision": NaN, "Spearman_r": 0.5544885421184625, "Pearson_r": 0.6336441845543527, "R2": 0.39724113032062824, "MAE": 0.18044344340397236, "MSE": 0.07731257974010276, "poisson_deviance_explained": 0.3798410602206199}, "16": {"AUC": NaN, "kappa": NaN, "f1": NaN, "precision": NaN, "recall": NaN, "average_precision": NaN, "Spearman_r": 0.5763235325055285, "Pearson_r": 0.6929858316403762, "R2": 0.47923942673971964, "MAE": 0.16420812768911394, "MSE": 0.06729179283936851, "poisson_deviance_explained": 0.4553144381080271}, "17": {"AUC": NaN, "kappa": NaN, "f1": NaN, "precision": NaN, "recall": NaN, "average_precision": NaN, "Spearman_r": 0.5369109338956061, "Pearson_r": 0.6515899101222095, "R2": 0.4212724413173261, "MAE": 0.16268219279342844, "MSE": 0.06218100294200861, "poisson_deviance_explained": 0.38583063490996783}, "18": {"AUC": NaN, "kappa": NaN, "f1": NaN, "precision": NaN, "recall": NaN, "average_precision": NaN, "Spearman_r": 0.567373839284217, "Pearson_r": 0.6550123627961575, "R2": 0.425520854202333, "MAE": 0.17918559190865596, "MSE": 0.07219465763798544, "poisson_deviance_explained": 0.38810589117824146}, "19": {"AUC": NaN, "kappa": NaN, "f1": NaN, "precision": NaN, "recall": NaN, "average_precision": NaN, "Spearman_r": 0.5844530307300058, "Pearson_r": 0.6773304697504715, "R2": 0.45732676842765785, "MAE": 0.1823358315019864, "MSE": 0.07021174128879443, "poisson_deviance_explained": 0.4038150254491981}, "20": {"AUC": NaN, "kappa": NaN, "f1": NaN, "precision": NaN, "recall": NaN, "average_precision": NaN, "Spearman_r": 0.6014012858803234, "Pearson_r": 0.661257382851386, "R2": 0.4372562042276047, "MAE": 0.18778212990272164, "MSE": 0.07420289630270466, "poisson_deviance_explained": 0.38946486598169183}, "21": {"AUC": NaN, "kappa": NaN, "f1": NaN, "precision": NaN, "recall": NaN, "average_precision": NaN, "Spearman_r": 0.5522396488706842, "Pearson_r": 0.6700182140491494, "R2": 0.4483949114067759, "MAE": 0.1613270479976641, "MSE": 0.06127797686636429, "poisson_deviance_explained": 0.40213375295361165}, "22": {"AUC": NaN, "kappa": NaN, "f1": NaN, "precision": NaN, "recall": NaN, "average_precision": NaN, "Spearman_r": 0.6046194658209322, "Pearson_r": 0.742824963379968, "R2": 0.5510609031215556, "MAE": 0.12341573337433215, "MSE": 0.045989953029964496, "poisson_deviance_explained": 0.527189865539919}, "23": {"AUC": NaN, "kappa": NaN, "f1": NaN, "precision": NaN, "recall": NaN, "average_precision": NaN, "Spearman_r": 0.5089208284970465, "Pearson_r": 0.7418671706940253, "R2": 0.5501848996582623, "MAE": 0.07992198046729636, "MSE": 0.031334318992574085, "poisson_deviance_explained": 0.5795276519115361}, "24": {"AUC": NaN, "kappa": NaN, "f1": NaN, "precision": NaN, "recall": NaN, "average_precision": NaN, "Spearman_r": 0.5479976630214826, "Pearson_r": 0.7180079726481778, "R2": 0.5149273639698413, "MAE": 0.09118810148820335, "MSE": 0.03588230132308675, "poisson_deviance_explained": 0.5540786202884469}, "25": {"AUC": NaN, "kappa": NaN, "f1": NaN, "precision": NaN, "recall": NaN, "average_precision": NaN, "Spearman_r": 0.45077470805146297, "Pearson_r": 0.7469257731251662, "R2": 0.5570454015499023, "MAE": 0.05702918418827279, "MSE": 0.023886052350950062, "poisson_deviance_explained": 0.6319040186630152}, "26": {"AUC": NaN, "kappa": NaN, "f1": NaN, "precision": NaN, "recall": NaN, "average_precision": NaN, "Spearman_r": 0.5110962350933815, "Pearson_r": 0.7252904588047326, "R2": 0.5250959510191759, "MAE": 0.08144530289408289, "MSE": 0.03702052124969197, "poisson_deviance_explained": 0.599669987595902}, "27": {"AUC": NaN, "kappa": NaN, "f1": NaN, "precision": NaN, "recall": NaN, "average_precision": NaN,