{"1": {"AUC": NaN, "kappa": NaN, "f1": NaN, "precision": NaN, "recall": NaN, "average_precision": NaN, "Spearman_r": 0.39924636712516137, "Pearson_r": 0.7373513830997345, "R2": 0.5434047093420293, "MAE": 0.056176940507565123, "MSE": 0.025905133100325738, "poisson_deviance_explained": 0.6234367035974336}, "2": {"AUC": NaN, "kappa": NaN, "f1": NaN, "precision": NaN, "recall": NaN, "average_precision": NaN, "Spearman_r": 0.5079325659145705, "Pearson_r": 0.7124865732430875, "R2": 0.5073621836107995, "MAE": 0.0831942066133018, "MSE": 0.03674030722989624, "poisson_deviance_explained": 0.593111672123328}, "3": {"AUC": NaN, "kappa": NaN, "f1": NaN, "precision": NaN, "recall": NaN, "average_precision": NaN, "Spearman_r": 0.5351932040605928, "Pearson_r": 0.75456610411208, "R2": 0.5660497414736215, "MAE": 0.08965906660096769, "MSE": 0.03966810555023135, "poisson_deviance_explained": 0.6204182179991345}, "4": {"AUC": NaN, "kappa": NaN, "f1": NaN, "precision": NaN, "recall": NaN, "average_precision": NaN, "Spearman_r": 0.526375366972412, "Pearson_r": 0.7526069804915525, "R2": 0.5642509533760145, "MAE": 0.07631710742386819, "MSE": 0.032457867558848004, "poisson_deviance_explained": 0.6381182508453445}, "5": {"AUC": NaN, "kappa": NaN, "f1": NaN, "precision": NaN, "recall": NaN, "average_precision": NaN, "Spearman_r": 0.5060650433023812, "Pearson_r": 0.764487084620842, "R2": 0.5831322017956857, "MAE": 0.07495569412752119, "MSE": 0.03310494690015514, "poisson_deviance_explained": 0.6367634158041201}, "6": {"AUC": NaN, "kappa": NaN, "f1": NaN, "precision": NaN, "recall": NaN, "average_precision": NaN, "Spearman_r": 0.4517624029843787, "Pearson_r": 0.7428327248015182, "R2": 0.5507147753781126, "MAE": 0.05587558778720114, "MSE": 0.022953971157567532, "poisson_deviance_explained": 0.6356183977888958}, "7": {"AUC": NaN, "kappa": NaN, "f1": NaN, "precision": NaN, "recall": NaN, "average_precision": NaN, "Spearman_r": 0.48371173321716127, "Pearson_r": 0.7283858453170136, "R2": 0.5302265174076741, "MAE": 0.07076205342040409, "MSE": 0.031048146667118616, "poisson_deviance_explained": 0.5979157537197235}, "8": {"AUC": NaN, "kappa": NaN, "f1": NaN, "precision": NaN, "recall": NaN, "average_precision": NaN, "Spearman_r": 0.49062459359903177, "Pearson_r": 0.7459733534537852, "R2": 0.5548542357266215, "MAE": 0.07130258545099814, "MSE": 0.02880696265184698, "poisson_deviance_explained": 0.58022720425648}, "9": {"AUC": NaN, "kappa": NaN, "f1": NaN, "precision": NaN, "recall": NaN, "average_precision": NaN, "Spearman_r": 0.5480191398461812, "Pearson_r": 0.7187243668824725, "R2": 0.5125906620406726, "MAE": 0.11239440564222622, "MSE": 0.044820000232682906, "poisson_deviance_explained": 0.5129980245079493}, "10": {"AUC": NaN, "kappa": NaN, "f1": NaN, "precision": NaN, "recall": NaN, "average_precision": NaN, "Spearman_r": 0.5112550864738477, "Pearson_r": 0.683853173926408, "R2": 0.4668356498504287, "MAE": 0.12013071734715292, "MSE": 0.04776311633296178, "poisson_deviance_explained": 0.47652877273410454}, "11": {"AUC": NaN, "kappa": NaN, "f1": NaN, "precision": NaN, "recall": NaN, "average_precision": NaN, "Spearman_r": 0.544908345221767, "Pearson_r": 0.6367844667861424, "R2": 0.40483103836888634, "MAE": 0.17397739293934214, "MSE": 0.06752041588720309, "poisson_deviance_explained": 0.39662828579899045}, "12": {"AUC": NaN, "kappa": NaN, "f1": NaN, "precision": NaN, "recall": NaN, "average_precision": NaN, "Spearman_r": 0.5122678075880286, "Pearson_r": 0.6179823280411325, "R2": 0.3814005604582682, "MAE": 0.16197591432694633, "MSE": 0.06071643986313376, "poisson_deviance_explained": 0.37047790537461944}, "13": {"AUC": NaN, "kappa": NaN, "f1": NaN, "precision": NaN, "recall": NaN, "average_precision": NaN, "Spearman_r": 0.5379473068386751, "Pearson_r": 0.6919612587120942, "R2": 0.47066003940408374, "MAE": 0.14859441918634703, "MSE": 0.057759442214335675, "poisson_deviance_explained": 0.44404381099740764}, "14": {"AUC": NaN, "kappa": NaN, "f1": NaN, "precision": NaN, "recall": NaN, "average_precision": NaN, "Spearman_r": 0.5116867579311116, "Pearson_r": 0.6724362002678863, "R2": 0.45089798689856997, "MAE": 0.13153215258215606, "MSE": 0.047875150961773597, "poisson_deviance_explained": 0.42617534422995706}, "15": {"AUC": NaN, "kappa": NaN, "f1": NaN, "precision": NaN, "recall": NaN, "average_precision": NaN, "Spearman_r": 0.5529277037727782, "Pearson_r": 0.6759362070433657, "R2": 0.45367948676110226, "MAE": 0.15429410895697446, "MSE": 0.05630400335023553, "poisson_deviance_explained": 0.4221743046077031}, "16": {"AUC": NaN, "kappa": NaN, "f1": NaN, "precision": NaN, "recall": NaN, "average_precision": NaN, "Spearman_r": 0.5562221959854032, "Pearson_r": 0.6736748104193774, "R2": 0.4518358348368775, "MAE": 0.160824314929623, "MSE": 0.06149168666098198, "poisson_deviance_explained": 0.4115099056702235}, "17": {"AUC": NaN, "kappa": NaN, "f1": NaN, "precision": NaN, "recall": NaN, "average_precision": NaN, "Spearman_r": 0.566506732084864, "Pearson_r": 0.6886840493344789, "R2": 0.46902239057018447, "MAE": 0.16818871686727396, "MSE": 0.06140976074378715, "poisson_deviance_explained": 0.4244495578971551}, "18": {"AUC": NaN, "kappa": NaN, "f1": NaN, "precision": NaN, "recall": NaN, "average_precision": NaN, "Spearman_r": 0.5727337264987457, "Pearson_r": 0.6785415128130377, "R2": 0.45828785474458555, "MAE": 0.17629840814190292, "MSE": 0.06415706037963272, "poisson_deviance_explained": 0.41467206818104085}, "19": {"AUC": NaN, "kappa": NaN, "f1": NaN, "precision": NaN, "recall": NaN, "average_precision": NaN, "Spearman_r": 0.5855066899995134, "Pearson_r": 0.6815433181826749, "R2": 0.45753172741332926, "MAE": 0.19964334967478364, "MSE": 0.07273176851529818, "poisson_deviance_explained": 0.3967816035034961}, "20": {"AUC": NaN, "kappa": NaN, "f1": NaN, "precision": NaN, "recall": NaN, "average_precision": NaN, "Spearman_r": 0.5624493339035649, "Pearson_r": 0.6623782100620577, "R2": 0.43058550697660525, "MAE": 0.18033205260597382, "MSE": 0.06469007168764579, "poisson_deviance_explained": 0.39969211904400925}, "21": {"AUC": NaN, "kappa": NaN, "f1": NaN, "precision": NaN, "recall": NaN, "average_precision": NaN, "Spearman_r": 0.5419070928557153, "Pearson_r": 0.6375276248747337, "R2": 0.4041341796353324, "MAE": 0.16361026670833653, "MSE": 0.05658893254639568, "poisson_deviance_explained": 0.3816296191132488}, "22": {"AUC": NaN, "kappa": NaN, "f1": NaN, "precision": NaN, "recall": NaN, "average_precision": NaN, "Spearman_r": 0.49099592612830517, "Pearson_r": 0.6946069930011352, "R2": 0.47981771361918035, "MAE": 0.10067404396066688, "MSE": 0.033756809411472764, "poisson_deviance_explained": 0.47103444251979765}, "23": {"AUC": NaN, "kappa": NaN, "f1": NaN, "precision": NaN, "recall": NaN, "average_precision": NaN, "Spearman_r": 0.46437188710474303, "Pearson_r": 0.7081819304127198, "R2": 0.4990392198386212, "MAE": 0.07219179292797617, "MSE": 0.026084418446483328, "poisson_deviance_explained": 0.546808616327594}, "24": {"AUC": NaN, "kappa": NaN, "f1": NaN, "precision": NaN, "recall": NaN, "average_precision": NaN, "Spearman_r": 0.48525865091077797, "Pearson_r": 0.7229155045201289, "R2": 0.522276235602416, "MAE": 0.06881542752415719, "MSE": 0.025620495722667353, "poisson_deviance_explained": 0.5851704333630501}, "25": {"AUC": NaN, "kappa": NaN, "f1": NaN, "precision": NaN, "recall": NaN, "average_precision": NaN, "Spearman_r": 0.5000949015471504, "Pearson_r": 0.7459961018370256, "R2": 0.5553623891445031, "MAE": 0.0694810492549574, "MSE": 0.026696742892543625, "poisson_deviance_explained": 0.6191075629879759}, "26": {"AUC": NaN, "kappa": NaN, "f1": NaN, "precision": NaN, "recall": NaN, "average_precision": NaN, "Spearman_r": 0.547482288592096, "Pearson_r": 0.7589965510813754, "R2": 0.5756316862206707, "MAE": 0.0916669498262892, "MSE": 0.03910463799502186, "poisson_deviance_explained": 0.6027852607677162}, "27": {"AUC": NaN, "kappa": NaN, "f1": NaN, "precision": NaN, "recall": NaN, "average_precision": NaN,