{"1": {"AUC": NaN, "kappa": NaN, "f1": NaN, "precision": NaN, "recall": NaN, "average_precision": NaN, "Spearman_r": 0.5419817345093366, "Pearson_r": 0.7759485416851176, "R2": 0.6020708259885093, "MAE": 0.07884869799781424, "MSE": 0.034854649920207585, "poisson_deviance_explained": 0.6498060721438942}, "2": {"AUC": NaN, "kappa": NaN, "f1": NaN, "precision": NaN, "recall": NaN, "average_precision": NaN, "Spearman_r": 0.5833975286516817, "Pearson_r": 0.7908989778059208, "R2": 0.6254136430249184, "MAE": 0.10081686720772455, "MSE": 0.046769816616064795, "poisson_deviance_explained": 0.6347936988069066}, "3": {"AUC": NaN, "kappa": NaN, "f1": NaN, "precision": NaN, "recall": NaN, "average_precision": NaN, "Spearman_r": 0.5211890236106742, "Pearson_r": 0.7916972183378925, "R2": 0.6267468123273486, "MAE": 0.0694551728421227, "MSE": 0.030720406718856178, "poisson_deviance_explained": 0.6583936486587338}, "4": {"AUC": NaN, "kappa": NaN, "f1": NaN, "precision": NaN, "recall": NaN, "average_precision": NaN, "Spearman_r": 0.5825934781363016, "Pearson_r": 0.7683018775573934, "R2": 0.5900437473814404, "MAE": 0.10012873043841387, "MSE": 0.04591710692195024, "poisson_deviance_explained": 0.6068455178506343}, "5": {"AUC": NaN, "kappa": NaN, "f1": NaN, "precision": NaN, "recall": NaN, "average_precision": NaN, "Spearman_r": 0.5246060344116105, "Pearson_r": 0.7806328606291861, "R2": 0.6091359973922055, "MAE": 0.07810012606786323, "MSE": 0.034827799872608596, "poisson_deviance_explained": 0.6529750219558766}, "6": {"AUC": NaN, "kappa": NaN, "f1": NaN, "precision": NaN, "recall": NaN, "average_precision": NaN, "Spearman_r": 0.5570179179748744, "Pearson_r": 0.7950178877791785, "R2": 0.6319871345259991, "MAE": 0.08269430361885702, "MSE": 0.03782179747186402, "poisson_deviance_explained": 0.6641617677759672}, "7": {"AUC": NaN, "kappa": NaN, "f1": NaN, "precision": NaN, "recall": NaN, "average_precision": NaN, "Spearman_r": 0.5317661004799117, "Pearson_r": 0.7924140566185921, "R2": 0.6275581628778345, "MAE": 0.07314322864342564, "MSE": 0.032699176797710866, "poisson_deviance_explained": 0.6661055652959651}, "8": {"AUC": NaN, "kappa": NaN, "f1": NaN, "precision": NaN, "recall": NaN, "average_precision": NaN, "Spearman_r": 0.5791394408509756, "Pearson_r": 0.7768505466456085, "R2": 0.6032733118678842, "MAE": 0.09307275014421555, "MSE": 0.03982772484682829, "poisson_deviance_explained": 0.613111284096314}, "9": {"AUC": NaN, "kappa": NaN, "f1": NaN, "precision": NaN, "recall": NaN, "average_precision": NaN, "Spearman_r": 0.5711902629116657, "Pearson_r": 0.7719577294221827, "R2": 0.5956491538017084, "MAE": 0.10615243969110162, "MSE": 0.044740756919730895, "poisson_deviance_explained": 0.5896039934856605}, "10": {"AUC": NaN, "kappa": NaN, "f1": NaN, "precision": NaN, "recall": NaN, "average_precision": NaN, "Spearman_r": 0.5252843892835098, "Pearson_r": 0.7303259475982699, "R2": 0.532718809315363, "MAE": 0.1211863789462014, "MSE": 0.05015952358700437, "poisson_deviance_explained": 0.5162290025836965}, "11": {"AUC": NaN, "kappa": NaN, "f1": NaN, "precision": NaN, "recall": NaN, "average_precision": NaN, "Spearman_r": 0.5535334423351541, "Pearson_r": 0.6850631592618659, "R2": 0.4686967294042962, "MAE": 0.1555727695346794, "MSE": 0.0593964444974701, "poisson_deviance_explained": 0.43619014174214576}, "12": {"AUC": NaN, "kappa": NaN, "f1": NaN, "precision": NaN, "recall": NaN, "average_precision": NaN, "Spearman_r": 0.5589191741958524, "Pearson_r": 0.6998538997320648, "R2": 0.48952347655704564, "MAE": 0.15905781266956992, "MSE": 0.06095416744925793, "poisson_deviance_explained": 0.4389511507355348}, "13": {"AUC": NaN, "kappa": NaN, "f1": NaN, "precision": NaN, "recall": NaN, "average_precision": NaN, "Spearman_r": 0.5775868128255238, "Pearson_r": 0.7214180858476119, "R2": 0.5197898284919489, "MAE": 0.15032138686357668, "MSE": 0.05833982374097588, "poisson_deviance_explained": 0.47287326155191245}, "14": {"AUC": NaN, "kappa": NaN, "f1": NaN, "precision": NaN, "recall": NaN, "average_precision": NaN, "Spearman_r": 0.5706111592019276, "Pearson_r": 0.7181144838274425, "R2": 0.51531233291802, "MAE": 0.1472051984740048, "MSE": 0.057580916352366965, "poisson_deviance_explained": 0.47447131602539727}, "15": {"AUC": NaN, "kappa": NaN, "f1": NaN, "precision": NaN, "recall": NaN, "average_precision": NaN, "Spearman_r": 0.6083096337833539, "Pearson_r": 0.7180402084990585, "R2": 0.5154231118426817, "MAE": 0.1703257482895924, "MSE": 0.07045406750021052, "poisson_deviance_explained": 0.4662033059813874}, "16": {"AUC": NaN, "kappa": NaN, "f1": NaN, "precision": NaN, "recall": NaN, "average_precision": NaN, "Spearman_r": 0.6067456267268755, "Pearson_r": 0.7199175502888686, "R2": 0.5180113357145884, "MAE": 0.1689782121438996, "MSE": 0.06886792147533233, "poisson_deviance_explained": 0.4658087139893794}, "17": {"AUC": NaN, "kappa": NaN, "f1": NaN, "precision": NaN, "recall": NaN, "average_precision": NaN, "Spearman_r": 0.6113261732313898, "Pearson_r": 0.7448215070255808, "R2": 0.5540608380528326, "MAE": 0.16699374404203884, "MSE": 0.06582558504328102, "poisson_deviance_explained": 0.48502564875990706}, "18": {"AUC": NaN, "kappa": NaN, "f1": NaN, "precision": NaN, "recall": NaN, "average_precision": NaN, "Spearman_r": 0.6144002283175313, "Pearson_r": 0.7271186283452065, "R2": 0.5278268189311414, "MAE": 0.1648372073428528, "MSE": 0.06423481605656453, "poisson_deviance_explained": 0.47673681197071005}, "19": {"AUC": NaN, "kappa": NaN, "f1": NaN, "precision": NaN, "recall": NaN, "average_precision": NaN, "Spearman_r": 0.6287799735824717, "Pearson_r": 0.7429744989483766, "R2": 0.5517193756492151, "MAE": 0.17352948172775368, "MSE": 0.0689087185707995, "poisson_deviance_explained": 0.48367543260644563}, "20": {"AUC": NaN, "kappa": NaN, "f1": NaN, "precision": NaN, "recall": NaN, "average_precision": NaN, "Spearman_r": 0.6289323034242968, "Pearson_r": 0.7351554648055726, "R2": 0.5402230018515185, "MAE": 0.16596525029412731, "MSE": 0.06548991651801214, "poisson_deviance_explained": 0.47731536282047393}, "21": {"AUC": NaN, "kappa": NaN, "f1": NaN, "precision": NaN, "recall": NaN, "average_precision": NaN, "Spearman_r": 0.6049676121787141, "Pearson_r": 0.7472339416548289, "R2": 0.5577318282194377, "MAE": 0.1526135385373742, "MSE": 0.06143042265628786, "poisson_deviance_explained": 0.5090733595889119}, "22": {"AUC": NaN, "kappa": NaN, "f1": NaN, "precision": NaN, "recall": NaN, "average_precision": NaN, "Spearman_r": 0.604034460301816, "Pearson_r": 0.7541865985665767, "R2": 0.567883201389206, "MAE": 0.13324631363883746, "MSE": 0.05440195611829356, "poisson_deviance_explained": 0.5351070451674722}, "23": {"AUC": NaN, "kappa": NaN, "f1": NaN, "precision": NaN, "recall": NaN, "average_precision": NaN, "Spearman_r": 0.5679697677500077, "Pearson_r": 0.7815445494961614, "R2": 0.6105366470325786, "MAE": 0.09795498722430755, "MSE": 0.043218971003909125, "poisson_deviance_explained": 0.6159463689511044}, "24": {"AUC": NaN, "kappa": NaN, "f1": NaN, "precision": NaN, "recall": NaN, "average_precision": NaN, "Spearman_r": 0.5863685208322057, "Pearson_r": 0.7856569748294471, "R2": 0.6167192686857619, "MAE": 0.1071627115244274, "MSE": 0.04767014013731136, "poisson_deviance_explained": 0.6063566536969914}, "25": {"AUC": NaN, "kappa": NaN, "f1": NaN, "precision": NaN, "recall": NaN, "average_precision": NaN, "Spearman_r": 0.5712770697170371, "Pearson_r": 0.7895976992956346, "R2": 0.623189349234954, "MAE": 0.09945316779237262, "MSE": 0.04676208217817374, "poisson_deviance_explained": 0.6223047689743707}, "26": {"AUC": NaN, "kappa": NaN, "f1": NaN, "precision": NaN, "recall": NaN, "average_precision": NaN, "Spearman_r": 0.5776667260046422, "Pearson_r": 0.7691679804998628, "R2": 0.591261405132028, "MAE": 0.10098985833669888, "MSE": 0.046326875513900814, "poisson_deviance_explained": 0.6058332063623243}, "27": {"AUC": NaN, "kappa": NaN, "f1": NaN, "precision": NaN, "recall": NaN, "average_precision": NaN,