{"1": {"AUC": NaN, "kappa": NaN, "f1": NaN, "precision": NaN, "recall": NaN, "average_precision": NaN, "Spearman_r": 0.5802850248243743, "Pearson_r": 0.7767077205643024, "R2": 0.6031536901642094, "MAE": 0.09813637783175708, "MSE": 0.04605436228282761, "poisson_deviance_explained": 0.6276135765465001}, "2": {"AUC": NaN, "kappa": NaN, "f1": NaN, "precision": NaN, "recall": NaN, "average_precision": NaN, "Spearman_r": 0.5810267548650984, "Pearson_r": 0.7891438427077407, "R2": 0.6224760144116619, "MAE": 0.09391286487654296, "MSE": 0.04221335664468753, "poisson_deviance_explained": 0.6399681958565857}, "3": {"AUC": NaN, "kappa": NaN, "f1": NaN, "precision": NaN, "recall": NaN, "average_precision": NaN, "Spearman_r": 0.5577655040788436, "Pearson_r": 0.7700300890357012, "R2": 0.5927110922969812, "MAE": 0.09012958203219357, "MSE": 0.03911661793932668, "poisson_deviance_explained": 0.6302372675445824}, "4": {"AUC": NaN, "kappa": NaN, "f1": NaN, "precision": NaN, "recall": NaN, "average_precision": NaN, "Spearman_r": 0.5652837784230446, "Pearson_r": 0.768124023145157, "R2": 0.5897848310412788, "MAE": 0.09131748062744582, "MSE": 0.0409141135700156, "poisson_deviance_explained": 0.6149446127922408}, "5": {"AUC": NaN, "kappa": NaN, "f1": NaN, "precision": NaN, "recall": NaN, "average_precision": NaN, "Spearman_r": 0.5925659269142144, "Pearson_r": 0.7890026409210541, "R2": 0.6223249029189657, "MAE": 0.09926592463248035, "MSE": 0.04751100486952788, "poisson_deviance_explained": 0.6418958753137578}, "6": {"AUC": NaN, "kappa": NaN, "f1": NaN, "precision": NaN, "recall": NaN, "average_precision": NaN, "Spearman_r": 0.5479300421984453, "Pearson_r": 0.7980487667040825, "R2": 0.636818411479438, "MAE": 0.07662893210384429, "MSE": 0.03584139775130368, "poisson_deviance_explained": 0.6745622758187744}, "7": {"AUC": NaN, "kappa": NaN, "f1": NaN, "precision": NaN, "recall": NaN, "average_precision": NaN, "Spearman_r": 0.5621669039375307, "Pearson_r": 0.814218374329654, "R2": 0.6625752722874718, "MAE": 0.07288753419230797, "MSE": 0.030505884200569527, "poisson_deviance_explained": 0.6833910495944291}, "8": {"AUC": NaN, "kappa": NaN, "f1": NaN, "precision": NaN, "recall": NaN, "average_precision": NaN, "Spearman_r": 0.5941518305085574, "Pearson_r": 0.8281133095320544, "R2": 0.6854855800883538, "MAE": 0.07918321293578076, "MSE": 0.03329683388167586, "poisson_deviance_explained": 0.6866296074045715}, "9": {"AUC": NaN, "kappa": NaN, "f1": NaN, "precision": NaN, "recall": NaN, "average_precision": NaN, "Spearman_r": 0.5903046166967151, "Pearson_r": 0.8187098864550586, "R2": 0.6695037804636385, "MAE": 0.08636453798972621, "MSE": 0.034020967909813564, "poisson_deviance_explained": 0.649366151964607}, "10": {"AUC": NaN, "kappa": NaN, "f1": NaN, "precision": NaN, "recall": NaN, "average_precision": NaN, "Spearman_r": 0.5715229179207598, "Pearson_r": 0.7770898282038364, "R2": 0.6033017858547398, "MAE": 0.10634665534853031, "MSE": 0.03977234313726537, "poisson_deviance_explained": 0.5741329880732378}, "11": {"AUC": NaN, "kappa": NaN, "f1": NaN, "precision": NaN, "recall": NaN, "average_precision": NaN, "Spearman_r": 0.5545697750366931, "Pearson_r": 0.7143125835273562, "R2": 0.5093171751422789, "MAE": 0.13650457416292733, "MSE": 0.052976573200476225, "poisson_deviance_explained": 0.48250613650997065}, "12": {"AUC": NaN, "kappa": NaN, "f1": NaN, "precision": NaN, "recall": NaN, "average_precision": NaN, "Spearman_r": 0.5510462120538181, "Pearson_r": 0.6942563203934075, "R2": 0.4814679551844314, "MAE": 0.15228497123204982, "MSE": 0.05630712662336227, "poisson_deviance_explained": 0.43008217961955053}, "13": {"AUC": NaN, "kappa": NaN, "f1": NaN, "precision": NaN, "recall": NaN, "average_precision": NaN, "Spearman_r": 0.6015004306030605, "Pearson_r": 0.7262930599008011, "R2": 0.5269826577271155, "MAE": 0.15357539528557138, "MSE": 0.05817847745705565, "poisson_deviance_explained": 0.4761999357335156}, "14": {"AUC": NaN, "kappa": NaN, "f1": NaN, "precision": NaN, "recall": NaN, "average_precision": NaN, "Spearman_r": 0.5963436212820165, "Pearson_r": 0.7366163786337889, "R2": 0.5423324391426745, "MAE": 0.15135086474591888, "MSE": 0.05800050771758439, "poisson_deviance_explained": 0.48420318741363}, "15": {"AUC": NaN, "kappa": NaN, "f1": NaN, "precision": NaN, "recall": NaN, "average_precision": NaN, "Spearman_r": 0.5997554580926407, "Pearson_r": 0.7402609666222943, "R2": 0.5476447316182695, "MAE": 0.1480861602820993, "MSE": 0.057580978057834305, "poisson_deviance_explained": 0.500985394509667}, "16": {"AUC": NaN, "kappa": NaN, "f1": NaN, "precision": NaN, "recall": NaN, "average_precision": NaN, "Spearman_r": 0.6361120798562777, "Pearson_r": 0.7403563425015156, "R2": 0.5477167524695838, "MAE": 0.17063944970335815, "MSE": 0.06890012971003502, "poisson_deviance_explained": 0.4876513115622726}, "17": {"AUC": NaN, "kappa": NaN, "f1": NaN, "precision": NaN, "recall": NaN, "average_precision": NaN, "Spearman_r": 0.6272575425978375, "Pearson_r": 0.7431868504789125, "R2": 0.5520703801783147, "MAE": 0.1692341886311735, "MSE": 0.0669655665426125, "poisson_deviance_explained": 0.48679859853412966}, "18": {"AUC": NaN, "kappa": NaN, "f1": NaN, "precision": NaN, "recall": NaN, "average_precision": NaN, "Spearman_r": 0.6197065237671825, "Pearson_r": 0.7398848700321042, "R2": 0.5459748105712159, "MAE": 0.16746143006467157, "MSE": 0.06188130799992254, "poisson_deviance_explained": 0.4771671464640497}, "19": {"AUC": NaN, "kappa": NaN, "f1": NaN, "precision": NaN, "recall": NaN, "average_precision": NaN, "Spearman_r": 0.6401579240497127, "Pearson_r": 0.7308422273501125, "R2": 0.5330292408362962, "MAE": 0.17994976315760836, "MSE": 0.06666770465025426, "poisson_deviance_explained": 0.45951753181895916}, "20": {"AUC": NaN, "kappa": NaN, "f1": NaN, "precision": NaN, "recall": NaN, "average_precision": NaN, "Spearman_r": 0.6297214842082085, "Pearson_r": 0.7240902564103834, "R2": 0.5234452387931255, "MAE": 0.19439363775555268, "MSE": 0.07487803090224546, "poisson_deviance_explained": 0.44613219908355717}, "21": {"AUC": NaN, "kappa": NaN, "f1": NaN, "precision": NaN, "recall": NaN, "average_precision": NaN, "Spearman_r": 0.6219739510529908, "Pearson_r": 0.7528813017610874, "R2": 0.5661426525709741, "MAE": 0.1565018862450521, "MSE": 0.06025062560006394, "poisson_deviance_explained": 0.5053048739568786}, "22": {"AUC": NaN, "kappa": NaN, "f1": NaN, "precision": NaN, "recall": NaN, "average_precision": NaN, "Spearman_r": 0.6248582757366867, "Pearson_r": 0.782906188645889, "R2": 0.6120670498600773, "MAE": 0.12131570290785663, "MSE": 0.04636556821552855, "poisson_deviance_explained": 0.5732239583431198}, "23": {"AUC": NaN, "kappa": NaN, "f1": NaN, "precision": NaN, "recall": NaN, "average_precision": NaN, "Spearman_r": 0.625938673479905, "Pearson_r": 0.797010302480296, "R2": 0.6349766455973618, "MAE": 0.10985659946482854, "MSE": 0.04709284572733733, "poisson_deviance_explained": 0.6109130083566381}, "24": {"AUC": NaN, "kappa": NaN, "f1": NaN, "precision": NaN, "recall": NaN, "average_precision": NaN, "Spearman_r": 0.5769368922820972, "Pearson_r": 0.8233728187957109, "R2": 0.6778692858010477, "MAE": 0.07852105324626638, "MSE": 0.03393937063903315, "poisson_deviance_explained": 0.6812674575990079}, "25": {"AUC": NaN, "kappa": NaN, "f1": NaN, "precision": NaN, "recall": NaN, "average_precision": NaN, "Spearman_r": 0.5575637050527815, "Pearson_r": 0.7887091632092076, "R2": 0.6218050309556724, "MAE": 0.0799325270329652, "MSE": 0.03381812095312674, "poisson_deviance_explained": 0.6410839470593239}, "26": {"AUC": NaN, "kappa": NaN, "f1": NaN, "precision": NaN, "recall": NaN, "average_precision": NaN, "Spearman_r": 0.5755837158692303, "Pearson_r": 0.7923562933617244, "R2": 0.6277357739429137, "MAE": 0.08541367326321214, "MSE": 0.03554462309859897, "poisson_deviance_explained": 0.6476439894824233}, "27": {"AUC": NaN, "kappa": NaN, "f1": NaN, "precision": NaN, "recall": NaN, "average_precision": NaN, "Spearman_r": 0.5726945940853936,