{"1": {"AUC": NaN, "kappa": NaN, "f1": NaN, "precision": NaN, "recall": NaN, "average_precision": NaN, "Spearman_r": 0.42640921390909325, "Pearson_r": 0.717577116776595, "R2": 0.5147279588653577, "MAE": 0.05941109235059158, "MSE": 0.02912200253755549, "poisson_deviance_explained": 0.6315094880005806}, "2": {"AUC": NaN, "kappa": NaN, "f1": NaN, "precision": NaN, "recall": NaN, "average_precision": NaN, "Spearman_r": 0.5365266567946287, "Pearson_r": 0.7531859419431166, "R2": 0.5662665721186095, "MAE": 0.08748072556339662, "MSE": 0.0383726849854472, "poisson_deviance_explained": 0.6240052197842629}, "3": {"AUC": NaN, "kappa": NaN, "f1": NaN, "precision": NaN, "recall": NaN, "average_precision": NaN, "Spearman_r": 0.4686073483048, "Pearson_r": 0.7955760233351377, "R2": 0.6321751683654363, "MAE": 0.05986896387279216, "MSE": 0.02882787321900633, "poisson_deviance_explained": 0.7126019732047498}, "4": {"AUC": NaN, "kappa": NaN, "f1": NaN, "precision": NaN, "recall": NaN, "average_precision": NaN, "Spearman_r": 0.5166288762461991, "Pearson_r": 0.7562614523889256, "R2": 0.5718283925592931, "MAE": 0.07409280474635557, "MSE": 0.031965613554737315, "poisson_deviance_explained": 0.6332323199974064}, "5": {"AUC": NaN, "kappa": NaN, "f1": NaN, "precision": NaN, "recall": NaN, "average_precision": NaN, "Spearman_r": 0.5661763195354053, "Pearson_r": 0.7425147752103612, "R2": 0.5505982004269137, "MAE": 0.09331031476018116, "MSE": 0.04034115892350811, "poisson_deviance_explained": 0.5663634675971521}, "6": {"AUC": NaN, "kappa": NaN, "f1": NaN, "precision": NaN, "recall": NaN, "average_precision": NaN, "Spearman_r": 0.5241879654889929, "Pearson_r": 0.758012517910586, "R2": 0.5743912189291354, "MAE": 0.07317115062082763, "MSE": 0.030700909148678658, "poisson_deviance_explained": 0.6283540763904356}, "7": {"AUC": NaN, "kappa": NaN, "f1": NaN, "precision": NaN, "recall": NaN, "average_precision": NaN, "Spearman_r": 0.4636851119924336, "Pearson_r": 0.7412648992411468, "R2": 0.547574771401077, "MAE": 0.07033000588318469, "MSE": 0.031201412537761774, "poisson_deviance_explained": 0.5847907864542714}, "8": {"AUC": NaN, "kappa": NaN, "f1": NaN, "precision": NaN, "recall": NaN, "average_precision": NaN, "Spearman_r": 0.4647428612814212, "Pearson_r": 0.7229577942668153, "R2": 0.522078208769115, "MAE": 0.07634646355025716, "MSE": 0.031513444019980005, "poisson_deviance_explained": 0.5411791149901859}, "9": {"AUC": NaN, "kappa": NaN, "f1": NaN, "precision": NaN, "recall": NaN, "average_precision": NaN, "Spearman_r": 0.5149286621293526, "Pearson_r": 0.7317860299815929, "R2": 0.534375833741296, "MAE": 0.09353042321448843, "MSE": 0.03767072777209656, "poisson_deviance_explained": 0.5528754997066045}, "10": {"AUC": NaN, "kappa": NaN, "f1": NaN, "precision": NaN, "recall": NaN, "average_precision": NaN, "Spearman_r": 0.5297077699972895, "Pearson_r": 0.7350939360691247, "R2": 0.536111870226515, "MAE": 0.120269762900691, "MSE": 0.046396426846393606, "poisson_deviance_explained": 0.5244694247921491}, "11": {"AUC": NaN, "kappa": NaN, "f1": NaN, "precision": NaN, "recall": NaN, "average_precision": NaN, "Spearman_r": 0.5017482184481369, "Pearson_r": 0.6335608385205813, "R2": 0.39446961226000044, "MAE": 0.16015321213073166, "MSE": 0.05859259909831037, "poisson_deviance_explained": 0.36682056906630145}, "12": {"AUC": NaN, "kappa": NaN, "f1": NaN, "precision": NaN, "recall": NaN, "average_precision": NaN, "Spearman_r": 0.5073909557036191, "Pearson_r": 0.6365310138262452, "R2": 0.4021833800831679, "MAE": 0.17004904807046453, "MSE": 0.06377208699947355, "poisson_deviance_explained": 0.3621013942585264}, "13": {"AUC": NaN, "kappa": NaN, "f1": NaN, "precision": NaN, "recall": NaN, "average_precision": NaN, "Spearman_r": 0.5404809760518746, "Pearson_r": 0.6915371598749767, "R2": 0.4755435206927573, "MAE": 0.1443522437785622, "MSE": 0.052691676024127714, "poisson_deviance_explained": 0.44154482730121714}, "14": {"AUC": NaN, "kappa": NaN, "f1": NaN, "precision": NaN, "recall": NaN, "average_precision": NaN, "Spearman_r": 0.5692433582800086, "Pearson_r": 0.6699211946829402, "R2": 0.4469038928220904, "MAE": 0.16424264344566178, "MSE": 0.05912559271675072, "poisson_deviance_explained": 0.42024427127523956}, "15": {"AUC": NaN, "kappa": NaN, "f1": NaN, "precision": NaN, "recall": NaN, "average_precision": NaN, "Spearman_r": 0.5468988635168669, "Pearson_r": 0.6631445052407913, "R2": 0.4372132768559398, "MAE": 0.15094978262296738, "MSE": 0.05688273233065511, "poisson_deviance_explained": 0.4171276118807443}, "16": {"AUC": NaN, "kappa": NaN, "f1": NaN, "precision": NaN, "recall": NaN, "average_precision": NaN, "Spearman_r": 0.5654274344496992, "Pearson_r": 0.689991622422977, "R2": 0.4734019451044723, "MAE": 0.16284743495586293, "MSE": 0.06293187847583412, "poisson_deviance_explained": 0.4280688582350499}, "17": {"AUC": NaN, "kappa": NaN, "f1": NaN, "precision": NaN, "recall": NaN, "average_precision": NaN, "Spearman_r": 0.609786515227501, "Pearson_r": 0.7111398062737503, "R2": 0.5022683997432391, "MAE": 0.17072007560033414, "MSE": 0.06525659834725754, "poisson_deviance_explained": 0.4528816026476311}, "18": {"AUC": NaN, "kappa": NaN, "f1": NaN, "precision": NaN, "recall": NaN, "average_precision": NaN, "Spearman_r": 0.5683627909607435, "Pearson_r": 0.6765376647999609, "R2": 0.4560269529935941, "MAE": 0.1564137619436469, "MSE": 0.05804990522018019, "poisson_deviance_explained": 0.4330758900783891}, "19": {"AUC": NaN, "kappa": NaN, "f1": NaN, "precision": NaN, "recall": NaN, "average_precision": NaN, "Spearman_r": 0.5896828769479928, "Pearson_r": 0.6582194005149156, "R2": 0.4289242209612545, "MAE": 0.1855748778952087, "MSE": 0.06917016125374749, "poisson_deviance_explained": 0.38426998249795363}, "20": {"AUC": NaN, "kappa": NaN, "f1": NaN, "precision": NaN, "recall": NaN, "average_precision": NaN, "Spearman_r": 0.5973168633781472, "Pearson_r": 0.6707624685129558, "R2": 0.44395578136036007, "MAE": 0.18141701571163246, "MSE": 0.06875209899080309, "poisson_deviance_explained": 0.4044208347945851}, "21": {"AUC": NaN, "kappa": NaN, "f1": NaN, "precision": NaN, "recall": NaN, "average_precision": NaN, "Spearman_r": 0.5402770152431748, "Pearson_r": 0.6523151791021506, "R2": 0.42198875853277573, "MAE": 0.1555479055356321, "MSE": 0.05452011059655595, "poisson_deviance_explained": 0.39958650015967245}, "22": {"AUC": NaN, "kappa": NaN, "f1": NaN, "precision": NaN, "recall": NaN, "average_precision": NaN, "Spearman_r": 0.5708072629671456, "Pearson_r": 0.6894500136198627, "R2": 0.473653108988246, "MAE": 0.1419187413531677, "MSE": 0.050833226579905307, "poisson_deviance_explained": 0.44319734731166616}, "23": {"AUC": NaN, "kappa": NaN, "f1": NaN, "precision": NaN, "recall": NaN, "average_precision": NaN, "Spearman_r": 0.467595760911716, "Pearson_r": 0.7416269779814959, "R2": 0.5485995219844122, "MAE": 0.06974332490054215, "MSE": 0.027834931868744927, "poisson_deviance_explained": 0.5916857043896503}, "24": {"AUC": NaN, "kappa": NaN, "f1": NaN, "precision": NaN, "recall": NaN, "average_precision": NaN, "Spearman_r": 0.5174702823165513, "Pearson_r": 0.7585395095401569, "R2": 0.5728765326760087, "MAE": 0.08210483817016893, "MSE": 0.03247004643180727, "poisson_deviance_explained": 0.5777124030814587}, "25": {"AUC": NaN, "kappa": NaN, "f1": NaN, "precision": NaN, "recall": NaN, "average_precision": NaN, "Spearman_r": 0.5330482553733827, "Pearson_r": 0.7033061133114693, "R2": 0.4943790199219067, "MAE": 0.08850240403361738, "MSE": 0.041214707538441475, "poisson_deviance_explained": 0.561555823581107}, "26": {"AUC": NaN, "kappa": NaN, "f1": NaN, "precision": NaN, "recall": NaN, "average_precision": NaN, "Spearman_r": 0.4521631903427328, "Pearson_r": 0.7051536549788175, "R2": 0.49209289069172624, "MAE": 0.07585014203306735, "MSE": 0.036111444435474205, "poisson_deviance_explained": 0.5861165047800044}, "27": {"AUC": NaN, "kappa": NaN, "f1": NaN, "precision": NaN, "recall": NaN, "average_precision": NaN,