{"1": {"AUC": NaN, "kappa": NaN, "f1": NaN, "precision": NaN, "recall": NaN, "average_precision": NaN, "Spearman_r": 0.49972349126219984, "Pearson_r": 0.7221938819160746, "R2": 0.5204931524960936, "MAE": 0.07607214967378148, "MSE": 0.0325891663311462, "poisson_deviance_explained": 0.602562463670123}, "2": {"AUC": NaN, "kappa": NaN, "f1": NaN, "precision": NaN, "recall": NaN, "average_precision": NaN, "Spearman_r": 0.5012377716132635, "Pearson_r": 0.7116922965532394, "R2": 0.5033891933254001, "MAE": 0.0774027668079902, "MSE": 0.035751206562418536, "poisson_deviance_explained": 0.592940635337031}, "3": {"AUC": NaN, "kappa": NaN, "f1": NaN, "precision": NaN, "recall": NaN, "average_precision": NaN, "Spearman_r": 0.5590636911196968, "Pearson_r": 0.7572868528468752, "R2": 0.5733028531446605, "MAE": 0.08699600490378816, "MSE": 0.03631921978104979, "poisson_deviance_explained": 0.6026557155151873}, "4": {"AUC": NaN, "kappa": NaN, "f1": NaN, "precision": NaN, "recall": NaN, "average_precision": NaN, "Spearman_r": 0.4404378920779854, "Pearson_r": 0.7530670038145733, "R2": 0.5669597721946881, "MAE": 0.051898042969952735, "MSE": 0.023313448497369747, "poisson_deviance_explained": 0.6659076879637837}, "5": {"AUC": NaN, "kappa": NaN, "f1": NaN, "precision": NaN, "recall": NaN, "average_precision": NaN, "Spearman_r": 0.5312957505790319, "Pearson_r": 0.7404833832813428, "R2": 0.5478251037524214, "MAE": 0.08715540945091318, "MSE": 0.04116026111048483, "poisson_deviance_explained": 0.6112201902767106}, "6": {"AUC": NaN, "kappa": NaN, "f1": NaN, "precision": NaN, "recall": NaN, "average_precision": NaN, "Spearman_r": 0.43829220864798957, "Pearson_r": 0.7649361469086883, "R2": 0.5848949596288373, "MAE": 0.05151875470240525, "MSE": 0.02299750812361594, "poisson_deviance_explained": 0.6775984002741415}, "7": {"AUC": NaN, "kappa": NaN, "f1": NaN, "precision": NaN, "recall": NaN, "average_precision": NaN, "Spearman_r": 0.5040711416728147, "Pearson_r": 0.7563171818897266, "R2": 0.5717020259767255, "MAE": 0.06940098678643694, "MSE": 0.032456456450962776, "poisson_deviance_explained": 0.6465385964972798}, "8": {"AUC": NaN, "kappa": NaN, "f1": NaN, "precision": NaN, "recall": NaN, "average_precision": NaN, "Spearman_r": 0.3899089304097915, "Pearson_r": 0.7739244714738278, "R2": 0.5982834560030267, "MAE": 0.040089100791152146, "MSE": 0.014766579221560328, "poisson_deviance_explained": 0.6499070164285375}, "9": {"AUC": NaN, "kappa": NaN, "f1": NaN, "precision": NaN, "recall": NaN, "average_precision": NaN, "Spearman_r": 0.44630393277103914, "Pearson_r": 0.7070589056653506, "R2": 0.49945847193787973, "MAE": 0.06623729495603504, "MSE": 0.026765958105539483, "poisson_deviance_explained": 0.5516010514052274}, "10": {"AUC": NaN, "kappa": NaN, "f1": NaN, "precision": NaN, "recall": NaN, "average_precision": NaN, "Spearman_r": 0.5068822144732403, "Pearson_r": 0.7056216700143857, "R2": 0.4977841700204618, "MAE": 0.1013880743363104, "MSE": 0.04181971749857648, "poisson_deviance_explained": 0.5110094378022434}, "11": {"AUC": NaN, "kappa": NaN, "f1": NaN, "precision": NaN, "recall": NaN, "average_precision": NaN, "Spearman_r": 0.4892310056099167, "Pearson_r": 0.6172974474265257, "R2": 0.3808861618987963, "MAE": 0.1454854572581496, "MSE": 0.05597918747618201, "poisson_deviance_explained": 0.37357017184982555}, "12": {"AUC": NaN, "kappa": NaN, "f1": NaN, "precision": NaN, "recall": NaN, "average_precision": NaN, "Spearman_r": 0.4667339049783044, "Pearson_r": 0.6173957014361042, "R2": 0.38045317317291527, "MAE": 0.1414420113309307, "MSE": 0.052240240755323936, "poisson_deviance_explained": 0.3550135796444963}, "13": {"AUC": NaN, "kappa": NaN, "f1": NaN, "precision": NaN, "recall": NaN, "average_precision": NaN, "Spearman_r": 0.5151936305963534, "Pearson_r": 0.6429949112665293, "R2": 0.41279879861451396, "MAE": 0.139580394233747, "MSE": 0.05282541047556947, "poisson_deviance_explained": 0.4081820522721741}, "14": {"AUC": NaN, "kappa": NaN, "f1": NaN, "precision": NaN, "recall": NaN, "average_precision": NaN, "Spearman_r": 0.5289053352789429, "Pearson_r": 0.6581524364038015, "R2": 0.43277971830413275, "MAE": 0.14650506096852597, "MSE": 0.058429891538884185, "poisson_deviance_explained": 0.41816446463459733}, "15": {"AUC": NaN, "kappa": NaN, "f1": NaN, "precision": NaN, "recall": NaN, "average_precision": NaN, "Spearman_r": 0.538635014253606, "Pearson_r": 0.6302812625265852, "R2": 0.39647341730673025, "MAE": 0.16794899722901876, "MSE": 0.06676164555611933, "poisson_deviance_explained": 0.3737935720959785}, "16": {"AUC": NaN, "kappa": NaN, "f1": NaN, "precision": NaN, "recall": NaN, "average_precision": NaN, "Spearman_r": 0.5156090787159289, "Pearson_r": 0.6417374603912513, "R2": 0.41037333477372095, "MAE": 0.15370446690823752, "MSE": 0.062022781753742325, "poisson_deviance_explained": 0.3843877069004331}, "17": {"AUC": NaN, "kappa": NaN, "f1": NaN, "precision": NaN, "recall": NaN, "average_precision": NaN, "Spearman_r": 0.5622737547804734, "Pearson_r": 0.6576105850843156, "R2": 0.43242877211561315, "MAE": 0.17265812789838994, "MSE": 0.06786325657312532, "poisson_deviance_explained": 0.3929401883624045}, "18": {"AUC": NaN, "kappa": NaN, "f1": NaN, "precision": NaN, "recall": NaN, "average_precision": NaN, "Spearman_r": 0.5806033384814916, "Pearson_r": 0.6912452243692075, "R2": 0.477333181309495, "MAE": 0.1778417499902286, "MSE": 0.07174255589299128, "poisson_deviance_explained": 0.4176099671091734}, "19": {"AUC": NaN, "kappa": NaN, "f1": NaN, "precision": NaN, "recall": NaN, "average_precision": NaN, "Spearman_r": 0.5939513921317865, "Pearson_r": 0.6952453531291104, "R2": 0.48158794468535016, "MAE": 0.17685332232733378, "MSE": 0.06648484375475541, "poisson_deviance_explained": 0.41683791034523454}, "20": {"AUC": NaN, "kappa": NaN, "f1": NaN, "precision": NaN, "recall": NaN, "average_precision": NaN, "Spearman_r": 0.6035467170966786, "Pearson_r": 0.6672841257352178, "R2": 0.44524931692176384, "MAE": 0.19411820529649437, "MSE": 0.07977960396631259, "poisson_deviance_explained": 0.39577213864047567}, "21": {"AUC": NaN, "kappa": NaN, "f1": NaN, "precision": NaN, "recall": NaN, "average_precision": NaN, "Spearman_r": 0.5386240941076766, "Pearson_r": 0.6410840914609941, "R2": 0.4099013421323313, "MAE": 0.16030428357496312, "MSE": 0.05982517501041944, "poisson_deviance_explained": 0.37373723169910444}, "22": {"AUC": NaN, "kappa": NaN, "f1": NaN, "precision": NaN, "recall": NaN, "average_precision": NaN, "Spearman_r": 0.5460721965865778, "Pearson_r": 0.7063327362881838, "R2": 0.4988020522370278, "MAE": 0.11969380716224899, "MSE": 0.0470340695579246, "poisson_deviance_explained": 0.487311010010407}, "23": {"AUC": NaN, "kappa": NaN, "f1": NaN, "precision": NaN, "recall": NaN, "average_precision": NaN, "Spearman_r": 0.5502216259149192, "Pearson_r": 0.7438635141412762, "R2": 0.5528882394815362, "MAE": 0.09221001811794524, "MSE": 0.03609276550100639, "poisson_deviance_explained": 0.5728920733312597}, "24": {"AUC": NaN, "kappa": NaN, "f1": NaN, "precision": NaN, "recall": NaN, "average_precision": NaN, "Spearman_r": 0.4651325726722302, "Pearson_r": 0.7545671036732127, "R2": 0.5692711988050153, "MAE": 0.0654567501052561, "MSE": 0.029039682363728104, "poisson_deviance_explained": 0.6274969151469167}, "25": {"AUC": NaN, "kappa": NaN, "f1": NaN, "precision": NaN, "recall": NaN, "average_precision": NaN, "Spearman_r": 0.49530303215692784, "Pearson_r": 0.7387098437116407, "R2": 0.5431873397075435, "MAE": 0.06912143209120347, "MSE": 0.029656394715150736, "poisson_deviance_explained": 0.6129738687215005}, "26": {"AUC": NaN, "kappa": NaN, "f1": NaN, "precision": NaN, "recall": NaN, "average_precision": NaN, "Spearman_r": 0.5319051635475728, "Pearson_r": 0.7372528926064125, "R2": 0.5431869811250923, "MAE": 0.08114990004707011, "MSE": 0.033852347240322864, "poisson_deviance_explained": 0.6204376863306732}, "27": {"AUC": NaN, "kappa": NaN, "f1": NaN, "precision": NaN, "recall": NaN, "average_precision": NaN,