{"1": {"AUC": NaN, "kappa": NaN, "f1": NaN, "precision": NaN, "recall": NaN, "average_precision": NaN, "Spearman_r": 0.4923581683087147, "Pearson_r": 0.768315007488065, "R2": 0.5891773382230241, "MAE": 0.07029713175887173, "MSE": 0.033454616044681355, "poisson_deviance_explained": 0.6648850362194945}, "2": {"AUC": NaN, "kappa": NaN, "f1": NaN, "precision": NaN, "recall": NaN, "average_precision": NaN, "Spearman_r": 0.5779799079909228, "Pearson_r": 0.7745042890807767, "R2": 0.5997887870064376, "MAE": 0.0952945693579029, "MSE": 0.0433247047027908, "poisson_deviance_explained": 0.6123040308512575}, "3": {"AUC": NaN, "kappa": NaN, "f1": NaN, "precision": NaN, "recall": NaN, "average_precision": NaN, "Spearman_r": 0.539902117246141, "Pearson_r": 0.7825538567502073, "R2": 0.6119980268774865, "MAE": 0.07913518612977472, "MSE": 0.03586439105625878, "poisson_deviance_explained": 0.6574518209844243}, "4": {"AUC": NaN, "kappa": NaN, "f1": NaN, "precision": NaN, "recall": NaN, "average_precision": NaN, "Spearman_r": 0.5220738570961002, "Pearson_r": 0.7743257459678017, "R2": 0.5978633530142621, "MAE": 0.07560975218409362, "MSE": 0.03417581632834465, "poisson_deviance_explained": 0.6450967608011097}, "5": {"AUC": NaN, "kappa": NaN, "f1": NaN, "precision": NaN, "recall": NaN, "average_precision": NaN, "Spearman_r": 0.5568052017811922, "Pearson_r": 0.801039137700746, "R2": 0.6414075399538564, "MAE": 0.0796055727590148, "MSE": 0.03613979100973946, "poisson_deviance_explained": 0.6715620937515777}, "6": {"AUC": NaN, "kappa": NaN, "f1": NaN, "precision": NaN, "recall": NaN, "average_precision": NaN, "Spearman_r": 0.6001189845889262, "Pearson_r": 0.7776693023311405, "R2": 0.6043998329668974, "MAE": 0.10902899998869882, "MSE": 0.050194351790358666, "poisson_deviance_explained": 0.6241035590763219}, "7": {"AUC": NaN, "kappa": NaN, "f1": NaN, "precision": NaN, "recall": NaN, "average_precision": NaN, "Spearman_r": 0.5207123732322945, "Pearson_r": 0.7912009143519836, "R2": 0.6258795710862787, "MAE": 0.06974133337634619, "MSE": 0.030592630457662816, "poisson_deviance_explained": 0.6750053667091752}, "8": {"AUC": NaN, "kappa": NaN, "f1": NaN, "precision": NaN, "recall": NaN, "average_precision": NaN, "Spearman_r": 0.5557718212676624, "Pearson_r": 0.7877528581111082, "R2": 0.620212747607762, "MAE": 0.08865024711231216, "MSE": 0.03915303855559801, "poisson_deviance_explained": 0.6285692224599657}, "9": {"AUC": NaN, "kappa": NaN, "f1": NaN, "precision": NaN, "recall": NaN, "average_precision": NaN, "Spearman_r": 0.5315064672719327, "Pearson_r": 0.7832504736193197, "R2": 0.6125076599049524, "MAE": 0.07926975960928301, "MSE": 0.03396039692558444, "poisson_deviance_explained": 0.6316689553453987}, "10": {"AUC": NaN, "kappa": NaN, "f1": NaN, "precision": NaN, "recall": NaN, "average_precision": NaN, "Spearman_r": 0.5088141357007339, "Pearson_r": 0.7487973513868675, "R2": 0.5599634108424645, "MAE": 0.09723834825516862, "MSE": 0.03841065265538944, "poisson_deviance_explained": 0.5461095884927393}, "11": {"AUC": NaN, "kappa": NaN, "f1": NaN, "precision": NaN, "recall": NaN, "average_precision": NaN, "Spearman_r": 0.5143013797210005, "Pearson_r": 0.7015333301365065, "R2": 0.4915729986739886, "MAE": 0.13597558713464294, "MSE": 0.053461270897451, "poisson_deviance_explained": 0.46332050525237234}, "12": {"AUC": NaN, "kappa": NaN, "f1": NaN, "precision": NaN, "recall": NaN, "average_precision": NaN, "Spearman_r": 0.5678566816942281, "Pearson_r": 0.6975454713277036, "R2": 0.48644784214624903, "MAE": 0.15267956380233105, "MSE": 0.058735640417580254, "poisson_deviance_explained": 0.4503691597072419}, "13": {"AUC": NaN, "kappa": NaN, "f1": NaN, "precision": NaN, "recall": NaN, "average_precision": NaN, "Spearman_r": 0.5832847698362491, "Pearson_r": 0.7215345139373703, "R2": 0.5200077414485714, "MAE": 0.1516983667945938, "MSE": 0.059470741396963386, "poisson_deviance_explained": 0.4841815307313906}, "14": {"AUC": NaN, "kappa": NaN, "f1": NaN, "precision": NaN, "recall": NaN, "average_precision": NaN, "Spearman_r": 0.570003069477109, "Pearson_r": 0.7062539024188468, "R2": 0.49824550896018704, "MAE": 0.14749117041363777, "MSE": 0.05832627000637179, "poisson_deviance_explained": 0.46300281490293005}, "15": {"AUC": NaN, "kappa": NaN, "f1": NaN, "precision": NaN, "recall": NaN, "average_precision": NaN, "Spearman_r": 0.5897905795732045, "Pearson_r": 0.7232578665171895, "R2": 0.5228600778425172, "MAE": 0.16010534454650585, "MSE": 0.06482879834911069, "poisson_deviance_explained": 0.4762452893158283}, "16": {"AUC": NaN, "kappa": NaN, "f1": NaN, "precision": NaN, "recall": NaN, "average_precision": NaN, "Spearman_r": 0.5936313412174714, "Pearson_r": 0.7261080241143671, "R2": 0.5271970563712167, "MAE": 0.16880421315190347, "MSE": 0.07202808613180893, "poisson_deviance_explained": 0.47175835746502903}, "17": {"AUC": NaN, "kappa": NaN, "f1": NaN, "precision": NaN, "recall": NaN, "average_precision": NaN, "Spearman_r": 0.5789084146717572, "Pearson_r": 0.7259329118167016, "R2": 0.526543398865347, "MAE": 0.1582288523009838, "MSE": 0.06310299739383413, "poisson_deviance_explained": 0.47147941002898186}, "18": {"AUC": NaN, "kappa": NaN, "f1": NaN, "precision": NaN, "recall": NaN, "average_precision": NaN, "Spearman_r": 0.6100088313814974, "Pearson_r": 0.7441386508040004, "R2": 0.5531467959018324, "MAE": 0.17685729198272246, "MSE": 0.07050895742686446, "poisson_deviance_explained": 0.47786827346372396}, "19": {"AUC": NaN, "kappa": NaN, "f1": NaN, "precision": NaN, "recall": NaN, "average_precision": NaN, "Spearman_r": 0.6121552114543499, "Pearson_r": 0.7155100661593504, "R2": 0.511542010986652, "MAE": 0.17641962807655542, "MSE": 0.06868029856689492, "poisson_deviance_explained": 0.44657310636635894}, "20": {"AUC": NaN, "kappa": NaN, "f1": NaN, "precision": NaN, "recall": NaN, "average_precision": NaN, "Spearman_r": 0.6156243566936473, "Pearson_r": 0.7079608591216714, "R2": 0.5005411615218588, "MAE": 0.17959899765720577, "MSE": 0.06768605437674462, "poisson_deviance_explained": 0.43345402554710755}, "21": {"AUC": NaN, "kappa": NaN, "f1": NaN, "precision": NaN, "recall": NaN, "average_precision": NaN, "Spearman_r": 0.6208547048602732, "Pearson_r": 0.7354343130719846, "R2": 0.5404927363540659, "MAE": 0.1648454271839459, "MSE": 0.06534469538398638, "poisson_deviance_explained": 0.4763955229711694}, "22": {"AUC": NaN, "kappa": NaN, "f1": NaN, "precision": NaN, "recall": NaN, "average_precision": NaN, "Spearman_r": 0.5967884439743376, "Pearson_r": 0.7836609603020102, "R2": 0.6138787111951434, "MAE": 0.11405716335905566, "MSE": 0.04778476876356333, "poisson_deviance_explained": 0.5880444231998461}, "23": {"AUC": NaN, "kappa": NaN, "f1": NaN, "precision": NaN, "recall": NaN, "average_precision": NaN, "Spearman_r": 0.584295046729869, "Pearson_r": 0.7882790487301099, "R2": 0.6210736222870399, "MAE": 0.10345947234736509, "MSE": 0.046454956789668315, "poisson_deviance_explained": 0.6209029832979438}, "24": {"AUC": NaN, "kappa": NaN, "f1": NaN, "precision": NaN, "recall": NaN, "average_precision": NaN, "Spearman_r": 0.5492182381072802, "Pearson_r": 0.7873222545801791, "R2": 0.6195829898668316, "MAE": 0.08009660101131083, "MSE": 0.03492544404478632, "poisson_deviance_explained": 0.6421768374482797}, "25": {"AUC": NaN, "kappa": NaN, "f1": NaN, "precision": NaN, "recall": NaN, "average_precision": NaN, "Spearman_r": 0.5531663928699149, "Pearson_r": 0.7950482197684855, "R2": 0.6320066598821175, "MAE": 0.08381871763104942, "MSE": 0.038345664711508146, "poisson_deviance_explained": 0.6504065413710283}, "26": {"AUC": NaN, "kappa": NaN, "f1": NaN, "precision": NaN, "recall": NaN, "average_precision": NaN, "Spearman_r": 0.5302578197465195, "Pearson_r": 0.7873096607273865, "R2": 0.6198308465755503, "MAE": 0.07527671669382054, "MSE": 0.03397238836863176, "poisson_deviance_explained": 0.6530349459443202}, "27": {"AUC": NaN, "kappa": NaN, "f1": NaN, "precision": NaN, "recall": NaN, "average_precision": NaN,