{"1": {"AUC": NaN, "kappa": NaN, "f1": NaN, "precision": NaN, "recall": NaN, "average_precision": NaN, "Spearman_r": 0.44083341304986734, "Pearson_r": 0.7372220999134849, "R2": 0.5433310570467215, "MAE": 0.059135780704018044, "MSE": 0.02605742424893869, "poisson_deviance_explained": 0.6501219245936762}, "2": {"AUC": NaN, "kappa": NaN, "f1": NaN, "precision": NaN, "recall": NaN, "average_precision": NaN, "Spearman_r": 0.451144781431446, "Pearson_r": 0.7163452116832673, "R2": 0.5124780704880574, "MAE": 0.059887324182442435, "MSE": 0.024312560675986902, "poisson_deviance_explained": 0.6438090563007697}, "3": {"AUC": NaN, "kappa": NaN, "f1": NaN, "precision": NaN, "recall": NaN, "average_precision": NaN, "Spearman_r": 0.41240192661564895, "Pearson_r": 0.7617142539252723, "R2": 0.5798627167899442, "MAE": 0.04786099058214173, "MSE": 0.021211521867531925, "poisson_deviance_explained": 0.6859930381032369}, "4": {"AUC": NaN, "kappa": NaN, "f1": NaN, "precision": NaN, "recall": NaN, "average_precision": NaN, "Spearman_r": 0.40224491929637474, "Pearson_r": 0.7495918726818397, "R2": 0.5616129758240458, "MAE": 0.049404294765784285, "MSE": 0.02160334443835659, "poisson_deviance_explained": 0.6600217735622051}, "5": {"AUC": NaN, "kappa": NaN, "f1": NaN, "precision": NaN, "recall": NaN, "average_precision": NaN, "Spearman_r": 0.4806762572927953, "Pearson_r": 0.7594772616404908, "R2": 0.5753656404485912, "MAE": 0.0638457538545388, "MSE": 0.026675524792153835, "poisson_deviance_explained": 0.6430745603729029}, "6": {"AUC": NaN, "kappa": NaN, "f1": NaN, "precision": NaN, "recall": NaN, "average_precision": NaN, "Spearman_r": 0.46617549579218714, "Pearson_r": 0.7716090559807427, "R2": 0.592234342814461, "MAE": 0.057388579752160364, "MSE": 0.025254305022500496, "poisson_deviance_explained": 0.6679219602682401}, "7": {"AUC": NaN, "kappa": NaN, "f1": NaN, "precision": NaN, "recall": NaN, "average_precision": NaN, "Spearman_r": 0.5061219804805409, "Pearson_r": 0.7636592280471018, "R2": 0.5794787270740792, "MAE": 0.07919247985807773, "MSE": 0.03503552601489981, "poisson_deviance_explained": 0.6344549003119401}, "8": {"AUC": NaN, "kappa": NaN, "f1": NaN, "precision": NaN, "recall": NaN, "average_precision": NaN, "Spearman_r": 0.506425403613622, "Pearson_r": 0.740497369812651, "R2": 0.5457777732866627, "MAE": 0.08605593978733184, "MSE": 0.03467975400590121, "poisson_deviance_explained": 0.5907733467910752}, "9": {"AUC": NaN, "kappa": NaN, "f1": NaN, "precision": NaN, "recall": NaN, "average_precision": NaN, "Spearman_r": 0.5545633343980092, "Pearson_r": 0.7287878184554596, "R2": 0.528226851573012, "MAE": 0.10762553860289818, "MSE": 0.043861383489973475, "poisson_deviance_explained": 0.5370745798354355}, "10": {"AUC": NaN, "kappa": NaN, "f1": NaN, "precision": NaN, "recall": NaN, "average_precision": NaN, "Spearman_r": 0.5424435355428109, "Pearson_r": 0.7105239121217708, "R2": 0.5010567578645455, "MAE": 0.12400850123630434, "MSE": 0.04965815208182923, "poisson_deviance_explained": 0.5001736717092959}, "11": {"AUC": NaN, "kappa": NaN, "f1": NaN, "precision": NaN, "recall": NaN, "average_precision": NaN, "Spearman_r": 0.5077468876686303, "Pearson_r": 0.6377393563849415, "R2": 0.40446429980190557, "MAE": 0.1574726786277751, "MSE": 0.05923280401315877, "poisson_deviance_explained": 0.3888049025960163}, "12": {"AUC": NaN, "kappa": NaN, "f1": NaN, "precision": NaN, "recall": NaN, "average_precision": NaN, "Spearman_r": 0.5005299249132911, "Pearson_r": 0.6278505047752435, "R2": 0.3909849279158857, "MAE": 0.1623609208167052, "MSE": 0.059832952397446314, "poisson_deviance_explained": 0.3683228437946181}, "13": {"AUC": NaN, "kappa": NaN, "f1": NaN, "precision": NaN, "recall": NaN, "average_precision": NaN, "Spearman_r": 0.519066413225612, "Pearson_r": 0.6579476822127004, "R2": 0.4306700318141615, "MAE": 0.14652211352199246, "MSE": 0.053926771027677886, "poisson_deviance_explained": 0.41381299503265856}, "14": {"AUC": NaN, "kappa": NaN, "f1": NaN, "precision": NaN, "recall": NaN, "average_precision": NaN, "Spearman_r": 0.5235671284199109, "Pearson_r": 0.6679646314151778, "R2": 0.4444486770693421, "MAE": 0.14035719664914018, "MSE": 0.05148073405534782, "poisson_deviance_explained": 0.4213145063731798}, "15": {"AUC": NaN, "kappa": NaN, "f1": NaN, "precision": NaN, "recall": NaN, "average_precision": NaN, "Spearman_r": 0.5640641045386129, "Pearson_r": 0.6731272364033005, "R2": 0.45135985726658423, "MAE": 0.16813239191917242, "MSE": 0.06797193998156155, "poisson_deviance_explained": 0.4309690564735652}, "16": {"AUC": NaN, "kappa": NaN, "f1": NaN, "precision": NaN, "recall": NaN, "average_precision": NaN, "Spearman_r": 0.5312704482958096, "Pearson_r": 0.643126654010788, "R2": 0.41284854141985294, "MAE": 0.170830325966246, "MSE": 0.06961870764698397, "poisson_deviance_explained": 0.3801358145970487}, "17": {"AUC": NaN, "kappa": NaN, "f1": NaN, "precision": NaN, "recall": NaN, "average_precision": NaN, "Spearman_r": 0.5804336017770354, "Pearson_r": 0.6774216353723996, "R2": 0.4539242288962272, "MAE": 0.18080675358201884, "MSE": 0.06891145718327298, "poisson_deviance_explained": 0.41210276105653465}, "18": {"AUC": NaN, "kappa": NaN, "f1": NaN, "precision": NaN, "recall": NaN, "average_precision": NaN, "Spearman_r": 0.5663433316425237, "Pearson_r": 0.6830596963234201, "R2": 0.46316421247142925, "MAE": 0.1849975569713034, "MSE": 0.07298795245978322, "poisson_deviance_explained": 0.4202565373817354}, "19": {"AUC": NaN, "kappa": NaN, "f1": NaN, "precision": NaN, "recall": NaN, "average_precision": NaN, "Spearman_r": 0.6045362823078234, "Pearson_r": 0.686529498281275, "R2": 0.4654106062306762, "MAE": 0.1973909132003305, "MSE": 0.0752999804398509, "poisson_deviance_explained": 0.4191043450791423}, "20": {"AUC": NaN, "kappa": NaN, "f1": NaN, "precision": NaN, "recall": NaN, "average_precision": NaN, "Spearman_r": 0.5867208034769681, "Pearson_r": 0.6696711083372827, "R2": 0.4432820167759072, "MAE": 0.19159385979008506, "MSE": 0.0709840067907164, "poisson_deviance_explained": 0.3996093268758394}, "21": {"AUC": NaN, "kappa": NaN, "f1": NaN, "precision": NaN, "recall": NaN, "average_precision": NaN, "Spearman_r": 0.5646839885206203, "Pearson_r": 0.6644133720494818, "R2": 0.4390635076204331, "MAE": 0.16936985894775872, "MSE": 0.06237989989304303, "poisson_deviance_explained": 0.4075506505212475}, "22": {"AUC": NaN, "kappa": NaN, "f1": NaN, "precision": NaN, "recall": NaN, "average_precision": NaN, "Spearman_r": 0.5186518438597499, "Pearson_r": 0.687145176420869, "R2": 0.4691188272807235, "MAE": 0.11129620450290893, "MSE": 0.03956411325931802, "poisson_deviance_explained": 0.467426443544102}, "23": {"AUC": NaN, "kappa": NaN, "f1": NaN, "precision": NaN, "recall": NaN, "average_precision": NaN, "Spearman_r": 0.5226988207796182, "Pearson_r": 0.7201227860016529, "R2": 0.5178788948027058, "MAE": 0.08790370161543254, "MSE": 0.03321488385092146, "poisson_deviance_explained": 0.5508218964278335}, "24": {"AUC": NaN, "kappa": NaN, "f1": NaN, "precision": NaN, "recall": NaN, "average_precision": NaN, "Spearman_r": 0.5602925903484774, "Pearson_r": 0.7459006759669886, "R2": 0.5560176890658399, "MAE": 0.1003643223716562, "MSE": 0.04209507602488063, "poisson_deviance_explained": 0.5760317178874004}, "25": {"AUC": NaN, "kappa": NaN, "f1": NaN, "precision": NaN, "recall": NaN, "average_precision": NaN, "Spearman_r": 0.44358545431001434, "Pearson_r": 0.740127834358657, "R2": 0.5465380645552571, "MAE": 0.0587316514729704, "MSE": 0.024769098934068815, "poisson_deviance_explained": 0.629490631500851}, "26": {"AUC": NaN, "kappa": NaN, "f1": NaN, "precision": NaN, "recall": NaN, "average_precision": NaN, "Spearman_r": 0.45779730597703283, "Pearson_r": 0.7686591786056218, "R2": 0.5860574406514818, "MAE": 0.06053265312798342, "MSE": 0.02666558936373989, "poisson_deviance_explained": 0.6782576055873292}, "27": {"AUC": NaN, "kappa": NaN, "f1": NaN, "precision": NaN, "recall": NaN, "average_precision": NaN,