{"1": {"AUC": NaN, "kappa": NaN, "f1": NaN, "precision": NaN, "recall": NaN, "average_precision": NaN, "Spearman_r": 0.5188964611874717, "Pearson_r": 0.7401737771401556, "R2": 0.5476034200976243, "MAE": 0.08252602083888963, "MSE": 0.0387132077299439, "poisson_deviance_explained": 0.6113578194587601}, "2": {"AUC": NaN, "kappa": NaN, "f1": NaN, "precision": NaN, "recall": NaN, "average_precision": NaN, "Spearman_r": 0.5683436398680225, "Pearson_r": 0.6989577815856113, "R2": 0.4851267362454096, "MAE": 0.10188565992689019, "MSE": 0.045067703111835986, "poisson_deviance_explained": 0.5390478963109663}, "3": {"AUC": NaN, "kappa": NaN, "f1": NaN, "precision": NaN, "recall": NaN, "average_precision": NaN, "Spearman_r": 0.5181805377707819, "Pearson_r": 0.7391150285497632, "R2": 0.5454413723791233, "MAE": 0.08642494967463131, "MSE": 0.040010191195846874, "poisson_deviance_explained": 0.6087875297796311}, "4": {"AUC": NaN, "kappa": NaN, "f1": NaN, "precision": NaN, "recall": NaN, "average_precision": NaN, "Spearman_r": 0.5078858279300654, "Pearson_r": 0.7167056828027278, "R2": 0.5125149929490801, "MAE": 0.08853285090841999, "MSE": 0.039688690074265794, "poisson_deviance_explained": 0.5610906400721831}, "5": {"AUC": NaN, "kappa": NaN, "f1": NaN, "precision": NaN, "recall": NaN, "average_precision": NaN, "Spearman_r": 0.5309406208560292, "Pearson_r": 0.7536570377849154, "R2": 0.5678537886525856, "MAE": 0.0800547566248945, "MSE": 0.03596564238073988, "poisson_deviance_explained": 0.635242066346901}, "6": {"AUC": NaN, "kappa": NaN, "f1": NaN, "precision": NaN, "recall": NaN, "average_precision": NaN, "Spearman_r": 0.5179813764052272, "Pearson_r": 0.7713506268668898, "R2": 0.5949099101894668, "MAE": 0.07095883932102794, "MSE": 0.03127008524466434, "poisson_deviance_explained": 0.6618049051915089}, "7": {"AUC": NaN, "kappa": NaN, "f1": NaN, "precision": NaN, "recall": NaN, "average_precision": NaN, "Spearman_r": 0.5381019871771555, "Pearson_r": 0.7598601273885622, "R2": 0.5772876054317873, "MAE": 0.0847351306255461, "MSE": 0.03837902262914266, "poisson_deviance_explained": 0.6136993361600958}, "8": {"AUC": NaN, "kappa": NaN, "f1": NaN, "precision": NaN, "recall": NaN, "average_precision": NaN, "Spearman_r": 0.5376722440951313, "Pearson_r": 0.7540002427389161, "R2": 0.5683911784064477, "MAE": 0.08683737838545903, "MSE": 0.03700365969932751, "poisson_deviance_explained": 0.5936192315476738}, "9": {"AUC": NaN, "kappa": NaN, "f1": NaN, "precision": NaN, "recall": NaN, "average_precision": NaN, "Spearman_r": 0.5139209564462162, "Pearson_r": 0.7314332763976706, "R2": 0.5348937517806984, "MAE": 0.09063065429066444, "MSE": 0.03826895922867642, "poisson_deviance_explained": 0.5518286962023125}, "10": {"AUC": NaN, "kappa": NaN, "f1": NaN, "precision": NaN, "recall": NaN, "average_precision": NaN, "Spearman_r": 0.5348399809026847, "Pearson_r": 0.6857312166153482, "R2": 0.4701791547398413, "MAE": 0.12664616768839534, "MSE": 0.04937352101838334, "poisson_deviance_explained": 0.4527305956989507}, "11": {"AUC": NaN, "kappa": NaN, "f1": NaN, "precision": NaN, "recall": NaN, "average_precision": NaN, "Spearman_r": 0.5041094686426709, "Pearson_r": 0.6446712439424538, "R2": 0.41551134961505143, "MAE": 0.15872276289077525, "MSE": 0.06061523856128107, "poisson_deviance_explained": 0.3795036901222061}, "12": {"AUC": NaN, "kappa": NaN, "f1": NaN, "precision": NaN, "recall": NaN, "average_precision": NaN, "Spearman_r": 0.5273370939009245, "Pearson_r": 0.6606944130303857, "R2": 0.4361078115443775, "MAE": 0.15721132063091495, "MSE": 0.05934898408812881, "poisson_deviance_explained": 0.4065415694137652}, "13": {"AUC": NaN, "kappa": NaN, "f1": NaN, "precision": NaN, "recall": NaN, "average_precision": NaN, "Spearman_r": 0.5530527782513085, "Pearson_r": 0.6940596917489773, "R2": 0.48103168019580567, "MAE": 0.1495758232938452, "MSE": 0.05815434893093532, "poisson_deviance_explained": 0.4427259333694604}, "14": {"AUC": NaN, "kappa": NaN, "f1": NaN, "precision": NaN, "recall": NaN, "average_precision": NaN, "Spearman_r": 0.5622006179166164, "Pearson_r": 0.6825298489601946, "R2": 0.4650591910291405, "MAE": 0.14393184504958623, "MSE": 0.05512067390424326, "poisson_deviance_explained": 0.44634073350018955}, "15": {"AUC": NaN, "kappa": NaN, "f1": NaN, "precision": NaN, "recall": NaN, "average_precision": NaN, "Spearman_r": 0.5270637977283036, "Pearson_r": 0.6708823221759777, "R2": 0.44890129350708874, "MAE": 0.14921360011263124, "MSE": 0.05836569844115761, "poisson_deviance_explained": 0.4190861296108219}, "16": {"AUC": NaN, "kappa": NaN, "f1": NaN, "precision": NaN, "recall": NaN, "average_precision": NaN, "Spearman_r": 0.5819913151818751, "Pearson_r": 0.7005068474417014, "R2": 0.49058576894102035, "MAE": 0.1733958343894381, "MSE": 0.0716498247798933, "poisson_deviance_explained": 0.43729163835253904}, "17": {"AUC": NaN, "kappa": NaN, "f1": NaN, "precision": NaN, "recall": NaN, "average_precision": NaN, "Spearman_r": 0.5675610839170594, "Pearson_r": 0.687903443363046, "R2": 0.4727223231107458, "MAE": 0.16945194451830697, "MSE": 0.06768849055609785, "poisson_deviance_explained": 0.42908654875953267}, "18": {"AUC": NaN, "kappa": NaN, "f1": NaN, "precision": NaN, "recall": NaN, "average_precision": NaN, "Spearman_r": 0.6065644805153831, "Pearson_r": 0.7132671776263069, "R2": 0.508549117099518, "MAE": 0.190195281500682, "MSE": 0.07698870277757695, "poisson_deviance_explained": 0.43834986530127606}, "19": {"AUC": NaN, "kappa": NaN, "f1": NaN, "precision": NaN, "recall": NaN, "average_precision": NaN, "Spearman_r": 0.5836984774722422, "Pearson_r": 0.6897109189277646, "R2": 0.47527526921675123, "MAE": 0.18087607940687098, "MSE": 0.06790465958573587, "poisson_deviance_explained": 0.40592940497029106}, "20": {"AUC": NaN, "kappa": NaN, "f1": NaN, "precision": NaN, "recall": NaN, "average_precision": NaN, "Spearman_r": 0.5900424328981203, "Pearson_r": 0.6778728754917746, "R2": 0.45925078738112635, "MAE": 0.18043938172973326, "MSE": 0.06863819212988252, "poisson_deviance_explained": 0.40341333247883726}, "21": {"AUC": NaN, "kappa": NaN, "f1": NaN, "precision": NaN, "recall": NaN, "average_precision": NaN, "Spearman_r": 0.5794872960443933, "Pearson_r": 0.7090163376367874, "R2": 0.5018961014895243, "MAE": 0.16218177706311626, "MSE": 0.06309569913953209, "poisson_deviance_explained": 0.44864698917918844}, "22": {"AUC": NaN, "kappa": NaN, "f1": NaN, "precision": NaN, "recall": NaN, "average_precision": NaN, "Spearman_r": 0.5710409988566063, "Pearson_r": 0.7681857607961974, "R2": 0.5897948741391825, "MAE": 0.1038566045213932, "MSE": 0.040208077892386306, "poisson_deviance_explained": 0.560679215780209}, "23": {"AUC": NaN, "kappa": NaN, "f1": NaN, "precision": NaN, "recall": NaN, "average_precision": NaN, "Spearman_r": 0.5631599506595268, "Pearson_r": 0.7830184912702797, "R2": 0.6128347075462687, "MAE": 0.087800192581848, "MSE": 0.03807064615161014, "poisson_deviance_explained": 0.6389443070730869}, "24": {"AUC": NaN, "kappa": NaN, "f1": NaN, "precision": NaN, "recall": NaN, "average_precision": NaN, "Spearman_r": 0.5526886040436011, "Pearson_r": 0.7368569860441455, "R2": 0.5408662186450723, "MAE": 0.09007036765795624, "MSE": 0.03884742970566611, "poisson_deviance_explained": 0.5812088694220182}, "25": {"AUC": NaN, "kappa": NaN, "f1": NaN, "precision": NaN, "recall": NaN, "average_precision": NaN, "Spearman_r": 0.49335276432261715, "Pearson_r": 0.7599649615536399, "R2": 0.5767682607657112, "MAE": 0.06677602921995407, "MSE": 0.0292804072008819, "poisson_deviance_explained": 0.6393778986086618}, "26": {"AUC": NaN, "kappa": NaN, "f1": NaN, "precision": NaN, "recall": NaN, "average_precision": NaN, "Spearman_r": 0.4822622438570019, "Pearson_r": 0.7602172233377082, "R2": 0.5773058892601097, "MAE": 0.06702455802712146, "MSE": 0.02968528406793499, "poisson_deviance_explained": 0.6362649096046272}, "27": {"AUC": NaN, "kappa": NaN, "f1": NaN, "precision": NaN, "recall": NaN, "average_precision": NaN,