{"1": {"AUC": NaN, "kappa": NaN, "f1": NaN, "precision": NaN, "recall": NaN, "average_precision": NaN, "Spearman_r": 0.5590625522485445, "Pearson_r": 0.7777307122851497, "R2": 0.604332248278497, "MAE": 0.0870527481389401, "MSE": 0.04050350268338534, "poisson_deviance_explained": 0.6409430609658442}, "2": {"AUC": NaN, "kappa": NaN, "f1": NaN, "precision": NaN, "recall": NaN, "average_precision": NaN, "Spearman_r": 0.52205538828258, "Pearson_r": 0.7932828540693491, "R2": 0.6292746760093102, "MAE": 0.06964430657182347, "MSE": 0.03331062774661433, "poisson_deviance_explained": 0.693143599610702}, "3": {"AUC": NaN, "kappa": NaN, "f1": NaN, "precision": NaN, "recall": NaN, "average_precision": NaN, "Spearman_r": 0.5301335212973306, "Pearson_r": 0.7960205425273532, "R2": 0.6336370018353044, "MAE": 0.07262596024207757, "MSE": 0.03299679083971089, "poisson_deviance_explained": 0.6758395312318002}, "4": {"AUC": NaN, "kappa": NaN, "f1": NaN, "precision": NaN, "recall": NaN, "average_precision": NaN, "Spearman_r": 0.5532700872164243, "Pearson_r": 0.7776422325680524, "R2": 0.6047162245365214, "MAE": 0.08275779937496065, "MSE": 0.038175977986006325, "poisson_deviance_explained": 0.6385540762666084}, "5": {"AUC": NaN, "kappa": NaN, "f1": NaN, "precision": NaN, "recall": NaN, "average_precision": NaN, "Spearman_r": 0.5144412934015956, "Pearson_r": 0.7949522465603822, "R2": 0.6318946627661415, "MAE": 0.06840467477846493, "MSE": 0.032062561209737626, "poisson_deviance_explained": 0.6858331954428267}, "6": {"AUC": NaN, "kappa": NaN, "f1": NaN, "precision": NaN, "recall": NaN, "average_precision": NaN, "Spearman_r": 0.5226391935284583, "Pearson_r": 0.8033881209112423, "R2": 0.6454082723081609, "MAE": 0.07010025668892136, "MSE": 0.03333627206740357, "poisson_deviance_explained": 0.6824548026714486}, "7": {"AUC": NaN, "kappa": NaN, "f1": NaN, "precision": NaN, "recall": NaN, "average_precision": NaN, "Spearman_r": 0.5456733750699518, "Pearson_r": 0.7751053754795035, "R2": 0.6007730813317183, "MAE": 0.07924386659696071, "MSE": 0.035741311438045244, "poisson_deviance_explained": 0.6402221153100964}, "8": {"AUC": NaN, "kappa": NaN, "f1": NaN, "precision": NaN, "recall": NaN, "average_precision": NaN, "Spearman_r": 0.5575636213117297, "Pearson_r": 0.7802357034787173, "R2": 0.6086193804080727, "MAE": 0.08517441680079735, "MSE": 0.036404434666358634, "poisson_deviance_explained": 0.6222512765376652}, "9": {"AUC": NaN, "kappa": NaN, "f1": NaN, "precision": NaN, "recall": NaN, "average_precision": NaN, "Spearman_r": 0.5198247202248651, "Pearson_r": 0.7766590143710141, "R2": 0.6030179283266581, "MAE": 0.07594405613645284, "MSE": 0.03201491175524707, "poisson_deviance_explained": 0.6265438599355724}, "10": {"AUC": NaN, "kappa": NaN, "f1": NaN, "precision": NaN, "recall": NaN, "average_precision": NaN, "Spearman_r": 0.5489339752547051, "Pearson_r": 0.7331186687588688, "R2": 0.5374044969396494, "MAE": 0.11551115696977321, "MSE": 0.04569106936351725, "poisson_deviance_explained": 0.5191985555751821}, "11": {"AUC": NaN, "kappa": NaN, "f1": NaN, "precision": NaN, "recall": NaN, "average_precision": NaN, "Spearman_r": 0.5275587473186687, "Pearson_r": 0.6705781700939571, "R2": 0.44966566410467124, "MAE": 0.15422197722935568, "MSE": 0.062478350735753994, "poisson_deviance_explained": 0.42646507953245727}, "12": {"AUC": NaN, "kappa": NaN, "f1": NaN, "precision": NaN, "recall": NaN, "average_precision": NaN, "Spearman_r": 0.5400791571314076, "Pearson_r": 0.6727736820418585, "R2": 0.4524643879539484, "MAE": 0.15948215417730585, "MSE": 0.06125670855254169, "poisson_deviance_explained": 0.41753098215389184}, "13": {"AUC": NaN, "kappa": NaN, "f1": NaN, "precision": NaN, "recall": NaN, "average_precision": NaN, "Spearman_r": 0.5224312359292738, "Pearson_r": 0.6896417733225877, "R2": 0.47525160583409165, "MAE": 0.13933769978181149, "MSE": 0.05368652694396756, "poisson_deviance_explained": 0.4428433054751756}, "14": {"AUC": NaN, "kappa": NaN, "f1": NaN, "precision": NaN, "recall": NaN, "average_precision": NaN, "Spearman_r": 0.5333332128563464, "Pearson_r": 0.6788587111259818, "R2": 0.46062310890910374, "MAE": 0.14875546250037694, "MSE": 0.05911617380501498, "poisson_deviance_explained": 0.42649426680936786}, "15": {"AUC": NaN, "kappa": NaN, "f1": NaN, "precision": NaN, "recall": NaN, "average_precision": NaN, "Spearman_r": 0.5465056160154873, "Pearson_r": 0.7119480313868675, "R2": 0.5064831430445604, "MAE": 0.1492784276035574, "MSE": 0.05849449841445329, "poisson_deviance_explained": 0.4558712062073744}, "16": {"AUC": NaN, "kappa": NaN, "f1": NaN, "precision": NaN, "recall": NaN, "average_precision": NaN, "Spearman_r": 0.5629162695267186, "Pearson_r": 0.6961226496561631, "R2": 0.48442388745399956, "MAE": 0.16019878010331554, "MSE": 0.0672484440542705, "poisson_deviance_explained": 0.45173269533804083}, "17": {"AUC": NaN, "kappa": NaN, "f1": NaN, "precision": NaN, "recall": NaN, "average_precision": NaN, "Spearman_r": 0.6184662515916327, "Pearson_r": 0.7299481520248673, "R2": 0.5327423515719353, "MAE": 0.18776195286067374, "MSE": 0.08192168017329253, "poisson_deviance_explained": 0.4733502502503498}, "18": {"AUC": NaN, "kappa": NaN, "f1": NaN, "precision": NaN, "recall": NaN, "average_precision": NaN, "Spearman_r": 0.6143339103987124, "Pearson_r": 0.7287094285396518, "R2": 0.5303193318911372, "MAE": 0.18192277763572973, "MSE": 0.07420397318005324, "poisson_deviance_explained": 0.4564004039050802}, "19": {"AUC": NaN, "kappa": NaN, "f1": NaN, "precision": NaN, "recall": NaN, "average_precision": NaN, "Spearman_r": 0.6106771372785367, "Pearson_r": 0.7096391265860326, "R2": 0.503219899761592, "MAE": 0.1774135777565545, "MSE": 0.07151329029122731, "poisson_deviance_explained": 0.44521317513503267}, "20": {"AUC": NaN, "kappa": NaN, "f1": NaN, "precision": NaN, "recall": NaN, "average_precision": NaN, "Spearman_r": 0.6016429555639534, "Pearson_r": 0.7051898794927712, "R2": 0.4967736414007393, "MAE": 0.18326794834957086, "MSE": 0.07165002378365679, "poisson_deviance_explained": 0.43390244800484357}, "21": {"AUC": NaN, "kappa": NaN, "f1": NaN, "precision": NaN, "recall": NaN, "average_precision": NaN, "Spearman_r": 0.5828118174802229, "Pearson_r": 0.7151935449181356, "R2": 0.5104254831402812, "MAE": 0.15896346308145215, "MSE": 0.05889018760481534, "poisson_deviance_explained": 0.44727195945527}, "22": {"AUC": NaN, "kappa": NaN, "f1": NaN, "precision": NaN, "recall": NaN, "average_precision": NaN, "Spearman_r": 0.5829301532816331, "Pearson_r": 0.7384156745645829, "R2": 0.5448680104362386, "MAE": 0.13006962579358067, "MSE": 0.05085152283660404, "poisson_deviance_explained": 0.5145659164990615}, "23": {"AUC": NaN, "kappa": NaN, "f1": NaN, "precision": NaN, "recall": NaN, "average_precision": NaN, "Spearman_r": 0.6100870189027287, "Pearson_r": 0.7822947969914321, "R2": 0.611684180294418, "MAE": 0.12091961984769171, "MSE": 0.05585304166022027, "poisson_deviance_explained": 0.5968898163075197}, "24": {"AUC": NaN, "kappa": NaN, "f1": NaN, "precision": NaN, "recall": NaN, "average_precision": NaN, "Spearman_r": 0.5002717906620289, "Pearson_r": 0.7882843369105051, "R2": 0.6211134660542167, "MAE": 0.07169473924531825, "MSE": 0.033016052278884676, "poisson_deviance_explained": 0.6560698508317744}, "25": {"AUC": NaN, "kappa": NaN, "f1": NaN, "precision": NaN, "recall": NaN, "average_precision": NaN, "Spearman_r": 0.5366147126837516, "Pearson_r": 0.7967032061950966, "R2": 0.6342647330853253, "MAE": 0.07534588072568697, "MSE": 0.03677099118605445, "poisson_deviance_explained": 0.6808477039451587}, "26": {"AUC": NaN, "kappa": NaN, "f1": NaN, "precision": NaN, "recall": NaN, "average_precision": NaN, "Spearman_r": 0.5399574260209801, "Pearson_r": 0.759954597500286, "R2": 0.5767389066599693, "MAE": 0.08252129929305707, "MSE": 0.0367615631411993, "poisson_deviance_explained": 0.6312973310274973}, "27": {"AUC": NaN, "kappa": NaN, "f1": NaN, "precision": NaN, "recall": NaN, "average_precision": NaN,