{"AUC": NaN, "kappa": NaN, "f1": NaN, "precision": NaN, "recall": NaN, "average_precision": NaN, "Spearman_r": 0.5700879879124807, "Pearson_r": 0.7516206408298665, "R2": 0.5640449377317024, "MAE": 0.12005310978647492, "MSE": 0.049301033007474064, "poisson_deviance_explained": 0.5494614281849206}
