{"1": {"AUC": NaN, "kappa": NaN, "f1": NaN, "precision": NaN, "recall": NaN, "average_precision": NaN, "Spearman_r": 0.46140825636859156, "Pearson_r": 0.7327041105870898, "R2": 0.5363240191165535, "MAE": 0.06739715383084377, "MSE": 0.027887917965984547, "poisson_deviance_explained": 0.6375367230213594}, "2": {"AUC": NaN, "kappa": NaN, "f1": NaN, "precision": NaN, "recall": NaN, "average_precision": NaN, "Spearman_r": 0.5140393980711505, "Pearson_r": 0.7282941124317932, "R2": 0.5300303891884295, "MAE": 0.08102205842931391, "MSE": 0.03566671791753415, "poisson_deviance_explained": 0.6242099317765382}, "3": {"AUC": NaN, "kappa": NaN, "f1": NaN, "precision": NaN, "recall": NaN, "average_precision": NaN, "Spearman_r": 0.5648088711581815, "Pearson_r": 0.7448627842422362, "R2": 0.5547116796903458, "MAE": 0.10044448136690115, "MSE": 0.04423405131247697, "poisson_deviance_explained": 0.6181729184469834}, "4": {"AUC": NaN, "kappa": NaN, "f1": NaN, "precision": NaN, "recall": NaN, "average_precision": NaN, "Spearman_r": 0.48735739275619033, "Pearson_r": 0.7296005180105568, "R2": 0.532188683237321, "MAE": 0.0683841055124002, "MSE": 0.029715658089830586, "poisson_deviance_explained": 0.6044150793371235}, "5": {"AUC": NaN, "kappa": NaN, "f1": NaN, "precision": NaN, "recall": NaN, "average_precision": NaN, "Spearman_r": 0.5373342339904257, "Pearson_r": 0.7589379397550355, "R2": 0.5758323212506049, "MAE": 0.08092835793918786, "MSE": 0.03636633834228948, "poisson_deviance_explained": 0.6248820610281063}, "6": {"AUC": NaN, "kappa": NaN, "f1": NaN, "precision": NaN, "recall": NaN, "average_precision": NaN, "Spearman_r": 0.5180539040678074, "Pearson_r": 0.7755356523120938, "R2": 0.6005567103908627, "MAE": 0.07337873590933974, "MSE": 0.03154037007818594, "poisson_deviance_explained": 0.6419466742856553}, "7": {"AUC": NaN, "kappa": NaN, "f1": NaN, "precision": NaN, "recall": NaN, "average_precision": NaN, "Spearman_r": 0.5119375197132139, "Pearson_r": 0.77095339699484, "R2": 0.5936100753981337, "MAE": 0.07754699037682541, "MSE": 0.03537179367510678, "poisson_deviance_explained": 0.6366397287179176}, "8": {"AUC": NaN, "kappa": NaN, "f1": NaN, "precision": NaN, "recall": NaN, "average_precision": NaN, "Spearman_r": 0.48283182030812544, "Pearson_r": 0.7411424715602604, "R2": 0.5473531989859338, "MAE": 0.074056330931607, "MSE": 0.03048674942291525, "poisson_deviance_explained": 0.5957731989879242}, "9": {"AUC": NaN, "kappa": NaN, "f1": NaN, "precision": NaN, "recall": NaN, "average_precision": NaN, "Spearman_r": 0.4963268314485068, "Pearson_r": 0.7246294969650834, "R2": 0.5227996421965554, "MAE": 0.08186888989482334, "MSE": 0.03181369994908187, "poisson_deviance_explained": 0.5567140783899105}, "10": {"AUC": NaN, "kappa": NaN, "f1": NaN, "precision": NaN, "recall": NaN, "average_precision": NaN, "Spearman_r": 0.5249853293536453, "Pearson_r": 0.682229975288561, "R2": 0.4633939364281541, "MAE": 0.13198239023460073, "MSE": 0.05074204534122598, "poisson_deviance_explained": 0.46846052543297956}, "11": {"AUC": NaN, "kappa": NaN, "f1": NaN, "precision": NaN, "recall": NaN, "average_precision": NaN, "Spearman_r": 0.5260233189142995, "Pearson_r": 0.6563178868012736, "R2": 0.4274731120175569, "MAE": 0.17094673373260943, "MSE": 0.06507308126687628, "poisson_deviance_explained": 0.3974543112980836}, "12": {"AUC": NaN, "kappa": NaN, "f1": NaN, "precision": NaN, "recall": NaN, "average_precision": NaN, "Spearman_r": 0.5404376356399637, "Pearson_r": 0.6730183418790314, "R2": 0.44853412245402147, "MAE": 0.17077844696972203, "MSE": 0.06431382146754891, "poisson_deviance_explained": 0.41244381098185123}, "13": {"AUC": NaN, "kappa": NaN, "f1": NaN, "precision": NaN, "recall": NaN, "average_precision": NaN, "Spearman_r": 0.5564843879352968, "Pearson_r": 0.6786475651789825, "R2": 0.4577421282986388, "MAE": 0.16148851082986002, "MSE": 0.06184410566497996, "poisson_deviance_explained": 0.42618589220164593}, "14": {"AUC": NaN, "kappa": NaN, "f1": NaN, "precision": NaN, "recall": NaN, "average_precision": NaN, "Spearman_r": 0.5466286954354134, "Pearson_r": 0.6767954756617095, "R2": 0.4562729744086218, "MAE": 0.15177700901031052, "MSE": 0.05818359782858497, "poisson_deviance_explained": 0.42971337182324953}, "15": {"AUC": NaN, "kappa": NaN, "f1": NaN, "precision": NaN, "recall": NaN, "average_precision": NaN, "Spearman_r": 0.5628641069389144, "Pearson_r": 0.6815132801501173, "R2": 0.4631536759096796, "MAE": 0.1695268776990532, "MSE": 0.0674908086931308, "poisson_deviance_explained": 0.4114540429172098}, "16": {"AUC": NaN, "kappa": NaN, "f1": NaN, "precision": NaN, "recall": NaN, "average_precision": NaN, "Spearman_r": 0.5806927344075964, "Pearson_r": 0.7056071603424988, "R2": 0.49631591002347497, "MAE": 0.17833647289219415, "MSE": 0.07337588310918973, "poisson_deviance_explained": 0.44092355110390313}, "17": {"AUC": NaN, "kappa": NaN, "f1": NaN, "precision": NaN, "recall": NaN, "average_precision": NaN, "Spearman_r": 0.5643971958133022, "Pearson_r": 0.6689879488451406, "R2": 0.4453936694892121, "MAE": 0.17164973555104518, "MSE": 0.06525252199607295, "poisson_deviance_explained": 0.4122138122839897}, "18": {"AUC": NaN, "kappa": NaN, "f1": NaN, "precision": NaN, "recall": NaN, "average_precision": NaN, "Spearman_r": 0.6054711731935771, "Pearson_r": 0.6964781321791498, "R2": 0.48298942629492847, "MAE": 0.18531961203671402, "MSE": 0.06990409265667602, "poisson_deviance_explained": 0.4360925855279193}, "19": {"AUC": NaN, "kappa": NaN, "f1": NaN, "precision": NaN, "recall": NaN, "average_precision": NaN, "Spearman_r": 0.6124823123506393, "Pearson_r": 0.7005296025912414, "R2": 0.4875380273105807, "MAE": 0.18308694148381777, "MSE": 0.06891757769534719, "poisson_deviance_explained": 0.425960572767477}, "20": {"AUC": NaN, "kappa": NaN, "f1": NaN, "precision": NaN, "recall": NaN, "average_precision": NaN, "Spearman_r": 0.5970911726383638, "Pearson_r": 0.6915028693486895, "R2": 0.47523076188423896, "MAE": 0.1853328118446106, "MSE": 0.07060245584564478, "poisson_deviance_explained": 0.4277871213002088}, "21": {"AUC": NaN, "kappa": NaN, "f1": NaN, "precision": NaN, "recall": NaN, "average_precision": NaN, "Spearman_r": 0.5568724452685763, "Pearson_r": 0.6572963589391502, "R2": 0.43127588797122973, "MAE": 0.17305486090330371, "MSE": 0.06417782296198032, "poisson_deviance_explained": 0.39713612219019434}, "22": {"AUC": NaN, "kappa": NaN, "f1": NaN, "precision": NaN, "recall": NaN, "average_precision": NaN, "Spearman_r": 0.5596697749851287, "Pearson_r": 0.732043619544867, "R2": 0.5356167942556772, "MAE": 0.1199635124633166, "MSE": 0.04786407172258593, "poisson_deviance_explained": 0.5140383822030817}, "23": {"AUC": NaN, "kappa": NaN, "f1": NaN, "precision": NaN, "recall": NaN, "average_precision": NaN, "Spearman_r": 0.5409396625229241, "Pearson_r": 0.7577603367505734, "R2": 0.573552532372885, "MAE": 0.09324333788044468, "MSE": 0.037482295932905904, "poisson_deviance_explained": 0.5807545779311762}, "24": {"AUC": NaN, "kappa": NaN, "f1": NaN, "precision": NaN, "recall": NaN, "average_precision": NaN, "Spearman_r": 0.5185935160324748, "Pearson_r": 0.7677567900255848, "R2": 0.5887877122978828, "MAE": 0.07865725851177481, "MSE": 0.033838377960343606, "poisson_deviance_explained": 0.645181397290739}, "25": {"AUC": NaN, "kappa": NaN, "f1": NaN, "precision": NaN, "recall": NaN, "average_precision": NaN, "Spearman_r": 0.5504066454461013, "Pearson_r": 0.7759581156881118, "R2": 0.6015513465986706, "MAE": 0.086123353668392, "MSE": 0.036505712127598296, "poisson_deviance_explained": 0.6367216826782406}, "26": {"AUC": NaN, "kappa": NaN, "f1": NaN, "precision": NaN, "recall": NaN, "average_precision": NaN, "Spearman_r": 0.5163374677850945, "Pearson_r": 0.7568585544417357, "R2": 0.5725965266606377, "MAE": 0.07965188118892869, "MSE": 0.03540023328558202, "poisson_deviance_explained": 0.6301845653210187}, "27": {"AUC": NaN, "kappa": NaN, "f1": NaN, "precision": NaN, "recall": NaN, "average_precision": NaN,