{"1": {"AUC": NaN, "kappa": NaN, "f1": NaN, "precision": NaN, "recall": NaN, "average_precision": NaN, "Spearman_r": 0.562627089383644, "Pearson_r": 0.7617804670789416, "R2": 0.5801907025531048, "MAE": 0.10066347295891755, "MSE": 0.044579140857978525, "poisson_deviance_explained": 0.6164528502928748}, "2": {"AUC": NaN, "kappa": NaN, "f1": NaN, "precision": NaN, "recall": NaN, "average_precision": NaN, "Spearman_r": 0.5891836921256599, "Pearson_r": 0.7812982668779089, "R2": 0.6097342792362794, "MAE": 0.10497411579223251, "MSE": 0.046979575954720604, "poisson_deviance_explained": 0.636759789555414}, "3": {"AUC": NaN, "kappa": NaN, "f1": NaN, "precision": NaN, "recall": NaN, "average_precision": NaN, "Spearman_r": 0.6054542453990658, "Pearson_r": 0.8011522427713892, "R2": 0.6410400701759584, "MAE": 0.10810993758802845, "MSE": 0.050108627390238025, "poisson_deviance_explained": 0.6548950284160382}, "4": {"AUC": NaN, "kappa": NaN, "f1": NaN, "precision": NaN, "recall": NaN, "average_precision": NaN, "Spearman_r": 0.5663130208112223, "Pearson_r": 0.7826718054951483, "R2": 0.6123008866987196, "MAE": 0.09685491567188885, "MSE": 0.04299636360224133, "poisson_deviance_explained": 0.6385680009379726}, "5": {"AUC": NaN, "kappa": NaN, "f1": NaN, "precision": NaN, "recall": NaN, "average_precision": NaN, "Spearman_r": 0.5768670845769884, "Pearson_r": 0.7669182007496365, "R2": 0.5879805049732938, "MAE": 0.10085964444154161, "MSE": 0.04373618361315777, "poisson_deviance_explained": 0.6135705248431449}, "6": {"AUC": NaN, "kappa": NaN, "f1": NaN, "precision": NaN, "recall": NaN, "average_precision": NaN, "Spearman_r": 0.5571952614168019, "Pearson_r": 0.7873509716887287, "R2": 0.6196872880845306, "MAE": 0.0946383048863624, "MSE": 0.04582080385141813, "poisson_deviance_explained": 0.6422731213998962}, "7": {"AUC": NaN, "kappa": NaN, "f1": NaN, "precision": NaN, "recall": NaN, "average_precision": NaN, "Spearman_r": 0.5910464855896753, "Pearson_r": 0.795645188714158, "R2": 0.6317043927506435, "MAE": 0.0944290036572541, "MSE": 0.040210118621320116, "poisson_deviance_explained": 0.6324314606265462}, "8": {"AUC": NaN, "kappa": NaN, "f1": NaN, "precision": NaN, "recall": NaN, "average_precision": NaN, "Spearman_r": 0.6234144995070268, "Pearson_r": 0.810439132371944, "R2": 0.6559927818681797, "MAE": 0.09276021217611054, "MSE": 0.03709751241264006, "poisson_deviance_explained": 0.6377377394670718}, "9": {"AUC": NaN, "kappa": NaN, "f1": NaN, "precision": NaN, "recall": NaN, "average_precision": NaN, "Spearman_r": 0.598587918356292, "Pearson_r": 0.8065985955415306, "R2": 0.6485203893821558, "MAE": 0.09719352840170258, "MSE": 0.03786132867911248, "poisson_deviance_explained": 0.6277854365615513}, "10": {"AUC": NaN, "kappa": NaN, "f1": NaN, "precision": NaN, "recall": NaN, "average_precision": NaN, "Spearman_r": 0.5851417414493519, "Pearson_r": 0.761270009012776, "R2": 0.578122306671985, "MAE": 0.11890888815309071, "MSE": 0.0445679852153987, "poisson_deviance_explained": 0.5571882741681555}, "11": {"AUC": NaN, "kappa": NaN, "f1": NaN, "precision": NaN, "recall": NaN, "average_precision": NaN, "Spearman_r": 0.5947154151573713, "Pearson_r": 0.7206190293599112, "R2": 0.5173822199417099, "MAE": 0.1677336535297428, "MSE": 0.06653263369633257, "poisson_deviance_explained": 0.4840337385096384}, "12": {"AUC": NaN, "kappa": NaN, "f1": NaN, "precision": NaN, "recall": NaN, "average_precision": NaN, "Spearman_r": 0.5464356068466869, "Pearson_r": 0.6914882725442806, "R2": 0.47575685578459714, "MAE": 0.16795622555315273, "MSE": 0.061270543528546224, "poisson_deviance_explained": 0.42362217810888847}, "13": {"AUC": NaN, "kappa": NaN, "f1": NaN, "precision": NaN, "recall": NaN, "average_precision": NaN, "Spearman_r": 0.5837633624946685, "Pearson_r": 0.7188529971853876, "R2": 0.5136073125613674, "MAE": 0.15740679684535502, "MSE": 0.05853579745575409, "poisson_deviance_explained": 0.47162956324723315}, "14": {"AUC": NaN, "kappa": NaN, "f1": NaN, "precision": NaN, "recall": NaN, "average_precision": NaN, "Spearman_r": 0.5918725639780031, "Pearson_r": 0.7195434915520565, "R2": 0.5145854693197015, "MAE": 0.16344068850571683, "MSE": 0.06167119400971293, "poisson_deviance_explained": 0.4654197035437566}, "15": {"AUC": NaN, "kappa": NaN, "f1": NaN, "precision": NaN, "recall": NaN, "average_precision": NaN, "Spearman_r": 0.5934128390244837, "Pearson_r": 0.722091202220989, "R2": 0.5190521634891397, "MAE": 0.16386177828801166, "MSE": 0.06165574821038284, "poisson_deviance_explained": 0.46567634044185136}, "16": {"AUC": NaN, "kappa": NaN, "f1": NaN, "precision": NaN, "recall": NaN, "average_precision": NaN, "Spearman_r": 0.6125980607406789, "Pearson_r": 0.741928613878515, "R2": 0.5483104594067304, "MAE": 0.16144769776592444, "MSE": 0.061767171308473846, "poisson_deviance_explained": 0.4940134559820537}, "17": {"AUC": NaN, "kappa": NaN, "f1": NaN, "precision": NaN, "recall": NaN, "average_precision": NaN, "Spearman_r": 0.6227361207383079, "Pearson_r": 0.7246375999697857, "R2": 0.5224791080289, "MAE": 0.18499892916437857, "MSE": 0.07176987300883601, "poisson_deviance_explained": 0.4634583379318774}, "18": {"AUC": NaN, "kappa": NaN, "f1": NaN, "precision": NaN, "recall": NaN, "average_precision": NaN, "Spearman_r": 0.6286384622617194, "Pearson_r": 0.7128705141398191, "R2": 0.5053842429913249, "MAE": 0.1973403599515463, "MSE": 0.07498166488242262, "poisson_deviance_explained": 0.44274096223249704}, "19": {"AUC": NaN, "kappa": NaN, "f1": NaN, "precision": NaN, "recall": NaN, "average_precision": NaN, "Spearman_r": 0.6336746534112123, "Pearson_r": 0.7131580315424573, "R2": 0.5041742053874863, "MAE": 0.20064550381019852, "MSE": 0.07492173392560612, "poisson_deviance_explained": 0.43621785903428056}, "20": {"AUC": NaN, "kappa": NaN, "f1": NaN, "precision": NaN, "recall": NaN, "average_precision": NaN, "Spearman_r": 0.6079294914559615, "Pearson_r": 0.7038463137544346, "R2": 0.4901046472882944, "MAE": 0.19515254468800905, "MSE": 0.07367554641173604, "poisson_deviance_explained": 0.4310435244452172}, "21": {"AUC": NaN, "kappa": NaN, "f1": NaN, "precision": NaN, "recall": NaN, "average_precision": NaN, "Spearman_r": 0.595880053043267, "Pearson_r": 0.730078746695829, "R2": 0.5296264738962958, "MAE": 0.15813037498531274, "MSE": 0.057301173998952654, "poisson_deviance_explained": 0.47450136050590397}, "22": {"AUC": NaN, "kappa": NaN, "f1": NaN, "precision": NaN, "recall": NaN, "average_precision": NaN, "Spearman_r": 0.5685548144872112, "Pearson_r": 0.7775302748268164, "R2": 0.6020333702500669, "MAE": 0.11120030903493666, "MSE": 0.042713586511871716, "poisson_deviance_explained": 0.5832851354976849}, "23": {"AUC": NaN, "kappa": NaN, "f1": NaN, "precision": NaN, "recall": NaN, "average_precision": NaN, "Spearman_r": 0.5534579850254996, "Pearson_r": 0.7970846614889733, "R2": 0.6341655483663526, "MAE": 0.0861425630549115, "MSE": 0.03610794995233795, "poisson_deviance_explained": 0.6487404767005993}, "24": {"AUC": NaN, "kappa": NaN, "f1": NaN, "precision": NaN, "recall": NaN, "average_precision": NaN, "Spearman_r": 0.5528286667980629, "Pearson_r": 0.8063686912163277, "R2": 0.6497672327994379, "MAE": 0.077611330209729, "MSE": 0.031458624184157166, "poisson_deviance_explained": 0.6705976982940893}, "25": {"AUC": NaN, "kappa": NaN, "f1": NaN, "precision": NaN, "recall": NaN, "average_precision": NaN, "Spearman_r": 0.5188008319977937, "Pearson_r": 0.816227285027268, "R2": 0.6655456437304499, "MAE": 0.06645519223832434, "MSE": 0.027150387417663735, "poisson_deviance_explained": 0.6988854386532792}, "26": {"AUC": NaN, "kappa": NaN, "f1": NaN, "precision": NaN, "recall": NaN, "average_precision": NaN, "Spearman_r": 0.6008608047138889, "Pearson_r": 0.7857159635073764, "R2": 0.6162313154744274, "MAE": 0.10489269893753794, "MSE": 0.0427833324152955, "poisson_deviance_explained": 0.6275702935882659}, "27": {"AUC": NaN, "kappa": NaN, "f1": NaN, "precision": NaN, "recall": NaN, "average_precision": NaN, "Spearman_r": 0.5772454917289155,