{"1": {"AUC": NaN, "kappa": NaN, "f1": NaN, "precision": NaN, "recall": NaN, "average_precision": NaN, "Spearman_r": 0.37901099839307933, "Pearson_r": 0.6854928304415987, "R2": 0.444708075770341, "MAE": 0.043436072204887245, "MSE": 0.018972745032340258, "poisson_deviance_explained": 0.6000086087464838}, "2": {"AUC": NaN, "kappa": NaN, "f1": NaN, "precision": NaN, "recall": NaN, "average_precision": NaN, "Spearman_r": 0.45118004913247445, "Pearson_r": 0.6956778668449296, "R2": 0.47463623960320356, "MAE": 0.06313173286331306, "MSE": 0.028880783451068086, "poisson_deviance_explained": 0.588412566055594}, "3": {"AUC": NaN, "kappa": NaN, "f1": NaN, "precision": NaN, "recall": NaN, "average_precision": NaN, "Spearman_r": 0.4490748631037895, "Pearson_r": 0.7646700756116621, "R2": 0.5818158265255924, "MAE": 0.0569823950346282, "MSE": 0.025609530101985134, "poisson_deviance_explained": 0.6433055866210498}, "4": {"AUC": NaN, "kappa": NaN, "f1": NaN, "precision": NaN, "recall": NaN, "average_precision": NaN, "Spearman_r": 0.46838002599160705, "Pearson_r": 0.7419653384464848, "R2": 0.5468886084219616, "MAE": 0.060427678740589, "MSE": 0.029691101261464563, "poisson_deviance_explained": 0.6455277500561398}, "5": {"AUC": NaN, "kappa": NaN, "f1": NaN, "precision": NaN, "recall": NaN, "average_precision": NaN, "Spearman_r": 0.443715994694994, "Pearson_r": 0.7629041369079056, "R2": 0.5813252468224397, "MAE": 0.055256966814316466, "MSE": 0.028124596676795163, "poisson_deviance_explained": 0.6425769396295684}, "6": {"AUC": NaN, "kappa": NaN, "f1": NaN, "precision": NaN, "recall": NaN, "average_precision": NaN, "Spearman_r": 0.47465447720721077, "Pearson_r": 0.7538994744806439, "R2": 0.5658760331371432, "MAE": 0.06162155156461435, "MSE": 0.02845318008411607, "poisson_deviance_explained": 0.6633182035167291}, "7": {"AUC": NaN, "kappa": NaN, "f1": NaN, "precision": NaN, "recall": NaN, "average_precision": NaN, "Spearman_r": 0.5188861965541718, "Pearson_r": 0.7455507810620557, "R2": 0.5557470687406678, "MAE": 0.08653620110497783, "MSE": 0.03999157874124897, "poisson_deviance_explained": 0.5788213378010933}, "8": {"AUC": NaN, "kappa": NaN, "f1": NaN, "precision": NaN, "recall": NaN, "average_precision": NaN, "Spearman_r": 0.5068853530843288, "Pearson_r": 0.7492085530912282, "R2": 0.5609315542868942, "MAE": 0.0826675855813543, "MSE": 0.03871075904368074, "poisson_deviance_explained": 0.6018123587292576}, "9": {"AUC": NaN, "kappa": NaN, "f1": NaN, "precision": NaN, "recall": NaN, "average_precision": NaN, "Spearman_r": 0.580284550935656, "Pearson_r": 0.7242052901809511, "R2": 0.5241969469295504, "MAE": 0.12223296079709003, "MSE": 0.05467405197518266, "poisson_deviance_explained": 0.5151084282722265}, "10": {"AUC": NaN, "kappa": NaN, "f1": NaN, "precision": NaN, "recall": NaN, "average_precision": NaN, "Spearman_r": 0.48107159996481047, "Pearson_r": 0.6870989749462669, "R2": 0.4692489267839567, "MAE": 0.10453051413578555, "MSE": 0.04008925016295046, "poisson_deviance_explained": 0.4804960849953436}, "11": {"AUC": NaN, "kappa": NaN, "f1": NaN, "precision": NaN, "recall": NaN, "average_precision": NaN, "Spearman_r": 0.5398408977648836, "Pearson_r": 0.6655910911862063, "R2": 0.44259079305551596, "MAE": 0.15227815815107024, "MSE": 0.0602683789320985, "poisson_deviance_explained": 0.42837888616217745}, "12": {"AUC": NaN, "kappa": NaN, "f1": NaN, "precision": NaN, "recall": NaN, "average_precision": NaN, "Spearman_r": 0.5154443191949319, "Pearson_r": 0.6372508320181405, "R2": 0.4054609731777521, "MAE": 0.16370096776087936, "MSE": 0.06865801849706432, "poisson_deviance_explained": 0.37950686583289994}, "13": {"AUC": NaN, "kappa": NaN, "f1": NaN, "precision": NaN, "recall": NaN, "average_precision": NaN, "Spearman_r": 0.5016658124741163, "Pearson_r": 0.6419737745594778, "R2": 0.41162758256586907, "MAE": 0.13192253709178878, "MSE": 0.052315081201390286, "poisson_deviance_explained": 0.38117425874529887}, "14": {"AUC": NaN, "kappa": NaN, "f1": NaN, "precision": NaN, "recall": NaN, "average_precision": NaN, "Spearman_r": 0.5123823599834197, "Pearson_r": 0.6321739414453837, "R2": 0.39678094642572836, "MAE": 0.14654443520548355, "MSE": 0.056582564538886125, "poisson_deviance_explained": 0.3811515972340832}, "15": {"AUC": NaN, "kappa": NaN, "f1": NaN, "precision": NaN, "recall": NaN, "average_precision": NaN, "Spearman_r": 0.5299440436498599, "Pearson_r": 0.6514050239620361, "R2": 0.4154065984433212, "MAE": 0.14930095107079264, "MSE": 0.0586298380430622, "poisson_deviance_explained": 0.3933399860153062}, "16": {"AUC": NaN, "kappa": NaN, "f1": NaN, "precision": NaN, "recall": NaN, "average_precision": NaN, "Spearman_r": 0.5492188851437392, "Pearson_r": 0.6715440490702855, "R2": 0.4507203079870613, "MAE": 0.16279691407778518, "MSE": 0.06926503964765321, "poisson_deviance_explained": 0.412752297625692}, "17": {"AUC": NaN, "kappa": NaN, "f1": NaN, "precision": NaN, "recall": NaN, "average_precision": NaN, "Spearman_r": 0.582237154267032, "Pearson_r": 0.6918241179361727, "R2": 0.4771776474076229, "MAE": 0.17273052574929754, "MSE": 0.07225229742486765, "poisson_deviance_explained": 0.4136642421889205}, "18": {"AUC": NaN, "kappa": NaN, "f1": NaN, "precision": NaN, "recall": NaN, "average_precision": NaN, "Spearman_r": 0.5991498544732454, "Pearson_r": 0.6796614958648379, "R2": 0.4614947966588261, "MAE": 0.1730168049428775, "MSE": 0.07180507747740816, "poisson_deviance_explained": 0.40808159237743924}, "19": {"AUC": NaN, "kappa": NaN, "f1": NaN, "precision": NaN, "recall": NaN, "average_precision": NaN, "Spearman_r": 0.6117857666693695, "Pearson_r": 0.681109531475555, "R2": 0.46380067696493077, "MAE": 0.17257151757820252, "MSE": 0.06623492432496078, "poisson_deviance_explained": 0.4253931403593555}, "20": {"AUC": NaN, "kappa": NaN, "f1": NaN, "precision": NaN, "recall": NaN, "average_precision": NaN, "Spearman_r": 0.6055443037445613, "Pearson_r": 0.6799304308748861, "R2": 0.46225805238324935, "MAE": 0.18358469473494257, "MSE": 0.06895496117848154, "poisson_deviance_explained": 0.40727539198251406}, "21": {"AUC": NaN, "kappa": NaN, "f1": NaN, "precision": NaN, "recall": NaN, "average_precision": NaN, "Spearman_r": 0.5664348618801405, "Pearson_r": 0.6313393355831465, "R2": 0.39705161702617287, "MAE": 0.17337118970717277, "MSE": 0.07024148173166406, "poisson_deviance_explained": 0.3708990128072409}, "22": {"AUC": NaN, "kappa": NaN, "f1": NaN, "precision": NaN, "recall": NaN, "average_precision": NaN, "Spearman_r": 0.5085375524871191, "Pearson_r": 0.6351257976481874, "R2": 0.3950916234123292, "MAE": 0.12196464539579943, "MSE": 0.048607422053115884, "poisson_deviance_explained": 0.4215692891076358}, "23": {"AUC": NaN, "kappa": NaN, "f1": NaN, "precision": NaN, "recall": NaN, "average_precision": NaN, "Spearman_r": 0.4934432862723695, "Pearson_r": 0.7306554023467753, "R2": 0.5328921368589896, "MAE": 0.0796809575832507, "MSE": 0.0352917216109841, "poisson_deviance_explained": 0.55521558238604}, "24": {"AUC": NaN, "kappa": NaN, "f1": NaN, "precision": NaN, "recall": NaN, "average_precision": NaN, "Spearman_r": 0.5319123418171731, "Pearson_r": 0.8112914123278456, "R2": 0.658072050637927, "MAE": 0.0801249804395897, "MSE": 0.03133521833415041, "poisson_deviance_explained": 0.5970369377018121}, "25": {"AUC": NaN, "kappa": NaN, "f1": NaN, "precision": NaN, "recall": NaN, "average_precision": NaN, "Spearman_r": 0.561027885560485, "Pearson_r": 0.7327658685486576, "R2": 0.525059265091662, "MAE": 0.09786402167788413, "MSE": 0.04604054933916246, "poisson_deviance_explained": 0.5402216034841387}, "26": {"AUC": NaN, "kappa": NaN, "f1": NaN, "precision": NaN, "recall": NaN, "average_precision": NaN, "Spearman_r": 0.5195786660067626, "Pearson_r": 0.7757494569142, "R2": 0.6011996771508865, "MAE": 0.08022071717773019, "MSE": 0.03741945701818766, "poisson_deviance_explained": 0.6041557593396497}, "27": {"AUC": NaN, "kappa": NaN, "f1": NaN, "precision": NaN, "recall": NaN, "average_precision": NaN,