{"1": {"AUC": NaN, "kappa": NaN, "f1": NaN, "precision": NaN, "recall": NaN, "average_precision": NaN, "Spearman_r": 0.5507620868048727, "Pearson_r": 0.7793671252902754, "R2": 0.607120081425357, "MAE": 0.0851183428396925, "MSE": 0.039560182992037056, "poisson_deviance_explained": 0.6452357333291376}, "2": {"AUC": NaN, "kappa": NaN, "f1": NaN, "precision": NaN, "recall": NaN, "average_precision": NaN, "Spearman_r": 0.5002717009394385, "Pearson_r": 0.787733538408937, "R2": 0.6204403242785783, "MAE": 0.06480481241542979, "MSE": 0.028812855473554087, "poisson_deviance_explained": 0.6811460198402566}, "3": {"AUC": NaN, "kappa": NaN, "f1": NaN, "precision": NaN, "recall": NaN, "average_precision": NaN, "Spearman_r": 0.5794046585562186, "Pearson_r": 0.80705785005376, "R2": 0.6512628018502176, "MAE": 0.091004522645933, "MSE": 0.0428949315570404, "poisson_deviance_explained": 0.6757670103826383}, "4": {"AUC": NaN, "kappa": NaN, "f1": NaN, "precision": NaN, "recall": NaN, "average_precision": NaN, "Spearman_r": 0.5748098997847847, "Pearson_r": 0.7629730344502166, "R2": 0.5816777954135705, "MAE": 0.09647703601416543, "MSE": 0.043475394530282395, "poisson_deviance_explained": 0.6093187233025359}, "5": {"AUC": NaN, "kappa": NaN, "f1": NaN, "precision": NaN, "recall": NaN, "average_precision": NaN, "Spearman_r": 0.5566150256183445, "Pearson_r": 0.8014655712484325, "R2": 0.6423018629701824, "MAE": 0.07729865039657233, "MSE": 0.035042848072541134, "poisson_deviance_explained": 0.6869958007608671}, "6": {"AUC": NaN, "kappa": NaN, "f1": NaN, "precision": NaN, "recall": NaN, "average_precision": NaN, "Spearman_r": 0.5259855540343212, "Pearson_r": 0.7757234285958403, "R2": 0.6014986919264159, "MAE": 0.07371621575737328, "MSE": 0.031441293614222765, "poisson_deviance_explained": 0.6583070367853219}, "7": {"AUC": NaN, "kappa": NaN, "f1": NaN, "precision": NaN, "recall": NaN, "average_precision": NaN, "Spearman_r": 0.5307381962108406, "Pearson_r": 0.7904398139856568, "R2": 0.624092345849807, "MAE": 0.07778201815221455, "MSE": 0.036404678552861204, "poisson_deviance_explained": 0.6523039155629332}, "8": {"AUC": NaN, "kappa": NaN, "f1": NaN, "precision": NaN, "recall": NaN, "average_precision": NaN, "Spearman_r": 0.537632888696809, "Pearson_r": 0.7806751977581073, "R2": 0.6090748466910952, "MAE": 0.08586949349590929, "MSE": 0.0397052026978197, "poisson_deviance_explained": 0.6335806600076792}, "9": {"AUC": NaN, "kappa": NaN, "f1": NaN, "precision": NaN, "recall": NaN, "average_precision": NaN, "Spearman_r": 0.5477113320855206, "Pearson_r": 0.7908295469224601, "R2": 0.6248387297841113, "MAE": 0.0916644629130269, "MSE": 0.038782750119849246, "poisson_deviance_explained": 0.6237288901220508}, "10": {"AUC": NaN, "kappa": NaN, "f1": NaN, "precision": NaN, "recall": NaN, "average_precision": NaN, "Spearman_r": 0.5332204695710323, "Pearson_r": 0.7143913230254411, "R2": 0.5098887418246572, "MAE": 0.1212328687661875, "MSE": 0.048229777659402916, "poisson_deviance_explained": 0.49369902264547927}, "11": {"AUC": NaN, "kappa": NaN, "f1": NaN, "precision": NaN, "recall": NaN, "average_precision": NaN, "Spearman_r": 0.5422588683365964, "Pearson_r": 0.6926936488118915, "R2": 0.47940824020015815, "MAE": 0.15286302718399133, "MSE": 0.05919138801994643, "poisson_deviance_explained": 0.4369531092010772}, "12": {"AUC": NaN, "kappa": NaN, "f1": NaN, "precision": NaN, "recall": NaN, "average_precision": NaN, "Spearman_r": 0.5583455141495114, "Pearson_r": 0.7154184044315955, "R2": 0.511251830157684, "MAE": 0.1470072604936997, "MSE": 0.05772069085626863, "poisson_deviance_explained": 0.4683593988556308}, "13": {"AUC": NaN, "kappa": NaN, "f1": NaN, "precision": NaN, "recall": NaN, "average_precision": NaN, "Spearman_r": 0.5998233742359825, "Pearson_r": 0.7265776313779734, "R2": 0.5275277178421045, "MAE": 0.15869603563067727, "MSE": 0.06492122523739284, "poisson_deviance_explained": 0.49335419404626624}, "14": {"AUC": NaN, "kappa": NaN, "f1": NaN, "precision": NaN, "recall": NaN, "average_precision": NaN, "Spearman_r": 0.5939983708887948, "Pearson_r": 0.7322443303334827, "R2": 0.5359424351880906, "MAE": 0.15587726532897808, "MSE": 0.06336078434355571, "poisson_deviance_explained": 0.4839879433299529}, "15": {"AUC": NaN, "kappa": NaN, "f1": NaN, "precision": NaN, "recall": NaN, "average_precision": NaN, "Spearman_r": 0.5885887964844747, "Pearson_r": 0.720822234114065, "R2": 0.5194165335411127, "MAE": 0.1572134003005754, "MSE": 0.06399606632928441, "poisson_deviance_explained": 0.47517177452729364}, "16": {"AUC": NaN, "kappa": NaN, "f1": NaN, "precision": NaN, "recall": NaN, "average_precision": NaN, "Spearman_r": 0.6046474482948687, "Pearson_r": 0.7263033700387377, "R2": 0.5272004039860063, "MAE": 0.17353263032303623, "MSE": 0.07328643223000976, "poisson_deviance_explained": 0.4729896701640589}, "17": {"AUC": NaN, "kappa": NaN, "f1": NaN, "precision": NaN, "recall": NaN, "average_precision": NaN, "Spearman_r": 0.6108013234925171, "Pearson_r": 0.7430142794470112, "R2": 0.5516876450682312, "MAE": 0.16863525829965595, "MSE": 0.06741693836021961, "poisson_deviance_explained": 0.48869124479642734}, "18": {"AUC": NaN, "kappa": NaN, "f1": NaN, "precision": NaN, "recall": NaN, "average_precision": NaN, "Spearman_r": 0.622429737280371, "Pearson_r": 0.7386216876110648, "R2": 0.5452885465181978, "MAE": 0.17484959511798845, "MSE": 0.0728429100532902, "poisson_deviance_explained": 0.485661657357064}, "19": {"AUC": NaN, "kappa": NaN, "f1": NaN, "precision": NaN, "recall": NaN, "average_precision": NaN, "Spearman_r": 0.6200088041477307, "Pearson_r": 0.7378736389441676, "R2": 0.5438721620634874, "MAE": 0.17782036603879914, "MSE": 0.07137194268535824, "poisson_deviance_explained": 0.47519669744935045}, "20": {"AUC": NaN, "kappa": NaN, "f1": NaN, "precision": NaN, "recall": NaN, "average_precision": NaN, "Spearman_r": 0.6423642948824192, "Pearson_r": 0.7308689316433111, "R2": 0.5333818688609335, "MAE": 0.1822656644980302, "MSE": 0.07232267117546594, "poisson_deviance_explained": 0.47169513631686666}, "21": {"AUC": NaN, "kappa": NaN, "f1": NaN, "precision": NaN, "recall": NaN, "average_precision": NaN, "Spearman_r": 0.5781394232630572, "Pearson_r": 0.7145377650135647, "R2": 0.5099062426250734, "MAE": 0.14587164926959867, "MSE": 0.05498596218139519, "poisson_deviance_explained": 0.46485999512687537}, "22": {"AUC": NaN, "kappa": NaN, "f1": NaN, "precision": NaN, "recall": NaN, "average_precision": NaN, "Spearman_r": 0.6083709573043301, "Pearson_r": 0.7755282803111448, "R2": 0.601108334557493, "MAE": 0.12570095658746697, "MSE": 0.05099356417439704, "poisson_deviance_explained": 0.569236705106063}, "23": {"AUC": NaN, "kappa": NaN, "f1": NaN, "precision": NaN, "recall": NaN, "average_precision": NaN, "Spearman_r": 0.5879316943275162, "Pearson_r": 0.7732217181230989, "R2": 0.5977711673954653, "MAE": 0.1136448422232255, "MSE": 0.05125326900454094, "poisson_deviance_explained": 0.5902259788243844}, "24": {"AUC": NaN, "kappa": NaN, "f1": NaN, "precision": NaN, "recall": NaN, "average_precision": NaN, "Spearman_r": 0.5406908463441413, "Pearson_r": 0.8050476762114219, "R2": 0.6478724403226328, "MAE": 0.07958777977861717, "MSE": 0.03611874058015852, "poisson_deviance_explained": 0.6685105441522889}, "25": {"AUC": NaN, "kappa": NaN, "f1": NaN, "precision": NaN, "recall": NaN, "average_precision": NaN, "Spearman_r": 0.5602257408707834, "Pearson_r": 0.7938810661558655, "R2": 0.6301186450851258, "MAE": 0.08829774083170785, "MSE": 0.03995920472441714, "poisson_deviance_explained": 0.6465218751469651}, "26": {"AUC": NaN, "kappa": NaN, "f1": NaN, "precision": NaN, "recall": NaN, "average_precision": NaN, "Spearman_r": 0.5185184632665331, "Pearson_r": 0.7781050472352382, "R2": 0.6048500279295693, "MAE": 0.0757685771351033, "MSE": 0.03339288443663183, "poisson_deviance_explained": 0.6410810957508032}, "27": {"AUC": NaN, "kappa": NaN, "f1": NaN, "precision": NaN, "recall": NaN, "average_precision": NaN, "Spearman_r": 0.5371880906421389,