{"1": {"AUC": NaN, "kappa": NaN, "f1": NaN, "precision": NaN, "recall": NaN, "average_precision": NaN, "Spearman_r": 0.5337279663751063, "Pearson_r": 0.7433044095731941, "R2": 0.5524355035318793, "MAE": 0.0892136358494603, "MSE": 0.03905686564772774, "poisson_deviance_explained": 0.6304684127414479}, "2": {"AUC": NaN, "kappa": NaN, "f1": NaN, "precision": NaN, "recall": NaN, "average_precision": NaN, "Spearman_r": 0.4609940198275933, "Pearson_r": 0.7753754384450893, "R2": 0.6006301164610238, "MAE": 0.06032825023445094, "MSE": 0.02665547421131432, "poisson_deviance_explained": 0.6900322483236274}, "3": {"AUC": NaN, "kappa": NaN, "f1": NaN, "precision": NaN, "recall": NaN, "average_precision": NaN, "Spearman_r": 0.5245601677029409, "Pearson_r": 0.7332260237239051, "R2": 0.5362920027472329, "MAE": 0.08183722906600623, "MSE": 0.03756802574134611, "poisson_deviance_explained": 0.632335827601936}, "4": {"AUC": NaN, "kappa": NaN, "f1": NaN, "precision": NaN, "recall": NaN, "average_precision": NaN, "Spearman_r": 0.4390983859163384, "Pearson_r": 0.7556696423406091, "R2": 0.5707476456554714, "MAE": 0.05569893545815633, "MSE": 0.02474928975924667, "poisson_deviance_explained": 0.6568168089418982}, "5": {"AUC": NaN, "kappa": NaN, "f1": NaN, "precision": NaN, "recall": NaN, "average_precision": NaN, "Spearman_r": 0.5454665909875476, "Pearson_r": 0.7862916027117246, "R2": 0.6176310598709929, "MAE": 0.0731164938460769, "MSE": 0.031289870732441494, "poisson_deviance_explained": 0.6541913885301266}, "6": {"AUC": NaN, "kappa": NaN, "f1": NaN, "precision": NaN, "recall": NaN, "average_precision": NaN, "Spearman_r": 0.49388977068524287, "Pearson_r": 0.7922142500601336, "R2": 0.6273627268585757, "MAE": 0.062492366399380446, "MSE": 0.02911540089358191, "poisson_deviance_explained": 0.6778527678370465}, "7": {"AUC": NaN, "kappa": NaN, "f1": NaN, "precision": NaN, "recall": NaN, "average_precision": NaN, "Spearman_r": 0.572656082572329, "Pearson_r": 0.7869801965803461, "R2": 0.6177374122115965, "MAE": 0.09713887471677864, "MSE": 0.0442936774398905, "poisson_deviance_explained": 0.6337179751071651}, "8": {"AUC": NaN, "kappa": NaN, "f1": NaN, "precision": NaN, "recall": NaN, "average_precision": NaN, "Spearman_r": 0.5594926045075105, "Pearson_r": 0.7900821930490931, "R2": 0.6213317372306332, "MAE": 0.08678141463097477, "MSE": 0.038349978446556895, "poisson_deviance_explained": 0.6389140113822962}, "9": {"AUC": NaN, "kappa": NaN, "f1": NaN, "precision": NaN, "recall": NaN, "average_precision": NaN, "Spearman_r": 0.5259491671974518, "Pearson_r": 0.7699885681716707, "R2": 0.591682859851994, "MAE": 0.0888908308326203, "MSE": 0.040584954424622066, "poisson_deviance_explained": 0.6224580818285655}, "10": {"AUC": NaN, "kappa": NaN, "f1": NaN, "precision": NaN, "recall": NaN, "average_precision": NaN, "Spearman_r": 0.5129370354129101, "Pearson_r": 0.7195658166936155, "R2": 0.5152919327058112, "MAE": 0.1119090103341796, "MSE": 0.041387848111370036, "poisson_deviance_explained": 0.5056555240483878}, "11": {"AUC": NaN, "kappa": NaN, "f1": NaN, "precision": NaN, "recall": NaN, "average_precision": NaN, "Spearman_r": 0.5423413349651327, "Pearson_r": 0.6559096404690269, "R2": 0.42844207338149476, "MAE": 0.1853579591955604, "MSE": 0.07225367474996719, "poisson_deviance_explained": 0.39529374954079544}, "12": {"AUC": NaN, "kappa": NaN, "f1": NaN, "precision": NaN, "recall": NaN, "average_precision": NaN, "Spearman_r": 0.506676946022385, "Pearson_r": 0.6343033022731736, "R2": 0.4006181667594575, "MAE": 0.16220087171683512, "MSE": 0.0591069864604873, "poisson_deviance_explained": 0.3699223962693765}, "13": {"AUC": NaN, "kappa": NaN, "f1": NaN, "precision": NaN, "recall": NaN, "average_precision": NaN, "Spearman_r": 0.5277268304502633, "Pearson_r": 0.6701334279849193, "R2": 0.44813213098781834, "MAE": 0.15803344688306534, "MSE": 0.060189376784572896, "poisson_deviance_explained": 0.41112187645018206}, "14": {"AUC": NaN, "kappa": NaN, "f1": NaN, "precision": NaN, "recall": NaN, "average_precision": NaN, "Spearman_r": 0.5753710029700528, "Pearson_r": 0.6947657227552387, "R2": 0.48068204961972893, "MAE": 0.16959900967933303, "MSE": 0.06946113897726969, "poisson_deviance_explained": 0.4486521955483277}, "15": {"AUC": NaN, "kappa": NaN, "f1": NaN, "precision": NaN, "recall": NaN, "average_precision": NaN, "Spearman_r": 0.5317284454293714, "Pearson_r": 0.6723909579540439, "R2": 0.4503834131376194, "MAE": 0.16186717186236993, "MSE": 0.0608261059061908, "poisson_deviance_explained": 0.4042980406865163}, "16": {"AUC": NaN, "kappa": NaN, "f1": NaN, "precision": NaN, "recall": NaN, "average_precision": NaN, "Spearman_r": 0.5829848701794779, "Pearson_r": 0.7061189677915993, "R2": 0.4977531434312903, "MAE": 0.17702275089995978, "MSE": 0.07328475050390224, "poisson_deviance_explained": 0.4508035755566081}, "17": {"AUC": NaN, "kappa": NaN, "f1": NaN, "precision": NaN, "recall": NaN, "average_precision": NaN, "Spearman_r": 0.5990671919941518, "Pearson_r": 0.7095421374072926, "R2": 0.5017926660733841, "MAE": 0.18156762143321692, "MSE": 0.07393344137222126, "poisson_deviance_explained": 0.45443538341996526}, "18": {"AUC": NaN, "kappa": NaN, "f1": NaN, "precision": NaN, "recall": NaN, "average_precision": NaN, "Spearman_r": 0.6071583758335433, "Pearson_r": 0.6973674368544437, "R2": 0.4839658081897722, "MAE": 0.18924320282093102, "MSE": 0.0735060922787749, "poisson_deviance_explained": 0.43277209268654937}, "19": {"AUC": NaN, "kappa": NaN, "f1": NaN, "precision": NaN, "recall": NaN, "average_precision": NaN, "Spearman_r": 0.5876936905242377, "Pearson_r": 0.6688430768427183, "R2": 0.4449769816208864, "MAE": 0.19657263058919197, "MSE": 0.07355918501478248, "poisson_deviance_explained": 0.39221954731815023}, "20": {"AUC": NaN, "kappa": NaN, "f1": NaN, "precision": NaN, "recall": NaN, "average_precision": NaN, "Spearman_r": 0.605219967718343, "Pearson_r": 0.6909392247122101, "R2": 0.47430193428021616, "MAE": 0.18606980082690888, "MSE": 0.0688301026534506, "poisson_deviance_explained": 0.4282825336442776}, "21": {"AUC": NaN, "kappa": NaN, "f1": NaN, "precision": NaN, "recall": NaN, "average_precision": NaN, "Spearman_r": 0.5787220680865218, "Pearson_r": 0.693929713018592, "R2": 0.4796411267114936, "MAE": 0.1679594073900467, "MSE": 0.062190198121499445, "poisson_deviance_explained": 0.43412521885029887}, "22": {"AUC": NaN, "kappa": NaN, "f1": NaN, "precision": NaN, "recall": NaN, "average_precision": NaN, "Spearman_r": 0.5565257729885376, "Pearson_r": 0.7161897859919654, "R2": 0.5121485848206047, "MAE": 0.12234581146757988, "MSE": 0.04614185009606533, "poisson_deviance_explained": 0.49469810152306926}, "23": {"AUC": NaN, "kappa": NaN, "f1": NaN, "precision": NaN, "recall": NaN, "average_precision": NaN, "Spearman_r": 0.5296478041358423, "Pearson_r": 0.7631281912180484, "R2": 0.5818422030983799, "MAE": 0.08760294046918313, "MSE": 0.03655840989483888, "poisson_deviance_explained": 0.6004454404359298}, "24": {"AUC": NaN, "kappa": NaN, "f1": NaN, "precision": NaN, "recall": NaN, "average_precision": NaN, "Spearman_r": 0.5405531123561111, "Pearson_r": 0.7982558620372665, "R2": 0.6371341148081896, "MAE": 0.08151347701273409, "MSE": 0.03566644692294524, "poisson_deviance_explained": 0.6420567815925555}, "25": {"AUC": NaN, "kappa": NaN, "f1": NaN, "precision": NaN, "recall": NaN, "average_precision": NaN, "Spearman_r": 0.5851440553830572, "Pearson_r": 0.7722682753835329, "R2": 0.595168893853475, "MAE": 0.09980108052838561, "MSE": 0.03967576848834753, "poisson_deviance_explained": 0.5913013673288826}, "26": {"AUC": NaN, "kappa": NaN, "f1": NaN, "precision": NaN, "recall": NaN, "average_precision": NaN, "Spearman_r": 0.5654155299517674, "Pearson_r": 0.7939375870654458, "R2": 0.6302789211895626, "MAE": 0.08728508108705257, "MSE": 0.040633404754071484, "poisson_deviance_explained": 0.6508141787771646}, "27": {"AUC": NaN, "kappa": NaN, "f1": NaN, "precision": NaN, "recall": NaN, "average_precision": NaN,