{"1": {"AUC": NaN, "kappa": NaN, "f1": NaN, "precision": NaN, "recall": NaN, "average_precision": NaN, "Spearman_r": 0.5205290036847444, "Pearson_r": 0.7839652579529769, "R2": 0.6140055767345403, "MAE": 0.07871767723144035, "MSE": 0.03446950961947607, "poisson_deviance_explained": 0.6661450531076316}, "2": {"AUC": NaN, "kappa": NaN, "f1": NaN, "precision": NaN, "recall": NaN, "average_precision": NaN, "Spearman_r": 0.5519550354791813, "Pearson_r": 0.8033530685752892, "R2": 0.6452626783469555, "MAE": 0.09498652563945317, "MSE": 0.04660296016026987, "poisson_deviance_explained": 0.6833460531809236}, "3": {"AUC": NaN, "kappa": NaN, "f1": NaN, "precision": NaN, "recall": NaN, "average_precision": NaN, "Spearman_r": 0.569480507856001, "Pearson_r": 0.7899103486195246, "R2": 0.6238193348377352, "MAE": 0.09632905327450532, "MSE": 0.043979436527693955, "poisson_deviance_explained": 0.6506324615659034}, "4": {"AUC": NaN, "kappa": NaN, "f1": NaN, "precision": NaN, "recall": NaN, "average_precision": NaN, "Spearman_r": 0.5483384631809479, "Pearson_r": 0.7849403685239925, "R2": 0.615954940791029, "MAE": 0.08686331953827475, "MSE": 0.03806133298672523, "poisson_deviance_explained": 0.647603243514302}, "5": {"AUC": NaN, "kappa": NaN, "f1": NaN, "precision": NaN, "recall": NaN, "average_precision": NaN, "Spearman_r": 0.5738452831004605, "Pearson_r": 0.7873800114183828, "R2": 0.6185202535086156, "MAE": 0.0977943936473602, "MSE": 0.04265686339636881, "poisson_deviance_explained": 0.6310793650825319}, "6": {"AUC": NaN, "kappa": NaN, "f1": NaN, "precision": NaN, "recall": NaN, "average_precision": NaN, "Spearman_r": 0.5588911957405776, "Pearson_r": 0.7907819553863553, "R2": 0.6250867662098467, "MAE": 0.08540007539436065, "MSE": 0.03789912194097932, "poisson_deviance_explained": 0.6414293077125521}, "7": {"AUC": NaN, "kappa": NaN, "f1": NaN, "precision": NaN, "recall": NaN, "average_precision": NaN, "Spearman_r": 0.5683487861797398, "Pearson_r": 0.7808701827454704, "R2": 0.6091606583372349, "MAE": 0.09944616886348043, "MSE": 0.04206352423822369, "poisson_deviance_explained": 0.603164216487825}, "8": {"AUC": NaN, "kappa": NaN, "f1": NaN, "precision": NaN, "recall": NaN, "average_precision": NaN, "Spearman_r": 0.5700536220077235, "Pearson_r": 0.783779983406758, "R2": 0.6127976166624488, "MAE": 0.09401754102358464, "MSE": 0.039423565462772855, "poisson_deviance_explained": 0.6160568330296181}, "9": {"AUC": NaN, "kappa": NaN, "f1": NaN, "precision": NaN, "recall": NaN, "average_precision": NaN, "Spearman_r": 0.5435185189084092, "Pearson_r": 0.7663161747533361, "R2": 0.5865525909733118, "MAE": 0.10085082604888078, "MSE": 0.04268359238368935, "poisson_deviance_explained": 0.5941996120293119}, "10": {"AUC": NaN, "kappa": NaN, "f1": NaN, "precision": NaN, "recall": NaN, "average_precision": NaN, "Spearman_r": 0.5540433672014785, "Pearson_r": 0.7341292941706276, "R2": 0.5374359183840016, "MAE": 0.14010900614750954, "MSE": 0.05830837489303942, "poisson_deviance_explained": 0.5097195611709698}, "11": {"AUC": NaN, "kappa": NaN, "f1": NaN, "precision": NaN, "recall": NaN, "average_precision": NaN, "Spearman_r": 0.5297866063323835, "Pearson_r": 0.6665679182425215, "R2": 0.4425737341024497, "MAE": 0.16142063420548766, "MSE": 0.06115044252953113, "poisson_deviance_explained": 0.4129761216021468}, "12": {"AUC": NaN, "kappa": NaN, "f1": NaN, "precision": NaN, "recall": NaN, "average_precision": NaN, "Spearman_r": 0.5505962580798225, "Pearson_r": 0.6945015779464292, "R2": 0.4800586277813649, "MAE": 0.16348917544212557, "MSE": 0.0615537778451358, "poisson_deviance_explained": 0.4382376220308781}, "13": {"AUC": NaN, "kappa": NaN, "f1": NaN, "precision": NaN, "recall": NaN, "average_precision": NaN, "Spearman_r": 0.5678951660424632, "Pearson_r": 0.7030883325015772, "R2": 0.4928584631743682, "MAE": 0.15556269219412294, "MSE": 0.05921644443982904, "poisson_deviance_explained": 0.45484537726220275}, "14": {"AUC": NaN, "kappa": NaN, "f1": NaN, "precision": NaN, "recall": NaN, "average_precision": NaN, "Spearman_r": 0.5752379455026798, "Pearson_r": 0.7149210294979302, "R2": 0.5100226673089774, "MAE": 0.15829951755989852, "MSE": 0.06187041056048185, "poisson_deviance_explained": 0.46994447030218767}, "15": {"AUC": NaN, "kappa": NaN, "f1": NaN, "precision": NaN, "recall": NaN, "average_precision": NaN, "Spearman_r": 0.5875113289225576, "Pearson_r": 0.7213649821254418, "R2": 0.5184417547636725, "MAE": 0.1611520568888709, "MSE": 0.0627087058973763, "poisson_deviance_explained": 0.471099070826266}, "16": {"AUC": NaN, "kappa": NaN, "f1": NaN, "precision": NaN, "recall": NaN, "average_precision": NaN, "Spearman_r": 0.588939335008382, "Pearson_r": 0.7385470129834968, "R2": 0.5445359357945672, "MAE": 0.171236857887126, "MSE": 0.06889148459881281, "poisson_deviance_explained": 0.47576804419387986}, "17": {"AUC": NaN, "kappa": NaN, "f1": NaN, "precision": NaN, "recall": NaN, "average_precision": NaN, "Spearman_r": 0.6088988495259523, "Pearson_r": 0.7286396955914972, "R2": 0.5287319655563769, "MAE": 0.17743732227546216, "MSE": 0.07056045182672671, "poisson_deviance_explained": 0.4724900901709037}, "18": {"AUC": NaN, "kappa": NaN, "f1": NaN, "precision": NaN, "recall": NaN, "average_precision": NaN, "Spearman_r": 0.619572569639308, "Pearson_r": 0.7208642239023049, "R2": 0.5172270417429427, "MAE": 0.1847140882823254, "MSE": 0.07277663584417242, "poisson_deviance_explained": 0.4651905270827157}, "19": {"AUC": NaN, "kappa": NaN, "f1": NaN, "precision": NaN, "recall": NaN, "average_precision": NaN, "Spearman_r": 0.6305616723706717, "Pearson_r": 0.737534439284187, "R2": 0.5381906682599995, "MAE": 0.18847237817132922, "MSE": 0.07122318903658183, "poisson_deviance_explained": 0.46776335511658507}, "20": {"AUC": NaN, "kappa": NaN, "f1": NaN, "precision": NaN, "recall": NaN, "average_precision": NaN, "Spearman_r": 0.6263342951367792, "Pearson_r": 0.7204289333609559, "R2": 0.5164382835432108, "MAE": 0.18911928303310205, "MSE": 0.07175170519540311, "poisson_deviance_explained": 0.4561737638431981}, "21": {"AUC": NaN, "kappa": NaN, "f1": NaN, "precision": NaN, "recall": NaN, "average_precision": NaN, "Spearman_r": 0.5833236118359636, "Pearson_r": 0.7086470129846187, "R2": 0.5010832008583214, "MAE": 0.16598259511384844, "MSE": 0.06330020725976414, "poisson_deviance_explained": 0.45612490282423124}, "22": {"AUC": NaN, "kappa": NaN, "f1": NaN, "precision": NaN, "recall": NaN, "average_precision": NaN, "Spearman_r": 0.6000258971599663, "Pearson_r": 0.7740457733318407, "R2": 0.5977520407631187, "MAE": 0.13093569989265924, "MSE": 0.053017530728226195, "poisson_deviance_explained": 0.5658517234587233}, "23": {"AUC": NaN, "kappa": NaN, "f1": NaN, "precision": NaN, "recall": NaN, "average_precision": NaN, "Spearman_r": 0.553402745558467, "Pearson_r": 0.7753824933104393, "R2": 0.600845305713984, "MAE": 0.10439005721241623, "MSE": 0.045476101564938344, "poisson_deviance_explained": 0.60706293817781}, "24": {"AUC": NaN, "kappa": NaN, "f1": NaN, "precision": NaN, "recall": NaN, "average_precision": NaN, "Spearman_r": 0.5472692462858728, "Pearson_r": 0.7831694710372112, "R2": 0.6130147054606998, "MAE": 0.0872721982299023, "MSE": 0.036973757107732964, "poisson_deviance_explained": 0.6272446680161781}, "25": {"AUC": NaN, "kappa": NaN, "f1": NaN, "precision": NaN, "recall": NaN, "average_precision": NaN, "Spearman_r": 0.5563424393175468, "Pearson_r": 0.7760499540337494, "R2": 0.6020417209400625, "MAE": 0.09577663488966577, "MSE": 0.04186973715362273, "poisson_deviance_explained": 0.6104897161629397}, "26": {"AUC": NaN, "kappa": NaN, "f1": NaN, "precision": NaN, "recall": NaN, "average_precision": NaN, "Spearman_r": 0.561467473225888, "Pearson_r": 0.7949616495502022, "R2": 0.6315903156153737, "MAE": 0.0913816878895271, "MSE": 0.041454987058533586, "poisson_deviance_explained": 0.6566257976408438}, "27": {"AUC": NaN, "kappa": NaN, "f1": NaN, "precision": NaN, "recall": NaN, "average_precision": NaN, "Spearman_r": 0.5663502717789191,