{"1": {"AUC": NaN, "kappa": NaN, "f1": NaN, "precision": NaN, "recall": NaN, "average_precision": NaN, "Spearman_r": 0.5693275645216032, "Pearson_r": 0.7531740226445677, "R2": 0.5672007211218446, "MAE": 0.0998125879644582, "MSE": 0.04832606054736667, "poisson_deviance_explained": 0.6118854289461318}, "2": {"AUC": NaN, "kappa": NaN, "f1": NaN, "precision": NaN, "recall": NaN, "average_precision": NaN, "Spearman_r": 0.529567737014581, "Pearson_r": 0.7631890521150706, "R2": 0.582441248920104, "MAE": 0.08100742004002667, "MSE": 0.03816665340061193, "poisson_deviance_explained": 0.6484542206331761}, "3": {"AUC": NaN, "kappa": NaN, "f1": NaN, "precision": NaN, "recall": NaN, "average_precision": NaN, "Spearman_r": 0.49509874981887214, "Pearson_r": 0.7444533850910187, "R2": 0.5534760095638835, "MAE": 0.07383831448399744, "MSE": 0.033427599344130886, "poisson_deviance_explained": 0.6299490776121781}, "4": {"AUC": NaN, "kappa": NaN, "f1": NaN, "precision": NaN, "recall": NaN, "average_precision": NaN, "Spearman_r": 0.47881855054212613, "Pearson_r": 0.725006463289427, "R2": 0.5227108745942095, "MAE": 0.07235410947138453, "MSE": 0.03368871228667167, "poisson_deviance_explained": 0.6009992562459199}, "5": {"AUC": NaN, "kappa": NaN, "f1": NaN, "precision": NaN, "recall": NaN, "average_precision": NaN, "Spearman_r": 0.5771685443578168, "Pearson_r": 0.7805880599762124, "R2": 0.6079085342784256, "MAE": 0.08811907630933134, "MSE": 0.03932663976301239, "poisson_deviance_explained": 0.6497168583198774}, "6": {"AUC": NaN, "kappa": NaN, "f1": NaN, "precision": NaN, "recall": NaN, "average_precision": NaN, "Spearman_r": 0.6061285054418407, "Pearson_r": 0.7602650560724056, "R2": 0.5778423968057693, "MAE": 0.10763286058817535, "MSE": 0.04961438188329471, "poisson_deviance_explained": 0.6007997610810616}, "7": {"AUC": NaN, "kappa": NaN, "f1": NaN, "precision": NaN, "recall": NaN, "average_precision": NaN, "Spearman_r": 0.5275707690447996, "Pearson_r": 0.7694527939756113, "R2": 0.5919919216309953, "MAE": 0.08260086853730678, "MSE": 0.036256791912163744, "poisson_deviance_explained": 0.6236790107812661}, "8": {"AUC": NaN, "kappa": NaN, "f1": NaN, "precision": NaN, "recall": NaN, "average_precision": NaN, "Spearman_r": 0.548619656525052, "Pearson_r": 0.7653250103191679, "R2": 0.5854391892233287, "MAE": 0.09618617099196163, "MSE": 0.041761448932091515, "poisson_deviance_explained": 0.593515620578275}, "9": {"AUC": NaN, "kappa": NaN, "f1": NaN, "precision": NaN, "recall": NaN, "average_precision": NaN, "Spearman_r": 0.5386881504616825, "Pearson_r": 0.7656269177737735, "R2": 0.5857718948512258, "MAE": 0.09082971638299696, "MSE": 0.03798161457524843, "poisson_deviance_explained": 0.5855379945206547}, "10": {"AUC": NaN, "kappa": NaN, "f1": NaN, "precision": NaN, "recall": NaN, "average_precision": NaN, "Spearman_r": 0.5141537815268966, "Pearson_r": 0.6979646172224586, "R2": 0.48647562475118133, "MAE": 0.11304856818483207, "MSE": 0.04316916595262071, "poisson_deviance_explained": 0.4795271267978599}, "11": {"AUC": NaN, "kappa": NaN, "f1": NaN, "precision": NaN, "recall": NaN, "average_precision": NaN, "Spearman_r": 0.5294082808784782, "Pearson_r": 0.649401274161235, "R2": 0.421449258062609, "MAE": 0.17332282389062223, "MSE": 0.06905196119355479, "poisson_deviance_explained": 0.3927071405963666}, "12": {"AUC": NaN, "kappa": NaN, "f1": NaN, "precision": NaN, "recall": NaN, "average_precision": NaN, "Spearman_r": 0.521270919217682, "Pearson_r": 0.6393140320803162, "R2": 0.4084241360880463, "MAE": 0.1606005911585424, "MSE": 0.06014511468630473, "poisson_deviance_explained": 0.37977095440048514}, "13": {"AUC": NaN, "kappa": NaN, "f1": NaN, "precision": NaN, "recall": NaN, "average_precision": NaN, "Spearman_r": 0.5485557950203069, "Pearson_r": 0.664519232999856, "R2": 0.44115919228664113, "MAE": 0.1657105083998372, "MSE": 0.06647225218614047, "poisson_deviance_explained": 0.40091881760466974}, "14": {"AUC": NaN, "kappa": NaN, "f1": NaN, "precision": NaN, "recall": NaN, "average_precision": NaN, "Spearman_r": 0.5525410654991493, "Pearson_r": 0.6866648597668332, "R2": 0.47134386689696584, "MAE": 0.15318780854674038, "MSE": 0.06052772693744626, "poisson_deviance_explained": 0.4259815811203802}, "15": {"AUC": NaN, "kappa": NaN, "f1": NaN, "precision": NaN, "recall": NaN, "average_precision": NaN, "Spearman_r": 0.5493858226156717, "Pearson_r": 0.6830301978766332, "R2": 0.466237723274326, "MAE": 0.16804180405542543, "MSE": 0.06722511036181426, "poisson_deviance_explained": 0.41980112412214077}, "16": {"AUC": NaN, "kappa": NaN, "f1": NaN, "precision": NaN, "recall": NaN, "average_precision": NaN, "Spearman_r": 0.5984772500616901, "Pearson_r": 0.7059137855151508, "R2": 0.4973833039430495, "MAE": 0.1775746421516552, "MSE": 0.07321782588898872, "poisson_deviance_explained": 0.44642304825073187}, "17": {"AUC": NaN, "kappa": NaN, "f1": NaN, "precision": NaN, "recall": NaN, "average_precision": NaN, "Spearman_r": 0.5905938531247259, "Pearson_r": 0.6956380268146172, "R2": 0.4835049134110524, "MAE": 0.1777806191174507, "MSE": 0.07480688246242542, "poisson_deviance_explained": 0.4300362764135126}, "18": {"AUC": NaN, "kappa": NaN, "f1": NaN, "precision": NaN, "recall": NaN, "average_precision": NaN, "Spearman_r": 0.6068202199114886, "Pearson_r": 0.713962589651842, "R2": 0.5095376131885783, "MAE": 0.17858093973751915, "MSE": 0.0715840345661837, "poisson_deviance_explained": 0.4475642371087465}, "19": {"AUC": NaN, "kappa": NaN, "f1": NaN, "precision": NaN, "recall": NaN, "average_precision": NaN, "Spearman_r": 0.6108247800864813, "Pearson_r": 0.7147917363152542, "R2": 0.5100492058344621, "MAE": 0.186134759612551, "MSE": 0.07492216862172589, "poisson_deviance_explained": 0.44739615716074843}, "20": {"AUC": NaN, "kappa": NaN, "f1": NaN, "precision": NaN, "recall": NaN, "average_precision": NaN, "Spearman_r": 0.6083473003321701, "Pearson_r": 0.6992296914662691, "R2": 0.4887517445235591, "MAE": 0.18386977650788927, "MSE": 0.07227692498617568, "poisson_deviance_explained": 0.43255941637648854}, "21": {"AUC": NaN, "kappa": NaN, "f1": NaN, "precision": NaN, "recall": NaN, "average_precision": NaN, "Spearman_r": 0.5557404286554652, "Pearson_r": 0.6827154441198766, "R2": 0.46519971019488005, "MAE": 0.15599532869497065, "MSE": 0.058891511226769055, "poisson_deviance_explained": 0.41455339732774743}, "22": {"AUC": NaN, "kappa": NaN, "f1": NaN, "precision": NaN, "recall": NaN, "average_precision": NaN, "Spearman_r": 0.5478377441345611, "Pearson_r": 0.7442168355230786, "R2": 0.5537934283370323, "MAE": 0.10967934226432494, "MSE": 0.044119795880571945, "poisson_deviance_explained": 0.521780788311029}, "23": {"AUC": NaN, "kappa": NaN, "f1": NaN, "precision": NaN, "recall": NaN, "average_precision": NaN, "Spearman_r": 0.5833536182496388, "Pearson_r": 0.7541334429576403, "R2": 0.5684087900666638, "MAE": 0.10864261397278899, "MSE": 0.04540238920855215, "poisson_deviance_explained": 0.5614773798791253}, "24": {"AUC": NaN, "kappa": NaN, "f1": NaN, "precision": NaN, "recall": NaN, "average_precision": NaN, "Spearman_r": 0.5251868364887918, "Pearson_r": 0.7910755062926332, "R2": 0.6255827384802293, "MAE": 0.0743759919790893, "MSE": 0.03486933506991845, "poisson_deviance_explained": 0.6569069154613675}, "25": {"AUC": NaN, "kappa": NaN, "f1": NaN, "precision": NaN, "recall": NaN, "average_precision": NaN, "Spearman_r": 0.544289000256521, "Pearson_r": 0.7995243801757062, "R2": 0.6389663473345462, "MAE": 0.07878382281830754, "MSE": 0.03345774555566573, "poisson_deviance_explained": 0.6351615612740287}, "26": {"AUC": NaN, "kappa": NaN, "f1": NaN, "precision": NaN, "recall": NaN, "average_precision": NaN, "Spearman_r": 0.5692625031474196, "Pearson_r": 0.7652272403264541, "R2": 0.5853903850946354, "MAE": 0.08688095526057545, "MSE": 0.037957089271743266, "poisson_deviance_explained": 0.6234758607370875}, "27": {"AUC": NaN, "kappa": NaN, "f1": NaN, "precision": NaN, "recall": NaN, "average_precision": NaN,