{"1": {"AUC": NaN, "kappa": NaN, "f1": NaN, "precision": NaN, "recall": NaN, "average_precision": NaN, "Spearman_r": 0.5477946577435846, "Pearson_r": 0.7333961410885393, "R2": 0.5369802134069529, "MAE": 0.10303799059810752, "MSE": 0.04347490190449994, "poisson_deviance_explained": 0.577267595884498}, "2": {"AUC": NaN, "kappa": NaN, "f1": NaN, "precision": NaN, "recall": NaN, "average_precision": NaN, "Spearman_r": 0.5674696456128413, "Pearson_r": 0.7827908119527944, "R2": 0.6127109439272839, "MAE": 0.09741557682054286, "MSE": 0.047059295570627345, "poisson_deviance_explained": 0.6552796818053859}, "3": {"AUC": NaN, "kappa": NaN, "f1": NaN, "precision": NaN, "recall": NaN, "average_precision": NaN, "Spearman_r": 0.5915439916244369, "Pearson_r": 0.7840013607113715, "R2": 0.6143820344701092, "MAE": 0.10680063677803255, "MSE": 0.047455852024714515, "poisson_deviance_explained": 0.630619781518931}, "4": {"AUC": NaN, "kappa": NaN, "f1": NaN, "precision": NaN, "recall": NaN, "average_precision": NaN, "Spearman_r": 0.5247461814269204, "Pearson_r": 0.7884490715014507, "R2": 0.6216003486859162, "MAE": 0.07706038912246063, "MSE": 0.035421133397102726, "poisson_deviance_explained": 0.6678490928719789}, "5": {"AUC": NaN, "kappa": NaN, "f1": NaN, "precision": NaN, "recall": NaN, "average_precision": NaN, "Spearman_r": 0.5389084690888455, "Pearson_r": 0.7840545172143921, "R2": 0.6139125502345177, "MAE": 0.07710639033666065, "MSE": 0.032454953743936026, "poisson_deviance_explained": 0.6430102345738806}, "6": {"AUC": NaN, "kappa": NaN, "f1": NaN, "precision": NaN, "recall": NaN, "average_precision": NaN, "Spearman_r": 0.5571826127482151, "Pearson_r": 0.7837398253897468, "R2": 0.6135934208847416, "MAE": 0.08858849366154425, "MSE": 0.03773039394695716, "poisson_deviance_explained": 0.6314380358885177}, "7": {"AUC": NaN, "kappa": NaN, "f1": NaN, "precision": NaN, "recall": NaN, "average_precision": NaN, "Spearman_r": 0.5468928432131176, "Pearson_r": 0.8064248932034104, "R2": 0.6496379139593711, "MAE": 0.08004345142070891, "MSE": 0.03558712048115768, "poisson_deviance_explained": 0.6637263171131271}, "8": {"AUC": NaN, "kappa": NaN, "f1": NaN, "precision": NaN, "recall": NaN, "average_precision": NaN, "Spearman_r": 0.5245660813538477, "Pearson_r": 0.8026115433060135, "R2": 0.6401175517105655, "MAE": 0.07832067374510299, "MSE": 0.03346028261003566, "poisson_deviance_explained": 0.6426184776954216}, "9": {"AUC": NaN, "kappa": NaN, "f1": NaN, "precision": NaN, "recall": NaN, "average_precision": NaN, "Spearman_r": 0.5206635873932736, "Pearson_r": 0.7662335630432883, "R2": 0.5854383792056526, "MAE": 0.0870392252149283, "MSE": 0.03571948364022605, "poisson_deviance_explained": 0.5935719834708454}, "10": {"AUC": NaN, "kappa": NaN, "f1": NaN, "precision": NaN, "recall": NaN, "average_precision": NaN, "Spearman_r": 0.5316508570036154, "Pearson_r": 0.7153325270349709, "R2": 0.5107509142232559, "MAE": 0.11798411148944606, "MSE": 0.045551168312524426, "poisson_deviance_explained": 0.5117943741584492}, "11": {"AUC": NaN, "kappa": NaN, "f1": NaN, "precision": NaN, "recall": NaN, "average_precision": NaN, "Spearman_r": 0.5161298709824793, "Pearson_r": 0.6902240166126872, "R2": 0.4743535263768318, "MAE": 0.15412312021156183, "MSE": 0.061997225458841024, "poisson_deviance_explained": 0.444921667088387}, "12": {"AUC": NaN, "kappa": NaN, "f1": NaN, "precision": NaN, "recall": NaN, "average_precision": NaN, "Spearman_r": 0.52510637610887, "Pearson_r": 0.6647417847596497, "R2": 0.44099353968894883, "MAE": 0.15917996639629012, "MSE": 0.06100882880086988, "poisson_deviance_explained": 0.4116634691694572}, "13": {"AUC": NaN, "kappa": NaN, "f1": NaN, "precision": NaN, "recall": NaN, "average_precision": NaN, "Spearman_r": 0.5304951392924943, "Pearson_r": 0.6784908127584582, "R2": 0.4579872800033634, "MAE": 0.14451368923167854, "MSE": 0.05397869263850888, "poisson_deviance_explained": 0.43308420745686393}, "14": {"AUC": NaN, "kappa": NaN, "f1": NaN, "precision": NaN, "recall": NaN, "average_precision": NaN, "Spearman_r": 0.5614043044201553, "Pearson_r": 0.7295742917486377, "R2": 0.5315236182164425, "MAE": 0.1563260130068211, "MSE": 0.06143833200721919, "poisson_deviance_explained": 0.4741543825522945}, "15": {"AUC": NaN, "kappa": NaN, "f1": NaN, "precision": NaN, "recall": NaN, "average_precision": NaN, "Spearman_r": 0.5636072131534791, "Pearson_r": 0.7073412787079056, "R2": 0.49875586630809765, "MAE": 0.160081591493961, "MSE": 0.06220358480942975, "poisson_deviance_explained": 0.45242622368902197}, "16": {"AUC": NaN, "kappa": NaN, "f1": NaN, "precision": NaN, "recall": NaN, "average_precision": NaN, "Spearman_r": 0.5871064162675206, "Pearson_r": 0.7140647467006852, "R2": 0.5084688945279099, "MAE": 0.1786258046178768, "MSE": 0.07188831681335679, "poisson_deviance_explained": 0.456402133754496}, "17": {"AUC": NaN, "kappa": NaN, "f1": NaN, "precision": NaN, "recall": NaN, "average_precision": NaN, "Spearman_r": 0.5929711290611664, "Pearson_r": 0.703400643725439, "R2": 0.49199536657887044, "MAE": 0.17742774114919782, "MSE": 0.06880279039470596, "poisson_deviance_explained": 0.44394953405606397}, "18": {"AUC": NaN, "kappa": NaN, "f1": NaN, "precision": NaN, "recall": NaN, "average_precision": NaN, "Spearman_r": 0.5978246770685619, "Pearson_r": 0.7026936659166605, "R2": 0.4902862391404287, "MAE": 0.17781114313305338, "MSE": 0.06801994202068518, "poisson_deviance_explained": 0.4475749849166557}, "19": {"AUC": NaN, "kappa": NaN, "f1": NaN, "precision": NaN, "recall": NaN, "average_precision": NaN, "Spearman_r": 0.5911708386417878, "Pearson_r": 0.7155237896329301, "R2": 0.5080153999124698, "MAE": 0.1765679946192675, "MSE": 0.06726415648106167, "poisson_deviance_explained": 0.46040243983695817}, "20": {"AUC": NaN, "kappa": NaN, "f1": NaN, "precision": NaN, "recall": NaN, "average_precision": NaN, "Spearman_r": 0.6193627319244713, "Pearson_r": 0.7175876360084814, "R2": 0.5114968263791113, "MAE": 0.19045823466664652, "MSE": 0.0717898629447546, "poisson_deviance_explained": 0.44900615437276004}, "21": {"AUC": NaN, "kappa": NaN, "f1": NaN, "precision": NaN, "recall": NaN, "average_precision": NaN, "Spearman_r": 0.5974097355184605, "Pearson_r": 0.7286680551781819, "R2": 0.5298455850759487, "MAE": 0.16237198767487912, "MSE": 0.06434052827097544, "poisson_deviance_explained": 0.48132058597960303}, "22": {"AUC": NaN, "kappa": NaN, "f1": NaN, "precision": NaN, "recall": NaN, "average_precision": NaN, "Spearman_r": 0.5369248936656101, "Pearson_r": 0.7550987213275206, "R2": 0.5693408861939899, "MAE": 0.10631239753385481, "MSE": 0.04199946467243356, "poisson_deviance_explained": 0.5574569672495812}, "23": {"AUC": NaN, "kappa": NaN, "f1": NaN, "precision": NaN, "recall": NaN, "average_precision": NaN, "Spearman_r": 0.5789885085887324, "Pearson_r": 0.7816707214470463, "R2": 0.6104509803293954, "MAE": 0.10448544942917098, "MSE": 0.04479427644986694, "poisson_deviance_explained": 0.6117948289977009}, "24": {"AUC": NaN, "kappa": NaN, "f1": NaN, "precision": NaN, "recall": NaN, "average_precision": NaN, "Spearman_r": 0.6233637597731153, "Pearson_r": 0.8111299893623299, "R2": 0.6548579175783769, "MAE": 0.11261255455290996, "MSE": 0.04850404087190268, "poisson_deviance_explained": 0.6391458243504791}, "25": {"AUC": NaN, "kappa": NaN, "f1": NaN, "precision": NaN, "recall": NaN, "average_precision": NaN, "Spearman_r": 0.5538039136896068, "Pearson_r": 0.7909826065676854, "R2": 0.6254166654560551, "MAE": 0.09234433649556303, "MSE": 0.04381559713059518, "poisson_deviance_explained": 0.6456406948173976}, "26": {"AUC": NaN, "kappa": NaN, "f1": NaN, "precision": NaN, "recall": NaN, "average_precision": NaN, "Spearman_r": 0.5670226812635816, "Pearson_r": 0.8099762972375241, "R2": 0.655156499017528, "MAE": 0.09205403194311977, "MSE": 0.042414155481895144, "poisson_deviance_explained": 0.6611098893841822}, "27": {"AUC": NaN, "kappa": NaN, "f1": NaN, "precision": NaN, "recall": NaN, "average_precision": NaN,