{"1": {"AUC": NaN, "kappa": NaN, "f1": NaN, "precision": NaN, "recall": NaN, "average_precision": NaN, "Spearman_r": 0.5423393867584017, "Pearson_r": 0.7709569843994659, "R2": 0.5940536222503836, "MAE": 0.09227913686282628, "MSE": 0.04032444516427827, "poisson_deviance_explained": 0.6309281720752136}, "2": {"AUC": NaN, "kappa": NaN, "f1": NaN, "precision": NaN, "recall": NaN, "average_precision": NaN, "Spearman_r": 0.600051936748445, "Pearson_r": 0.7848204789536067, "R2": 0.6158287958870106, "MAE": 0.10983631640439846, "MSE": 0.04886416453433401, "poisson_deviance_explained": 0.6325212845571375}, "3": {"AUC": NaN, "kappa": NaN, "f1": NaN, "precision": NaN, "recall": NaN, "average_precision": NaN, "Spearman_r": 0.5604706050538698, "Pearson_r": 0.7797899086983124, "R2": 0.606278983954382, "MAE": 0.08483336462312917, "MSE": 0.03416532998706811, "poisson_deviance_explained": 0.6420605153601875}, "4": {"AUC": NaN, "kappa": NaN, "f1": NaN, "precision": NaN, "recall": NaN, "average_precision": NaN, "Spearman_r": 0.5755326990360472, "Pearson_r": 0.777214405941984, "R2": 0.6035394717222784, "MAE": 0.09725427866416667, "MSE": 0.04332265467088903, "poisson_deviance_explained": 0.6205412115857404}, "5": {"AUC": NaN, "kappa": NaN, "f1": NaN, "precision": NaN, "recall": NaN, "average_precision": NaN, "Spearman_r": 0.5355599535555705, "Pearson_r": 0.7878654741013622, "R2": 0.6201002661785564, "MAE": 0.07465732645329824, "MSE": 0.03135705074311177, "poisson_deviance_explained": 0.6468449253436412}, "6": {"AUC": NaN, "kappa": NaN, "f1": NaN, "precision": NaN, "recall": NaN, "average_precision": NaN, "Spearman_r": 0.5677014351116184, "Pearson_r": 0.780119043810585, "R2": 0.6071416525642004, "MAE": 0.08959816978166003, "MSE": 0.036910622107882506, "poisson_deviance_explained": 0.6218816096446038}, "7": {"AUC": NaN, "kappa": NaN, "f1": NaN, "precision": NaN, "recall": NaN, "average_precision": NaN, "Spearman_r": 0.5388345031587525, "Pearson_r": 0.7783961985326415, "R2": 0.6051824997577098, "MAE": 0.08180057688570701, "MSE": 0.03530483606404505, "poisson_deviance_explained": 0.6337756775392731}, "8": {"AUC": NaN, "kappa": NaN, "f1": NaN, "precision": NaN, "recall": NaN, "average_precision": NaN, "Spearman_r": 0.5146816913834737, "Pearson_r": 0.786634268098658, "R2": 0.6171868830615707, "MAE": 0.07176742339651626, "MSE": 0.030284461087615244, "poisson_deviance_explained": 0.6360951690628702}, "9": {"AUC": NaN, "kappa": NaN, "f1": NaN, "precision": NaN, "recall": NaN, "average_precision": NaN, "Spearman_r": 0.4880297302332641, "Pearson_r": 0.7856533481687774, "R2": 0.6153992648190032, "MAE": 0.06874975033126612, "MSE": 0.02844055155405841, "poisson_deviance_explained": 0.6458879555942663}, "10": {"AUC": NaN, "kappa": NaN, "f1": NaN, "precision": NaN, "recall": NaN, "average_precision": NaN, "Spearman_r": 0.532505970723007, "Pearson_r": 0.7184222347770309, "R2": 0.5147221128862545, "MAE": 0.14374007672195696, "MSE": 0.06016008409711449, "poisson_deviance_explained": 0.49335063330975426}, "11": {"AUC": NaN, "kappa": NaN, "f1": NaN, "precision": NaN, "recall": NaN, "average_precision": NaN, "Spearman_r": 0.5416203130622254, "Pearson_r": 0.6711992996790397, "R2": 0.44910280161514393, "MAE": 0.1719344034090756, "MSE": 0.06484283605624806, "poisson_deviance_explained": 0.4125604016371476}, "12": {"AUC": NaN, "kappa": NaN, "f1": NaN, "precision": NaN, "recall": NaN, "average_precision": NaN, "Spearman_r": 0.5533530308435287, "Pearson_r": 0.6938006360714858, "R2": 0.47965189704257316, "MAE": 0.16468926599850733, "MSE": 0.06419469362143881, "poisson_deviance_explained": 0.4402940907993652}, "13": {"AUC": NaN, "kappa": NaN, "f1": NaN, "precision": NaN, "recall": NaN, "average_precision": NaN, "Spearman_r": 0.5528037128041955, "Pearson_r": 0.6963401390577548, "R2": 0.48332229543065275, "MAE": 0.14798661644322603, "MSE": 0.05577356291948709, "poisson_deviance_explained": 0.44696061014094146}, "14": {"AUC": NaN, "kappa": NaN, "f1": NaN, "precision": NaN, "recall": NaN, "average_precision": NaN, "Spearman_r": 0.5311029702349989, "Pearson_r": 0.6794307734524733, "R2": 0.45965602825477625, "MAE": 0.1438896916967474, "MSE": 0.052717177267933894, "poisson_deviance_explained": 0.4294518174467642}, "15": {"AUC": NaN, "kappa": NaN, "f1": NaN, "precision": NaN, "recall": NaN, "average_precision": NaN, "Spearman_r": 0.574263790801776, "Pearson_r": 0.6920245230830664, "R2": 0.4773148001492199, "MAE": 0.1637814159072247, "MSE": 0.06379639417257289, "poisson_deviance_explained": 0.4403957938790115}, "16": {"AUC": NaN, "kappa": NaN, "f1": NaN, "precision": NaN, "recall": NaN, "average_precision": NaN, "Spearman_r": 0.589733670390787, "Pearson_r": 0.7236974274859165, "R2": 0.5211238229335056, "MAE": 0.1711345924472796, "MSE": 0.06780196095809321, "poisson_deviance_explained": 0.46250510790711397}, "17": {"AUC": NaN, "kappa": NaN, "f1": NaN, "precision": NaN, "recall": NaN, "average_precision": NaN, "Spearman_r": 0.6054378406419453, "Pearson_r": 0.7146828347846865, "R2": 0.5082846221879657, "MAE": 0.17918699541118738, "MSE": 0.07064094040882234, "poisson_deviance_explained": 0.4566265055681634}, "18": {"AUC": NaN, "kappa": NaN, "f1": NaN, "precision": NaN, "recall": NaN, "average_precision": NaN, "Spearman_r": 0.6330490496013691, "Pearson_r": 0.734430668522619, "R2": 0.5362632680408727, "MAE": 0.1867227220574611, "MSE": 0.07239083323918234, "poisson_deviance_explained": 0.4770163907667043}, "19": {"AUC": NaN, "kappa": NaN, "f1": NaN, "precision": NaN, "recall": NaN, "average_precision": NaN, "Spearman_r": 0.629220436589006, "Pearson_r": 0.7486398800881533, "R2": 0.5545925643062635, "MAE": 0.19772571751507517, "MSE": 0.07900874824995793, "poisson_deviance_explained": 0.48438162806951623}, "20": {"AUC": NaN, "kappa": NaN, "f1": NaN, "precision": NaN, "recall": NaN, "average_precision": NaN, "Spearman_r": 0.6357668281866293, "Pearson_r": 0.7347901321402832, "R2": 0.5363324422253882, "MAE": 0.1917945790043701, "MSE": 0.07388136813660902, "poisson_deviance_explained": 0.4712616235093996}, "21": {"AUC": NaN, "kappa": NaN, "f1": NaN, "precision": NaN, "recall": NaN, "average_precision": NaN, "Spearman_r": 0.6065801058162833, "Pearson_r": 0.7203498476563792, "R2": 0.5161394071232269, "MAE": 0.16735121903054348, "MSE": 0.06355207957031958, "poisson_deviance_explained": 0.46628750994077095}, "22": {"AUC": NaN, "kappa": NaN, "f1": NaN, "precision": NaN, "recall": NaN, "average_precision": NaN, "Spearman_r": 0.5888532626434655, "Pearson_r": 0.7481384669732691, "R2": 0.5569150692947091, "MAE": 0.13255340280566, "MSE": 0.04901963892414742, "poisson_deviance_explained": 0.5249266270294177}, "23": {"AUC": NaN, "kappa": NaN, "f1": NaN, "precision": NaN, "recall": NaN, "average_precision": NaN, "Spearman_r": 0.5670084537438331, "Pearson_r": 0.7703815139120838, "R2": 0.5928318625468236, "MAE": 0.11041302613000427, "MSE": 0.04595953844963858, "poisson_deviance_explained": 0.591691044796655}, "24": {"AUC": NaN, "kappa": NaN, "f1": NaN, "precision": NaN, "recall": NaN, "average_precision": NaN, "Spearman_r": 0.6021459656466058, "Pearson_r": 0.7933043543361726, "R2": 0.6290499186597773, "MAE": 0.10737135150977305, "MSE": 0.048873458417448744, "poisson_deviance_explained": 0.6305859728926646}, "25": {"AUC": NaN, "kappa": NaN, "f1": NaN, "precision": NaN, "recall": NaN, "average_precision": NaN, "Spearman_r": 0.5488670774088817, "Pearson_r": 0.7934335756880013, "R2": 0.6293419637787592, "MAE": 0.08479937240007172, "MSE": 0.03796799982841315, "poisson_deviance_explained": 0.6522890760365143}, "26": {"AUC": NaN, "kappa": NaN, "f1": NaN, "precision": NaN, "recall": NaN, "average_precision": NaN, "Spearman_r": 0.5404431154125084, "Pearson_r": 0.7658887077894718, "R2": 0.5864302606638079, "MAE": 0.08742296351610708, "MSE": 0.03867266861061272, "poisson_deviance_explained": 0.6213706529624603}, "27": {"AUC": NaN, "kappa": NaN, "f1": NaN, "precision": NaN, "recall": NaN, "average_precision": NaN, "Spearman_r": 0.5619946271802184,