{"1": {"AUC": NaN, "kappa": NaN, "f1": NaN, "precision": NaN, "recall": NaN, "average_precision": NaN, "Spearman_r": 0.7249082050406842, "Pearson_r": 0.7193892495245222, "R2": 0.5173237621425458, "MAE": 0.3846482190882514, "MSE": 0.2476263111113837, "poisson_deviance_explained": 0.40215985328441206}, "2": {"AUC": NaN, "kappa": NaN, "f1": NaN, "precision": NaN, "recall": NaN, "average_precision": NaN, "Spearman_r": 0.7463049755402155, "Pearson_r": 0.7396880162305851, "R2": 0.5463209672210403, "MAE": 0.37006821594296385, "MSE": 0.23123725936584533, "poisson_deviance_explained": 0.4310750382002395}, "3": {"AUC": NaN, "kappa": NaN, "f1": NaN, "precision": NaN, "recall": NaN, "average_precision": NaN, "Spearman_r": 0.7451181586715651, "Pearson_r": 0.739627736727957, "R2": 0.546437692314603, "MAE": 0.37022466003500115, "MSE": 0.2328194651984656, "poisson_deviance_explained": 0.42869093128251723}, "4": {"AUC": NaN, "kappa": NaN, "f1": NaN, "precision": NaN, "recall": NaN, "average_precision": NaN, "Spearman_r": 0.7092002226800327, "Pearson_r": 0.7021804844810575, "R2": 0.492012450579538, "MAE": 0.41377033441636785, "MSE": 0.28631218347357706, "poisson_deviance_explained": 0.37304614772787614}, "5": {"AUC": NaN, "kappa": NaN, "f1": NaN, "precision": NaN, "recall": NaN, "average_precision": NaN, "Spearman_r": 0.737808915047015, "Pearson_r": 0.7279997134475013, "R2": 0.5285590631859267, "MAE": 0.3690321594128382, "MSE": 0.23206314016086468, "poisson_deviance_explained": 0.4150977150527837}, "6": {"AUC": NaN, "kappa": NaN, "f1": NaN, "precision": NaN, "recall": NaN, "average_precision": NaN, "Spearman_r": 0.7369413096169054, "Pearson_r": 0.7262219398238404, "R2": 0.5267558711887186, "MAE": 0.3578969553626103, "MSE": 0.22030192256581066, "poisson_deviance_explained": 0.41481960166007115}, "7": {"AUC": NaN, "kappa": NaN, "f1": NaN, "precision": NaN, "recall": NaN, "average_precision": NaN, "Spearman_r": 0.7601929753811311, "Pearson_r": 0.7492726817245696, "R2": 0.5596003476908965, "MAE": 0.3405453845139847, "MSE": 0.20452577452730833, "poisson_deviance_explained": 0.4448464246501891}, "8": {"AUC": NaN, "kappa": NaN, "f1": NaN, "precision": NaN, "recall": NaN, "average_precision": NaN, "Spearman_r": 0.7791042258588773, "Pearson_r": 0.7669533262693822, "R2": 0.5868821268348379, "MAE": 0.3205281720096899, "MSE": 0.1838780614428725, "poisson_deviance_explained": 0.4771822572389224}, "9": {"AUC": NaN, "kappa": NaN, "f1": NaN, "precision": NaN, "recall": NaN, "average_precision": NaN, "Spearman_r": 0.7811561314596772, "Pearson_r": 0.7663033554712139, "R2": 0.5853542086644032, "MAE": 0.32302493405321137, "MSE": 0.1861941306037562, "poisson_deviance_explained": 0.4710570175728982}, "10": {"AUC": NaN, "kappa": NaN, "f1": NaN, "precision": NaN, "recall": NaN, "average_precision": NaN, "Spearman_r": 0.7736866710526835, "Pearson_r": 0.7580033123210618, "R2": 0.5729182195527518, "MAE": 0.3307655240275129, "MSE": 0.19813160340511263, "poisson_deviance_explained": 0.46332851671367303}, "11": {"AUC": NaN, "kappa": NaN, "f1": NaN, "precision": NaN, "recall": NaN, "average_precision": NaN, "Spearman_r": 0.7458910256455925, "Pearson_r": 0.730136426137721, "R2": 0.5318085290918813, "MAE": 0.3499193204681327, "MSE": 0.2194035020981205, "poisson_deviance_explained": 0.42290241794615546}, "12": {"AUC": NaN, "kappa": NaN, "f1": NaN, "precision": NaN, "recall": NaN, "average_precision": NaN, "Spearman_r": 0.7440285920718613, "Pearson_r": 0.7345286088881696, "R2": 0.537427993384374, "MAE": 0.3362621259521641, "MSE": 0.2024556079532229, "poisson_deviance_explained": 0.4336323879855021}, "13": {"AUC": NaN, "kappa": NaN, "f1": NaN, "precision": NaN, "recall": NaN, "average_precision": NaN, "Spearman_r": 0.7518989948103983, "Pearson_r": 0.7430456476984424, "R2": 0.5507663538988289, "MAE": 0.3337125282654268, "MSE": 0.19950480675089163, "poisson_deviance_explained": 0.44531865640440027}, "14": {"AUC": NaN, "kappa": NaN, "f1": NaN, "precision": NaN, "recall": NaN, "average_precision": NaN, "Spearman_r": 0.7495510396150967, "Pearson_r": 0.7435897109572704, "R2": 0.551620571390169, "MAE": 0.32988226993249103, "MSE": 0.193861906610106, "poisson_deviance_explained": 0.4480183065635579}, "15": {"AUC": NaN, "kappa": NaN, "f1": NaN, "precision": NaN, "recall": NaN, "average_precision": NaN, "Spearman_r": 0.7423399692558129, "Pearson_r": 0.7370505056098507, "R2": 0.5423633547477791, "MAE": 0.3327708404906807, "MSE": 0.1944797125343045, "poisson_deviance_explained": 0.4362837390664529}, "16": {"AUC": NaN, "kappa": NaN, "f1": NaN, "precision": NaN, "recall": NaN, "average_precision": NaN, "Spearman_r": 0.7515732963791398, "Pearson_r": 0.7394719097322638, "R2": 0.5459179464577476, "MAE": 0.3366135902319789, "MSE": 0.20075709741369316, "poisson_deviance_explained": 0.4302697351041551}, "17": {"AUC": NaN, "kappa": NaN, "f1": NaN, "precision": NaN, "recall": NaN, "average_precision": NaN, "Spearman_r": 0.7621414886553561, "Pearson_r": 0.7549582203166416, "R2": 0.5684517837732628, "MAE": 0.33424856450984775, "MSE": 0.195078434521956, "poisson_deviance_explained": 0.4521451057111968}, "18": {"AUC": NaN, "kappa": NaN, "f1": NaN, "precision": NaN, "recall": NaN, "average_precision": NaN, "Spearman_r": 0.7528042184295114, "Pearson_r": 0.7450008141741314, "R2": 0.5540343325121841, "MAE": 0.33878634752828257, "MSE": 0.19959025155759802, "poisson_deviance_explained": 0.4345943573193801}, "19": {"AUC": NaN, "kappa": NaN, "f1": NaN, "precision": NaN, "recall": NaN, "average_precision": NaN, "Spearman_r": 0.7519548774540898, "Pearson_r": 0.743520489678454, "R2": 0.5517165574253623, "MAE": 0.3431370186794936, "MSE": 0.20549424262309163, "poisson_deviance_explained": 0.4328457771870292}, "20": {"AUC": NaN, "kappa": NaN, "f1": NaN, "precision": NaN, "recall": NaN, "average_precision": NaN, "Spearman_r": 0.7472644276856174, "Pearson_r": 0.7393006721008009, "R2": 0.5453472642369361, "MAE": 0.34608510349744365, "MSE": 0.207821591937907, "poisson_deviance_explained": 0.4308856668015215}, "21": {"AUC": NaN, "kappa": NaN, "f1": NaN, "precision": NaN, "recall": NaN, "average_precision": NaN, "Spearman_r": 0.7614460618010924, "Pearson_r": 0.7503269232919052, "R2": 0.5615676931471099, "MAE": 0.33879543902571374, "MSE": 0.2014495843484594, "poisson_deviance_explained": 0.44630128686839954}, "22": {"AUC": NaN, "kappa": NaN, "f1": NaN, "precision": NaN, "recall": NaN, "average_precision": NaN, "Spearman_r": 0.769076355750866, "Pearson_r": 0.7607230178706896, "R2": 0.5774352352262151, "MAE": 0.3334944340430772, "MSE": 0.19501591740799631, "poisson_deviance_explained": 0.4641675528677358}, "23": {"AUC": NaN, "kappa": NaN, "f1": NaN, "precision": NaN, "recall": NaN, "average_precision": NaN, "Spearman_r": 0.7606248025337887, "Pearson_r": 0.7493820732359091, "R2": 0.5605205132122624, "MAE": 0.34382782109523713, "MSE": 0.20990700034248455, "poisson_deviance_explained": 0.44856534769406653}, "24": {"AUC": NaN, "kappa": NaN, "f1": NaN, "precision": NaN, "recall": NaN, "average_precision": NaN, "Spearman_r": 0.7566227394413658, "Pearson_r": 0.7460164444797741, "R2": 0.5557682889396132, "MAE": 0.34488207040692975, "MSE": 0.20965436596280873, "poisson_deviance_explained": 0.44249797634887555}, "25": {"AUC": NaN, "kappa": NaN, "f1": NaN, "precision": NaN, "recall": NaN, "average_precision": NaN, "Spearman_r": 0.7527483425013907, "Pearson_r": 0.7436033064300139, "R2": 0.5518923449297919, "MAE": 0.34767129159026294, "MSE": 0.21042770991666332, "poisson_deviance_explained": 0.4372353455194655}, "26": {"AUC": NaN, "kappa": NaN, "f1": NaN, "precision": NaN, "recall": NaN, "average_precision": NaN, "Spearman_r": 0.7563769509471134, "Pearson_r": 0.7452949782510513, "R2": 0.5545242401926394, "MAE": 0.34805081624864137, "MSE": 0.2115276244540698, "poisson_deviance_explained": 0.4375346697307352}, "27": {"AUC": NaN, "kappa": NaN, "f1": NaN, "precision": NaN, "recall": NaN, "average_precision": NaN, "Spearman_r": 0.7515060765588754,