{"AUC": NaN, "kappa": NaN, "f1": NaN, "precision": NaN, "recall": NaN, "average_precision": NaN, "Spearman_r": 0.7289190908528851, "Pearson_r": 0.7148181050828283, "R2": 0.5104403034174162, "MAE": 0.4121656540323985, "MSE": 0.2985930613323382, "poisson_deviance_explained": 0.3941364292248999}
