{"1": {"AUC": NaN, "kappa": NaN, "f1": NaN, "precision": NaN, "recall": NaN, "average_precision": NaN, "Spearman_r": 0.67310835316043, "Pearson_r": 0.6693949564470718, "R2": 0.4480507776853292, "MAE": 0.4275557574831092, "MSE": 0.3036813751148734, "poisson_deviance_explained": 0.33742599107655535}, "2": {"AUC": NaN, "kappa": NaN, "f1": NaN, "precision": NaN, "recall": NaN, "average_precision": NaN, "Spearman_r": 0.6961506853932639, "Pearson_r": 0.6870462208321402, "R2": 0.4718103403217656, "MAE": 0.4213187170754285, "MSE": 0.30187350536450436, "poisson_deviance_explained": 0.362248238829567}, "3": {"AUC": NaN, "kappa": NaN, "f1": NaN, "precision": NaN, "recall": NaN, "average_precision": NaN, "Spearman_r": 0.7291234770824501, "Pearson_r": 0.7189442509402617, "R2": 0.516054145285209, "MAE": 0.40093880230982026, "MSE": 0.2713268385353825, "poisson_deviance_explained": 0.3994505873281339}, "4": {"AUC": NaN, "kappa": NaN, "f1": NaN, "precision": NaN, "recall": NaN, "average_precision": NaN, "Spearman_r": 0.6484601707817448, "Pearson_r": 0.6602679537037142, "R2": 0.43460542734584284, "MAE": 0.5118697397133, "MSE": 0.4057292809654072, "poisson_deviance_explained": 0.3215827757910109}, "5": {"AUC": NaN, "kappa": NaN, "f1": NaN, "precision": NaN, "recall": NaN, "average_precision": NaN, "Spearman_r": 0.7221147885569054, "Pearson_r": 0.7093211454688287, "R2": 0.5020614670614997, "MAE": 0.40986040535236945, "MSE": 0.28210235448534976, "poisson_deviance_explained": 0.3791602642845302}, "6": {"AUC": NaN, "kappa": NaN, "f1": NaN, "precision": NaN, "recall": NaN, "average_precision": NaN, "Spearman_r": 0.7231806122512247, "Pearson_r": 0.7061996126927736, "R2": 0.49777574980603334, "MAE": 0.40534036850673394, "MSE": 0.28329527491982914, "poisson_deviance_explained": 0.38102069649593207}, "7": {"AUC": NaN, "kappa": NaN, "f1": NaN, "precision": NaN, "recall": NaN, "average_precision": NaN, "Spearman_r": 0.7310497700714824, "Pearson_r": 0.7191110220533476, "R2": 0.5156077142781594, "MAE": 0.4042091680328552, "MSE": 0.2753675254244661, "poisson_deviance_explained": 0.400511245098669}, "8": {"AUC": NaN, "kappa": NaN, "f1": NaN, "precision": NaN, "recall": NaN, "average_precision": NaN, "Spearman_r": 0.7356331842925719, "Pearson_r": 0.7186740909927513, "R2": 0.5148901153835569, "MAE": 0.39826747330327744, "MSE": 0.2720849938334659, "poisson_deviance_explained": 0.39772786813857763}, "9": {"AUC": NaN, "kappa": NaN, "f1": NaN, "precision": NaN, "recall": NaN, "average_precision": NaN, "Spearman_r": 0.7412637553449785, "Pearson_r": 0.7240127721023231, "R2": 0.522283946406714, "MAE": 0.40054423037462517, "MSE": 0.2820299167595762, "poisson_deviance_explained": 0.4076704907766613}, "10": {"AUC": NaN, "kappa": NaN, "f1": NaN, "precision": NaN, "recall": NaN, "average_precision": NaN, "Spearman_r": 0.7292644597190661, "Pearson_r": 0.7105548159347492, "R2": 0.5041660108470515, "MAE": 0.4031337094900989, "MSE": 0.287013987198033, "poisson_deviance_explained": 0.39358681067308754}, "11": {"AUC": NaN, "kappa": NaN, "f1": NaN, "precision": NaN, "recall": NaN, "average_precision": NaN, "Spearman_r": 0.7190222018301092, "Pearson_r": 0.6986501068799353, "R2": 0.486510687657124, "MAE": 0.4013149560438112, "MSE": 0.28358255359986073, "poisson_deviance_explained": 0.3802794640799999}, "12": {"AUC": NaN, "kappa": NaN, "f1": NaN, "precision": NaN, "recall": NaN, "average_precision": NaN, "Spearman_r": 0.7102920110494028, "Pearson_r": 0.689814464366027, "R2": 0.4749157595026212, "MAE": 0.3959296011152807, "MSE": 0.2761561660173504, "poisson_deviance_explained": 0.36758567013660026}, "13": {"AUC": NaN, "kappa": NaN, "f1": NaN, "precision": NaN, "recall": NaN, "average_precision": NaN, "Spearman_r": 0.7148666175343065, "Pearson_r": 0.6976851512970007, "R2": 0.4855992299739139, "MAE": 0.3932490811260415, "MSE": 0.2708047639057253, "poisson_deviance_explained": 0.37115134830521834}, "14": {"AUC": NaN, "kappa": NaN, "f1": NaN, "precision": NaN, "recall": NaN, "average_precision": NaN, "Spearman_r": 0.7029298586620933, "Pearson_r": 0.6897751457478675, "R2": 0.47541898694578555, "MAE": 0.39149958304022614, "MSE": 0.26670064488358103, "poisson_deviance_explained": 0.3635959446001953}, "15": {"AUC": NaN, "kappa": NaN, "f1": NaN, "precision": NaN, "recall": NaN, "average_precision": NaN, "Spearman_r": 0.7123574004816221, "Pearson_r": 0.7017874866105549, "R2": 0.49239353196805613, "MAE": 0.37954386120014205, "MSE": 0.25126054499402856, "poisson_deviance_explained": 0.38928563359727597}, "16": {"AUC": NaN, "kappa": NaN, "f1": NaN, "precision": NaN, "recall": NaN, "average_precision": NaN, "Spearman_r": 0.7284907425764572, "Pearson_r": 0.7206028488981924, "R2": 0.5191827101400311, "MAE": 0.3735088522321087, "MSE": 0.24348686694249547, "poisson_deviance_explained": 0.4129847945722209}, "17": {"AUC": NaN, "kappa": NaN, "f1": NaN, "precision": NaN, "recall": NaN, "average_precision": NaN, "Spearman_r": 0.72039654941923, "Pearson_r": 0.7087461848677988, "R2": 0.5019143019431298, "MAE": 0.37278177016772135, "MSE": 0.2431604292320698, "poisson_deviance_explained": 0.38613812300316175}, "18": {"AUC": NaN, "kappa": NaN, "f1": NaN, "precision": NaN, "recall": NaN, "average_precision": NaN, "Spearman_r": 0.7282045958874692, "Pearson_r": 0.7205044983992877, "R2": 0.5186746333837752, "MAE": 0.37385345096364253, "MSE": 0.23690127012726608, "poisson_deviance_explained": 0.39720022760426466}, "19": {"AUC": NaN, "kappa": NaN, "f1": NaN, "precision": NaN, "recall": NaN, "average_precision": NaN, "Spearman_r": 0.7250873268495155, "Pearson_r": 0.7174216895961225, "R2": 0.5144949087859771, "MAE": 0.371738531000014, "MSE": 0.2414830620462561, "poisson_deviance_explained": 0.39960348849003235}, "20": {"AUC": NaN, "kappa": NaN, "f1": NaN, "precision": NaN, "recall": NaN, "average_precision": NaN, "Spearman_r": 0.7216999611520609, "Pearson_r": 0.7058111753701022, "R2": 0.4974485444507417, "MAE": 0.3716759268305228, "MSE": 0.24215674424041192, "poisson_deviance_explained": 0.3806901687224713}, "21": {"AUC": NaN, "kappa": NaN, "f1": NaN, "precision": NaN, "recall": NaN, "average_precision": NaN, "Spearman_r": 0.7436761599706638, "Pearson_r": 0.7304165351624291, "R2": 0.5330339588767539, "MAE": 0.3582175864164037, "MSE": 0.22668959910331724, "poisson_deviance_explained": 0.41853487828012625}, "22": {"AUC": NaN, "kappa": NaN, "f1": NaN, "precision": NaN, "recall": NaN, "average_precision": NaN, "Spearman_r": 0.7475586002724882, "Pearson_r": 0.739056096701575, "R2": 0.5457339443965403, "MAE": 0.36709592719512874, "MSE": 0.2406296172814556, "poisson_deviance_explained": 0.4307862806413204}, "23": {"AUC": NaN, "kappa": NaN, "f1": NaN, "precision": NaN, "recall": NaN, "average_precision": NaN, "Spearman_r": 0.7572431022517484, "Pearson_r": 0.7409348368092129, "R2": 0.5481802475436643, "MAE": 0.3701770166958157, "MSE": 0.24463728027985301, "poisson_deviance_explained": 0.4321247275042944}, "24": {"AUC": NaN, "kappa": NaN, "f1": NaN, "precision": NaN, "recall": NaN, "average_precision": NaN, "Spearman_r": 0.7701416438848677, "Pearson_r": 0.7515734224991482, "R2": 0.5637233969535536, "MAE": 0.37419383983713456, "MSE": 0.24977494225065827, "poisson_deviance_explained": 0.44104019461450517}, "25": {"AUC": NaN, "kappa": NaN, "f1": NaN, "precision": NaN, "recall": NaN, "average_precision": NaN, "Spearman_r": 0.7370938194837136, "Pearson_r": 0.7231870446335955, "R2": 0.5220836478591843, "MAE": 0.3857051364182006, "MSE": 0.26086863807518296, "poisson_deviance_explained": 0.40151400554658667}, "26": {"AUC": NaN, "kappa": NaN, "f1": NaN, "precision": NaN, "recall": NaN, "average_precision": NaN, "Spearman_r": 0.7376793521366071, "Pearson_r": 0.7224819902508124, "R2": 0.5214842220637733, "MAE": 0.3901879618553283, "MSE": 0.26542900896288596, "poisson_deviance_explained": 0.4004295332756037}, "27": {"AUC": NaN, "kappa": NaN, "f1": NaN, "precision": NaN, "recall": NaN, "average_precision": NaN, "Spearman_r": 0.7277341334390579,