{"1": {"AUC": NaN, "kappa": NaN, "f1": NaN, "precision": NaN, "recall": NaN, "average_precision": NaN, "Spearman_r": 0.699570800244561, "Pearson_r": 0.6910779511977725, "R2": 0.47531323840994155, "MAE": 0.41016841689552086, "MSE": 0.2769839685637551, "poisson_deviance_explained": 0.3661181533706003}, "2": {"AUC": NaN, "kappa": NaN, "f1": NaN, "precision": NaN, "recall": NaN, "average_precision": NaN, "Spearman_r": 0.6945873690575574, "Pearson_r": 0.6832833533138787, "R2": 0.46517709253874895, "MAE": 0.41116141066428924, "MSE": 0.2838269335817838, "poisson_deviance_explained": 0.3566530056933763}, "3": {"AUC": NaN, "kappa": NaN, "f1": NaN, "precision": NaN, "recall": NaN, "average_precision": NaN, "Spearman_r": 0.7153168920859923, "Pearson_r": 0.6991888535661714, "R2": 0.4869107157740219, "MAE": 0.4046494921233802, "MSE": 0.2748938988619585, "poisson_deviance_explained": 0.37826592026791417}, "4": {"AUC": NaN, "kappa": NaN, "f1": NaN, "precision": NaN, "recall": NaN, "average_precision": NaN, "Spearman_r": 0.6570192941363184, "Pearson_r": 0.6590006758128729, "R2": 0.43229198856702333, "MAE": 0.49546191219154895, "MSE": 0.3797179975604227, "poisson_deviance_explained": 0.3276139127350578}, "5": {"AUC": NaN, "kappa": NaN, "f1": NaN, "precision": NaN, "recall": NaN, "average_precision": NaN, "Spearman_r": 0.7323008175053708, "Pearson_r": 0.7237532156444908, "R2": 0.520176914903332, "MAE": 0.3892328494500091, "MSE": 0.2541789676558816, "poisson_deviance_explained": 0.40624665864905385}, "6": {"AUC": NaN, "kappa": NaN, "f1": NaN, "precision": NaN, "recall": NaN, "average_precision": NaN, "Spearman_r": 0.7196491192480671, "Pearson_r": 0.7123528672001326, "R2": 0.5042207533158722, "MAE": 0.39441711789073697, "MSE": 0.26399347284868374, "poisson_deviance_explained": 0.3924380006240634}, "7": {"AUC": NaN, "kappa": NaN, "f1": NaN, "precision": NaN, "recall": NaN, "average_precision": NaN, "Spearman_r": 0.7145694024070823, "Pearson_r": 0.7011935276843868, "R2": 0.48868455295254865, "MAE": 0.3951702989274654, "MSE": 0.26586125102222924, "poisson_deviance_explained": 0.38002347194612374}, "8": {"AUC": NaN, "kappa": NaN, "f1": NaN, "precision": NaN, "recall": NaN, "average_precision": NaN, "Spearman_r": 0.710053840679025, "Pearson_r": 0.6962644862949711, "R2": 0.4816566386323564, "MAE": 0.39876699580069447, "MSE": 0.2737439668499123, "poisson_deviance_explained": 0.37622575699270455}, "9": {"AUC": NaN, "kappa": NaN, "f1": NaN, "precision": NaN, "recall": NaN, "average_precision": NaN, "Spearman_r": 0.7244002840084974, "Pearson_r": 0.7116334333028137, "R2": 0.5028525405128492, "MAE": 0.3907286427663182, "MSE": 0.2626962896861853, "poisson_deviance_explained": 0.3976686919703811}, "10": {"AUC": NaN, "kappa": NaN, "f1": NaN, "precision": NaN, "recall": NaN, "average_precision": NaN, "Spearman_r": 0.7323924917222421, "Pearson_r": 0.714711109523471, "R2": 0.5075699358766894, "MAE": 0.38731588648897525, "MSE": 0.26710481938675007, "poisson_deviance_explained": 0.40256477649673716}, "11": {"AUC": NaN, "kappa": NaN, "f1": NaN, "precision": NaN, "recall": NaN, "average_precision": NaN, "Spearman_r": 0.7112230082658209, "Pearson_r": 0.6970324234261823, "R2": 0.4831074658615059, "MAE": 0.39947582339359, "MSE": 0.2780311342253944, "poisson_deviance_explained": 0.3867645702085819}, "12": {"AUC": NaN, "kappa": NaN, "f1": NaN, "precision": NaN, "recall": NaN, "average_precision": NaN, "Spearman_r": 0.7027296863557946, "Pearson_r": 0.6966965187628514, "R2": 0.48318132719475937, "MAE": 0.3866332821900565, "MSE": 0.26301426609484624, "poisson_deviance_explained": 0.3857751193838027}, "13": {"AUC": NaN, "kappa": NaN, "f1": NaN, "precision": NaN, "recall": NaN, "average_precision": NaN, "Spearman_r": 0.7064586645369751, "Pearson_r": 0.6952570664504923, "R2": 0.4817826541455039, "MAE": 0.382848529627625, "MSE": 0.25624290837911967, "poisson_deviance_explained": 0.38510875687918167}, "14": {"AUC": NaN, "kappa": NaN, "f1": NaN, "precision": NaN, "recall": NaN, "average_precision": NaN, "Spearman_r": 0.7115985541400058, "Pearson_r": 0.7033460558805322, "R2": 0.4933521949544438, "MAE": 0.3811479019587475, "MSE": 0.25572048812002063, "poisson_deviance_explained": 0.39508671475918755}, "15": {"AUC": NaN, "kappa": NaN, "f1": NaN, "precision": NaN, "recall": NaN, "average_precision": NaN, "Spearman_r": 0.7093098844158611, "Pearson_r": 0.6995558169159506, "R2": 0.48656136170809705, "MAE": 0.38563187199960447, "MSE": 0.25763824382787176, "poisson_deviance_explained": 0.3846773927934847}, "16": {"AUC": NaN, "kappa": NaN, "f1": NaN, "precision": NaN, "recall": NaN, "average_precision": NaN, "Spearman_r": 0.7262427120066745, "Pearson_r": 0.7203955486282355, "R2": 0.51657224748871, "MAE": 0.3712351927517158, "MSE": 0.2372792802533757, "poisson_deviance_explained": 0.4120523396399879}, "17": {"AUC": NaN, "kappa": NaN, "f1": NaN, "precision": NaN, "recall": NaN, "average_precision": NaN, "Spearman_r": 0.7284792274825266, "Pearson_r": 0.7203994141544471, "R2": 0.5169676819375285, "MAE": 0.36990347050705014, "MSE": 0.2379191743911125, "poisson_deviance_explained": 0.4141718673753527}, "18": {"AUC": NaN, "kappa": NaN, "f1": NaN, "precision": NaN, "recall": NaN, "average_precision": NaN, "Spearman_r": 0.7302766834008538, "Pearson_r": 0.7207270445180136, "R2": 0.5157155713521191, "MAE": 0.3641455737512903, "MSE": 0.2289989045506852, "poisson_deviance_explained": 0.4083369749415545}, "19": {"AUC": NaN, "kappa": NaN, "f1": NaN, "precision": NaN, "recall": NaN, "average_precision": NaN, "Spearman_r": 0.711016455879369, "Pearson_r": 0.7049189649493295, "R2": 0.4941676153664587, "MAE": 0.369725028633084, "MSE": 0.23746927182998379, "poisson_deviance_explained": 0.3861646710078399}, "20": {"AUC": NaN, "kappa": NaN, "f1": NaN, "precision": NaN, "recall": NaN, "average_precision": NaN, "Spearman_r": 0.7203287916376394, "Pearson_r": 0.719754874605903, "R2": 0.5156490344048794, "MAE": 0.3622527136315793, "MSE": 0.22762835709996146, "poisson_deviance_explained": 0.41010485650630824}, "21": {"AUC": NaN, "kappa": NaN, "f1": NaN, "precision": NaN, "recall": NaN, "average_precision": NaN, "Spearman_r": 0.7321795418599709, "Pearson_r": 0.7277545928391013, "R2": 0.5277200389325456, "MAE": 0.361515083665719, "MSE": 0.22523762487477383, "poisson_deviance_explained": 0.42323486433246227}, "22": {"AUC": NaN, "kappa": NaN, "f1": NaN, "precision": NaN, "recall": NaN, "average_precision": NaN, "Spearman_r": 0.7481954965016748, "Pearson_r": 0.7389437914466092, "R2": 0.5444848570479783, "MAE": 0.3560377865420519, "MSE": 0.22602343081269996, "poisson_deviance_explained": 0.4375945622508969}, "23": {"AUC": NaN, "kappa": NaN, "f1": NaN, "precision": NaN, "recall": NaN, "average_precision": NaN, "Spearman_r": 0.7414270163858027, "Pearson_r": 0.7331784406702959, "R2": 0.5357801983950308, "MAE": 0.36301313590792933, "MSE": 0.23567299530918853, "poisson_deviance_explained": 0.42767473377879095}, "24": {"AUC": NaN, "kappa": NaN, "f1": NaN, "precision": NaN, "recall": NaN, "average_precision": NaN, "Spearman_r": 0.7607644563293924, "Pearson_r": 0.7487880664334242, "R2": 0.5578984928902124, "MAE": 0.3611949432255593, "MSE": 0.23028604836158684, "poisson_deviance_explained": 0.44192946961166113}, "25": {"AUC": NaN, "kappa": NaN, "f1": NaN, "precision": NaN, "recall": NaN, "average_precision": NaN, "Spearman_r": 0.7430384846223599, "Pearson_r": 0.736121634160528, "R2": 0.5392892193841963, "MAE": 0.36651148446219023, "MSE": 0.2336744968088131, "poisson_deviance_explained": 0.42806574438944067}, "26": {"AUC": NaN, "kappa": NaN, "f1": NaN, "precision": NaN, "recall": NaN, "average_precision": NaN, "Spearman_r": 0.7319924005788622, "Pearson_r": 0.7198578082833348, "R2": 0.5165535985037757, "MAE": 0.3779492994838008, "MSE": 0.24702301078849306, "poisson_deviance_explained": 0.40574495228096175}, "27": {"AUC": NaN, "kappa": NaN, "f1": NaN, "precision": NaN, "recall": NaN, "average_precision": NaN, "Spearman_r": 0.7199740106095079,