{"1": {"AUC": NaN, "kappa": NaN, "f1": NaN, "precision": NaN, "recall": NaN, "average_precision": NaN, "Spearman_r": 0.703221323905276, "Pearson_r": 0.6984439032777185, "R2": 0.4857375796901422, "MAE": 0.39286010094539775, "MSE": 0.25438636625137245, "poisson_deviance_explained": 0.372580755242343}, "2": {"AUC": NaN, "kappa": NaN, "f1": NaN, "precision": NaN, "recall": NaN, "average_precision": NaN, "Spearman_r": 0.7140817185003556, "Pearson_r": 0.7056806386189578, "R2": 0.4964912624382156, "MAE": 0.3887409060618115, "MSE": 0.25147135132209103, "poisson_deviance_explained": 0.3821045841046916}, "3": {"AUC": NaN, "kappa": NaN, "f1": NaN, "precision": NaN, "recall": NaN, "average_precision": NaN, "Spearman_r": 0.734828305503908, "Pearson_r": 0.7273861207160421, "R2": 0.5268564702187536, "MAE": 0.3836453572992326, "MSE": 0.24840413177913498, "poisson_deviance_explained": 0.4098688823422799}, "4": {"AUC": NaN, "kappa": NaN, "f1": NaN, "precision": NaN, "recall": NaN, "average_precision": NaN, "Spearman_r": 0.6794862285823803, "Pearson_r": 0.6694124609094878, "R2": 0.4465362363802263, "MAE": 0.45351178948839954, "MSE": 0.33512760835155464, "poisson_deviance_explained": 0.3308350991022414}, "5": {"AUC": NaN, "kappa": NaN, "f1": NaN, "precision": NaN, "recall": NaN, "average_precision": NaN, "Spearman_r": 0.7375869224896064, "Pearson_r": 0.7279783671558557, "R2": 0.5277347004634185, "MAE": 0.3778383499485624, "MSE": 0.24267981807763953, "poisson_deviance_explained": 0.41533658302887677}, "6": {"AUC": NaN, "kappa": NaN, "f1": NaN, "precision": NaN, "recall": NaN, "average_precision": NaN, "Spearman_r": 0.7378943344097391, "Pearson_r": 0.7283621804534077, "R2": 0.5289650357094273, "MAE": 0.37240022132866213, "MSE": 0.2359473269183174, "poisson_deviance_explained": 0.4207917198415212}, "7": {"AUC": NaN, "kappa": NaN, "f1": NaN, "precision": NaN, "recall": NaN, "average_precision": NaN, "Spearman_r": 0.7389267001800507, "Pearson_r": 0.7258855824239807, "R2": 0.5246983569717341, "MAE": 0.37520152144225755, "MSE": 0.24232640562952476, "poisson_deviance_explained": 0.4152083375120508}, "8": {"AUC": NaN, "kappa": NaN, "f1": NaN, "precision": NaN, "recall": NaN, "average_precision": NaN, "Spearman_r": 0.7395234083936197, "Pearson_r": 0.7255198686133819, "R2": 0.5242427195271462, "MAE": 0.37734361754036705, "MSE": 0.24862796565520415, "poisson_deviance_explained": 0.4166014097841373}, "9": {"AUC": NaN, "kappa": NaN, "f1": NaN, "precision": NaN, "recall": NaN, "average_precision": NaN, "Spearman_r": 0.7514177451667345, "Pearson_r": 0.7380210901528607, "R2": 0.5416774181720992, "MAE": 0.36628847220203675, "MSE": 0.234239975392184, "poisson_deviance_explained": 0.4350237613071598}, "10": {"AUC": NaN, "kappa": NaN, "f1": NaN, "precision": NaN, "recall": NaN, "average_precision": NaN, "Spearman_r": 0.7465145093328792, "Pearson_r": 0.7326854184367625, "R2": 0.5343730428910014, "MAE": 0.36670895589995195, "MSE": 0.2357234124829325, "poisson_deviance_explained": 0.4297282249605915}, "11": {"AUC": NaN, "kappa": NaN, "f1": NaN, "precision": NaN, "recall": NaN, "average_precision": NaN, "Spearman_r": 0.7318053930676349, "Pearson_r": 0.7199955371289347, "R2": 0.5157748082799548, "MAE": 0.37274696498185966, "MSE": 0.24349707506116292, "poisson_deviance_explained": 0.4130598621738638}, "12": {"AUC": NaN, "kappa": NaN, "f1": NaN, "precision": NaN, "recall": NaN, "average_precision": NaN, "Spearman_r": 0.712934621024643, "Pearson_r": 0.6998604320218533, "R2": 0.4883452726809169, "MAE": 0.3715093564800691, "MSE": 0.24214845106277536, "poisson_deviance_explained": 0.38864431990345116}, "13": {"AUC": NaN, "kappa": NaN, "f1": NaN, "precision": NaN, "recall": NaN, "average_precision": NaN, "Spearman_r": 0.7318597170689318, "Pearson_r": 0.7196382670727804, "R2": 0.5162644171996138, "MAE": 0.3677869105498317, "MSE": 0.23504394212983376, "poisson_deviance_explained": 0.4104308234777597}, "14": {"AUC": NaN, "kappa": NaN, "f1": NaN, "precision": NaN, "recall": NaN, "average_precision": NaN, "Spearman_r": 0.7272337280578669, "Pearson_r": 0.720742644473444, "R2": 0.5169550488242369, "MAE": 0.3593230281866071, "MSE": 0.22206820450604528, "poisson_deviance_explained": 0.409163591367403}, "15": {"AUC": NaN, "kappa": NaN, "f1": NaN, "precision": NaN, "recall": NaN, "average_precision": NaN, "Spearman_r": 0.7360890921128664, "Pearson_r": 0.729594097142125, "R2": 0.5298331886732076, "MAE": 0.3573520025162537, "MSE": 0.21973891385147162, "poisson_deviance_explained": 0.4255218413021987}, "16": {"AUC": NaN, "kappa": NaN, "f1": NaN, "precision": NaN, "recall": NaN, "average_precision": NaN, "Spearman_r": 0.7309763635650455, "Pearson_r": 0.7215093982456102, "R2": 0.5190820773963251, "MAE": 0.36029848937858044, "MSE": 0.22439875365087159, "poisson_deviance_explained": 0.4131447316150728}, "17": {"AUC": NaN, "kappa": NaN, "f1": NaN, "precision": NaN, "recall": NaN, "average_precision": NaN, "Spearman_r": 0.7373006533190207, "Pearson_r": 0.7293070862393515, "R2": 0.5293974967566062, "MAE": 0.35975911776003866, "MSE": 0.2218195795960742, "poisson_deviance_explained": 0.41833777851610887}, "18": {"AUC": NaN, "kappa": NaN, "f1": NaN, "precision": NaN, "recall": NaN, "average_precision": NaN, "Spearman_r": 0.7138571741897076, "Pearson_r": 0.707677986327208, "R2": 0.4991964493520539, "MAE": 0.3635925613970104, "MSE": 0.22674225692848796, "poisson_deviance_explained": 0.3944006100120815}, "19": {"AUC": NaN, "kappa": NaN, "f1": NaN, "precision": NaN, "recall": NaN, "average_precision": NaN, "Spearman_r": 0.720935567460191, "Pearson_r": 0.71448257620315, "R2": 0.508611160926945, "MAE": 0.36654868774643495, "MSE": 0.22868398029913203, "poisson_deviance_explained": 0.3981679506161556}, "20": {"AUC": NaN, "kappa": NaN, "f1": NaN, "precision": NaN, "recall": NaN, "average_precision": NaN, "Spearman_r": 0.7438185606594288, "Pearson_r": 0.7383728039265375, "R2": 0.5429464021279671, "MAE": 0.353733163187437, "MSE": 0.213655538795907, "poisson_deviance_explained": 0.43394290188596796}, "21": {"AUC": NaN, "kappa": NaN, "f1": NaN, "precision": NaN, "recall": NaN, "average_precision": NaN, "Spearman_r": 0.7412056799536867, "Pearson_r": 0.7359766787535849, "R2": 0.5397864478344268, "MAE": 0.35352878622733686, "MSE": 0.2156901215307333, "poisson_deviance_explained": 0.4316231877433464}, "22": {"AUC": NaN, "kappa": NaN, "f1": NaN, "precision": NaN, "recall": NaN, "average_precision": NaN, "Spearman_r": 0.7509508780486992, "Pearson_r": 0.7447947280677009, "R2": 0.5529534486681752, "MAE": 0.3511193652456736, "MSE": 0.21612336551575959, "poisson_deviance_explained": 0.4485963560687398}, "23": {"AUC": NaN, "kappa": NaN, "f1": NaN, "precision": NaN, "recall": NaN, "average_precision": NaN, "Spearman_r": 0.7520561609799655, "Pearson_r": 0.7411014416932551, "R2": 0.5468641277735165, "MAE": 0.3593716653153639, "MSE": 0.2262077946845689, "poisson_deviance_explained": 0.4353849933302808}, "24": {"AUC": NaN, "kappa": NaN, "f1": NaN, "precision": NaN, "recall": NaN, "average_precision": NaN, "Spearman_r": 0.7665667679056606, "Pearson_r": 0.7603103729158489, "R2": 0.5751430757717599, "MAE": 0.3576603772445677, "MSE": 0.2210106967677291, "poisson_deviance_explained": 0.46522541665831085}, "25": {"AUC": NaN, "kappa": NaN, "f1": NaN, "precision": NaN, "recall": NaN, "average_precision": NaN, "Spearman_r": 0.7415980506749711, "Pearson_r": 0.7319160922527232, "R2": 0.5343583834852761, "MAE": 0.37315118403453573, "MSE": 0.23782782921756057, "poisson_deviance_explained": 0.4222514799070025}, "26": {"AUC": NaN, "kappa": NaN, "f1": NaN, "precision": NaN, "recall": NaN, "average_precision": NaN, "Spearman_r": 0.7419712920403599, "Pearson_r": 0.7334702391910052, "R2": 0.5366272907612192, "MAE": 0.37134517685186963, "MSE": 0.23458587381106302, "poisson_deviance_explained": 0.4256023968943421}, "27": {"AUC": NaN, "kappa": NaN, "f1": NaN, "precision": NaN, "recall": NaN, "average_precision": NaN, "Spearman_r": 0.7444777756161218,