{"1": {"AUC": NaN, "kappa": NaN, "f1": NaN, "precision": NaN, "recall": NaN, "average_precision": NaN, "Spearman_r": 0.684056783630625, "Pearson_r": 0.670657098901076, "R2": 0.44971549842651304, "MAE": 0.4399479764118499, "MSE": 0.32872005173776125, "poisson_deviance_explained": 0.3378175308599527}, "2": {"AUC": NaN, "kappa": NaN, "f1": NaN, "precision": NaN, "recall": NaN, "average_precision": NaN, "Spearman_r": 0.7035084131819648, "Pearson_r": 0.6947564492977575, "R2": 0.4822640675005486, "MAE": 0.41181949778530336, "MSE": 0.2978719058137857, "poisson_deviance_explained": 0.371648874676891}, "3": {"AUC": NaN, "kappa": NaN, "f1": NaN, "precision": NaN, "recall": NaN, "average_precision": NaN, "Spearman_r": 0.712371198794683, "Pearson_r": 0.6977566729421287, "R2": 0.48628421080147555, "MAE": 0.4136264037554176, "MSE": 0.2986987434817189, "poisson_deviance_explained": 0.3804608723314554}, "4": {"AUC": NaN, "kappa": NaN, "f1": NaN, "precision": NaN, "recall": NaN, "average_precision": NaN, "Spearman_r": 0.7236467501220443, "Pearson_r": 0.7127391239214602, "R2": 0.5073449490811439, "MAE": 0.41547790550473007, "MSE": 0.29633946772023706, "poisson_deviance_explained": 0.3877208074268367}, "5": {"AUC": NaN, "kappa": NaN, "f1": NaN, "precision": NaN, "recall": NaN, "average_precision": NaN, "Spearman_r": 0.7426873124708351, "Pearson_r": 0.7327924702565224, "R2": 0.5359274914837324, "MAE": 0.39618434754983645, "MSE": 0.27886443637640096, "poisson_deviance_explained": 0.4175528783690391}, "6": {"AUC": NaN, "kappa": NaN, "f1": NaN, "precision": NaN, "recall": NaN, "average_precision": NaN, "Spearman_r": 0.7188388288862817, "Pearson_r": 0.7072659080310278, "R2": 0.49992375851234827, "MAE": 0.4153808305919399, "MSE": 0.30295355679363295, "poisson_deviance_explained": 0.3833589511769776}, "7": {"AUC": NaN, "kappa": NaN, "f1": NaN, "precision": NaN, "recall": NaN, "average_precision": NaN, "Spearman_r": 0.7382925898521538, "Pearson_r": 0.7222994833948316, "R2": 0.5209552943945793, "MAE": 0.410068171302315, "MSE": 0.29995471151033515, "poisson_deviance_explained": 0.4005703888250013}, "8": {"AUC": NaN, "kappa": NaN, "f1": NaN, "precision": NaN, "recall": NaN, "average_precision": NaN, "Spearman_r": 0.7365964345267628, "Pearson_r": 0.7206174871100929, "R2": 0.5184284525356231, "MAE": 0.4151559946899061, "MSE": 0.30526573059124623, "poisson_deviance_explained": 0.40146374908156435}, "9": {"AUC": NaN, "kappa": NaN, "f1": NaN, "precision": NaN, "recall": NaN, "average_precision": NaN, "Spearman_r": 0.7432653812009539, "Pearson_r": 0.7236888242207051, "R2": 0.5229734974405991, "MAE": 0.41483529995941887, "MSE": 0.3037435363260394, "poisson_deviance_explained": 0.40559892031390177}, "10": {"AUC": NaN, "kappa": NaN, "f1": NaN, "precision": NaN, "recall": NaN, "average_precision": NaN, "Spearman_r": 0.7287769852833706, "Pearson_r": 0.7069754200600807, "R2": 0.4992331493624479, "MAE": 0.43166951036801204, "MSE": 0.3345365543666688, "poisson_deviance_explained": 0.3856961503482659}, "11": {"AUC": NaN, "kappa": NaN, "f1": NaN, "precision": NaN, "recall": NaN, "average_precision": NaN, "Spearman_r": 0.7369164489579885, "Pearson_r": 0.711358559427515, "R2": 0.5020085851438467, "MAE": 0.42583248265040596, "MSE": 0.31618008747981885, "poisson_deviance_explained": 0.3859891270900745}, "12": {"AUC": NaN, "kappa": NaN, "f1": NaN, "precision": NaN, "recall": NaN, "average_precision": NaN, "Spearman_r": 0.697688796310357, "Pearson_r": 0.681715550380845, "R2": 0.4636661096522866, "MAE": 0.42695615624805827, "MSE": 0.32355417601996067, "poisson_deviance_explained": 0.35009274441544724}, "13": {"AUC": NaN, "kappa": NaN, "f1": NaN, "precision": NaN, "recall": NaN, "average_precision": NaN, "Spearman_r": 0.6929307661112528, "Pearson_r": 0.6827878974019612, "R2": 0.46605492532115944, "MAE": 0.4197488755231491, "MSE": 0.30855055860563196, "poisson_deviance_explained": 0.35640217277308894}, "14": {"AUC": NaN, "kappa": NaN, "f1": NaN, "precision": NaN, "recall": NaN, "average_precision": NaN, "Spearman_r": 0.7001699589325918, "Pearson_r": 0.6849244734835546, "R2": 0.4686992326264394, "MAE": 0.4058359960806491, "MSE": 0.30026986655157195, "poisson_deviance_explained": 0.36707810885922}, "15": {"AUC": NaN, "kappa": NaN, "f1": NaN, "precision": NaN, "recall": NaN, "average_precision": NaN, "Spearman_r": 0.7386179692362802, "Pearson_r": 0.7198616044708455, "R2": 0.5171034590265124, "MAE": 0.39477428736612624, "MSE": 0.27584047623896496, "poisson_deviance_explained": 0.3988298700997135}, "16": {"AUC": NaN, "kappa": NaN, "f1": NaN, "precision": NaN, "recall": NaN, "average_precision": NaN, "Spearman_r": 0.7385154750502887, "Pearson_r": 0.7357221894346959, "R2": 0.5392372688109834, "MAE": 0.3914505044237402, "MSE": 0.2750653715118144, "poisson_deviance_explained": 0.44023469788269576}, "17": {"AUC": NaN, "kappa": NaN, "f1": NaN, "precision": NaN, "recall": NaN, "average_precision": NaN, "Spearman_r": 0.7358442822604635, "Pearson_r": 0.7227824592515235, "R2": 0.5210362594131046, "MAE": 0.3879994565971686, "MSE": 0.2638791143281215, "poisson_deviance_explained": 0.4071292391791135}, "18": {"AUC": NaN, "kappa": NaN, "f1": NaN, "precision": NaN, "recall": NaN, "average_precision": NaN, "Spearman_r": 0.7170551688209481, "Pearson_r": 0.7107482246942122, "R2": 0.503743967884162, "MAE": 0.40763164399642976, "MSE": 0.2826186982783673, "poisson_deviance_explained": 0.38656499707300185}, "19": {"AUC": NaN, "kappa": NaN, "f1": NaN, "precision": NaN, "recall": NaN, "average_precision": NaN, "Spearman_r": 0.7408960351871822, "Pearson_r": 0.7285860496694213, "R2": 0.5281248454377043, "MAE": 0.3820951556441331, "MSE": 0.2542840700065955, "poisson_deviance_explained": 0.3948540395267174}, "20": {"AUC": NaN, "kappa": NaN, "f1": NaN, "precision": NaN, "recall": NaN, "average_precision": NaN, "Spearman_r": 0.7167377260843474, "Pearson_r": 0.7078033596287084, "R2": 0.5003365177661242, "MAE": 0.38933179747043745, "MSE": 0.26546647788454736, "poisson_deviance_explained": 0.37309028343545314}, "21": {"AUC": NaN, "kappa": NaN, "f1": NaN, "precision": NaN, "recall": NaN, "average_precision": NaN, "Spearman_r": 0.7188272216850521, "Pearson_r": 0.7061700861065499, "R2": 0.49794622473806427, "MAE": 0.39720540812587485, "MSE": 0.2822701997878932, "poisson_deviance_explained": 0.3843404492920701}, "22": {"AUC": NaN, "kappa": NaN, "f1": NaN, "precision": NaN, "recall": NaN, "average_precision": NaN, "Spearman_r": 0.7272159338444358, "Pearson_r": 0.7148958573679103, "R2": 0.5106136878064369, "MAE": 0.4006470895803177, "MSE": 0.29159249949879734, "poisson_deviance_explained": 0.4041160643126228}, "23": {"AUC": NaN, "kappa": NaN, "f1": NaN, "precision": NaN, "recall": NaN, "average_precision": NaN, "Spearman_r": 0.7441195738752268, "Pearson_r": 0.7269764584549279, "R2": 0.5278472328795554, "MAE": 0.4036247034007347, "MSE": 0.2914195124989442, "poisson_deviance_explained": 0.41339792196763925}, "24": {"AUC": NaN, "kappa": NaN, "f1": NaN, "precision": NaN, "recall": NaN, "average_precision": NaN, "Spearman_r": 0.7628064710180443, "Pearson_r": 0.7476545408367509, "R2": 0.5576306548144874, "MAE": 0.401241348990248, "MSE": 0.28477009156091637, "poisson_deviance_explained": 0.45011618297700096}, "25": {"AUC": NaN, "kappa": NaN, "f1": NaN, "precision": NaN, "recall": NaN, "average_precision": NaN, "Spearman_r": 0.7260313093000833, "Pearson_r": 0.7160997188929678, "R2": 0.5113427140586617, "MAE": 0.418717156891242, "MSE": 0.30787084627882827, "poisson_deviance_explained": 0.3966529358012658}, "26": {"AUC": NaN, "kappa": NaN, "f1": NaN, "precision": NaN, "recall": NaN, "average_precision": NaN, "Spearman_r": 0.7286271906230829, "Pearson_r": 0.7161723356086662, "R2": 0.5126467216081614, "MAE": 0.420566277342768, "MSE": 0.3076239363939075, "poisson_deviance_explained": 0.3958614545780005}, "27": {"AUC": NaN, "kappa": NaN, "f1": NaN, "precision": NaN, "recall": NaN, "average_precision": NaN, "Spearman_r": 0.7154914114476506,