{"1": {"AUC": NaN, "kappa": NaN, "f1": NaN, "precision": NaN, "recall": NaN, "average_precision": NaN, "Spearman_r": 0.7160552814547189, "Pearson_r": 0.7085640983365213, "R2": 0.501718565855367, "MAE": 0.3929694165225509, "MSE": 0.2583947467421872, "poisson_deviance_explained": 0.3837183549585266}, "2": {"AUC": NaN, "kappa": NaN, "f1": NaN, "precision": NaN, "recall": NaN, "average_precision": NaN, "Spearman_r": 0.7324650721975802, "Pearson_r": 0.7235879724708039, "R2": 0.5231168000912478, "MAE": 0.3767903719660925, "MSE": 0.24265965189655003, "poisson_deviance_explained": 0.40693464079162167}, "3": {"AUC": NaN, "kappa": NaN, "f1": NaN, "precision": NaN, "recall": NaN, "average_precision": NaN, "Spearman_r": 0.7385834647873156, "Pearson_r": 0.7285753645426448, "R2": 0.530219583934416, "MAE": 0.3714321853109373, "MSE": 0.23978155330160136, "poisson_deviance_explained": 0.4148991292810039}, "4": {"AUC": NaN, "kappa": NaN, "f1": NaN, "precision": NaN, "recall": NaN, "average_precision": NaN, "Spearman_r": 0.6711710007066758, "Pearson_r": 0.6691485896243895, "R2": 0.44637072085884755, "MAE": 0.48337828838496255, "MSE": 0.37343809188700494, "poisson_deviance_explained": 0.3344950315120425}, "5": {"AUC": NaN, "kappa": NaN, "f1": NaN, "precision": NaN, "recall": NaN, "average_precision": NaN, "Spearman_r": 0.7500406063772015, "Pearson_r": 0.7411472806575881, "R2": 0.5482087587617919, "MAE": 0.3665118550713757, "MSE": 0.23230280078029442, "poisson_deviance_explained": 0.42962681946732295}, "6": {"AUC": NaN, "kappa": NaN, "f1": NaN, "precision": NaN, "recall": NaN, "average_precision": NaN, "Spearman_r": 0.7449156413835776, "Pearson_r": 0.7308433473650854, "R2": 0.5331318905666975, "MAE": 0.3705630505740514, "MSE": 0.23814277420931296, "poisson_deviance_explained": 0.418695792062723}, "7": {"AUC": NaN, "kappa": NaN, "f1": NaN, "precision": NaN, "recall": NaN, "average_precision": NaN, "Spearman_r": 0.7485960192951301, "Pearson_r": 0.7330522802614512, "R2": 0.5363309968870547, "MAE": 0.3671030710921069, "MSE": 0.23862768163856457, "poisson_deviance_explained": 0.42245863935327177}, "8": {"AUC": NaN, "kappa": NaN, "f1": NaN, "precision": NaN, "recall": NaN, "average_precision": NaN, "Spearman_r": 0.7373482248320955, "Pearson_r": 0.7246544588154398, "R2": 0.5240895087818315, "MAE": 0.3754162224660797, "MSE": 0.2456466080449963, "poisson_deviance_explained": 0.41024066216775645}, "9": {"AUC": NaN, "kappa": NaN, "f1": NaN, "precision": NaN, "recall": NaN, "average_precision": NaN, "Spearman_r": 0.7539691590934897, "Pearson_r": 0.740761267801614, "R2": 0.5477583268050623, "MAE": 0.36211337255290804, "MSE": 0.23474552870508686, "poisson_deviance_explained": 0.4369148272013039}, "10": {"AUC": NaN, "kappa": NaN, "f1": NaN, "precision": NaN, "recall": NaN, "average_precision": NaN, "Spearman_r": 0.7585675306983612, "Pearson_r": 0.736460358569026, "R2": 0.540554788806041, "MAE": 0.3637897262164159, "MSE": 0.2388772842998007, "poisson_deviance_explained": 0.42321584020294245}, "11": {"AUC": NaN, "kappa": NaN, "f1": NaN, "precision": NaN, "recall": NaN, "average_precision": NaN, "Spearman_r": 0.7447933677911667, "Pearson_r": 0.7260501289429527, "R2": 0.5260554447907494, "MAE": 0.3674933376985214, "MSE": 0.24249064303188186, "poisson_deviance_explained": 0.41539369970718876}, "12": {"AUC": NaN, "kappa": NaN, "f1": NaN, "precision": NaN, "recall": NaN, "average_precision": NaN, "Spearman_r": 0.7257436741574986, "Pearson_r": 0.7157031434463996, "R2": 0.5118875816637951, "MAE": 0.37093990800822346, "MSE": 0.24529842407696367, "poisson_deviance_explained": 0.4073090582527068}, "13": {"AUC": NaN, "kappa": NaN, "f1": NaN, "precision": NaN, "recall": NaN, "average_precision": NaN, "Spearman_r": 0.7315447393129133, "Pearson_r": 0.7158523284477689, "R2": 0.5119708327495548, "MAE": 0.36388587506227194, "MSE": 0.23318137418835222, "poisson_deviance_explained": 0.40452569095004}, "14": {"AUC": NaN, "kappa": NaN, "f1": NaN, "precision": NaN, "recall": NaN, "average_precision": NaN, "Spearman_r": 0.7429974484667217, "Pearson_r": 0.7304674360897931, "R2": 0.5330850549641506, "MAE": 0.3613553864677917, "MSE": 0.23041737609331217, "poisson_deviance_explained": 0.42278499901781585}, "15": {"AUC": NaN, "kappa": NaN, "f1": NaN, "precision": NaN, "recall": NaN, "average_precision": NaN, "Spearman_r": 0.740903970066547, "Pearson_r": 0.7255428684180751, "R2": 0.5255116931335542, "MAE": 0.3557003165188781, "MSE": 0.22490300716713313, "poisson_deviance_explained": 0.41594431910702023}, "16": {"AUC": NaN, "kappa": NaN, "f1": NaN, "precision": NaN, "recall": NaN, "average_precision": NaN, "Spearman_r": 0.7268957219890384, "Pearson_r": 0.7146992054706378, "R2": 0.510453874828787, "MAE": 0.36158716506507466, "MSE": 0.23199991775952172, "poisson_deviance_explained": 0.40650133862007964}, "17": {"AUC": NaN, "kappa": NaN, "f1": NaN, "precision": NaN, "recall": NaN, "average_precision": NaN, "Spearman_r": 0.7358173874645363, "Pearson_r": 0.7248849792583871, "R2": 0.5248539140606046, "MAE": 0.3524727481755816, "MSE": 0.21860466377689314, "poisson_deviance_explained": 0.4141691329919056}, "18": {"AUC": NaN, "kappa": NaN, "f1": NaN, "precision": NaN, "recall": NaN, "average_precision": NaN, "Spearman_r": 0.7315014657531455, "Pearson_r": 0.7214795541063148, "R2": 0.520258980659265, "MAE": 0.35551338462372195, "MSE": 0.22225064168335054, "poisson_deviance_explained": 0.4060406038088933}, "19": {"AUC": NaN, "kappa": NaN, "f1": NaN, "precision": NaN, "recall": NaN, "average_precision": NaN, "Spearman_r": 0.7366265084029867, "Pearson_r": 0.7351197326367844, "R2": 0.5401800247029154, "MAE": 0.34985773943813003, "MSE": 0.21361077277864576, "poisson_deviance_explained": 0.42939219650952354}, "20": {"AUC": NaN, "kappa": NaN, "f1": NaN, "precision": NaN, "recall": NaN, "average_precision": NaN, "Spearman_r": 0.7413780677563034, "Pearson_r": 0.7301220423967137, "R2": 0.5317808523531469, "MAE": 0.3520691976200181, "MSE": 0.2178501924408303, "poisson_deviance_explained": 0.416944874300465}, "21": {"AUC": NaN, "kappa": NaN, "f1": NaN, "precision": NaN, "recall": NaN, "average_precision": NaN, "Spearman_r": 0.7449714720114373, "Pearson_r": 0.734145400137726, "R2": 0.5382828374795458, "MAE": 0.3490371402140678, "MSE": 0.21807806741271593, "poisson_deviance_explained": 0.4196214969279102}, "22": {"AUC": NaN, "kappa": NaN, "f1": NaN, "precision": NaN, "recall": NaN, "average_precision": NaN, "Spearman_r": 0.7571185996008621, "Pearson_r": 0.7437200993929868, "R2": 0.5526181695724852, "MAE": 0.34445749831655426, "MSE": 0.2137722326420384, "poisson_deviance_explained": 0.44539049831282185}, "23": {"AUC": NaN, "kappa": NaN, "f1": NaN, "precision": NaN, "recall": NaN, "average_precision": NaN, "Spearman_r": 0.7629367161565515, "Pearson_r": 0.7485424909868272, "R2": 0.5595421382319896, "MAE": 0.35378456275923714, "MSE": 0.22260180631027665, "poisson_deviance_explained": 0.44286393677992775}, "24": {"AUC": NaN, "kappa": NaN, "f1": NaN, "precision": NaN, "recall": NaN, "average_precision": NaN, "Spearman_r": 0.7483994065181294, "Pearson_r": 0.7371387022677653, "R2": 0.5427994330455355, "MAE": 0.3624852736418835, "MSE": 0.22949761965903115, "poisson_deviance_explained": 0.42439811626537816}, "25": {"AUC": NaN, "kappa": NaN, "f1": NaN, "precision": NaN, "recall": NaN, "average_precision": NaN, "Spearman_r": 0.7571374379253659, "Pearson_r": 0.7478611501477741, "R2": 0.5589557550113725, "MAE": 0.36585505332597296, "MSE": 0.23659378906208736, "poisson_deviance_explained": 0.4463463358757992}, "26": {"AUC": NaN, "kappa": NaN, "f1": NaN, "precision": NaN, "recall": NaN, "average_precision": NaN, "Spearman_r": 0.7435844112680698, "Pearson_r": 0.7355193675890936, "R2": 0.5406629800251626, "MAE": 0.36410795531742135, "MSE": 0.22982336873112444, "poisson_deviance_explained": 0.4287929269065478}, "27": {"AUC": NaN, "kappa": NaN, "f1": NaN, "precision": NaN, "recall": NaN, "average_precision": NaN, "Spearman_r": 0.7462602326733054,