{"1": {"AUC": NaN, "kappa": NaN, "f1": NaN, "precision": NaN, "recall": NaN, "average_precision": NaN, "Spearman_r": 0.6580101201083454, "Pearson_r": 0.649322600215461, "R2": 0.42019946581102363, "MAE": 0.4555083762724135, "MSE": 0.33819722781389633, "poisson_deviance_explained": 0.31521167833938746}, "2": {"AUC": NaN, "kappa": NaN, "f1": NaN, "precision": NaN, "recall": NaN, "average_precision": NaN, "Spearman_r": 0.6976557967126769, "Pearson_r": 0.6905637636481388, "R2": 0.47364640174252115, "MAE": 0.43753515696786605, "MSE": 0.31565625560121136, "poisson_deviance_explained": 0.3598421158383829}, "3": {"AUC": NaN, "kappa": NaN, "f1": NaN, "precision": NaN, "recall": NaN, "average_precision": NaN, "Spearman_r": 0.6996858025022296, "Pearson_r": 0.6871470775447884, "R2": 0.4696743967200008, "MAE": 0.4263914421614533, "MSE": 0.30140908289637824, "poisson_deviance_explained": 0.35718156441901205}, "4": {"AUC": NaN, "kappa": NaN, "f1": NaN, "precision": NaN, "recall": NaN, "average_precision": NaN, "Spearman_r": 0.7206783766874276, "Pearson_r": 0.7096152696258918, "R2": 0.49925940848529715, "MAE": 0.417775076296668, "MSE": 0.2911014886304366, "poisson_deviance_explained": 0.3847963030278717}, "5": {"AUC": NaN, "kappa": NaN, "f1": NaN, "precision": NaN, "recall": NaN, "average_precision": NaN, "Spearman_r": 0.7002316955991729, "Pearson_r": 0.6924594125333519, "R2": 0.4774399705647754, "MAE": 0.42588431340682975, "MSE": 0.30295296664683213, "poisson_deviance_explained": 0.36768200518445304}, "6": {"AUC": NaN, "kappa": NaN, "f1": NaN, "precision": NaN, "recall": NaN, "average_precision": NaN, "Spearman_r": 0.7189500497878966, "Pearson_r": 0.7059575325414997, "R2": 0.494774421484104, "MAE": 0.41092869865739445, "MSE": 0.28523073974682556, "poisson_deviance_explained": 0.38192839484969554}, "7": {"AUC": NaN, "kappa": NaN, "f1": NaN, "precision": NaN, "recall": NaN, "average_precision": NaN, "Spearman_r": 0.7199735163841474, "Pearson_r": 0.697348895689268, "R2": 0.48394470501719933, "MAE": 0.41823810359285746, "MSE": 0.2998517297594736, "poisson_deviance_explained": 0.36780943630521257}, "8": {"AUC": NaN, "kappa": NaN, "f1": NaN, "precision": NaN, "recall": NaN, "average_precision": NaN, "Spearman_r": 0.7283246527238505, "Pearson_r": 0.7137253008596379, "R2": 0.5052430924958842, "MAE": 0.4141912595575903, "MSE": 0.29245978289779967, "poisson_deviance_explained": 0.39643420303353183}, "9": {"AUC": NaN, "kappa": NaN, "f1": NaN, "precision": NaN, "recall": NaN, "average_precision": NaN, "Spearman_r": 0.7148750181637709, "Pearson_r": 0.6944119825209563, "R2": 0.47866575897366825, "MAE": 0.431669705666964, "MSE": 0.3228487591603586, "poisson_deviance_explained": 0.37467989035861515}, "10": {"AUC": NaN, "kappa": NaN, "f1": NaN, "precision": NaN, "recall": NaN, "average_precision": NaN, "Spearman_r": 0.7194574117514088, "Pearson_r": 0.6995192793320824, "R2": 0.48378039899004877, "MAE": 0.4321920298829537, "MSE": 0.32259075692449746, "poisson_deviance_explained": 0.37867633536905654}, "11": {"AUC": NaN, "kappa": NaN, "f1": NaN, "precision": NaN, "recall": NaN, "average_precision": NaN, "Spearman_r": 0.6978779070405491, "Pearson_r": 0.6796599603986093, "R2": 0.4590965538655871, "MAE": 0.4291773278871726, "MSE": 0.3208552729405317, "poisson_deviance_explained": 0.35763135232189025}, "12": {"AUC": NaN, "kappa": NaN, "f1": NaN, "precision": NaN, "recall": NaN, "average_precision": NaN, "Spearman_r": 0.7033143105714709, "Pearson_r": 0.6847261205564394, "R2": 0.46486187079871355, "MAE": 0.4250585457773242, "MSE": 0.31029513226644223, "poisson_deviance_explained": 0.35777177023588336}, "13": {"AUC": NaN, "kappa": NaN, "f1": NaN, "precision": NaN, "recall": NaN, "average_precision": NaN, "Spearman_r": 0.7087581629178923, "Pearson_r": 0.6859706828647696, "R2": 0.46509422823340607, "MAE": 0.42027509408272534, "MSE": 0.30013389135685253, "poisson_deviance_explained": 0.35956589944389017}, "14": {"AUC": NaN, "kappa": NaN, "f1": NaN, "precision": NaN, "recall": NaN, "average_precision": NaN, "Spearman_r": 0.7182245981861001, "Pearson_r": 0.6961409305103292, "R2": 0.4795925422803061, "MAE": 0.4120530566133776, "MSE": 0.28721152446483433, "poisson_deviance_explained": 0.37289550783221825}, "15": {"AUC": NaN, "kappa": NaN, "f1": NaN, "precision": NaN, "recall": NaN, "average_precision": NaN, "Spearman_r": 0.7087529562999524, "Pearson_r": 0.6911707729476679, "R2": 0.4754722244669459, "MAE": 0.4023760982710574, "MSE": 0.2766090001275126, "poisson_deviance_explained": 0.3576361917077622}, "16": {"AUC": NaN, "kappa": NaN, "f1": NaN, "precision": NaN, "recall": NaN, "average_precision": NaN, "Spearman_r": 0.7111136425907912, "Pearson_r": 0.6933002920833569, "R2": 0.4775739760146258, "MAE": 0.39974461830729674, "MSE": 0.2726216810912335, "poisson_deviance_explained": 0.35800349822485744}, "17": {"AUC": NaN, "kappa": NaN, "f1": NaN, "precision": NaN, "recall": NaN, "average_precision": NaN, "Spearman_r": 0.7114090214007495, "Pearson_r": 0.7059262021662681, "R2": 0.4941113801465482, "MAE": 0.3969602298357392, "MSE": 0.2639945904847021, "poisson_deviance_explained": 0.3766312433102953}, "18": {"AUC": NaN, "kappa": NaN, "f1": NaN, "precision": NaN, "recall": NaN, "average_precision": NaN, "Spearman_r": 0.7059928679541794, "Pearson_r": 0.6971216075511123, "R2": 0.48354270375922515, "MAE": 0.3942736461908902, "MSE": 0.26111516189334977, "poisson_deviance_explained": 0.3729501927844475}, "19": {"AUC": NaN, "kappa": NaN, "f1": NaN, "precision": NaN, "recall": NaN, "average_precision": NaN, "Spearman_r": 0.7256173035083698, "Pearson_r": 0.7171852818641422, "R2": 0.5113671368205241, "MAE": 0.38292047631675186, "MSE": 0.25101996682743744, "poisson_deviance_explained": 0.39922489409585715}, "20": {"AUC": NaN, "kappa": NaN, "f1": NaN, "precision": NaN, "recall": NaN, "average_precision": NaN, "Spearman_r": 0.7144780918933535, "Pearson_r": 0.7012674081199445, "R2": 0.48800032623697276, "MAE": 0.38803963820095594, "MSE": 0.2618843567380718, "poisson_deviance_explained": 0.37788583065022907}, "21": {"AUC": NaN, "kappa": NaN, "f1": NaN, "precision": NaN, "recall": NaN, "average_precision": NaN, "Spearman_r": 0.7467789527939911, "Pearson_r": 0.7283475937964499, "R2": 0.5286446076550267, "MAE": 0.37581661423853996, "MSE": 0.24893599020095905, "poisson_deviance_explained": 0.41527602782631157}, "22": {"AUC": NaN, "kappa": NaN, "f1": NaN, "precision": NaN, "recall": NaN, "average_precision": NaN, "Spearman_r": 0.7665701230050994, "Pearson_r": 0.7481349891799285, "R2": 0.5572049521908802, "MAE": 0.36750013044072277, "MSE": 0.2416879108634971, "poisson_deviance_explained": 0.44287354822442904}, "23": {"AUC": NaN, "kappa": NaN, "f1": NaN, "precision": NaN, "recall": NaN, "average_precision": NaN, "Spearman_r": 0.751332316276156, "Pearson_r": 0.7291053174764884, "R2": 0.5293943731264439, "MAE": 0.39418989737116344, "MSE": 0.2780759199948119, "poisson_deviance_explained": 0.4134185347179461}, "24": {"AUC": NaN, "kappa": NaN, "f1": NaN, "precision": NaN, "recall": NaN, "average_precision": NaN, "Spearman_r": 0.730549839997959, "Pearson_r": 0.7084721883883613, "R2": 0.5003303558247121, "MAE": 0.4036865158658001, "MSE": 0.2931488934389792, "poisson_deviance_explained": 0.3844939281867521}, "25": {"AUC": NaN, "kappa": NaN, "f1": NaN, "precision": NaN, "recall": NaN, "average_precision": NaN, "Spearman_r": 0.7352544835532154, "Pearson_r": 0.7206620285459786, "R2": 0.5157334926035377, "MAE": 0.4021442597783669, "MSE": 0.2805648978028847, "poisson_deviance_explained": 0.39878662305849655}, "26": {"AUC": NaN, "kappa": NaN, "f1": NaN, "precision": NaN, "recall": NaN, "average_precision": NaN, "Spearman_r": 0.7165620517422079, "Pearson_r": 0.6968907549336586, "R2": 0.4847161147854476, "MAE": 0.412637436074417, "MSE": 0.29638792825790317, "poisson_deviance_explained": 0.3734728123279373}, "27": {"AUC": NaN, "kappa": NaN, "f1": NaN, "precision": NaN, "recall": NaN, "average_precision": NaN, "Spearman_r": 0.7562855534411006,