{"1": {"AUC": NaN, "kappa": NaN, "f1": NaN, "precision": NaN, "recall": NaN, "average_precision": NaN, "Spearman_r": 0.6839042505630211, "Pearson_r": 0.6745939752929238, "R2": 0.4536936874562746, "MAE": 0.43508917812105385, "MSE": 0.3123498610769435, "poisson_deviance_explained": 0.3437160691090436}, "2": {"AUC": NaN, "kappa": NaN, "f1": NaN, "precision": NaN, "recall": NaN, "average_precision": NaN, "Spearman_r": 0.6881815238896433, "Pearson_r": 0.6765191223373552, "R2": 0.45648358854721993, "MAE": 0.42793419748509626, "MSE": 0.3020325431888732, "poisson_deviance_explained": 0.34847374649059415}, "3": {"AUC": NaN, "kappa": NaN, "f1": NaN, "precision": NaN, "recall": NaN, "average_precision": NaN, "Spearman_r": 0.7156490427834186, "Pearson_r": 0.7043176299953849, "R2": 0.4928969539021477, "MAE": 0.42492163436922537, "MSE": 0.29939465824276223, "poisson_deviance_explained": 0.3771692704018438}, "4": {"AUC": NaN, "kappa": NaN, "f1": NaN, "precision": NaN, "recall": NaN, "average_precision": NaN, "Spearman_r": 0.6605115100840309, "Pearson_r": 0.6701260699097339, "R2": 0.4475155773022642, "MAE": 0.5173265857744829, "MSE": 0.4051382245985162, "poisson_deviance_explained": 0.33453358219778484}, "5": {"AUC": NaN, "kappa": NaN, "f1": NaN, "precision": NaN, "recall": NaN, "average_precision": NaN, "Spearman_r": 0.7309777649329322, "Pearson_r": 0.7205440676934339, "R2": 0.5153491497292149, "MAE": 0.40886324709705263, "MSE": 0.2787839691999593, "poisson_deviance_explained": 0.40347618235861116}, "6": {"AUC": NaN, "kappa": NaN, "f1": NaN, "precision": NaN, "recall": NaN, "average_precision": NaN, "Spearman_r": 0.7152031545385108, "Pearson_r": 0.7028571423224449, "R2": 0.49043943285810243, "MAE": 0.41461462804250154, "MSE": 0.28577606243219267, "poisson_deviance_explained": 0.3782386398208084}, "7": {"AUC": NaN, "kappa": NaN, "f1": NaN, "precision": NaN, "recall": NaN, "average_precision": NaN, "Spearman_r": 0.698629698496915, "Pearson_r": 0.6853785798452932, "R2": 0.46714358815056367, "MAE": 0.4170248184497595, "MSE": 0.2952046625554118, "poisson_deviance_explained": 0.3599026897284823}, "8": {"AUC": NaN, "kappa": NaN, "f1": NaN, "precision": NaN, "recall": NaN, "average_precision": NaN, "Spearman_r": 0.7367561189638444, "Pearson_r": 0.7181537861129117, "R2": 0.5115644775777413, "MAE": 0.40709972613326856, "MSE": 0.2784495053373557, "poisson_deviance_explained": 0.39710571226235325}, "9": {"AUC": NaN, "kappa": NaN, "f1": NaN, "precision": NaN, "recall": NaN, "average_precision": NaN, "Spearman_r": 0.71553803584225, "Pearson_r": 0.6964666171138476, "R2": 0.4820856206657196, "MAE": 0.42301308668938664, "MSE": 0.30639964707337436, "poisson_deviance_explained": 0.3734762365790789}, "10": {"AUC": NaN, "kappa": NaN, "f1": NaN, "precision": NaN, "recall": NaN, "average_precision": NaN, "Spearman_r": 0.7162309339916234, "Pearson_r": 0.6953324098340166, "R2": 0.48089116380066854, "MAE": 0.41655197424235413, "MSE": 0.30226842796279063, "poisson_deviance_explained": 0.37529339924534977}, "11": {"AUC": NaN, "kappa": NaN, "f1": NaN, "precision": NaN, "recall": NaN, "average_precision": NaN, "Spearman_r": 0.7085377171841395, "Pearson_r": 0.6907497173661552, "R2": 0.4751976839225781, "MAE": 0.4174804423173918, "MSE": 0.30105020210533495, "poisson_deviance_explained": 0.3701777357630467}, "12": {"AUC": NaN, "kappa": NaN, "f1": NaN, "precision": NaN, "recall": NaN, "average_precision": NaN, "Spearman_r": 0.7009517342568399, "Pearson_r": 0.6797323697990201, "R2": 0.45917667283061514, "MAE": 0.4019799218925418, "MSE": 0.28346819626938774, "poisson_deviance_explained": 0.35493367160782197}, "13": {"AUC": NaN, "kappa": NaN, "f1": NaN, "precision": NaN, "recall": NaN, "average_precision": NaN, "Spearman_r": 0.7205508879828882, "Pearson_r": 0.7048536265822587, "R2": 0.494272054393877, "MAE": 0.38704672759956826, "MSE": 0.25922627059323583, "poisson_deviance_explained": 0.3860791305654985}, "14": {"AUC": NaN, "kappa": NaN, "f1": NaN, "precision": NaN, "recall": NaN, "average_precision": NaN, "Spearman_r": 0.7076001413672269, "Pearson_r": 0.694456187451226, "R2": 0.48081772393227784, "MAE": 0.3916659671475399, "MSE": 0.26752242870274845, "poisson_deviance_explained": 0.3723217242295267}, "15": {"AUC": NaN, "kappa": NaN, "f1": NaN, "precision": NaN, "recall": NaN, "average_precision": NaN, "Spearman_r": 0.7226675782152426, "Pearson_r": 0.7051858108300894, "R2": 0.4943261843494914, "MAE": 0.38694871705588196, "MSE": 0.25933500640346707, "poisson_deviance_explained": 0.3888367666380209}, "16": {"AUC": NaN, "kappa": NaN, "f1": NaN, "precision": NaN, "recall": NaN, "average_precision": NaN, "Spearman_r": 0.7287804633888462, "Pearson_r": 0.7156111523030753, "R2": 0.5092292144276485, "MAE": 0.382972563541656, "MSE": 0.2508746164650838, "poisson_deviance_explained": 0.40301487534550084}, "17": {"AUC": NaN, "kappa": NaN, "f1": NaN, "precision": NaN, "recall": NaN, "average_precision": NaN, "Spearman_r": 0.7287607693408217, "Pearson_r": 0.7159920522600091, "R2": 0.5102981879745341, "MAE": 0.38703349544061816, "MSE": 0.2539310166208109, "poisson_deviance_explained": 0.39192942766870587}, "18": {"AUC": NaN, "kappa": NaN, "f1": NaN, "precision": NaN, "recall": NaN, "average_precision": NaN, "Spearman_r": 0.7202404485111644, "Pearson_r": 0.7121550015333854, "R2": 0.5057204145956132, "MAE": 0.3780167682327206, "MSE": 0.24341139363148184, "poisson_deviance_explained": 0.3893562150841653}, "19": {"AUC": NaN, "kappa": NaN, "f1": NaN, "precision": NaN, "recall": NaN, "average_precision": NaN, "Spearman_r": 0.7241450017147945, "Pearson_r": 0.7138356900903445, "R2": 0.50800271918876, "MAE": 0.3694299708720919, "MSE": 0.23418807301684916, "poisson_deviance_explained": 0.3946889454808532}, "20": {"AUC": NaN, "kappa": NaN, "f1": NaN, "precision": NaN, "recall": NaN, "average_precision": NaN, "Spearman_r": 0.726366860905789, "Pearson_r": 0.7154370949594583, "R2": 0.5094571785747435, "MAE": 0.36971838856516914, "MSE": 0.23931220440521733, "poisson_deviance_explained": 0.394578507380412}, "21": {"AUC": NaN, "kappa": NaN, "f1": NaN, "precision": NaN, "recall": NaN, "average_precision": NaN, "Spearman_r": 0.7203956156835467, "Pearson_r": 0.7129125133264518, "R2": 0.5068637941001386, "MAE": 0.37729499719445686, "MSE": 0.2471769853384594, "poisson_deviance_explained": 0.40064895490004093}, "22": {"AUC": NaN, "kappa": NaN, "f1": NaN, "precision": NaN, "recall": NaN, "average_precision": NaN, "Spearman_r": 0.7479278238528119, "Pearson_r": 0.7350101882912952, "R2": 0.5375617531792917, "MAE": 0.3758004299609708, "MSE": 0.2437975421252585, "poisson_deviance_explained": 0.4284089490601102}, "23": {"AUC": NaN, "kappa": NaN, "f1": NaN, "precision": NaN, "recall": NaN, "average_precision": NaN, "Spearman_r": 0.7454794544405855, "Pearson_r": 0.7322437460880248, "R2": 0.5347385873197091, "MAE": 0.3692146265799725, "MSE": 0.24005886535065774, "poisson_deviance_explained": 0.4249396471012682}, "24": {"AUC": NaN, "kappa": NaN, "f1": NaN, "precision": NaN, "recall": NaN, "average_precision": NaN, "Spearman_r": 0.753742039400469, "Pearson_r": 0.7406338057991934, "R2": 0.5454052525886822, "MAE": 0.3873854074068458, "MSE": 0.26021024113156344, "poisson_deviance_explained": 0.4291787029374309}, "25": {"AUC": NaN, "kappa": NaN, "f1": NaN, "precision": NaN, "recall": NaN, "average_precision": NaN, "Spearman_r": 0.7368739788482284, "Pearson_r": 0.721948903769692, "R2": 0.5185837165744718, "MAE": 0.391908070561111, "MSE": 0.2639317367773358, "poisson_deviance_explained": 0.4006195484269103}, "26": {"AUC": NaN, "kappa": NaN, "f1": NaN, "precision": NaN, "recall": NaN, "average_precision": NaN, "Spearman_r": 0.7303252068034047, "Pearson_r": 0.7204050924709341, "R2": 0.5164328449849279, "MAE": 0.39070051485518403, "MSE": 0.2568739896739011, "poisson_deviance_explained": 0.40351479778739374}, "27": {"AUC": NaN, "kappa": NaN, "f1": NaN, "precision": NaN, "recall": NaN, "average_precision": NaN, "Spearman_r": 0.717127728369705,