{"1": {"AUC": NaN, "kappa": NaN, "f1": NaN, "precision": NaN, "recall": NaN, "average_precision": NaN, "Spearman_r": 0.7072723000443379, "Pearson_r": 0.6989270405432023, "R2": 0.4882672284416467, "MAE": 0.42784938396966604, "MSE": 0.3136640232439293, "poisson_deviance_explained": 0.36044614197056346}, "2": {"AUC": NaN, "kappa": NaN, "f1": NaN, "precision": NaN, "recall": NaN, "average_precision": NaN, "Spearman_r": 0.7315769942983861, "Pearson_r": 0.7236664609961138, "R2": 0.523664887469161, "MAE": 0.411512816800326, "MSE": 0.29461094561858653, "poisson_deviance_explained": 0.39373566004355554}, "3": {"AUC": NaN, "kappa": NaN, "f1": NaN, "precision": NaN, "recall": NaN, "average_precision": NaN, "Spearman_r": 0.74316999878225, "Pearson_r": 0.735383868955598, "R2": 0.5405652034827692, "MAE": 0.3941885748714105, "MSE": 0.27433391166003396, "poisson_deviance_explained": 0.4152436032298753}, "4": {"AUC": NaN, "kappa": NaN, "f1": NaN, "precision": NaN, "recall": NaN, "average_precision": NaN, "Spearman_r": 0.7514715072963174, "Pearson_r": 0.7316845933691262, "R2": 0.5351666936035567, "MAE": 0.3933338874878422, "MSE": 0.2767582901724675, "poisson_deviance_explained": 0.4023052290625493}, "5": {"AUC": NaN, "kappa": NaN, "f1": NaN, "precision": NaN, "recall": NaN, "average_precision": NaN, "Spearman_r": 0.7299903557747622, "Pearson_r": 0.7160871606984835, "R2": 0.5123521910153499, "MAE": 0.3948072782161081, "MSE": 0.28249133582679375, "poisson_deviance_explained": 0.40193272692486537}, "6": {"AUC": NaN, "kappa": NaN, "f1": NaN, "precision": NaN, "recall": NaN, "average_precision": NaN, "Spearman_r": 0.7438193204215018, "Pearson_r": 0.7285268447219899, "R2": 0.528821324629732, "MAE": 0.40269357356825164, "MSE": 0.28447100973844786, "poisson_deviance_explained": 0.4028700708374925}, "7": {"AUC": NaN, "kappa": NaN, "f1": NaN, "precision": NaN, "recall": NaN, "average_precision": NaN, "Spearman_r": 0.7164326117948032, "Pearson_r": 0.6994279797576426, "R2": 0.48805382866230185, "MAE": 0.4147407003808185, "MSE": 0.30810531275505065, "poisson_deviance_explained": 0.37732738767924934}, "8": {"AUC": NaN, "kappa": NaN, "f1": NaN, "precision": NaN, "recall": NaN, "average_precision": NaN, "Spearman_r": 0.7549333663329516, "Pearson_r": 0.7290353673725729, "R2": 0.5301459459519221, "MAE": 0.40379063391076964, "MSE": 0.2935561226548405, "poisson_deviance_explained": 0.4122410052711446}, "9": {"AUC": NaN, "kappa": NaN, "f1": NaN, "precision": NaN, "recall": NaN, "average_precision": NaN, "Spearman_r": 0.7540922290020659, "Pearson_r": 0.7290021972415575, "R2": 0.5297399302875496, "MAE": 0.40107004445421046, "MSE": 0.29552163568002265, "poisson_deviance_explained": 0.4131082494825725}, "10": {"AUC": NaN, "kappa": NaN, "f1": NaN, "precision": NaN, "recall": NaN, "average_precision": NaN, "Spearman_r": 0.7334837079249857, "Pearson_r": 0.7139697559149502, "R2": 0.5082503897688322, "MAE": 0.4329909546594073, "MSE": 0.32981132067012414, "poisson_deviance_explained": 0.39999049037346}, "11": {"AUC": NaN, "kappa": NaN, "f1": NaN, "precision": NaN, "recall": NaN, "average_precision": NaN, "Spearman_r": 0.6883423160212423, "Pearson_r": 0.6635570155188563, "R2": 0.4398217200127258, "MAE": 0.4480573961202323, "MSE": 0.3526105526470273, "poisson_deviance_explained": 0.32936483990503285}, "12": {"AUC": NaN, "kappa": NaN, "f1": NaN, "precision": NaN, "recall": NaN, "average_precision": NaN, "Spearman_r": 0.714839797453832, "Pearson_r": 0.693810872132487, "R2": 0.4800991480034018, "MAE": 0.42027560144222703, "MSE": 0.3073725124338143, "poisson_deviance_explained": 0.36649505013756956}, "13": {"AUC": NaN, "kappa": NaN, "f1": NaN, "precision": NaN, "recall": NaN, "average_precision": NaN, "Spearman_r": 0.731600646256885, "Pearson_r": 0.7145368799644242, "R2": 0.5096381684990963, "MAE": 0.39770890142865384, "MSE": 0.2854400925154266, "poisson_deviance_explained": 0.39812492140157285}, "14": {"AUC": NaN, "kappa": NaN, "f1": NaN, "precision": NaN, "recall": NaN, "average_precision": NaN, "Spearman_r": 0.7208465411807162, "Pearson_r": 0.7073594382401552, "R2": 0.4998118666302157, "MAE": 0.4075393313356886, "MSE": 0.28974027528030133, "poisson_deviance_explained": 0.38539510545961253}, "15": {"AUC": NaN, "kappa": NaN, "f1": NaN, "precision": NaN, "recall": NaN, "average_precision": NaN, "Spearman_r": 0.7567661653029651, "Pearson_r": 0.7401449774485425, "R2": 0.5461008557271516, "MAE": 0.38609648090543547, "MSE": 0.26193504840095433, "poisson_deviance_explained": 0.404311649703323}, "16": {"AUC": NaN, "kappa": NaN, "f1": NaN, "precision": NaN, "recall": NaN, "average_precision": NaN, "Spearman_r": 0.7464305551535507, "Pearson_r": 0.7285828542231917, "R2": 0.5298901360772114, "MAE": 0.3863917786746259, "MSE": 0.2661178467687836, "poisson_deviance_explained": 0.41375305953954133}, "17": {"AUC": NaN, "kappa": NaN, "f1": NaN, "precision": NaN, "recall": NaN, "average_precision": NaN, "Spearman_r": 0.7450417864669067, "Pearson_r": 0.7355649814673245, "R2": 0.5400451085768656, "MAE": 0.38122643288385655, "MSE": 0.25062139995190624, "poisson_deviance_explained": 0.417662730426815}, "18": {"AUC": NaN, "kappa": NaN, "f1": NaN, "precision": NaN, "recall": NaN, "average_precision": NaN, "Spearman_r": 0.6971092445415075, "Pearson_r": 0.6960905403800023, "R2": 0.4844007089044342, "MAE": 0.40335764173561506, "MSE": 0.2862053062822477, "poisson_deviance_explained": 0.37759731742697034}, "19": {"AUC": NaN, "kappa": NaN, "f1": NaN, "precision": NaN, "recall": NaN, "average_precision": NaN, "Spearman_r": 0.7261430587933817, "Pearson_r": 0.7116795631930929, "R2": 0.5060770870763294, "MAE": 0.38976644072047995, "MSE": 0.26693878426729034, "poisson_deviance_explained": 0.39337597134188984}, "20": {"AUC": NaN, "kappa": NaN, "f1": NaN, "precision": NaN, "recall": NaN, "average_precision": NaN, "Spearman_r": 0.7599118693430454, "Pearson_r": 0.7492318637989246, "R2": 0.5591052429795931, "MAE": 0.3737129809544143, "MSE": 0.2449158544577793, "poisson_deviance_explained": 0.4437860003267625}, "21": {"AUC": NaN, "kappa": NaN, "f1": NaN, "precision": NaN, "recall": NaN, "average_precision": NaN, "Spearman_r": 0.7329526380388116, "Pearson_r": 0.7189612662650876, "R2": 0.516552899928564, "MAE": 0.38245883460670643, "MSE": 0.2618503594064448, "poisson_deviance_explained": 0.3977186772069292}, "22": {"AUC": NaN, "kappa": NaN, "f1": NaN, "precision": NaN, "recall": NaN, "average_precision": NaN, "Spearman_r": 0.7360796804021482, "Pearson_r": 0.7158544014763054, "R2": 0.5124288396635522, "MAE": 0.38757948108832824, "MSE": 0.28185736125773153, "poisson_deviance_explained": 0.39687282598759477}, "23": {"AUC": NaN, "kappa": NaN, "f1": NaN, "precision": NaN, "recall": NaN, "average_precision": NaN, "Spearman_r": 0.7522709938494935, "Pearson_r": 0.7325819312535474, "R2": 0.5365483684387533, "MAE": 0.3981830044127867, "MSE": 0.29243992091369697, "poisson_deviance_explained": 0.4207951766524043}, "24": {"AUC": NaN, "kappa": NaN, "f1": NaN, "precision": NaN, "recall": NaN, "average_precision": NaN, "Spearman_r": 0.7663574478815427, "Pearson_r": 0.7523549502557284, "R2": 0.565313876319769, "MAE": 0.3870450789157874, "MSE": 0.2715858965993782, "poisson_deviance_explained": 0.44153644169335526}, "25": {"AUC": NaN, "kappa": NaN, "f1": NaN, "precision": NaN, "recall": NaN, "average_precision": NaN, "Spearman_r": 0.7480210074850588, "Pearson_r": 0.7357335972646581, "R2": 0.5394531586970234, "MAE": 0.41493602938913116, "MSE": 0.30104344340273587, "poisson_deviance_explained": 0.4150157326312601}, "26": {"AUC": NaN, "kappa": NaN, "f1": NaN, "precision": NaN, "recall": NaN, "average_precision": NaN, "Spearman_r": 0.7156285480798703, "Pearson_r": 0.7141113537757758, "R2": 0.5086913196049495, "MAE": 0.405208355467504, "MSE": 0.281886957768091, "poisson_deviance_explained": 0.3988107803341535}, "27": {"AUC": NaN, "kappa": NaN, "f1": NaN, "precision": NaN, "recall": NaN, "average_precision": NaN, "Spearman_r": 0.7261486961464475,