{"1": {"AUC": NaN, "kappa": NaN, "f1": NaN, "precision": NaN, "recall": NaN, "average_precision": NaN, "Spearman_r": 0.7090137068220476, "Pearson_r": 0.7035213428129546, "R2": 0.4935607388732398, "MAE": 0.39836570480172034, "MSE": 0.2633769156636091, "poisson_deviance_explained": 0.38155235094717965}, "2": {"AUC": NaN, "kappa": NaN, "f1": NaN, "precision": NaN, "recall": NaN, "average_precision": NaN, "Spearman_r": 0.7137438822076572, "Pearson_r": 0.7045520731670571, "R2": 0.4945940093143911, "MAE": 0.39320866880116245, "MSE": 0.2604781060000825, "poisson_deviance_explained": 0.3832932710278609}, "3": {"AUC": NaN, "kappa": NaN, "f1": NaN, "precision": NaN, "recall": NaN, "average_precision": NaN, "Spearman_r": 0.7222881073299194, "Pearson_r": 0.7118345375716996, "R2": 0.5049959556701716, "MAE": 0.3830983644474359, "MSE": 0.2504584587321328, "poisson_deviance_explained": 0.39478864671627434}, "4": {"AUC": NaN, "kappa": NaN, "f1": NaN, "precision": NaN, "recall": NaN, "average_precision": NaN, "Spearman_r": 0.6552175067132031, "Pearson_r": 0.6574624619335059, "R2": 0.4310752766721252, "MAE": 0.48714814509026394, "MSE": 0.37357345629482247, "poisson_deviance_explained": 0.32272112152099963}, "5": {"AUC": NaN, "kappa": NaN, "f1": NaN, "precision": NaN, "recall": NaN, "average_precision": NaN, "Spearman_r": 0.7326346949740687, "Pearson_r": 0.7259629884705463, "R2": 0.5242643663848485, "MAE": 0.38462277588975713, "MSE": 0.24758620234384496, "poisson_deviance_explained": 0.41595783059813096}, "6": {"AUC": NaN, "kappa": NaN, "f1": NaN, "precision": NaN, "recall": NaN, "average_precision": NaN, "Spearman_r": 0.7344900248982031, "Pearson_r": 0.720213357955462, "R2": 0.5162416546763635, "MAE": 0.3805131619348009, "MSE": 0.24690122904041312, "poisson_deviance_explained": 0.40599336177706113}, "7": {"AUC": NaN, "kappa": NaN, "f1": NaN, "precision": NaN, "recall": NaN, "average_precision": NaN, "Spearman_r": 0.740750859280333, "Pearson_r": 0.7282770704838586, "R2": 0.5268428567466903, "MAE": 0.3806692586853112, "MSE": 0.2486387070048607, "poisson_deviance_explained": 0.41566396049147114}, "8": {"AUC": NaN, "kappa": NaN, "f1": NaN, "precision": NaN, "recall": NaN, "average_precision": NaN, "Spearman_r": 0.7242341460014137, "Pearson_r": 0.7094565879091961, "R2": 0.5005804689641571, "MAE": 0.38326036561459104, "MSE": 0.25490554122562026, "poisson_deviance_explained": 0.394632226478286}, "9": {"AUC": NaN, "kappa": NaN, "f1": NaN, "precision": NaN, "recall": NaN, "average_precision": NaN, "Spearman_r": 0.73709970272403, "Pearson_r": 0.7220152716200875, "R2": 0.5184718773639116, "MAE": 0.3783763620221807, "MSE": 0.24970405242594684, "poisson_deviance_explained": 0.4125228823027719}, "10": {"AUC": NaN, "kappa": NaN, "f1": NaN, "precision": NaN, "recall": NaN, "average_precision": NaN, "Spearman_r": 0.7322708295809268, "Pearson_r": 0.7148265695980839, "R2": 0.5090973562201034, "MAE": 0.36744409678259277, "MSE": 0.24178193846468485, "poisson_deviance_explained": 0.4076417660264047}, "11": {"AUC": NaN, "kappa": NaN, "f1": NaN, "precision": NaN, "recall": NaN, "average_precision": NaN, "Spearman_r": 0.7220128750947333, "Pearson_r": 0.7052685141981568, "R2": 0.4960406484858484, "MAE": 0.38244423374837033, "MSE": 0.25940503125631653, "poisson_deviance_explained": 0.3940617738314375}, "12": {"AUC": NaN, "kappa": NaN, "f1": NaN, "precision": NaN, "recall": NaN, "average_precision": NaN, "Spearman_r": 0.7241501146342445, "Pearson_r": 0.7094029117321451, "R2": 0.5011340050502846, "MAE": 0.371389257737631, "MSE": 0.24686014841798548, "poisson_deviance_explained": 0.39709848163468386}, "13": {"AUC": NaN, "kappa": NaN, "f1": NaN, "precision": NaN, "recall": NaN, "average_precision": NaN, "Spearman_r": 0.7269140221464636, "Pearson_r": 0.71423249517277, "R2": 0.508587631023269, "MAE": 0.36329985106256624, "MSE": 0.23215109294084996, "poisson_deviance_explained": 0.4073929384616978}, "14": {"AUC": NaN, "kappa": NaN, "f1": NaN, "precision": NaN, "recall": NaN, "average_precision": NaN, "Spearman_r": 0.728756740183356, "Pearson_r": 0.7115029175069051, "R2": 0.5050044954913845, "MAE": 0.3649889842307938, "MSE": 0.23470215194133748, "poisson_deviance_explained": 0.39709140612127936}, "15": {"AUC": NaN, "kappa": NaN, "f1": NaN, "precision": NaN, "recall": NaN, "average_precision": NaN, "Spearman_r": 0.731957913445973, "Pearson_r": 0.7240636541928271, "R2": 0.5215060363188968, "MAE": 0.3599673322248916, "MSE": 0.22493628366763452, "poisson_deviance_explained": 0.4177641684302953}, "16": {"AUC": NaN, "kappa": NaN, "f1": NaN, "precision": NaN, "recall": NaN, "average_precision": NaN, "Spearman_r": 0.7237239545944202, "Pearson_r": 0.7167835317248342, "R2": 0.5116692337365152, "MAE": 0.36800195931680735, "MSE": 0.23517554110568226, "poisson_deviance_explained": 0.4122074557092055}, "17": {"AUC": NaN, "kappa": NaN, "f1": NaN, "precision": NaN, "recall": NaN, "average_precision": NaN, "Spearman_r": 0.7283958173845351, "Pearson_r": 0.7236370959917275, "R2": 0.520993329524269, "MAE": 0.36144851685694673, "MSE": 0.2253389914058828, "poisson_deviance_explained": 0.4132122164350994}, "18": {"AUC": NaN, "kappa": NaN, "f1": NaN, "precision": NaN, "recall": NaN, "average_precision": NaN, "Spearman_r": 0.7303889055466212, "Pearson_r": 0.7252852947931426, "R2": 0.5240701104374199, "MAE": 0.3626367812575922, "MSE": 0.22733578650894445, "poisson_deviance_explained": 0.4159375546257438}, "19": {"AUC": NaN, "kappa": NaN, "f1": NaN, "precision": NaN, "recall": NaN, "average_precision": NaN, "Spearman_r": 0.7340716079367474, "Pearson_r": 0.7277025764852301, "R2": 0.5271731858496934, "MAE": 0.3559073081688796, "MSE": 0.21924860459796802, "poisson_deviance_explained": 0.4155657410545339}, "20": {"AUC": NaN, "kappa": NaN, "f1": NaN, "precision": NaN, "recall": NaN, "average_precision": NaN, "Spearman_r": 0.728645586458463, "Pearson_r": 0.7217713258892581, "R2": 0.52012769603427, "MAE": 0.35611671885080604, "MSE": 0.21937198272348737, "poisson_deviance_explained": 0.4110172411428775}, "21": {"AUC": NaN, "kappa": NaN, "f1": NaN, "precision": NaN, "recall": NaN, "average_precision": NaN, "Spearman_r": 0.7284769654046532, "Pearson_r": 0.7185421152421384, "R2": 0.5146196882389551, "MAE": 0.3640856117957761, "MSE": 0.23213666994059182, "poisson_deviance_explained": 0.40437997543935167}, "22": {"AUC": NaN, "kappa": NaN, "f1": NaN, "precision": NaN, "recall": NaN, "average_precision": NaN, "Spearman_r": 0.748391139701858, "Pearson_r": 0.7379124145202812, "R2": 0.5426530308403312, "MAE": 0.35353687858684435, "MSE": 0.22048606828679315, "poisson_deviance_explained": 0.4362099198237852}, "23": {"AUC": NaN, "kappa": NaN, "f1": NaN, "precision": NaN, "recall": NaN, "average_precision": NaN, "Spearman_r": 0.7496051075290789, "Pearson_r": 0.7371521399451322, "R2": 0.5419145479750251, "MAE": 0.3578991598109406, "MSE": 0.22601802323505957, "poisson_deviance_explained": 0.43189647285653576}, "24": {"AUC": NaN, "kappa": NaN, "f1": NaN, "precision": NaN, "recall": NaN, "average_precision": NaN, "Spearman_r": 0.7474099364506267, "Pearson_r": 0.7358928015341849, "R2": 0.5389646705839866, "MAE": 0.37188645110473906, "MSE": 0.23771722390108743, "poisson_deviance_explained": 0.4262159773427706}, "25": {"AUC": NaN, "kappa": NaN, "f1": NaN, "precision": NaN, "recall": NaN, "average_precision": NaN, "Spearman_r": 0.7513536840340944, "Pearson_r": 0.7405966324807649, "R2": 0.5467494547434124, "MAE": 0.3664910560684357, "MSE": 0.23386771513601168, "poisson_deviance_explained": 0.4358845150042898}, "26": {"AUC": NaN, "kappa": NaN, "f1": NaN, "precision": NaN, "recall": NaN, "average_precision": NaN, "Spearman_r": 0.7263343957026688, "Pearson_r": 0.71645656057665, "R2": 0.5124610047748425, "MAE": 0.37720380366405487, "MSE": 0.24325483312338508, "poisson_deviance_explained": 0.403612312896076}, "27": {"AUC": NaN, "kappa": NaN, "f1": NaN, "precision": NaN, "recall": NaN, "average_precision": NaN, "Spearman_r": 0.7364903794811711,