{"1": {"AUC": NaN, "kappa": NaN, "f1": NaN, "precision": NaN, "recall": NaN, "average_precision": NaN, "Spearman_r": 0.7197002079294583, "Pearson_r": 0.7150944297474205, "R2": 0.5110005872662999, "MAE": 0.3868991370836547, "MSE": 0.24779190501094336, "poisson_deviance_explained": 0.3945465729750772}, "2": {"AUC": NaN, "kappa": NaN, "f1": NaN, "precision": NaN, "recall": NaN, "average_precision": NaN, "Spearman_r": 0.7436616813095334, "Pearson_r": 0.7342534708680699, "R2": 0.5380931228976562, "MAE": 0.37596734638290297, "MSE": 0.23726708200037147, "poisson_deviance_explained": 0.4207124141103039}, "3": {"AUC": NaN, "kappa": NaN, "f1": NaN, "precision": NaN, "recall": NaN, "average_precision": NaN, "Spearman_r": 0.7455406085050577, "Pearson_r": 0.7383838017045111, "R2": 0.5447723528170253, "MAE": 0.36943396413261737, "MSE": 0.23272521980459995, "poisson_deviance_explained": 0.42727278771112054}, "4": {"AUC": NaN, "kappa": NaN, "f1": NaN, "precision": NaN, "recall": NaN, "average_precision": NaN, "Spearman_r": 0.7124526300815892, "Pearson_r": 0.7028703909537847, "R2": 0.49253606301689357, "MAE": 0.41674991225924685, "MSE": 0.28923532613246644, "poisson_deviance_explained": 0.37600309459239334}, "5": {"AUC": NaN, "kappa": NaN, "f1": NaN, "precision": NaN, "recall": NaN, "average_precision": NaN, "Spearman_r": 0.7537418585861655, "Pearson_r": 0.7443583162840647, "R2": 0.5526024842327417, "MAE": 0.368695793360163, "MSE": 0.2306665151504384, "poisson_deviance_explained": 0.435646099807534}, "6": {"AUC": NaN, "kappa": NaN, "f1": NaN, "precision": NaN, "recall": NaN, "average_precision": NaN, "Spearman_r": 0.7443269536894701, "Pearson_r": 0.7385749529860256, "R2": 0.5444675042340891, "MAE": 0.36128324966387476, "MSE": 0.2241608394116729, "poisson_deviance_explained": 0.4272628910930464}, "7": {"AUC": NaN, "kappa": NaN, "f1": NaN, "precision": NaN, "recall": NaN, "average_precision": NaN, "Spearman_r": 0.7572135970391017, "Pearson_r": 0.7485973888885644, "R2": 0.5593081028139195, "MAE": 0.35766798447598375, "MSE": 0.21999496411471647, "poisson_deviance_explained": 0.4403442831350205}, "8": {"AUC": NaN, "kappa": NaN, "f1": NaN, "precision": NaN, "recall": NaN, "average_precision": NaN, "Spearman_r": 0.7641964002487666, "Pearson_r": 0.7515176171445969, "R2": 0.5637945165421839, "MAE": 0.3554911317676951, "MSE": 0.21927680721234225, "poisson_deviance_explained": 0.4502152067813757}, "9": {"AUC": NaN, "kappa": NaN, "f1": NaN, "precision": NaN, "recall": NaN, "average_precision": NaN, "Spearman_r": 0.7614151901616787, "Pearson_r": 0.7509897596995472, "R2": 0.5626611233479257, "MAE": 0.35980654752707636, "MSE": 0.2253212281444618, "poisson_deviance_explained": 0.45194988392075897}, "10": {"AUC": NaN, "kappa": NaN, "f1": NaN, "precision": NaN, "recall": NaN, "average_precision": NaN, "Spearman_r": 0.750389491385204, "Pearson_r": 0.7395590211144785, "R2": 0.5462044368716463, "MAE": 0.36136483383941603, "MSE": 0.23026630955011748, "poisson_deviance_explained": 0.4372143515306711}, "11": {"AUC": NaN, "kappa": NaN, "f1": NaN, "precision": NaN, "recall": NaN, "average_precision": NaN, "Spearman_r": 0.7592955948994857, "Pearson_r": 0.7452298643848634, "R2": 0.5544882511996365, "MAE": 0.35628506647063174, "MSE": 0.2269387649837265, "poisson_deviance_explained": 0.4430849949096676}, "12": {"AUC": NaN, "kappa": NaN, "f1": NaN, "precision": NaN, "recall": NaN, "average_precision": NaN, "Spearman_r": 0.7442611699240448, "Pearson_r": 0.7335758211242567, "R2": 0.5373332596673137, "MAE": 0.35564007473172154, "MSE": 0.22210494164733524, "poisson_deviance_explained": 0.42750357877193945}, "13": {"AUC": NaN, "kappa": NaN, "f1": NaN, "precision": NaN, "recall": NaN, "average_precision": NaN, "Spearman_r": 0.7380686653128203, "Pearson_r": 0.7348416638505594, "R2": 0.5395524269360308, "MAE": 0.3552041996150769, "MSE": 0.21758565496416696, "poisson_deviance_explained": 0.42516886376149077}, "14": {"AUC": NaN, "kappa": NaN, "f1": NaN, "precision": NaN, "recall": NaN, "average_precision": NaN, "Spearman_r": 0.7393657693762016, "Pearson_r": 0.737809314181906, "R2": 0.5436228417058506, "MAE": 0.3573507577762731, "MSE": 0.22032053135494048, "poisson_deviance_explained": 0.437510851412222}, "15": {"AUC": NaN, "kappa": NaN, "f1": NaN, "precision": NaN, "recall": NaN, "average_precision": NaN, "Spearman_r": 0.7418586030545072, "Pearson_r": 0.7324437292963398, "R2": 0.5357772671109907, "MAE": 0.3536391706950432, "MSE": 0.2158552219082796, "poisson_deviance_explained": 0.4232075416884472}, "16": {"AUC": NaN, "kappa": NaN, "f1": NaN, "precision": NaN, "recall": NaN, "average_precision": NaN, "Spearman_r": 0.747134144810134, "Pearson_r": 0.7398000148217272, "R2": 0.5467896913740636, "MAE": 0.3524045237614682, "MSE": 0.2165322584966713, "poisson_deviance_explained": 0.43437634208738185}, "17": {"AUC": NaN, "kappa": NaN, "f1": NaN, "precision": NaN, "recall": NaN, "average_precision": NaN, "Spearman_r": 0.741232446244899, "Pearson_r": 0.7372354277832488, "R2": 0.5428675546570881, "MAE": 0.34891425214665994, "MSE": 0.2087747129810806, "poisson_deviance_explained": 0.42733703424632785}, "18": {"AUC": NaN, "kappa": NaN, "f1": NaN, "precision": NaN, "recall": NaN, "average_precision": NaN, "Spearman_r": 0.7450089074646924, "Pearson_r": 0.74186686672228, "R2": 0.5493942992074112, "MAE": 0.35293686241948347, "MSE": 0.2134767100666567, "poisson_deviance_explained": 0.4359105236743731}, "19": {"AUC": NaN, "kappa": NaN, "f1": NaN, "precision": NaN, "recall": NaN, "average_precision": NaN, "Spearman_r": 0.7388158417743315, "Pearson_r": 0.7340078892103101, "R2": 0.5380861660062581, "MAE": 0.3526623648458678, "MSE": 0.21263463547252012, "poisson_deviance_explained": 0.42585147923390543}, "20": {"AUC": NaN, "kappa": NaN, "f1": NaN, "precision": NaN, "recall": NaN, "average_precision": NaN, "Spearman_r": 0.744769777331956, "Pearson_r": 0.7384211537380473, "R2": 0.5446005626055406, "MAE": 0.34924696355273066, "MSE": 0.21110642875843516, "poisson_deviance_explained": 0.4304744773725613}, "21": {"AUC": NaN, "kappa": NaN, "f1": NaN, "precision": NaN, "recall": NaN, "average_precision": NaN, "Spearman_r": 0.758599253550573, "Pearson_r": 0.7525124884958677, "R2": 0.5657278444543163, "MAE": 0.338873701073739, "MSE": 0.20003722844232003, "poisson_deviance_explained": 0.44750662987638923}, "22": {"AUC": NaN, "kappa": NaN, "f1": NaN, "precision": NaN, "recall": NaN, "average_precision": NaN, "Spearman_r": 0.7599536233680988, "Pearson_r": 0.7457658514480703, "R2": 0.5558389744897491, "MAE": 0.345065013623759, "MSE": 0.21168231314079236, "poisson_deviance_explained": 0.4384910901844248}, "23": {"AUC": NaN, "kappa": NaN, "f1": NaN, "precision": NaN, "recall": NaN, "average_precision": NaN, "Spearman_r": 0.7719138721799896, "Pearson_r": 0.7603155756457552, "R2": 0.5772642844050027, "MAE": 0.33916188090046395, "MSE": 0.20224642917880248, "poisson_deviance_explained": 0.4670857425691164}, "24": {"AUC": NaN, "kappa": NaN, "f1": NaN, "precision": NaN, "recall": NaN, "average_precision": NaN, "Spearman_r": 0.7515574064789531, "Pearson_r": 0.7429886873174403, "R2": 0.5512569000865829, "MAE": 0.3623157124308921, "MSE": 0.22885178108756307, "poisson_deviance_explained": 0.43699736343844175}, "25": {"AUC": NaN, "kappa": NaN, "f1": NaN, "precision": NaN, "recall": NaN, "average_precision": NaN, "Spearman_r": 0.7534292746258571, "Pearson_r": 0.7454872916175989, "R2": 0.5552824093841116, "MAE": 0.35331905454811235, "MSE": 0.21602204223172156, "poisson_deviance_explained": 0.43941107396329104}, "26": {"AUC": NaN, "kappa": NaN, "f1": NaN, "precision": NaN, "recall": NaN, "average_precision": NaN, "Spearman_r": 0.7514367421896865, "Pearson_r": 0.7444063662611696, "R2": 0.5536779012501484, "MAE": 0.3612991468353621, "MSE": 0.22531240472724978, "poisson_deviance_explained": 0.43566404097611744}, "27": {"AUC": NaN, "kappa": NaN, "f1": NaN, "precision": NaN, "recall": NaN, "average_precision": NaN, "Spearman_r": 0.7466248607474831,