{"1": {"AUC": NaN, "kappa": NaN, "f1": NaN, "precision": NaN, "recall": NaN, "average_precision": NaN, "Spearman_r": 0.7209103778129958, "Pearson_r": 0.7145885456440458, "R2": 0.5088772344175299, "MAE": 0.397290363744559, "MSE": 0.2591816496329339, "poisson_deviance_explained": 0.3953735565746921}, "2": {"AUC": NaN, "kappa": NaN, "f1": NaN, "precision": NaN, "recall": NaN, "average_precision": NaN, "Spearman_r": 0.7282963844991784, "Pearson_r": 0.722311580595491, "R2": 0.5203977970894069, "MAE": 0.38648436339024983, "MSE": 0.24724755234522386, "poisson_deviance_explained": 0.4073732166090591}, "3": {"AUC": NaN, "kappa": NaN, "f1": NaN, "precision": NaN, "recall": NaN, "average_precision": NaN, "Spearman_r": 0.7307775099613522, "Pearson_r": 0.7261322937491974, "R2": 0.5252290054640756, "MAE": 0.38255172702195345, "MSE": 0.24431794672596155, "poisson_deviance_explained": 0.4135648785829177}, "4": {"AUC": NaN, "kappa": NaN, "f1": NaN, "precision": NaN, "recall": NaN, "average_precision": NaN, "Spearman_r": 0.6956069124463867, "Pearson_r": 0.6881339157424715, "R2": 0.47056392526337465, "MAE": 0.4314462241728668, "MSE": 0.3027031129095176, "poisson_deviance_explained": 0.35396393261335335}, "5": {"AUC": NaN, "kappa": NaN, "f1": NaN, "precision": NaN, "recall": NaN, "average_precision": NaN, "Spearman_r": 0.7328820843627721, "Pearson_r": 0.7244743539375936, "R2": 0.5226562591556569, "MAE": 0.3816032374831721, "MSE": 0.24490720535569235, "poisson_deviance_explained": 0.4097243118705044}, "6": {"AUC": NaN, "kappa": NaN, "f1": NaN, "precision": NaN, "recall": NaN, "average_precision": NaN, "Spearman_r": 0.7366735268801173, "Pearson_r": 0.7299790666580881, "R2": 0.5300467052501199, "MAE": 0.3779142564431759, "MSE": 0.24088681914463655, "poisson_deviance_explained": 0.42017889540413444}, "7": {"AUC": NaN, "kappa": NaN, "f1": NaN, "precision": NaN, "recall": NaN, "average_precision": NaN, "Spearman_r": 0.738714499023382, "Pearson_r": 0.7298701385339574, "R2": 0.5296769717137026, "MAE": 0.3758190158961718, "MSE": 0.23966461211023976, "poisson_deviance_explained": 0.4173893419235677}, "8": {"AUC": NaN, "kappa": NaN, "f1": NaN, "precision": NaN, "recall": NaN, "average_precision": NaN, "Spearman_r": 0.7434211967253981, "Pearson_r": 0.7328173519798318, "R2": 0.5347655968877002, "MAE": 0.36870514611144173, "MSE": 0.23332854788134574, "poisson_deviance_explained": 0.42663347284834907}, "9": {"AUC": NaN, "kappa": NaN, "f1": NaN, "precision": NaN, "recall": NaN, "average_precision": NaN, "Spearman_r": 0.7393253328521728, "Pearson_r": 0.7320190326544779, "R2": 0.5330307945979853, "MAE": 0.37577927164681696, "MSE": 0.24013063221004075, "poisson_deviance_explained": 0.427820134366969}, "10": {"AUC": NaN, "kappa": NaN, "f1": NaN, "precision": NaN, "recall": NaN, "average_precision": NaN, "Spearman_r": 0.7402937337875795, "Pearson_r": 0.7299384013762149, "R2": 0.5305665218580368, "MAE": 0.37713099987893256, "MSE": 0.24574345082934781, "poisson_deviance_explained": 0.4260311875721139}, "11": {"AUC": NaN, "kappa": NaN, "f1": NaN, "precision": NaN, "recall": NaN, "average_precision": NaN, "Spearman_r": 0.737937969478198, "Pearson_r": 0.7276804138009892, "R2": 0.5279407574326302, "MAE": 0.3694306014484318, "MSE": 0.23791872276150688, "poisson_deviance_explained": 0.4219247521971231}, "12": {"AUC": NaN, "kappa": NaN, "f1": NaN, "precision": NaN, "recall": NaN, "average_precision": NaN, "Spearman_r": 0.7305834102028593, "Pearson_r": 0.7233165467381304, "R2": 0.521035314115565, "MAE": 0.3642945607456898, "MSE": 0.2289165511569865, "poisson_deviance_explained": 0.41861798068092737}, "13": {"AUC": NaN, "kappa": NaN, "f1": NaN, "precision": NaN, "recall": NaN, "average_precision": NaN, "Spearman_r": 0.7296860701451613, "Pearson_r": 0.7233159932271332, "R2": 0.52107223579357, "MAE": 0.3613564159718438, "MSE": 0.22201766094017633, "poisson_deviance_explained": 0.4151331735002991}, "14": {"AUC": NaN, "kappa": NaN, "f1": NaN, "precision": NaN, "recall": NaN, "average_precision": NaN, "Spearman_r": 0.7382870558963667, "Pearson_r": 0.7324086307791106, "R2": 0.5343559806958471, "MAE": 0.3596439077187787, "MSE": 0.22198333721786423, "poisson_deviance_explained": 0.4278081215360192}, "15": {"AUC": NaN, "kappa": NaN, "f1": NaN, "precision": NaN, "recall": NaN, "average_precision": NaN, "Spearman_r": 0.7307647530518562, "Pearson_r": 0.7246932965451639, "R2": 0.5232535435051836, "MAE": 0.36291436964476687, "MSE": 0.22397863587195155, "poisson_deviance_explained": 0.41316998729484866}, "16": {"AUC": NaN, "kappa": NaN, "f1": NaN, "precision": NaN, "recall": NaN, "average_precision": NaN, "Spearman_r": 0.7372263295123545, "Pearson_r": 0.734686144353488, "R2": 0.5376487706830264, "MAE": 0.36333048469926255, "MSE": 0.22461606517993143, "poisson_deviance_explained": 0.4314854970767299}, "17": {"AUC": NaN, "kappa": NaN, "f1": NaN, "precision": NaN, "recall": NaN, "average_precision": NaN, "Spearman_r": 0.7341520304384793, "Pearson_r": 0.7304607092352325, "R2": 0.531280735064582, "MAE": 0.3586921505094971, "MSE": 0.2166415398218599, "poisson_deviance_explained": 0.4221894175681946}, "18": {"AUC": NaN, "kappa": NaN, "f1": NaN, "precision": NaN, "recall": NaN, "average_precision": NaN, "Spearman_r": 0.7396278175768478, "Pearson_r": 0.7337115710219357, "R2": 0.5363468333393835, "MAE": 0.35548939336711377, "MSE": 0.2145267458958829, "poisson_deviance_explained": 0.4256681291494989}, "19": {"AUC": NaN, "kappa": NaN, "f1": NaN, "precision": NaN, "recall": NaN, "average_precision": NaN, "Spearman_r": 0.7324995280051162, "Pearson_r": 0.7294275289728671, "R2": 0.5307552121316704, "MAE": 0.3578214114429298, "MSE": 0.21666913994861214, "poisson_deviance_explained": 0.415657472676925}, "20": {"AUC": NaN, "kappa": NaN, "f1": NaN, "precision": NaN, "recall": NaN, "average_precision": NaN, "Spearman_r": 0.7465185331617133, "Pearson_r": 0.7379312741480772, "R2": 0.5420459701673552, "MAE": 0.3549189295870623, "MSE": 0.2151809651780133, "poisson_deviance_explained": 0.42574491944633064}, "21": {"AUC": NaN, "kappa": NaN, "f1": NaN, "precision": NaN, "recall": NaN, "average_precision": NaN, "Spearman_r": 0.743388291803982, "Pearson_r": 0.73510172405303, "R2": 0.5378122634077738, "MAE": 0.35028905366641067, "MSE": 0.21039473749495888, "poisson_deviance_explained": 0.42971489665036966}, "22": {"AUC": NaN, "kappa": NaN, "f1": NaN, "precision": NaN, "recall": NaN, "average_precision": NaN, "Spearman_r": 0.7500744313580748, "Pearson_r": 0.7405870054642945, "R2": 0.5465136497052399, "MAE": 0.35323109085622967, "MSE": 0.21744874717231172, "poisson_deviance_explained": 0.43539860071895187}, "23": {"AUC": NaN, "kappa": NaN, "f1": NaN, "precision": NaN, "recall": NaN, "average_precision": NaN, "Spearman_r": 0.7482727163039383, "Pearson_r": 0.7438952532798797, "R2": 0.5514916100719653, "MAE": 0.3550821286425052, "MSE": 0.2163645721313093, "poisson_deviance_explained": 0.44841798377057196}, "24": {"AUC": NaN, "kappa": NaN, "f1": NaN, "precision": NaN, "recall": NaN, "average_precision": NaN, "Spearman_r": 0.7412058960567343, "Pearson_r": 0.7339401541015999, "R2": 0.5360777174610978, "MAE": 0.36587392560090526, "MSE": 0.22931715659962923, "poisson_deviance_explained": 0.427295177310579}, "25": {"AUC": NaN, "kappa": NaN, "f1": NaN, "precision": NaN, "recall": NaN, "average_precision": NaN, "Spearman_r": 0.7484474062325818, "Pearson_r": 0.7385867901054786, "R2": 0.5430363717841697, "MAE": 0.36659256534580276, "MSE": 0.22849283903522283, "poisson_deviance_explained": 0.4246116389734411}, "26": {"AUC": NaN, "kappa": NaN, "f1": NaN, "precision": NaN, "recall": NaN, "average_precision": NaN, "Spearman_r": 0.7471003543034135, "Pearson_r": 0.7412883484604026, "R2": 0.5475072385471493, "MAE": 0.36944798102911763, "MSE": 0.2325682301814099, "poisson_deviance_explained": 0.43062754040476203}, "27": {"AUC": NaN, "kappa": NaN, "f1": NaN, "precision": NaN, "recall": NaN, "average_precision": NaN, "Spearman_r": 0.7355032739951559,