{"1": {"AUC": NaN, "kappa": NaN, "f1": NaN, "precision": NaN, "recall": NaN, "average_precision": NaN, "Spearman_r": 0.6723832172900344, "Pearson_r": 0.6600835406139828, "R2": 0.4351659646907815, "MAE": 0.44695614721221216, "MSE": 0.33596489863152124, "poisson_deviance_explained": 0.3259882286285757}, "2": {"AUC": NaN, "kappa": NaN, "f1": NaN, "precision": NaN, "recall": NaN, "average_precision": NaN, "Spearman_r": 0.7082903750005642, "Pearson_r": 0.6924131874423233, "R2": 0.47811537613519817, "MAE": 0.4195496903016257, "MSE": 0.3036814994711098, "poisson_deviance_explained": 0.3701905549588467}, "3": {"AUC": NaN, "kappa": NaN, "f1": NaN, "precision": NaN, "recall": NaN, "average_precision": NaN, "Spearman_r": 0.6989204172008003, "Pearson_r": 0.691477466659565, "R2": 0.47684823804162035, "MAE": 0.41377021747778425, "MSE": 0.2928862131228804, "poisson_deviance_explained": 0.37074212042372257}, "4": {"AUC": NaN, "kappa": NaN, "f1": NaN, "precision": NaN, "recall": NaN, "average_precision": NaN, "Spearman_r": 0.7226781968641772, "Pearson_r": 0.7125041691713868, "R2": 0.5044685845960716, "MAE": 0.4079077061493077, "MSE": 0.28479572855462143, "poisson_deviance_explained": 0.38744894621175374}, "5": {"AUC": NaN, "kappa": NaN, "f1": NaN, "precision": NaN, "recall": NaN, "average_precision": NaN, "Spearman_r": 0.7366878773606301, "Pearson_r": 0.7246834233601963, "R2": 0.5217528801287831, "MAE": 0.40206430200950566, "MSE": 0.27641538305943786, "poisson_deviance_explained": 0.41227328765707927}, "6": {"AUC": NaN, "kappa": NaN, "f1": NaN, "precision": NaN, "recall": NaN, "average_precision": NaN, "Spearman_r": 0.7208981791858936, "Pearson_r": 0.7107822506417266, "R2": 0.5015699973797896, "MAE": 0.417504629547648, "MSE": 0.299792221340057, "poisson_deviance_explained": 0.3867473360380985}, "7": {"AUC": NaN, "kappa": NaN, "f1": NaN, "precision": NaN, "recall": NaN, "average_precision": NaN, "Spearman_r": 0.7149320687103581, "Pearson_r": 0.6981285933685077, "R2": 0.48575822988844397, "MAE": 0.4283060466493225, "MSE": 0.31099236065624464, "poisson_deviance_explained": 0.36852644306494353}, "8": {"AUC": NaN, "kappa": NaN, "f1": NaN, "precision": NaN, "recall": NaN, "average_precision": NaN, "Spearman_r": 0.741631688017612, "Pearson_r": 0.7265539637156555, "R2": 0.5235547776129554, "MAE": 0.41666105316803603, "MSE": 0.30175281287219824, "poisson_deviance_explained": 0.41052035808044574}, "9": {"AUC": NaN, "kappa": NaN, "f1": NaN, "precision": NaN, "recall": NaN, "average_precision": NaN, "Spearman_r": 0.7360116762732877, "Pearson_r": 0.7176151405623474, "R2": 0.5101615875558589, "MAE": 0.4239120277269837, "MSE": 0.3149656148530139, "poisson_deviance_explained": 0.4002370269002825}, "10": {"AUC": NaN, "kappa": NaN, "f1": NaN, "precision": NaN, "recall": NaN, "average_precision": NaN, "Spearman_r": 0.6986708817452258, "Pearson_r": 0.6765564707541125, "R2": 0.4548085293844505, "MAE": 0.4546780416807835, "MSE": 0.35563274766188213, "poisson_deviance_explained": 0.3524175731855196}, "11": {"AUC": NaN, "kappa": NaN, "f1": NaN, "precision": NaN, "recall": NaN, "average_precision": NaN, "Spearman_r": 0.7160133782608183, "Pearson_r": 0.6920444378361484, "R2": 0.47405525001494264, "MAE": 0.44158661070259597, "MSE": 0.33842881757449883, "poisson_deviance_explained": 0.36142207295313833}, "12": {"AUC": NaN, "kappa": NaN, "f1": NaN, "precision": NaN, "recall": NaN, "average_precision": NaN, "Spearman_r": 0.7064997116076003, "Pearson_r": 0.6879716647437647, "R2": 0.4669406077391619, "MAE": 0.43787161594221347, "MSE": 0.32708076431400884, "poisson_deviance_explained": 0.35787184761361}, "13": {"AUC": NaN, "kappa": NaN, "f1": NaN, "precision": NaN, "recall": NaN, "average_precision": NaN, "Spearman_r": 0.7067070454723898, "Pearson_r": 0.7026458351430421, "R2": 0.4914803073125207, "MAE": 0.40554808934732606, "MSE": 0.28891822164895364, "poisson_deviance_explained": 0.39873036758214986}, "14": {"AUC": NaN, "kappa": NaN, "f1": NaN, "precision": NaN, "recall": NaN, "average_precision": NaN, "Spearman_r": 0.7099431210010984, "Pearson_r": 0.6922494509791624, "R2": 0.4767955752959827, "MAE": 0.4162514587718486, "MSE": 0.3035296891631678, "poisson_deviance_explained": 0.3728579183949422}, "15": {"AUC": NaN, "kappa": NaN, "f1": NaN, "precision": NaN, "recall": NaN, "average_precision": NaN, "Spearman_r": 0.7190527005707349, "Pearson_r": 0.7119587333299174, "R2": 0.5040324900342649, "MAE": 0.4031940315511404, "MSE": 0.27866198817140575, "poisson_deviance_explained": 0.3988153941608228}, "16": {"AUC": NaN, "kappa": NaN, "f1": NaN, "precision": NaN, "recall": NaN, "average_precision": NaN, "Spearman_r": 0.7438308528758324, "Pearson_r": 0.7253348625699431, "R2": 0.5229514954230019, "MAE": 0.39752959586918024, "MSE": 0.2794966907916017, "poisson_deviance_explained": 0.40190646434398836}, "17": {"AUC": NaN, "kappa": NaN, "f1": NaN, "precision": NaN, "recall": NaN, "average_precision": NaN, "Spearman_r": 0.7337357259133841, "Pearson_r": 0.7238562698193873, "R2": 0.5213586105292873, "MAE": 0.39789094882259723, "MSE": 0.283273109940326, "poisson_deviance_explained": 0.4014656146274459}, "18": {"AUC": NaN, "kappa": NaN, "f1": NaN, "precision": NaN, "recall": NaN, "average_precision": NaN, "Spearman_r": 0.7136541290516297, "Pearson_r": 0.7049960384859753, "R2": 0.4949020790208136, "MAE": 0.39669788427473585, "MSE": 0.2701370455776751, "poisson_deviance_explained": 0.3826451220752233}, "19": {"AUC": NaN, "kappa": NaN, "f1": NaN, "precision": NaN, "recall": NaN, "average_precision": NaN, "Spearman_r": 0.7169862498082491, "Pearson_r": 0.7015846941433737, "R2": 0.4898234948642375, "MAE": 0.4057250527418567, "MSE": 0.28483185313854636, "poisson_deviance_explained": 0.36386996044529807}, "20": {"AUC": NaN, "kappa": NaN, "f1": NaN, "precision": NaN, "recall": NaN, "average_precision": NaN, "Spearman_r": 0.7191145732820629, "Pearson_r": 0.7119347821394877, "R2": 0.5040948083565777, "MAE": 0.3975833379478459, "MSE": 0.2742639650438256, "poisson_deviance_explained": 0.38426539360365575}, "21": {"AUC": NaN, "kappa": NaN, "f1": NaN, "precision": NaN, "recall": NaN, "average_precision": NaN, "Spearman_r": 0.6928085509087513, "Pearson_r": 0.6869915505069345, "R2": 0.471189961890109, "MAE": 0.40351937850067077, "MSE": 0.28416003287229, "poisson_deviance_explained": 0.3695849316752041}, "22": {"AUC": NaN, "kappa": NaN, "f1": NaN, "precision": NaN, "recall": NaN, "average_precision": NaN, "Spearman_r": 0.730880371971137, "Pearson_r": 0.716023909942569, "R2": 0.5111095327998829, "MAE": 0.40419881118717194, "MSE": 0.28584468736165264, "poisson_deviance_explained": 0.4025097335219562}, "23": {"AUC": NaN, "kappa": NaN, "f1": NaN, "precision": NaN, "recall": NaN, "average_precision": NaN, "Spearman_r": 0.732775213233164, "Pearson_r": 0.7206915232769849, "R2": 0.517666403557436, "MAE": 0.41469867091879026, "MSE": 0.3040361590713882, "poisson_deviance_explained": 0.41583677818754905}, "24": {"AUC": NaN, "kappa": NaN, "f1": NaN, "precision": NaN, "recall": NaN, "average_precision": NaN, "Spearman_r": 0.7522939876550644, "Pearson_r": 0.7361960352662593, "R2": 0.539642380851536, "MAE": 0.4057396819319571, "MSE": 0.28931487453021665, "poisson_deviance_explained": 0.4327687121950451}, "25": {"AUC": NaN, "kappa": NaN, "f1": NaN, "precision": NaN, "recall": NaN, "average_precision": NaN, "Spearman_r": 0.73189660075622, "Pearson_r": 0.7175340409089589, "R2": 0.5132618075301272, "MAE": 0.4223125235318395, "MSE": 0.3070383896574278, "poisson_deviance_explained": 0.4041833713035876}, "26": {"AUC": NaN, "kappa": NaN, "f1": NaN, "precision": NaN, "recall": NaN, "average_precision": NaN, "Spearman_r": 0.7276311358040426, "Pearson_r": 0.716666585643576, "R2": 0.5123918903452973, "MAE": 0.4183663190686261, "MSE": 0.2971482623637484, "poisson_deviance_explained": 0.4022657574279268}, "27": {"AUC": NaN, "kappa": NaN, "f1": NaN, "precision": NaN, "recall": NaN, "average_precision": NaN, "Spearman_r": 0.7324264290803411,