{"1": {"AUC": NaN, "kappa": NaN, "f1": NaN, "precision": NaN, "recall": NaN, "average_precision": NaN, "Spearman_r": 0.7118036721881759, "Pearson_r": 0.7057349672457115, "R2": 0.4963820557065136, "MAE": 0.39249100836993356, "MSE": 0.25566405332793957, "poisson_deviance_explained": 0.385858068537696}, "2": {"AUC": NaN, "kappa": NaN, "f1": NaN, "precision": NaN, "recall": NaN, "average_precision": NaN, "Spearman_r": 0.7258843834600701, "Pearson_r": 0.7197952637838885, "R2": 0.5154270216156859, "MAE": 0.3858756490537265, "MSE": 0.24708208821231759, "poisson_deviance_explained": 0.40174449627881526}, "3": {"AUC": NaN, "kappa": NaN, "f1": NaN, "precision": NaN, "recall": NaN, "average_precision": NaN, "Spearman_r": 0.7234648661789013, "Pearson_r": 0.7185377605816248, "R2": 0.5145116255138371, "MAE": 0.38526395667754476, "MSE": 0.2476043369093366, "poisson_deviance_explained": 0.3997997986163708}, "4": {"AUC": NaN, "kappa": NaN, "f1": NaN, "precision": NaN, "recall": NaN, "average_precision": NaN, "Spearman_r": 0.6830491340281916, "Pearson_r": 0.6760968999300555, "R2": 0.45632789844962895, "MAE": 0.42550779012470413, "MSE": 0.2987819431666143, "poisson_deviance_explained": 0.3483243058994042}, "5": {"AUC": NaN, "kappa": NaN, "f1": NaN, "precision": NaN, "recall": NaN, "average_precision": NaN, "Spearman_r": 0.7375862718053815, "Pearson_r": 0.7310513724697736, "R2": 0.5321404004277414, "MAE": 0.3798589494289685, "MSE": 0.24069364732881854, "poisson_deviance_explained": 0.4191322556084338}, "6": {"AUC": NaN, "kappa": NaN, "f1": NaN, "precision": NaN, "recall": NaN, "average_precision": NaN, "Spearman_r": 0.7310993602785508, "Pearson_r": 0.7229273655182737, "R2": 0.5204032225158217, "MAE": 0.38022937926226175, "MSE": 0.24255964596414223, "poisson_deviance_explained": 0.4108240146843528}, "7": {"AUC": NaN, "kappa": NaN, "f1": NaN, "precision": NaN, "recall": NaN, "average_precision": NaN, "Spearman_r": 0.7299836440857608, "Pearson_r": 0.719464900679652, "R2": 0.514939051741863, "MAE": 0.38178481390197405, "MSE": 0.2473784579449278, "poisson_deviance_explained": 0.40488179687780257}, "8": {"AUC": NaN, "kappa": NaN, "f1": NaN, "precision": NaN, "recall": NaN, "average_precision": NaN, "Spearman_r": 0.7364565447718712, "Pearson_r": 0.7263429409959792, "R2": 0.524605204657524, "MAE": 0.37448035212454533, "MSE": 0.23748102134980023, "poisson_deviance_explained": 0.4146580002189634}, "9": {"AUC": NaN, "kappa": NaN, "f1": NaN, "precision": NaN, "recall": NaN, "average_precision": NaN, "Spearman_r": 0.740048938886277, "Pearson_r": 0.7275781501486647, "R2": 0.5269833304705669, "MAE": 0.37505686524464243, "MSE": 0.24297786338379085, "poisson_deviance_explained": 0.4211215108219152}, "10": {"AUC": NaN, "kappa": NaN, "f1": NaN, "precision": NaN, "recall": NaN, "average_precision": NaN, "Spearman_r": 0.7257312307310452, "Pearson_r": 0.712601434089114, "R2": 0.5058857230057029, "MAE": 0.38805712429714173, "MSE": 0.2632118854594805, "poisson_deviance_explained": 0.4033017772298788}, "11": {"AUC": NaN, "kappa": NaN, "f1": NaN, "precision": NaN, "recall": NaN, "average_precision": NaN, "Spearman_r": 0.7335837676842963, "Pearson_r": 0.7225329219823792, "R2": 0.5196355849365497, "MAE": 0.3719489702054896, "MSE": 0.24021768625324852, "poisson_deviance_explained": 0.41665177751672167}, "12": {"AUC": NaN, "kappa": NaN, "f1": NaN, "precision": NaN, "recall": NaN, "average_precision": NaN, "Spearman_r": 0.7289226056553343, "Pearson_r": 0.7187458069584952, "R2": 0.5143925650340035, "MAE": 0.3723170029845595, "MSE": 0.23943543273364126, "poisson_deviance_explained": 0.41204532227641755}, "13": {"AUC": NaN, "kappa": NaN, "f1": NaN, "precision": NaN, "recall": NaN, "average_precision": NaN, "Spearman_r": 0.7209995559788388, "Pearson_r": 0.7163534997315799, "R2": 0.5115497797711798, "MAE": 0.3676232523528028, "MSE": 0.22952085064909894, "poisson_deviance_explained": 0.4119395551743462}, "14": {"AUC": NaN, "kappa": NaN, "f1": NaN, "precision": NaN, "recall": NaN, "average_precision": NaN, "Spearman_r": 0.7370716152456392, "Pearson_r": 0.7256252232455207, "R2": 0.5240465905472997, "MAE": 0.36509261588872466, "MSE": 0.22781884171672764, "poisson_deviance_explained": 0.4151940765852934}, "15": {"AUC": NaN, "kappa": NaN, "f1": NaN, "precision": NaN, "recall": NaN, "average_precision": NaN, "Spearman_r": 0.7329585247713746, "Pearson_r": 0.726645099226551, "R2": 0.526080914868587, "MAE": 0.3581135889717402, "MSE": 0.22071092328199016, "poisson_deviance_explained": 0.4192599726327709}, "16": {"AUC": NaN, "kappa": NaN, "f1": NaN, "precision": NaN, "recall": NaN, "average_precision": NaN, "Spearman_r": 0.740583066120939, "Pearson_r": 0.7332854249211204, "R2": 0.5357732988706212, "MAE": 0.358621486459583, "MSE": 0.22155219162173792, "poisson_deviance_explained": 0.4272782098197676}, "17": {"AUC": NaN, "kappa": NaN, "f1": NaN, "precision": NaN, "recall": NaN, "average_precision": NaN, "Spearman_r": 0.7456882857453087, "Pearson_r": 0.7400701767091988, "R2": 0.5451027382655624, "MAE": 0.35322605911906535, "MSE": 0.21179524183134843, "poisson_deviance_explained": 0.4349929975538336}, "18": {"AUC": NaN, "kappa": NaN, "f1": NaN, "precision": NaN, "recall": NaN, "average_precision": NaN, "Spearman_r": 0.7346420450839115, "Pearson_r": 0.7306369169339507, "R2": 0.5319458756573163, "MAE": 0.3603728431404142, "MSE": 0.21920054946183515, "poisson_deviance_explained": 0.4179115916237569}, "19": {"AUC": NaN, "kappa": NaN, "f1": NaN, "precision": NaN, "recall": NaN, "average_precision": NaN, "Spearman_r": 0.7376078895905652, "Pearson_r": 0.7306837609510047, "R2": 0.5311381039923317, "MAE": 0.35845206573447674, "MSE": 0.2197120239332389, "poisson_deviance_explained": 0.4169142832470619}, "20": {"AUC": NaN, "kappa": NaN, "f1": NaN, "precision": NaN, "recall": NaN, "average_precision": NaN, "Spearman_r": 0.7351074435256483, "Pearson_r": 0.7316893328329742, "R2": 0.5339939863331906, "MAE": 0.3548389119208379, "MSE": 0.2153680637557087, "poisson_deviance_explained": 0.4211408026764364}, "21": {"AUC": NaN, "kappa": NaN, "f1": NaN, "precision": NaN, "recall": NaN, "average_precision": NaN, "Spearman_r": 0.7508460244508154, "Pearson_r": 0.7425420485464399, "R2": 0.5498924245364549, "MAE": 0.34892071736632635, "MSE": 0.21095225675932294, "poisson_deviance_explained": 0.43744674246353255}, "22": {"AUC": NaN, "kappa": NaN, "f1": NaN, "precision": NaN, "recall": NaN, "average_precision": NaN, "Spearman_r": 0.7636073810272284, "Pearson_r": 0.7557757829098822, "R2": 0.5690728827521312, "MAE": 0.35033910729407125, "MSE": 0.21292134333071894, "poisson_deviance_explained": 0.45556741428889347}, "23": {"AUC": NaN, "kappa": NaN, "f1": NaN, "precision": NaN, "recall": NaN, "average_precision": NaN, "Spearman_r": 0.7538815018323876, "Pearson_r": 0.7454019489651323, "R2": 0.5538935423769489, "MAE": 0.36333616412974556, "MSE": 0.2273418693413894, "poisson_deviance_explained": 0.44556288059108107}, "24": {"AUC": NaN, "kappa": NaN, "f1": NaN, "precision": NaN, "recall": NaN, "average_precision": NaN, "Spearman_r": 0.7496527608962571, "Pearson_r": 0.7411218712381066, "R2": 0.5467455341895407, "MAE": 0.36830302920991487, "MSE": 0.23268129819327035, "poisson_deviance_explained": 0.43445470714475265}, "25": {"AUC": NaN, "kappa": NaN, "f1": NaN, "precision": NaN, "recall": NaN, "average_precision": NaN, "Spearman_r": 0.7409364488030096, "Pearson_r": 0.7318432896832209, "R2": 0.533369790110196, "MAE": 0.3734641676420425, "MSE": 0.2374294393043058, "poisson_deviance_explained": 0.42177184622626784}, "26": {"AUC": NaN, "kappa": NaN, "f1": NaN, "precision": NaN, "recall": NaN, "average_precision": NaN, "Spearman_r": 0.7316264863933624, "Pearson_r": 0.724157172022675, "R2": 0.5223092115753973, "MAE": 0.3819631511705263, "MSE": 0.2454981265101711, "poisson_deviance_explained": 0.40836036594721103}, "27": {"AUC": NaN, "kappa": NaN, "f1": NaN, "precision": NaN, "recall": NaN, "average_precision": NaN, "Spearman_r": 0.7323378031533802,