{"1": {"AUC": NaN, "kappa": NaN, "f1": NaN, "precision": NaN, "recall": NaN, "average_precision": NaN, "Spearman_r": 0.7086926118387971, "Pearson_r": 0.6973340235789802, "R2": 0.4857904343389907, "MAE": 0.40514009235868614, "MSE": 0.2735562357032774, "poisson_deviance_explained": 0.37219241192291086}, "2": {"AUC": NaN, "kappa": NaN, "f1": NaN, "precision": NaN, "recall": NaN, "average_precision": NaN, "Spearman_r": 0.7083299756918215, "Pearson_r": 0.7023515026232577, "R2": 0.4926047584777632, "MAE": 0.3998271573184478, "MSE": 0.2736818092182772, "poisson_deviance_explained": 0.38040610307445566}, "3": {"AUC": NaN, "kappa": NaN, "f1": NaN, "precision": NaN, "recall": NaN, "average_precision": NaN, "Spearman_r": 0.7172682284270914, "Pearson_r": 0.7044628453116181, "R2": 0.49594419594968375, "MAE": 0.3954915731314977, "MSE": 0.2680451281431115, "poisson_deviance_explained": 0.38514831935627847}, "4": {"AUC": NaN, "kappa": NaN, "f1": NaN, "precision": NaN, "recall": NaN, "average_precision": NaN, "Spearman_r": 0.6878739507375762, "Pearson_r": 0.6896947545920817, "R2": 0.47308833415518836, "MAE": 0.48854021514989276, "MSE": 0.3754987948487819, "poisson_deviance_explained": 0.3661997778894843}, "5": {"AUC": NaN, "kappa": NaN, "f1": NaN, "precision": NaN, "recall": NaN, "average_precision": NaN, "Spearman_r": 0.7303613328164758, "Pearson_r": 0.7200894189972067, "R2": 0.5179413368317975, "MAE": 0.3837703080761809, "MSE": 0.2586225934670081, "poisson_deviance_explained": 0.40827830266796517}, "6": {"AUC": NaN, "kappa": NaN, "f1": NaN, "precision": NaN, "recall": NaN, "average_precision": NaN, "Spearman_r": 0.7213799199603143, "Pearson_r": 0.7091506409853737, "R2": 0.5020814614202393, "MAE": 0.3838307742130089, "MSE": 0.2539897148899252, "poisson_deviance_explained": 0.3913429026611869}, "7": {"AUC": NaN, "kappa": NaN, "f1": NaN, "precision": NaN, "recall": NaN, "average_precision": NaN, "Spearman_r": 0.739591783368258, "Pearson_r": 0.7261672140754323, "R2": 0.5256868031670717, "MAE": 0.3794274288774681, "MSE": 0.24789817732076988, "poisson_deviance_explained": 0.4096814028019691}, "8": {"AUC": NaN, "kappa": NaN, "f1": NaN, "precision": NaN, "recall": NaN, "average_precision": NaN, "Spearman_r": 0.7334890346450379, "Pearson_r": 0.7201162602007947, "R2": 0.5173549675908091, "MAE": 0.3832022742484305, "MSE": 0.2594398554280952, "poisson_deviance_explained": 0.40672907083668486}, "9": {"AUC": NaN, "kappa": NaN, "f1": NaN, "precision": NaN, "recall": NaN, "average_precision": NaN, "Spearman_r": 0.7443097947518236, "Pearson_r": 0.7254790917910345, "R2": 0.5244308622590843, "MAE": 0.3791392572245094, "MSE": 0.2540189453153781, "poisson_deviance_explained": 0.41159990968158067}, "10": {"AUC": NaN, "kappa": NaN, "f1": NaN, "precision": NaN, "recall": NaN, "average_precision": NaN, "Spearman_r": 0.7408291663277101, "Pearson_r": 0.7264984114873898, "R2": 0.5266912171896092, "MAE": 0.3756057663585736, "MSE": 0.2550719380080087, "poisson_deviance_explained": 0.4215634440521705}, "11": {"AUC": NaN, "kappa": NaN, "f1": NaN, "precision": NaN, "recall": NaN, "average_precision": NaN, "Spearman_r": 0.7143124443535727, "Pearson_r": 0.6975815910692557, "R2": 0.4859014412880217, "MAE": 0.3908626590942205, "MSE": 0.2721824230721599, "poisson_deviance_explained": 0.3838428843111058}, "12": {"AUC": NaN, "kappa": NaN, "f1": NaN, "precision": NaN, "recall": NaN, "average_precision": NaN, "Spearman_r": 0.7108356654290082, "Pearson_r": 0.6989223759905663, "R2": 0.48769916713947103, "MAE": 0.37992990399821913, "MSE": 0.25771938067234973, "poisson_deviance_explained": 0.38712283975020323}, "13": {"AUC": NaN, "kappa": NaN, "f1": NaN, "precision": NaN, "recall": NaN, "average_precision": NaN, "Spearman_r": 0.7268902102103375, "Pearson_r": 0.7141760848251195, "R2": 0.5092953204902788, "MAE": 0.37252821217036636, "MSE": 0.2447768608601642, "poisson_deviance_explained": 0.40150901569546016}, "14": {"AUC": NaN, "kappa": NaN, "f1": NaN, "precision": NaN, "recall": NaN, "average_precision": NaN, "Spearman_r": 0.7122556016914459, "Pearson_r": 0.7020157277797026, "R2": 0.491743506827491, "MAE": 0.3732431994663413, "MSE": 0.2433893726956554, "poisson_deviance_explained": 0.3913209672815595}, "15": {"AUC": NaN, "kappa": NaN, "f1": NaN, "precision": NaN, "recall": NaN, "average_precision": NaN, "Spearman_r": 0.7089803328186938, "Pearson_r": 0.6987167867632795, "R2": 0.4881001447798087, "MAE": 0.3712503898032717, "MSE": 0.24543147915902344, "poisson_deviance_explained": 0.3853790033770743}, "16": {"AUC": NaN, "kappa": NaN, "f1": NaN, "precision": NaN, "recall": NaN, "average_precision": NaN, "Spearman_r": 0.7127970702662977, "Pearson_r": 0.7026165185959269, "R2": 0.49339715527246, "MAE": 0.3758411931835999, "MSE": 0.24831057261987174, "poisson_deviance_explained": 0.3797931396331631}, "17": {"AUC": NaN, "kappa": NaN, "f1": NaN, "precision": NaN, "recall": NaN, "average_precision": NaN, "Spearman_r": 0.7287314760661475, "Pearson_r": 0.7232023136163407, "R2": 0.522264638359677, "MAE": 0.36414053299910176, "MSE": 0.23316350056137752, "poisson_deviance_explained": 0.42136686444527793}, "18": {"AUC": NaN, "kappa": NaN, "f1": NaN, "precision": NaN, "recall": NaN, "average_precision": NaN, "Spearman_r": 0.7381137326318402, "Pearson_r": 0.7330635718253237, "R2": 0.5358223125423895, "MAE": 0.35253673826905757, "MSE": 0.21689166453531922, "poisson_deviance_explained": 0.42426535750710204}, "19": {"AUC": NaN, "kappa": NaN, "f1": NaN, "precision": NaN, "recall": NaN, "average_precision": NaN, "Spearman_r": 0.7219296754634026, "Pearson_r": 0.7104572597674826, "R2": 0.5043421136763677, "MAE": 0.36271958233565427, "MSE": 0.23180116414642501, "poisson_deviance_explained": 0.3912003311059964}, "20": {"AUC": NaN, "kappa": NaN, "f1": NaN, "precision": NaN, "recall": NaN, "average_precision": NaN, "Spearman_r": 0.7296402798923561, "Pearson_r": 0.7196977737453112, "R2": 0.5177027455465941, "MAE": 0.3585992681630608, "MSE": 0.22751884528260097, "poisson_deviance_explained": 0.40128050522159364}, "21": {"AUC": NaN, "kappa": NaN, "f1": NaN, "precision": NaN, "recall": NaN, "average_precision": NaN, "Spearman_r": 0.7516415800139995, "Pearson_r": 0.738777976992797, "R2": 0.545127496234779, "MAE": 0.35077320804916684, "MSE": 0.22034573119337014, "poisson_deviance_explained": 0.4298632352798164}, "22": {"AUC": NaN, "kappa": NaN, "f1": NaN, "precision": NaN, "recall": NaN, "average_precision": NaN, "Spearman_r": 0.7588406335924353, "Pearson_r": 0.7446799393043686, "R2": 0.5540795663268786, "MAE": 0.35232805269456285, "MSE": 0.22182401755866116, "poisson_deviance_explained": 0.43637993152254384}, "23": {"AUC": NaN, "kappa": NaN, "f1": NaN, "precision": NaN, "recall": NaN, "average_precision": NaN, "Spearman_r": 0.7513605284858046, "Pearson_r": 0.7362074249561954, "R2": 0.541781528003124, "MAE": 0.3572771312469693, "MSE": 0.23156736631676067, "poisson_deviance_explained": 0.4241330646117649}, "24": {"AUC": NaN, "kappa": NaN, "f1": NaN, "precision": NaN, "recall": NaN, "average_precision": NaN, "Spearman_r": 0.751002470498032, "Pearson_r": 0.737200172727064, "R2": 0.5427245833167859, "MAE": 0.3629031436447035, "MSE": 0.2370555976215693, "poisson_deviance_explained": 0.4239672543440467}, "25": {"AUC": NaN, "kappa": NaN, "f1": NaN, "precision": NaN, "recall": NaN, "average_precision": NaN, "Spearman_r": 0.7626648214977486, "Pearson_r": 0.7537218038075187, "R2": 0.5674899683725176, "MAE": 0.3554809860208529, "MSE": 0.22207942546739426, "poisson_deviance_explained": 0.4518897049173348}, "26": {"AUC": NaN, "kappa": NaN, "f1": NaN, "precision": NaN, "recall": NaN, "average_precision": NaN, "Spearman_r": 0.7474523225759461, "Pearson_r": 0.7387732188253846, "R2": 0.5452871167012305, "MAE": 0.36570202140642377, "MSE": 0.23487591889462803, "poisson_deviance_explained": 0.43059666825960774}, "27": {"AUC": NaN, "kappa": NaN, "f1": NaN, "precision": NaN, "recall": NaN, "average_precision": NaN, "Spearman_r": 0.7505065420335859,