{"1": {"AUC": NaN, "kappa": NaN, "f1": NaN, "precision": NaN, "recall": NaN, "average_precision": NaN, "Spearman_r": 0.7175552425977686, "Pearson_r": 0.7124791969226079, "R2": 0.5072663921457203, "MAE": 0.383476066433225, "MSE": 0.24756963329691836, "poisson_deviance_explained": 0.3945471204420582}, "2": {"AUC": NaN, "kappa": NaN, "f1": NaN, "precision": NaN, "recall": NaN, "average_precision": NaN, "Spearman_r": 0.7362856051636439, "Pearson_r": 0.7295247085235046, "R2": 0.5312698654962213, "MAE": 0.37552556946313215, "MSE": 0.2368527423492439, "poisson_deviance_explained": 0.4142596489849082}, "3": {"AUC": NaN, "kappa": NaN, "f1": NaN, "precision": NaN, "recall": NaN, "average_precision": NaN, "Spearman_r": 0.7398677396762146, "Pearson_r": 0.7321434999471403, "R2": 0.5354353828864251, "MAE": 0.37323567774441335, "MSE": 0.23687565089519005, "poisson_deviance_explained": 0.419962993676129}, "4": {"AUC": NaN, "kappa": NaN, "f1": NaN, "precision": NaN, "recall": NaN, "average_precision": NaN, "Spearman_r": 0.7142702046056397, "Pearson_r": 0.7030040579116814, "R2": 0.4928422753230073, "MAE": 0.4132804295974443, "MSE": 0.28566272873892495, "poisson_deviance_explained": 0.37795414080602274}, "5": {"AUC": NaN, "kappa": NaN, "f1": NaN, "precision": NaN, "recall": NaN, "average_precision": NaN, "Spearman_r": 0.7367327884956848, "Pearson_r": 0.7288612056869382, "R2": 0.5300381864714804, "MAE": 0.38040441629538907, "MSE": 0.2448082130606148, "poisson_deviance_explained": 0.4149342190327978}, "6": {"AUC": NaN, "kappa": NaN, "f1": NaN, "precision": NaN, "recall": NaN, "average_precision": NaN, "Spearman_r": 0.7479320763034589, "Pearson_r": 0.738374153291274, "R2": 0.5443206244532437, "MAE": 0.3652235464986503, "MSE": 0.22749021649413098, "poisson_deviance_explained": 0.4268834309889096}, "7": {"AUC": NaN, "kappa": NaN, "f1": NaN, "precision": NaN, "recall": NaN, "average_precision": NaN, "Spearman_r": 0.7589943924668388, "Pearson_r": 0.7476691045997237, "R2": 0.5573995978372315, "MAE": 0.3611405486574807, "MSE": 0.2247205661306511, "poisson_deviance_explained": 0.44357924447078434}, "8": {"AUC": NaN, "kappa": NaN, "f1": NaN, "precision": NaN, "recall": NaN, "average_precision": NaN, "Spearman_r": 0.7596608564160692, "Pearson_r": 0.7456780273099998, "R2": 0.5547562282554666, "MAE": 0.36104850730908034, "MSE": 0.2275048991140384, "poisson_deviance_explained": 0.44012979331670277}, "9": {"AUC": NaN, "kappa": NaN, "f1": NaN, "precision": NaN, "recall": NaN, "average_precision": NaN, "Spearman_r": 0.7582135897636075, "Pearson_r": 0.7440628059001806, "R2": 0.5524569018061859, "MAE": 0.3605641598820826, "MSE": 0.2283766377579372, "poisson_deviance_explained": 0.4409079371276198}, "10": {"AUC": NaN, "kappa": NaN, "f1": NaN, "precision": NaN, "recall": NaN, "average_precision": NaN, "Spearman_r": 0.7441306934894341, "Pearson_r": 0.7326209665687194, "R2": 0.5360741083516192, "MAE": 0.36901512858522667, "MSE": 0.23878230452771276, "poisson_deviance_explained": 0.42983252179737186}, "11": {"AUC": NaN, "kappa": NaN, "f1": NaN, "precision": NaN, "recall": NaN, "average_precision": NaN, "Spearman_r": 0.73909176674967, "Pearson_r": 0.7235922428173204, "R2": 0.5229709312600404, "MAE": 0.36257188243936744, "MSE": 0.23451726147437432, "poisson_deviance_explained": 0.4137539066809923}, "12": {"AUC": NaN, "kappa": NaN, "f1": NaN, "precision": NaN, "recall": NaN, "average_precision": NaN, "Spearman_r": 0.7402739910220042, "Pearson_r": 0.7350037488561848, "R2": 0.5392125010644906, "MAE": 0.3595280527668696, "MSE": 0.22508933474105985, "poisson_deviance_explained": 0.43144866242838154}, "13": {"AUC": NaN, "kappa": NaN, "f1": NaN, "precision": NaN, "recall": NaN, "average_precision": NaN, "Spearman_r": 0.7294319971251846, "Pearson_r": 0.7186934375680369, "R2": 0.5161013319921266, "MAE": 0.36371241457790954, "MSE": 0.22863045018669315, "poisson_deviance_explained": 0.4081105543248875}, "14": {"AUC": NaN, "kappa": NaN, "f1": NaN, "precision": NaN, "recall": NaN, "average_precision": NaN, "Spearman_r": 0.746434671846447, "Pearson_r": 0.7409384240586975, "R2": 0.5481251294213167, "MAE": 0.34843632569066446, "MSE": 0.21092487637623034, "poisson_deviance_explained": 0.4418079232059552}, "15": {"AUC": NaN, "kappa": NaN, "f1": NaN, "precision": NaN, "recall": NaN, "average_precision": NaN, "Spearman_r": 0.7418919994575154, "Pearson_r": 0.7365121360797192, "R2": 0.5422612493232509, "MAE": 0.35406342459080103, "MSE": 0.21770994595787496, "poisson_deviance_explained": 0.4333573423240117}, "16": {"AUC": NaN, "kappa": NaN, "f1": NaN, "precision": NaN, "recall": NaN, "average_precision": NaN, "Spearman_r": 0.7507704872820518, "Pearson_r": 0.7440057578443433, "R2": 0.5532288750052458, "MAE": 0.35155193752990227, "MSE": 0.2149987408465231, "poisson_deviance_explained": 0.44510692934032825}, "17": {"AUC": NaN, "kappa": NaN, "f1": NaN, "precision": NaN, "recall": NaN, "average_precision": NaN, "Spearman_r": 0.7494183201914344, "Pearson_r": 0.7427771114630637, "R2": 0.5513413474178229, "MAE": 0.34773718472392234, "MSE": 0.2066434022806742, "poisson_deviance_explained": 0.4364429298447756}, "18": {"AUC": NaN, "kappa": NaN, "f1": NaN, "precision": NaN, "recall": NaN, "average_precision": NaN, "Spearman_r": 0.7484712672058836, "Pearson_r": 0.7440549703192292, "R2": 0.5528546228595697, "MAE": 0.34771152446086734, "MSE": 0.2061639425522973, "poisson_deviance_explained": 0.43962785250534187}, "19": {"AUC": NaN, "kappa": NaN, "f1": NaN, "precision": NaN, "recall": NaN, "average_precision": NaN, "Spearman_r": 0.740482929540247, "Pearson_r": 0.7365853188525607, "R2": 0.5417689154703473, "MAE": 0.34932457134450823, "MSE": 0.21074252105484317, "poisson_deviance_explained": 0.4288324494316229}, "20": {"AUC": NaN, "kappa": NaN, "f1": NaN, "precision": NaN, "recall": NaN, "average_precision": NaN, "Spearman_r": 0.7490438500913474, "Pearson_r": 0.7449627916547606, "R2": 0.5543776445588771, "MAE": 0.34503741186216835, "MSE": 0.20660675071566706, "poisson_deviance_explained": 0.4397467835873452}, "21": {"AUC": NaN, "kappa": NaN, "f1": NaN, "precision": NaN, "recall": NaN, "average_precision": NaN, "Spearman_r": 0.7512819542310858, "Pearson_r": 0.7453011697423326, "R2": 0.5551793270023238, "MAE": 0.3463233133616289, "MSE": 0.2095482788408904, "poisson_deviance_explained": 0.4422824287806566}, "22": {"AUC": NaN, "kappa": NaN, "f1": NaN, "precision": NaN, "recall": NaN, "average_precision": NaN, "Spearman_r": 0.7672011497845823, "Pearson_r": 0.7550114832244448, "R2": 0.5697813364377802, "MAE": 0.3418177827527335, "MSE": 0.20563343960910618, "poisson_deviance_explained": 0.45516028837539846}, "23": {"AUC": NaN, "kappa": NaN, "f1": NaN, "precision": NaN, "recall": NaN, "average_precision": NaN, "Spearman_r": 0.7643889548503242, "Pearson_r": 0.7522124820342391, "R2": 0.5654366222674949, "MAE": 0.3515719211292622, "MSE": 0.21749559528310472, "poisson_deviance_explained": 0.44848924588788164}, "24": {"AUC": NaN, "kappa": NaN, "f1": NaN, "precision": NaN, "recall": NaN, "average_precision": NaN, "Spearman_r": 0.7638767719146686, "Pearson_r": 0.7552846488316535, "R2": 0.5690296625373288, "MAE": 0.3616252578944298, "MSE": 0.2273887082665528, "poisson_deviance_explained": 0.4557275228645987}, "25": {"AUC": NaN, "kappa": NaN, "f1": NaN, "precision": NaN, "recall": NaN, "average_precision": NaN, "Spearman_r": 0.7607426912556381, "Pearson_r": 0.7486842208484238, "R2": 0.5597990113523184, "MAE": 0.3675125163072239, "MSE": 0.2335925386345042, "poisson_deviance_explained": 0.44073843363658216}, "26": {"AUC": NaN, "kappa": NaN, "f1": NaN, "precision": NaN, "recall": NaN, "average_precision": NaN, "Spearman_r": 0.7524995106724981, "Pearson_r": 0.7419290550262223, "R2": 0.5494629107536031, "MAE": 0.36357517901131664, "MSE": 0.22876219185448873, "poisson_deviance_explained": 0.4333424743536054}, "27": {"AUC": NaN, "kappa": NaN, "f1": NaN, "precision": NaN, "recall": NaN, "average_precision": NaN, "Spearman_r": 0.7511504872792315,