{"1": {"AUC": NaN, "kappa": NaN, "f1": NaN, "precision": NaN, "recall": NaN, "average_precision": NaN, "Spearman_r": 0.7076924170902413, "Pearson_r": 0.7036718973900615, "R2": 0.49384287131063176, "MAE": 0.39199140330440135, "MSE": 0.25365212742335874, "poisson_deviance_explained": 0.380611839300943}, "2": {"AUC": NaN, "kappa": NaN, "f1": NaN, "precision": NaN, "recall": NaN, "average_precision": NaN, "Spearman_r": 0.7203228327888642, "Pearson_r": 0.7154613403640895, "R2": 0.5099867870455783, "MAE": 0.3917982468680438, "MSE": 0.25480695123318675, "poisson_deviance_explained": 0.3961219844162712}, "3": {"AUC": NaN, "kappa": NaN, "f1": NaN, "precision": NaN, "recall": NaN, "average_precision": NaN, "Spearman_r": 0.730148358185591, "Pearson_r": 0.7248933053404525, "R2": 0.5231581093019817, "MAE": 0.3776906180793952, "MSE": 0.2371233087872979, "poisson_deviance_explained": 0.40636445941312005}, "4": {"AUC": NaN, "kappa": NaN, "f1": NaN, "precision": NaN, "recall": NaN, "average_precision": NaN, "Spearman_r": 0.7012626658944014, "Pearson_r": 0.6949178336113556, "R2": 0.4807068670112966, "MAE": 0.4191528665627658, "MSE": 0.2866975013622819, "poisson_deviance_explained": 0.3628390198273935}, "5": {"AUC": NaN, "kappa": NaN, "f1": NaN, "precision": NaN, "recall": NaN, "average_precision": NaN, "Spearman_r": 0.7179203027290866, "Pearson_r": 0.71085917534667, "R2": 0.502992848285468, "MAE": 0.3815919332374966, "MSE": 0.2432960225418414, "poisson_deviance_explained": 0.3938904177106851}, "6": {"AUC": NaN, "kappa": NaN, "f1": NaN, "precision": NaN, "recall": NaN, "average_precision": NaN, "Spearman_r": 0.7301644663949582, "Pearson_r": 0.7225198909439506, "R2": 0.5191961162632137, "MAE": 0.37234794319511527, "MSE": 0.23405987116800892, "poisson_deviance_explained": 0.4084573351809291}, "7": {"AUC": NaN, "kappa": NaN, "f1": NaN, "precision": NaN, "recall": NaN, "average_precision": NaN, "Spearman_r": 0.7393247954379348, "Pearson_r": 0.7292138172711421, "R2": 0.5290541848481909, "MAE": 0.35193051590874375, "MSE": 0.2150726867955588, "poisson_deviance_explained": 0.42248245408255847}, "8": {"AUC": NaN, "kappa": NaN, "f1": NaN, "precision": NaN, "recall": NaN, "average_precision": NaN, "Spearman_r": 0.7647060704784465, "Pearson_r": 0.750743130947699, "R2": 0.5606150103275721, "MAE": 0.3383429468724628, "MSE": 0.2020380742976212, "poisson_deviance_explained": 0.45087903824982645}, "9": {"AUC": NaN, "kappa": NaN, "f1": NaN, "precision": NaN, "recall": NaN, "average_precision": NaN, "Spearman_r": 0.76296773922918, "Pearson_r": 0.7470681585701417, "R2": 0.5541141628404611, "MAE": 0.3393683695225056, "MSE": 0.20323003778053858, "poisson_deviance_explained": 0.44686814890472926}, "10": {"AUC": NaN, "kappa": NaN, "f1": NaN, "precision": NaN, "recall": NaN, "average_precision": NaN, "Spearman_r": 0.7488847037070555, "Pearson_r": 0.7365072702490365, "R2": 0.539889002220504, "MAE": 0.3436712718404487, "MSE": 0.20974695123107828, "poisson_deviance_explained": 0.43610137132688565}, "11": {"AUC": NaN, "kappa": NaN, "f1": NaN, "precision": NaN, "recall": NaN, "average_precision": NaN, "Spearman_r": 0.7307838718092692, "Pearson_r": 0.7148977528237553, "R2": 0.5093406396786984, "MAE": 0.35943082163719015, "MSE": 0.2305918631230085, "poisson_deviance_explained": 0.4046087440386531}, "12": {"AUC": NaN, "kappa": NaN, "f1": NaN, "precision": NaN, "recall": NaN, "average_precision": NaN, "Spearman_r": 0.7317711874175487, "Pearson_r": 0.722413449915308, "R2": 0.5190444068281268, "MAE": 0.3510194721668165, "MSE": 0.21642097678172748, "poisson_deviance_explained": 0.41667500295010707}, "13": {"AUC": NaN, "kappa": NaN, "f1": NaN, "precision": NaN, "recall": NaN, "average_precision": NaN, "Spearman_r": 0.7356601933050445, "Pearson_r": 0.7257887297742543, "R2": 0.5248584079355346, "MAE": 0.3464914830617678, "MSE": 0.21122729873076893, "poisson_deviance_explained": 0.4208290505023399}, "14": {"AUC": NaN, "kappa": NaN, "f1": NaN, "precision": NaN, "recall": NaN, "average_precision": NaN, "Spearman_r": 0.738931260462162, "Pearson_r": 0.7336363791586848, "R2": 0.5354340230215725, "MAE": 0.342424599808182, "MSE": 0.2052522588969331, "poisson_deviance_explained": 0.43174521958847545}, "15": {"AUC": NaN, "kappa": NaN, "f1": NaN, "precision": NaN, "recall": NaN, "average_precision": NaN, "Spearman_r": 0.7290942236233897, "Pearson_r": 0.7222998048927464, "R2": 0.5195276712120898, "MAE": 0.34970217291523836, "MSE": 0.21184373495185066, "poisson_deviance_explained": 0.4133267683175851}, "16": {"AUC": NaN, "kappa": NaN, "f1": NaN, "precision": NaN, "recall": NaN, "average_precision": NaN, "Spearman_r": 0.7317694346825482, "Pearson_r": 0.7245010203234483, "R2": 0.5223514366968427, "MAE": 0.34954546286586163, "MSE": 0.2104923482219978, "poisson_deviance_explained": 0.41434262912103836}, "17": {"AUC": NaN, "kappa": NaN, "f1": NaN, "precision": NaN, "recall": NaN, "average_precision": NaN, "Spearman_r": 0.7372457234251303, "Pearson_r": 0.7307341970134079, "R2": 0.5307165135997998, "MAE": 0.34992234328296135, "MSE": 0.21041155933568884, "poisson_deviance_explained": 0.4191349768237189}, "18": {"AUC": NaN, "kappa": NaN, "f1": NaN, "precision": NaN, "recall": NaN, "average_precision": NaN, "Spearman_r": 0.7338740330756102, "Pearson_r": 0.7291519205015754, "R2": 0.5291187488758244, "MAE": 0.3486103566159844, "MSE": 0.20778092762161382, "poisson_deviance_explained": 0.4175905622588808}, "19": {"AUC": NaN, "kappa": NaN, "f1": NaN, "precision": NaN, "recall": NaN, "average_precision": NaN, "Spearman_r": 0.7399715729731984, "Pearson_r": 0.7358765814853234, "R2": 0.5383588450746628, "MAE": 0.35059034253769245, "MSE": 0.2085348202190791, "poisson_deviance_explained": 0.4270322787189317}, "20": {"AUC": NaN, "kappa": NaN, "f1": NaN, "precision": NaN, "recall": NaN, "average_precision": NaN, "Spearman_r": 0.7324235473555617, "Pearson_r": 0.726217593631533, "R2": 0.5242453596634942, "MAE": 0.35009876600181816, "MSE": 0.20800727987981968, "poisson_deviance_explained": 0.4150643488224828}, "21": {"AUC": NaN, "kappa": NaN, "f1": NaN, "precision": NaN, "recall": NaN, "average_precision": NaN, "Spearman_r": 0.736963977059865, "Pearson_r": 0.7286928584200834, "R2": 0.5288422851090624, "MAE": 0.3507869440506972, "MSE": 0.21116432227473203, "poisson_deviance_explained": 0.418014465004272}, "22": {"AUC": NaN, "kappa": NaN, "f1": NaN, "precision": NaN, "recall": NaN, "average_precision": NaN, "Spearman_r": 0.7490135266264711, "Pearson_r": 0.7423049096446855, "R2": 0.5486371285412525, "MAE": 0.3446514882701499, "MSE": 0.2068500537066083, "poisson_deviance_explained": 0.439021684436506}, "23": {"AUC": NaN, "kappa": NaN, "f1": NaN, "precision": NaN, "recall": NaN, "average_precision": NaN, "Spearman_r": 0.7441530765982204, "Pearson_r": 0.7350434482778686, "R2": 0.5375285378625491, "MAE": 0.35823145297903813, "MSE": 0.2229497689363013, "poisson_deviance_explained": 0.4314892237175233}, "24": {"AUC": NaN, "kappa": NaN, "f1": NaN, "precision": NaN, "recall": NaN, "average_precision": NaN, "Spearman_r": 0.7537401018410178, "Pearson_r": 0.7416403764221196, "R2": 0.5475875507448031, "MAE": 0.35615926580354274, "MSE": 0.2197113419463529, "poisson_deviance_explained": 0.4373203168256966}, "25": {"AUC": NaN, "kappa": NaN, "f1": NaN, "precision": NaN, "recall": NaN, "average_precision": NaN, "Spearman_r": 0.7352831243430983, "Pearson_r": 0.7260338071095146, "R2": 0.5243511190144456, "MAE": 0.3646618362724899, "MSE": 0.2270581784979674, "poisson_deviance_explained": 0.41493801292909815}, "26": {"AUC": NaN, "kappa": NaN, "f1": NaN, "precision": NaN, "recall": NaN, "average_precision": NaN, "Spearman_r": 0.741010058760113, "Pearson_r": 0.7336150153861916, "R2": 0.5355916293120985, "MAE": 0.3642769093857572, "MSE": 0.2277927457484592, "poisson_deviance_explained": 0.42592463434018657}, "27": {"AUC": NaN, "kappa": NaN, "f1": NaN, "precision": NaN, "recall": NaN, "average_precision": NaN, "Spearman_r": 0.7284923474344248,