{"1": {"AUC": NaN, "kappa": NaN, "f1": NaN, "precision": NaN, "recall": NaN, "average_precision": NaN, "Spearman_r": 0.6885050917896214, "Pearson_r": 0.6847634177306121, "R2": 0.46601958615889516, "MAE": 0.440463645205245, "MSE": 0.31561986031349704, "poisson_deviance_explained": 0.35568975320255913}, "2": {"AUC": NaN, "kappa": NaN, "f1": NaN, "precision": NaN, "recall": NaN, "average_precision": NaN, "Spearman_r": 0.6996751474617766, "Pearson_r": 0.6934943691865285, "R2": 0.47786470052394714, "MAE": 0.42621173126498635, "MSE": 0.29917947792915056, "poisson_deviance_explained": 0.3663012185263633}, "3": {"AUC": NaN, "kappa": NaN, "f1": NaN, "precision": NaN, "recall": NaN, "average_precision": NaN, "Spearman_r": 0.7037432763068581, "Pearson_r": 0.6988172665225243, "R2": 0.48476014952336954, "MAE": 0.42686607251035885, "MSE": 0.30023411366488023, "poisson_deviance_explained": 0.3695477642956523}, "4": {"AUC": NaN, "kappa": NaN, "f1": NaN, "precision": NaN, "recall": NaN, "average_precision": NaN, "Spearman_r": 0.6443009166085983, "Pearson_r": 0.659623818177219, "R2": 0.4326848816729404, "MAE": 0.5122266583439211, "MSE": 0.3950887507143108, "poisson_deviance_explained": 0.3277887159687738}, "5": {"AUC": NaN, "kappa": NaN, "f1": NaN, "precision": NaN, "recall": NaN, "average_precision": NaN, "Spearman_r": 0.732535119139976, "Pearson_r": 0.7243257271825438, "R2": 0.5218231448773099, "MAE": 0.4137878000968367, "MSE": 0.2811980441861842, "poisson_deviance_explained": 0.4063869698827052}, "6": {"AUC": NaN, "kappa": NaN, "f1": NaN, "precision": NaN, "recall": NaN, "average_precision": NaN, "Spearman_r": 0.7206271323584299, "Pearson_r": 0.7029961238732186, "R2": 0.4910402188960009, "MAE": 0.42878457206953785, "MSE": 0.3052251238294434, "poisson_deviance_explained": 0.37359214890692194}, "7": {"AUC": NaN, "kappa": NaN, "f1": NaN, "precision": NaN, "recall": NaN, "average_precision": NaN, "Spearman_r": 0.7037649613201766, "Pearson_r": 0.6902537427667101, "R2": 0.4727569529922946, "MAE": 0.4380959104445115, "MSE": 0.3175476790322577, "poisson_deviance_explained": 0.364153905240007}, "8": {"AUC": NaN, "kappa": NaN, "f1": NaN, "precision": NaN, "recall": NaN, "average_precision": NaN, "Spearman_r": 0.7259232846052907, "Pearson_r": 0.7111573196715701, "R2": 0.5021178732982239, "MAE": 0.4177864184506607, "MSE": 0.2983432317924144, "poisson_deviance_explained": 0.3912274147889341}, "9": {"AUC": NaN, "kappa": NaN, "f1": NaN, "precision": NaN, "recall": NaN, "average_precision": NaN, "Spearman_r": 0.7202813270813712, "Pearson_r": 0.7036010323457789, "R2": 0.4911079962248881, "MAE": 0.42967699251203234, "MSE": 0.31403494926007824, "poisson_deviance_explained": 0.3846294183360368}, "10": {"AUC": NaN, "kappa": NaN, "f1": NaN, "precision": NaN, "recall": NaN, "average_precision": NaN, "Spearman_r": 0.71944967011045, "Pearson_r": 0.6985172293228094, "R2": 0.48390342532110175, "MAE": 0.4303024949216018, "MSE": 0.31802856156425113, "poisson_deviance_explained": 0.37765605740579533}, "11": {"AUC": NaN, "kappa": NaN, "f1": NaN, "precision": NaN, "recall": NaN, "average_precision": NaN, "Spearman_r": 0.7051931705409832, "Pearson_r": 0.6782719723028493, "R2": 0.45741238589044564, "MAE": 0.4304666857779792, "MSE": 0.32554116100546254, "poisson_deviance_explained": 0.3544140819495909}, "12": {"AUC": NaN, "kappa": NaN, "f1": NaN, "precision": NaN, "recall": NaN, "average_precision": NaN, "Spearman_r": 0.6948201882058981, "Pearson_r": 0.6836810369225529, "R2": 0.4635387825063322, "MAE": 0.4218261880908533, "MSE": 0.30485747279382286, "poisson_deviance_explained": 0.3627016941601755}, "13": {"AUC": NaN, "kappa": NaN, "f1": NaN, "precision": NaN, "recall": NaN, "average_precision": NaN, "Spearman_r": 0.690063270086535, "Pearson_r": 0.6725384219994363, "R2": 0.4504475414448561, "MAE": 0.42340792633778085, "MSE": 0.3085810599826352, "poisson_deviance_explained": 0.34320524975346844}, "14": {"AUC": NaN, "kappa": NaN, "f1": NaN, "precision": NaN, "recall": NaN, "average_precision": NaN, "Spearman_r": 0.7277555802833306, "Pearson_r": 0.7149706246182985, "R2": 0.5072093452055304, "MAE": 0.4116484367087653, "MSE": 0.2856916416701881, "poisson_deviance_explained": 0.3974057744742049}, "15": {"AUC": NaN, "kappa": NaN, "f1": NaN, "precision": NaN, "recall": NaN, "average_precision": NaN, "Spearman_r": 0.7168637365242099, "Pearson_r": 0.6943862805694325, "R2": 0.4810427012192643, "MAE": 0.4003967238279562, "MSE": 0.2794332055014167, "poisson_deviance_explained": 0.365968436815689}, "16": {"AUC": NaN, "kappa": NaN, "f1": NaN, "precision": NaN, "recall": NaN, "average_precision": NaN, "Spearman_r": 0.7376893484211118, "Pearson_r": 0.7265697453758709, "R2": 0.5245242094664047, "MAE": 0.3892596544114069, "MSE": 0.2618355519822103, "poisson_deviance_explained": 0.4135525699072221}, "17": {"AUC": NaN, "kappa": NaN, "f1": NaN, "precision": NaN, "recall": NaN, "average_precision": NaN, "Spearman_r": 0.7196744833973703, "Pearson_r": 0.7111360705770491, "R2": 0.5029132642222767, "MAE": 0.3955472272084029, "MSE": 0.26629402548021675, "poisson_deviance_explained": 0.39434761215573255}, "18": {"AUC": NaN, "kappa": NaN, "f1": NaN, "precision": NaN, "recall": NaN, "average_precision": NaN, "Spearman_r": 0.7125477341868, "Pearson_r": 0.7091527354150347, "R2": 0.5014655966402095, "MAE": 0.38691626195290685, "MSE": 0.2549558930402525, "poisson_deviance_explained": 0.3884004615710831}, "19": {"AUC": NaN, "kappa": NaN, "f1": NaN, "precision": NaN, "recall": NaN, "average_precision": NaN, "Spearman_r": 0.7166702498332558, "Pearson_r": 0.7089150958800982, "R2": 0.5003289778864477, "MAE": 0.3910769801278629, "MSE": 0.26214322751973423, "poisson_deviance_explained": 0.38898120835776073}, "20": {"AUC": NaN, "kappa": NaN, "f1": NaN, "precision": NaN, "recall": NaN, "average_precision": NaN, "Spearman_r": 0.7338895852253222, "Pearson_r": 0.7233923037437917, "R2": 0.5218480518968217, "MAE": 0.374082833641142, "MSE": 0.23991849104913957, "poisson_deviance_explained": 0.41068836739819636}, "21": {"AUC": NaN, "kappa": NaN, "f1": NaN, "precision": NaN, "recall": NaN, "average_precision": NaN, "Spearman_r": 0.7313373830942992, "Pearson_r": 0.7230807197397076, "R2": 0.520866719864189, "MAE": 0.3742207736338138, "MSE": 0.24194081753665567, "poisson_deviance_explained": 0.40631497018762175}, "22": {"AUC": NaN, "kappa": NaN, "f1": NaN, "precision": NaN, "recall": NaN, "average_precision": NaN, "Spearman_r": 0.7566316044158817, "Pearson_r": 0.7417633508472874, "R2": 0.5489275628290966, "MAE": 0.3736413325305307, "MSE": 0.2532143946596845, "poisson_deviance_explained": 0.43733016623847043}, "23": {"AUC": NaN, "kappa": NaN, "f1": NaN, "precision": NaN, "recall": NaN, "average_precision": NaN, "Spearman_r": 0.7424554182578013, "Pearson_r": 0.7313566518981249, "R2": 0.5332351408318711, "MAE": 0.3868477106481029, "MSE": 0.2654622803356219, "poisson_deviance_explained": 0.42754517691189886}, "24": {"AUC": NaN, "kappa": NaN, "f1": NaN, "precision": NaN, "recall": NaN, "average_precision": NaN, "Spearman_r": 0.7566896715929852, "Pearson_r": 0.7437803362226498, "R2": 0.5510616584629978, "MAE": 0.38472766456395496, "MSE": 0.25366697107104824, "poisson_deviance_explained": 0.4380160355080548}, "25": {"AUC": NaN, "kappa": NaN, "f1": NaN, "precision": NaN, "recall": NaN, "average_precision": NaN, "Spearman_r": 0.730694595094352, "Pearson_r": 0.7222087022983509, "R2": 0.5210552364233056, "MAE": 0.40303627834778005, "MSE": 0.27610205101254054, "poisson_deviance_explained": 0.407735556288613}, "26": {"AUC": NaN, "kappa": NaN, "f1": NaN, "precision": NaN, "recall": NaN, "average_precision": NaN, "Spearman_r": 0.7229555593123603, "Pearson_r": 0.7148908076006911, "R2": 0.5097752284418282, "MAE": 0.4093843969863125, "MSE": 0.2850493542542518, "poisson_deviance_explained": 0.396312872896473}, "27": {"AUC": NaN, "kappa": NaN, "f1": NaN, "precision": NaN, "recall": NaN, "average_precision": NaN, "Spearman_r": 0.6939087415959916,