{"1": {"AUC": NaN, "kappa": NaN, "f1": NaN, "precision": NaN, "recall": NaN, "average_precision": NaN, "Spearman_r": 0.6900518640842866, "Pearson_r": 0.6822164246751191, "R2": 0.464668664485108, "MAE": 0.4306312204955369, "MSE": 0.30437284315780927, "poisson_deviance_explained": 0.345538060369208}, "2": {"AUC": NaN, "kappa": NaN, "f1": NaN, "precision": NaN, "recall": NaN, "average_precision": NaN, "Spearman_r": 0.7007969886999886, "Pearson_r": 0.6951889680156277, "R2": 0.48288643864441794, "MAE": 0.4236968238761733, "MSE": 0.3075931748942063, "poisson_deviance_explained": 0.372273815307792}, "3": {"AUC": NaN, "kappa": NaN, "f1": NaN, "precision": NaN, "recall": NaN, "average_precision": NaN, "Spearman_r": 0.7002066430337673, "Pearson_r": 0.6924597613278464, "R2": 0.4792833802630687, "MAE": 0.43148549280420956, "MSE": 0.31984959038442273, "poisson_deviance_explained": 0.3751094760936322}, "4": {"AUC": NaN, "kappa": NaN, "f1": NaN, "precision": NaN, "recall": NaN, "average_precision": NaN, "Spearman_r": 0.6881462232492228, "Pearson_r": 0.680949582702827, "R2": 0.46247831380049587, "MAE": 0.42969467571682013, "MSE": 0.31911670015383353, "poisson_deviance_explained": 0.3474722970456433}, "5": {"AUC": NaN, "kappa": NaN, "f1": NaN, "precision": NaN, "recall": NaN, "average_precision": NaN, "Spearman_r": 0.7238788040921298, "Pearson_r": 0.7143432777868335, "R2": 0.5096497818198226, "MAE": 0.4043143700152871, "MSE": 0.28384260218345964, "poisson_deviance_explained": 0.39948718394482874}, "6": {"AUC": NaN, "kappa": NaN, "f1": NaN, "precision": NaN, "recall": NaN, "average_precision": NaN, "Spearman_r": 0.7430938962490558, "Pearson_r": 0.7322979031256597, "R2": 0.5330485373951115, "MAE": 0.39819754214214265, "MSE": 0.27135114318739584, "poisson_deviance_explained": 0.41647158663900696}, "7": {"AUC": NaN, "kappa": NaN, "f1": NaN, "precision": NaN, "recall": NaN, "average_precision": NaN, "Spearman_r": 0.7267522663793285, "Pearson_r": 0.7065322452676098, "R2": 0.497691312814064, "MAE": 0.4130400026617802, "MSE": 0.3004246194597017, "poisson_deviance_explained": 0.3806947100502247}, "8": {"AUC": NaN, "kappa": NaN, "f1": NaN, "precision": NaN, "recall": NaN, "average_precision": NaN, "Spearman_r": 0.7264712687584904, "Pearson_r": 0.7118766300874382, "R2": 0.5056409251109428, "MAE": 0.4098491368092863, "MSE": 0.2939801075402241, "poisson_deviance_explained": 0.38872114824461035}, "9": {"AUC": NaN, "kappa": NaN, "f1": NaN, "precision": NaN, "recall": NaN, "average_precision": NaN, "Spearman_r": 0.7172418344680257, "Pearson_r": 0.6956847624267797, "R2": 0.48350820381400095, "MAE": 0.41626496484857023, "MSE": 0.30894413437677426, "poisson_deviance_explained": 0.37401180586690674}, "10": {"AUC": NaN, "kappa": NaN, "f1": NaN, "precision": NaN, "recall": NaN, "average_precision": NaN, "Spearman_r": 0.7360168829035973, "Pearson_r": 0.7181088314205416, "R2": 0.5123092448098823, "MAE": 0.4138866553982194, "MSE": 0.30817615033576623, "poisson_deviance_explained": 0.3968198435589484}, "11": {"AUC": NaN, "kappa": NaN, "f1": NaN, "precision": NaN, "recall": NaN, "average_precision": NaN, "Spearman_r": 0.7104134322381622, "Pearson_r": 0.693266419032456, "R2": 0.47831624977304255, "MAE": 0.4213508424696041, "MSE": 0.30909150545162906, "poisson_deviance_explained": 0.3698832015184015}, "12": {"AUC": NaN, "kappa": NaN, "f1": NaN, "precision": NaN, "recall": NaN, "average_precision": NaN, "Spearman_r": 0.6862480825196166, "Pearson_r": 0.671414157952226, "R2": 0.4497633834263576, "MAE": 0.4241332836178326, "MSE": 0.3149789092976166, "poisson_deviance_explained": 0.3457374949455827}, "13": {"AUC": NaN, "kappa": NaN, "f1": NaN, "precision": NaN, "recall": NaN, "average_precision": NaN, "Spearman_r": 0.7113376442052449, "Pearson_r": 0.6922744397469254, "R2": 0.4771932775151131, "MAE": 0.4071706622651349, "MSE": 0.2869396252986853, "poisson_deviance_explained": 0.36605130503715355}, "14": {"AUC": NaN, "kappa": NaN, "f1": NaN, "precision": NaN, "recall": NaN, "average_precision": NaN, "Spearman_r": 0.6991297480949237, "Pearson_r": 0.6761610840661074, "R2": 0.45703733637214616, "MAE": 0.4036823685128807, "MSE": 0.2917973541189505, "poisson_deviance_explained": 0.3490063925479645}, "15": {"AUC": NaN, "kappa": NaN, "f1": NaN, "precision": NaN, "recall": NaN, "average_precision": NaN, "Spearman_r": 0.6898290906616775, "Pearson_r": 0.6753174860044305, "R2": 0.4558637787442378, "MAE": 0.41008368082144897, "MSE": 0.2928313504158739, "poisson_deviance_explained": 0.3457070346158533}, "16": {"AUC": NaN, "kappa": NaN, "f1": NaN, "precision": NaN, "recall": NaN, "average_precision": NaN, "Spearman_r": 0.7364781663202496, "Pearson_r": 0.7267791155117072, "R2": 0.5275955419502224, "MAE": 0.37356889034346696, "MSE": 0.24861772296081122, "poisson_deviance_explained": 0.4170071792732023}, "17": {"AUC": NaN, "kappa": NaN, "f1": NaN, "precision": NaN, "recall": NaN, "average_precision": NaN, "Spearman_r": 0.7319045224765292, "Pearson_r": 0.7214533347998321, "R2": 0.5200268876743103, "MAE": 0.3825651530047433, "MSE": 0.2512033954033326, "poisson_deviance_explained": 0.4025175848103988}, "18": {"AUC": NaN, "kappa": NaN, "f1": NaN, "precision": NaN, "recall": NaN, "average_precision": NaN, "Spearman_r": 0.6951768555590783, "Pearson_r": 0.6913067338602781, "R2": 0.47774539907992974, "MAE": 0.3996128916944149, "MSE": 0.27105582302216324, "poisson_deviance_explained": 0.368706943536491}, "19": {"AUC": NaN, "kappa": NaN, "f1": NaN, "precision": NaN, "recall": NaN, "average_precision": NaN, "Spearman_r": 0.711411304824473, "Pearson_r": 0.702755073284203, "R2": 0.4936193421800177, "MAE": 0.3876920344049305, "MSE": 0.26178815889178214, "poisson_deviance_explained": 0.38078754764837175}, "20": {"AUC": NaN, "kappa": NaN, "f1": NaN, "precision": NaN, "recall": NaN, "average_precision": NaN, "Spearman_r": 0.7339070522364514, "Pearson_r": 0.7168282919878648, "R2": 0.5121689991600807, "MAE": 0.37575456969188964, "MSE": 0.25100648270298437, "poisson_deviance_explained": 0.39406286411182945}, "21": {"AUC": NaN, "kappa": NaN, "f1": NaN, "precision": NaN, "recall": NaN, "average_precision": NaN, "Spearman_r": 0.7443225790583309, "Pearson_r": 0.725527395650203, "R2": 0.5256471609511258, "MAE": 0.3679102183162932, "MSE": 0.24543292845905704, "poisson_deviance_explained": 0.4166582938566108}, "22": {"AUC": NaN, "kappa": NaN, "f1": NaN, "precision": NaN, "recall": NaN, "average_precision": NaN, "Spearman_r": 0.7511396830401162, "Pearson_r": 0.7306086886959982, "R2": 0.5330949326348444, "MAE": 0.37256263592089267, "MSE": 0.2530738798662512, "poisson_deviance_explained": 0.41786194800736265}, "23": {"AUC": NaN, "kappa": NaN, "f1": NaN, "precision": NaN, "recall": NaN, "average_precision": NaN, "Spearman_r": 0.7368739493568567, "Pearson_r": 0.7139803764884072, "R2": 0.5088336339171269, "MAE": 0.40518211491678446, "MSE": 0.2948411764249032, "poisson_deviance_explained": 0.39641414637900707}, "24": {"AUC": NaN, "kappa": NaN, "f1": NaN, "precision": NaN, "recall": NaN, "average_precision": NaN, "Spearman_r": 0.7446725553877489, "Pearson_r": 0.7222852490330037, "R2": 0.5200827109971915, "MAE": 0.39881435249389646, "MSE": 0.28176585853197883, "poisson_deviance_explained": 0.40232468494478146}, "25": {"AUC": NaN, "kappa": NaN, "f1": NaN, "precision": NaN, "recall": NaN, "average_precision": NaN, "Spearman_r": 0.73067551247314, "Pearson_r": 0.7211748289341368, "R2": 0.5188945968415081, "MAE": 0.39489878129826134, "MSE": 0.2688753151314471, "poisson_deviance_explained": 0.40131809398261487}, "26": {"AUC": NaN, "kappa": NaN, "f1": NaN, "precision": NaN, "recall": NaN, "average_precision": NaN, "Spearman_r": 0.7323483383338766, "Pearson_r": 0.714361981528811, "R2": 0.5095844477122932, "MAE": 0.39502674855365716, "MSE": 0.27027936961895693, "poisson_deviance_explained": 0.3915492811017086}, "27": {"AUC": NaN, "kappa": NaN, "f1": NaN, "precision": NaN, "recall": NaN, "average_precision": NaN, "Spearman_r": 0.7473627265494205,