{"1": {"AUC": NaN, "kappa": NaN, "f1": NaN, "precision": NaN, "recall": NaN, "average_precision": NaN, "Spearman_r": 0.7163878919454679, "Pearson_r": 0.7133103105450264, "R2": 0.5085306294798921, "MAE": 0.3823367020660753, "MSE": 0.24492503861578868, "poisson_deviance_explained": 0.39489737136006164}, "2": {"AUC": NaN, "kappa": NaN, "f1": NaN, "precision": NaN, "recall": NaN, "average_precision": NaN, "Spearman_r": 0.7304113364016072, "Pearson_r": 0.721167090339654, "R2": 0.5196823511631479, "MAE": 0.3792362026407789, "MSE": 0.24433028823433248, "poisson_deviance_explained": 0.4012024355296129}, "3": {"AUC": NaN, "kappa": NaN, "f1": NaN, "precision": NaN, "recall": NaN, "average_precision": NaN, "Spearman_r": 0.7438071283644294, "Pearson_r": 0.7364557516375954, "R2": 0.5414494836031054, "MAE": 0.3723522298406228, "MSE": 0.23284790980280537, "poisson_deviance_explained": 0.4219809961654606}, "4": {"AUC": NaN, "kappa": NaN, "f1": NaN, "precision": NaN, "recall": NaN, "average_precision": NaN, "Spearman_r": 0.7120569646574331, "Pearson_r": 0.7030787771171347, "R2": 0.4922116280330068, "MAE": 0.42571257373671595, "MSE": 0.30261517160750456, "poisson_deviance_explained": 0.37421680014715253}, "5": {"AUC": NaN, "kappa": NaN, "f1": NaN, "precision": NaN, "recall": NaN, "average_precision": NaN, "Spearman_r": 0.7413755019144469, "Pearson_r": 0.7299865503692948, "R2": 0.5322717387485735, "MAE": 0.3733169976522121, "MSE": 0.23955378286035983, "poisson_deviance_explained": 0.4130056664455095}, "6": {"AUC": NaN, "kappa": NaN, "f1": NaN, "precision": NaN, "recall": NaN, "average_precision": NaN, "Spearman_r": 0.7471728764554788, "Pearson_r": 0.7365050984385653, "R2": 0.5414159290842544, "MAE": 0.3682024324655228, "MSE": 0.23626038479014175, "poisson_deviance_explained": 0.42999442469328186}, "7": {"AUC": NaN, "kappa": NaN, "f1": NaN, "precision": NaN, "recall": NaN, "average_precision": NaN, "Spearman_r": 0.7549541335136013, "Pearson_r": 0.7411243056050353, "R2": 0.5482290504878774, "MAE": 0.36532211397140907, "MSE": 0.23310635563290208, "poisson_deviance_explained": 0.4325052398312187}, "8": {"AUC": NaN, "kappa": NaN, "f1": NaN, "precision": NaN, "recall": NaN, "average_precision": NaN, "Spearman_r": 0.7526146415994449, "Pearson_r": 0.7396325667362905, "R2": 0.5460337798696914, "MAE": 0.364190468987826, "MSE": 0.23251896566966607, "poisson_deviance_explained": 0.43202903270566817}, "9": {"AUC": NaN, "kappa": NaN, "f1": NaN, "precision": NaN, "recall": NaN, "average_precision": NaN, "Spearman_r": 0.7601050351274982, "Pearson_r": 0.7430008630683708, "R2": 0.5509672246745208, "MAE": 0.3557627045088847, "MSE": 0.22546010062432556, "poisson_deviance_explained": 0.4413786153135413}, "10": {"AUC": NaN, "kappa": NaN, "f1": NaN, "precision": NaN, "recall": NaN, "average_precision": NaN, "Spearman_r": 0.7482955003517432, "Pearson_r": 0.7337515302083767, "R2": 0.5371126050454855, "MAE": 0.36270884593576697, "MSE": 0.23672789894806912, "poisson_deviance_explained": 0.4247871344472819}, "11": {"AUC": NaN, "kappa": NaN, "f1": NaN, "precision": NaN, "recall": NaN, "average_precision": NaN, "Spearman_r": 0.7483262222088578, "Pearson_r": 0.7311523679264678, "R2": 0.5339962049867648, "MAE": 0.3621671254814247, "MSE": 0.2371462392805701, "poisson_deviance_explained": 0.43075201518924355}, "12": {"AUC": NaN, "kappa": NaN, "f1": NaN, "precision": NaN, "recall": NaN, "average_precision": NaN, "Spearman_r": 0.727068395582629, "Pearson_r": 0.7150301919554031, "R2": 0.5104876194189898, "MAE": 0.3683453287325899, "MSE": 0.24018603032036417, "poisson_deviance_explained": 0.4057765729797981}, "13": {"AUC": NaN, "kappa": NaN, "f1": NaN, "precision": NaN, "recall": NaN, "average_precision": NaN, "Spearman_r": 0.72870634525438, "Pearson_r": 0.7202295259554354, "R2": 0.5181786851260612, "MAE": 0.36082337596088376, "MSE": 0.22826927041196507, "poisson_deviance_explained": 0.41194665162174493}, "14": {"AUC": NaN, "kappa": NaN, "f1": NaN, "precision": NaN, "recall": NaN, "average_precision": NaN, "Spearman_r": 0.7320148092550934, "Pearson_r": 0.7207834847005535, "R2": 0.5190521478063118, "MAE": 0.35692822032922794, "MSE": 0.22584233249244218, "poisson_deviance_explained": 0.41503767638205546}, "15": {"AUC": NaN, "kappa": NaN, "f1": NaN, "precision": NaN, "recall": NaN, "average_precision": NaN, "Spearman_r": 0.733482089269938, "Pearson_r": 0.7229457815194075, "R2": 0.5223190681735106, "MAE": 0.3593263898354171, "MSE": 0.22677285750027323, "poisson_deviance_explained": 0.4127521269719753}, "16": {"AUC": NaN, "kappa": NaN, "f1": NaN, "precision": NaN, "recall": NaN, "average_precision": NaN, "Spearman_r": 0.72725316866749, "Pearson_r": 0.7200964717820041, "R2": 0.5182675797395317, "MAE": 0.35672463017303424, "MSE": 0.22368344368506252, "poisson_deviance_explained": 0.4155294483272134}, "17": {"AUC": NaN, "kappa": NaN, "f1": NaN, "precision": NaN, "recall": NaN, "average_precision": NaN, "Spearman_r": 0.7394959182011024, "Pearson_r": 0.730403717817539, "R2": 0.5327729661188831, "MAE": 0.35277613200973273, "MSE": 0.217244700803823, "poisson_deviance_explained": 0.42198966334953036}, "18": {"AUC": NaN, "kappa": NaN, "f1": NaN, "precision": NaN, "recall": NaN, "average_precision": NaN, "Spearman_r": 0.7303356311830279, "Pearson_r": 0.7226802404954822, "R2": 0.5217591970042668, "MAE": 0.3581647818883507, "MSE": 0.22191320768195089, "poisson_deviance_explained": 0.41157187678217966}, "19": {"AUC": NaN, "kappa": NaN, "f1": NaN, "precision": NaN, "recall": NaN, "average_precision": NaN, "Spearman_r": 0.726001051580519, "Pearson_r": 0.7161742153414464, "R2": 0.51264660199699, "MAE": 0.3578254093757531, "MSE": 0.2226822054803752, "poisson_deviance_explained": 0.3985201361658717}, "20": {"AUC": NaN, "kappa": NaN, "f1": NaN, "precision": NaN, "recall": NaN, "average_precision": NaN, "Spearman_r": 0.7281002190542032, "Pearson_r": 0.7197920554470493, "R2": 0.51796099812743, "MAE": 0.35055807117825744, "MSE": 0.2158927667145178, "poisson_deviance_explained": 0.40333857577467036}, "21": {"AUC": NaN, "kappa": NaN, "f1": NaN, "precision": NaN, "recall": NaN, "average_precision": NaN, "Spearman_r": 0.7551735845921609, "Pearson_r": 0.7508245534928343, "R2": 0.563113068414067, "MAE": 0.33978547806511294, "MSE": 0.2028432834145786, "poisson_deviance_explained": 0.45006449089827294}, "22": {"AUC": NaN, "kappa": NaN, "f1": NaN, "precision": NaN, "recall": NaN, "average_precision": NaN, "Spearman_r": 0.7652509567431892, "Pearson_r": 0.7577813692820033, "R2": 0.5738495547127973, "MAE": 0.34069147604506544, "MSE": 0.20542691953385012, "poisson_deviance_explained": 0.4625680394475121}, "23": {"AUC": NaN, "kappa": NaN, "f1": NaN, "precision": NaN, "recall": NaN, "average_precision": NaN, "Spearman_r": 0.7626821776724061, "Pearson_r": 0.7508264536597048, "R2": 0.5632608358293834, "MAE": 0.34941376377226885, "MSE": 0.214950382171732, "poisson_deviance_explained": 0.4498316816158837}, "24": {"AUC": NaN, "kappa": NaN, "f1": NaN, "precision": NaN, "recall": NaN, "average_precision": NaN, "Spearman_r": 0.7709603351186025, "Pearson_r": 0.7575807418621857, "R2": 0.5733627374128198, "MAE": 0.3539737804951, "MSE": 0.22147797510392786, "poisson_deviance_explained": 0.456745158721113}, "25": {"AUC": NaN, "kappa": NaN, "f1": NaN, "precision": NaN, "recall": NaN, "average_precision": NaN, "Spearman_r": 0.752512534680158, "Pearson_r": 0.7398632093668042, "R2": 0.5470868185510536, "MAE": 0.3599161386547722, "MSE": 0.22689670287342667, "poisson_deviance_explained": 0.42750917252544784}, "26": {"AUC": NaN, "kappa": NaN, "f1": NaN, "precision": NaN, "recall": NaN, "average_precision": NaN, "Spearman_r": 0.7410984944213115, "Pearson_r": 0.7324279740596555, "R2": 0.5356760791096129, "MAE": 0.366910018474721, "MSE": 0.2327373810840598, "poisson_deviance_explained": 0.4181735318174533}, "27": {"AUC": NaN, "kappa": NaN, "f1": NaN, "precision": NaN, "recall": NaN, "average_precision": NaN, "Spearman_r": 0.7522778022933196,