{"1": {"AUC": NaN, "kappa": NaN, "f1": NaN, "precision": NaN, "recall": NaN, "average_precision": NaN, "Spearman_r": 0.6991665222892315, "Pearson_r": 0.6852019339675819, "R2": 0.46705019938499803, "MAE": 0.4382585464411941, "MSE": 0.32679000634099037, "poisson_deviance_explained": 0.3517264294983108}, "2": {"AUC": NaN, "kappa": NaN, "f1": NaN, "precision": NaN, "recall": NaN, "average_precision": NaN, "Spearman_r": 0.7328751351286782, "Pearson_r": 0.7186301182366628, "R2": 0.5153554743245112, "MAE": 0.41061839008481327, "MSE": 0.2902043616800148, "poisson_deviance_explained": 0.3932810589388933}, "3": {"AUC": NaN, "kappa": NaN, "f1": NaN, "precision": NaN, "recall": NaN, "average_precision": NaN, "Spearman_r": 0.7269563514789734, "Pearson_r": 0.716268188710612, "R2": 0.5106712382065066, "MAE": 0.41135983574110746, "MSE": 0.29064256821924733, "poisson_deviance_explained": 0.3949676958900822}, "4": {"AUC": NaN, "kappa": NaN, "f1": NaN, "precision": NaN, "recall": NaN, "average_precision": NaN, "Spearman_r": 0.73874691892715, "Pearson_r": 0.7271796887048909, "R2": 0.5266073533299354, "MAE": 0.395762624845324, "MSE": 0.27351366843183555, "poisson_deviance_explained": 0.4085342428479076}, "5": {"AUC": NaN, "kappa": NaN, "f1": NaN, "precision": NaN, "recall": NaN, "average_precision": NaN, "Spearman_r": 0.7374671106986987, "Pearson_r": 0.721450575762445, "R2": 0.5175055470348708, "MAE": 0.3931728041907813, "MSE": 0.2684846323632561, "poisson_deviance_explained": 0.4074394651388442}, "6": {"AUC": NaN, "kappa": NaN, "f1": NaN, "precision": NaN, "recall": NaN, "average_precision": NaN, "Spearman_r": 0.7366216702213353, "Pearson_r": 0.7176850071598165, "R2": 0.5112202045903106, "MAE": 0.41937475638261623, "MSE": 0.29968711369071527, "poisson_deviance_explained": 0.3966326258370655}, "7": {"AUC": NaN, "kappa": NaN, "f1": NaN, "precision": NaN, "recall": NaN, "average_precision": NaN, "Spearman_r": 0.7300341602600425, "Pearson_r": 0.7066613675792085, "R2": 0.49498569575572393, "MAE": 0.4193998591639724, "MSE": 0.3106312779113219, "poisson_deviance_explained": 0.37650808342160225}, "8": {"AUC": NaN, "kappa": NaN, "f1": NaN, "precision": NaN, "recall": NaN, "average_precision": NaN, "Spearman_r": 0.7344819269130864, "Pearson_r": 0.7114787755794076, "R2": 0.5019733670247212, "MAE": 0.4352809183736332, "MSE": 0.3292310678820663, "poisson_deviance_explained": 0.3884425915406443}, "9": {"AUC": NaN, "kappa": NaN, "f1": NaN, "precision": NaN, "recall": NaN, "average_precision": NaN, "Spearman_r": 0.7154903140506297, "Pearson_r": 0.6936474827252301, "R2": 0.47745534772094755, "MAE": 0.4422147869111478, "MSE": 0.3398309116892196, "poisson_deviance_explained": 0.36501026535961156}, "10": {"AUC": NaN, "kappa": NaN, "f1": NaN, "precision": NaN, "recall": NaN, "average_precision": NaN, "Spearman_r": 0.7345713057155181, "Pearson_r": 0.7117399977091021, "R2": 0.5012328281105888, "MAE": 0.43879029718802726, "MSE": 0.33556836315828037, "poisson_deviance_explained": 0.38686174240797144}, "11": {"AUC": NaN, "kappa": NaN, "f1": NaN, "precision": NaN, "recall": NaN, "average_precision": NaN, "Spearman_r": 0.6744465028256296, "Pearson_r": 0.6519711194208396, "R2": 0.4223765085304364, "MAE": 0.4726961726118988, "MSE": 0.3838903632233695, "poisson_deviance_explained": 0.3212123451553561}, "12": {"AUC": NaN, "kappa": NaN, "f1": NaN, "precision": NaN, "recall": NaN, "average_precision": NaN, "Spearman_r": 0.7137657528144001, "Pearson_r": 0.6906203659750932, "R2": 0.4731311209745759, "MAE": 0.4267028769521896, "MSE": 0.3146628975252746, "poisson_deviance_explained": 0.36586017671657134}, "13": {"AUC": NaN, "kappa": NaN, "f1": NaN, "precision": NaN, "recall": NaN, "average_precision": NaN, "Spearman_r": 0.7437078844644268, "Pearson_r": 0.7181212433946584, "R2": 0.5103048291940854, "MAE": 0.4012963861615575, "MSE": 0.2795276329698284, "poisson_deviance_explained": 0.3955324844609047}, "14": {"AUC": NaN, "kappa": NaN, "f1": NaN, "precision": NaN, "recall": NaN, "average_precision": NaN, "Spearman_r": 0.7451847285106419, "Pearson_r": 0.7292786341990162, "R2": 0.5290399145008846, "MAE": 0.3953968047669204, "MSE": 0.26516202567149016, "poisson_deviance_explained": 0.4094790348979054}, "15": {"AUC": NaN, "kappa": NaN, "f1": NaN, "precision": NaN, "recall": NaN, "average_precision": NaN, "Spearman_r": 0.7249560961271599, "Pearson_r": 0.7065315447129825, "R2": 0.4968251401792133, "MAE": 0.3929564128612243, "MSE": 0.2678801360562053, "poisson_deviance_explained": 0.3826294223097084}, "16": {"AUC": NaN, "kappa": NaN, "f1": NaN, "precision": NaN, "recall": NaN, "average_precision": NaN, "Spearman_r": 0.7295671557786081, "Pearson_r": 0.7181966537754831, "R2": 0.5134429123130713, "MAE": 0.3998090490224837, "MSE": 0.279216062566869, "poisson_deviance_explained": 0.4094767604183519}, "17": {"AUC": NaN, "kappa": NaN, "f1": NaN, "precision": NaN, "recall": NaN, "average_precision": NaN, "Spearman_r": 0.7335382452508173, "Pearson_r": 0.7170345193804857, "R2": 0.5110511011226131, "MAE": 0.39065675515350423, "MSE": 0.2635435851861257, "poisson_deviance_explained": 0.3928539713204897}, "18": {"AUC": NaN, "kappa": NaN, "f1": NaN, "precision": NaN, "recall": NaN, "average_precision": NaN, "Spearman_r": 0.7236304563982088, "Pearson_r": 0.7133903859124573, "R2": 0.5070586101567456, "MAE": 0.39616168738426044, "MSE": 0.2683623384238333, "poisson_deviance_explained": 0.39109299372937734}, "19": {"AUC": NaN, "kappa": NaN, "f1": NaN, "precision": NaN, "recall": NaN, "average_precision": NaN, "Spearman_r": 0.7393060364220679, "Pearson_r": 0.7278251001903672, "R2": 0.5257323555480019, "MAE": 0.3859867652437886, "MSE": 0.25616922324757424, "poisson_deviance_explained": 0.4080802166996924}, "20": {"AUC": NaN, "kappa": NaN, "f1": NaN, "precision": NaN, "recall": NaN, "average_precision": NaN, "Spearman_r": 0.7411930680761993, "Pearson_r": 0.7289395626647176, "R2": 0.5294698194723211, "MAE": 0.389349936091463, "MSE": 0.26298165372332566, "poisson_deviance_explained": 0.4110644024696237}, "21": {"AUC": NaN, "kappa": NaN, "f1": NaN, "precision": NaN, "recall": NaN, "average_precision": NaN, "Spearman_r": 0.746171937727231, "Pearson_r": 0.7308967541429965, "R2": 0.5323166661470674, "MAE": 0.38705483517477246, "MSE": 0.2722934042932462, "poisson_deviance_explained": 0.4223644049004047}, "22": {"AUC": NaN, "kappa": NaN, "f1": NaN, "precision": NaN, "recall": NaN, "average_precision": NaN, "Spearman_r": 0.744984372998913, "Pearson_r": 0.7228428351197915, "R2": 0.5212932770111252, "MAE": 0.40526048986673807, "MSE": 0.2921848757543323, "poisson_deviance_explained": 0.39337330648328517}, "23": {"AUC": NaN, "kappa": NaN, "f1": NaN, "precision": NaN, "recall": NaN, "average_precision": NaN, "Spearman_r": 0.7832190267200267, "Pearson_r": 0.7628509965080279, "R2": 0.5784229844393556, "MAE": 0.3928250095823396, "MSE": 0.28090250665049266, "poisson_deviance_explained": 0.4619525424685186}, "24": {"AUC": NaN, "kappa": NaN, "f1": NaN, "precision": NaN, "recall": NaN, "average_precision": NaN, "Spearman_r": 0.7306637406289269, "Pearson_r": 0.7158110627498715, "R2": 0.5103157584308803, "MAE": 0.4144570451411709, "MSE": 0.30379427941794057, "poisson_deviance_explained": 0.39038171660339016}, "25": {"AUC": NaN, "kappa": NaN, "f1": NaN, "precision": NaN, "recall": NaN, "average_precision": NaN, "Spearman_r": 0.7268182966512279, "Pearson_r": 0.7137492802070027, "R2": 0.5068396450076444, "MAE": 0.40703283231414744, "MSE": 0.2878949628928255, "poisson_deviance_explained": 0.39434904165260465}, "26": {"AUC": NaN, "kappa": NaN, "f1": NaN, "precision": NaN, "recall": NaN, "average_precision": NaN, "Spearman_r": 0.7266348305794808, "Pearson_r": 0.7151734596750482, "R2": 0.5092952676120183, "MAE": 0.40863459536656, "MSE": 0.29092452299121774, "poisson_deviance_explained": 0.3957840770795321}, "27": {"AUC": NaN, "kappa": NaN, "f1": NaN, "precision": NaN, "recall": NaN, "average_precision": NaN, "Spearman_r": 0.7135880131801603,