{"1": {"AUC": NaN, "kappa": NaN, "f1": NaN, "precision": NaN, "recall": NaN, "average_precision": NaN, "Spearman_r": 0.6883672678675707, "Pearson_r": 0.6810706109292266, "R2": 0.46368643913000895, "MAE": 0.43483235841315027, "MSE": 0.3174976589993311, "poisson_deviance_explained": 0.3491827693377534}, "2": {"AUC": NaN, "kappa": NaN, "f1": NaN, "precision": NaN, "recall": NaN, "average_precision": NaN, "Spearman_r": 0.6952595360017856, "Pearson_r": 0.6910600224840184, "R2": 0.4773501259654993, "MAE": 0.4210658718855969, "MSE": 0.2942336466173232, "poisson_deviance_explained": 0.3621568977492242}, "3": {"AUC": NaN, "kappa": NaN, "f1": NaN, "precision": NaN, "recall": NaN, "average_precision": NaN, "Spearman_r": 0.7222802937403803, "Pearson_r": 0.7188891972405849, "R2": 0.5157119700759858, "MAE": 0.4085547598589768, "MSE": 0.27919662741443824, "poisson_deviance_explained": 0.40457632095226104}, "4": {"AUC": NaN, "kappa": NaN, "f1": NaN, "precision": NaN, "recall": NaN, "average_precision": NaN, "Spearman_r": 0.6394037147816735, "Pearson_r": 0.6555855048467651, "R2": 0.42899188594441384, "MAE": 0.5222469723050365, "MSE": 0.41709698970574455, "poisson_deviance_explained": 0.32170065279215676}, "5": {"AUC": NaN, "kappa": NaN, "f1": NaN, "precision": NaN, "recall": NaN, "average_precision": NaN, "Spearman_r": 0.7187417543850827, "Pearson_r": 0.709112363609108, "R2": 0.5017374078293044, "MAE": 0.4172369513948055, "MSE": 0.2929003891039872, "poisson_deviance_explained": 0.38429535481320143}, "6": {"AUC": NaN, "kappa": NaN, "f1": NaN, "precision": NaN, "recall": NaN, "average_precision": NaN, "Spearman_r": 0.7254600050287706, "Pearson_r": 0.7093861576591594, "R2": 0.5009951734679012, "MAE": 0.42346719403917743, "MSE": 0.30365231917188795, "poisson_deviance_explained": 0.3766669422611453}, "7": {"AUC": NaN, "kappa": NaN, "f1": NaN, "precision": NaN, "recall": NaN, "average_precision": NaN, "Spearman_r": 0.7299917502292183, "Pearson_r": 0.7177057236165761, "R2": 0.5137476532759895, "MAE": 0.41549331370305953, "MSE": 0.2942267414235077, "poisson_deviance_explained": 0.3999546027302977}, "8": {"AUC": NaN, "kappa": NaN, "f1": NaN, "precision": NaN, "recall": NaN, "average_precision": NaN, "Spearman_r": 0.7452723117233044, "Pearson_r": 0.7288266763629093, "R2": 0.5297303651220387, "MAE": 0.4048727553330268, "MSE": 0.28354624222308317, "poisson_deviance_explained": 0.40848315712050554}, "9": {"AUC": NaN, "kappa": NaN, "f1": NaN, "precision": NaN, "recall": NaN, "average_precision": NaN, "Spearman_r": 0.744611388873629, "Pearson_r": 0.7276775822771783, "R2": 0.5276574690735192, "MAE": 0.4149212435667576, "MSE": 0.29962783186043646, "poisson_deviance_explained": 0.4148409502735617}, "10": {"AUC": NaN, "kappa": NaN, "f1": NaN, "precision": NaN, "recall": NaN, "average_precision": NaN, "Spearman_r": 0.7300799586927672, "Pearson_r": 0.7087718305573232, "R2": 0.5016055438937893, "MAE": 0.41510186041755326, "MSE": 0.30516650098311465, "poisson_deviance_explained": 0.38598425925528335}, "11": {"AUC": NaN, "kappa": NaN, "f1": NaN, "precision": NaN, "recall": NaN, "average_precision": NaN, "Spearman_r": 0.711535398765136, "Pearson_r": 0.6918504115251071, "R2": 0.47797476749753776, "MAE": 0.4341240580793238, "MSE": 0.32903102732581574, "poisson_deviance_explained": 0.3688656368369897}, "12": {"AUC": NaN, "kappa": NaN, "f1": NaN, "precision": NaN, "recall": NaN, "average_precision": NaN, "Spearman_r": 0.7052428365394613, "Pearson_r": 0.691471318189228, "R2": 0.4772600711300127, "MAE": 0.4119925327674675, "MSE": 0.2994248235034098, "poisson_deviance_explained": 0.37238617022162}, "13": {"AUC": NaN, "kappa": NaN, "f1": NaN, "precision": NaN, "recall": NaN, "average_precision": NaN, "Spearman_r": 0.7071021154719678, "Pearson_r": 0.6903602166950312, "R2": 0.4754429488431555, "MAE": 0.4005482021305578, "MSE": 0.2796417709902355, "poisson_deviance_explained": 0.36720122658641163}, "14": {"AUC": NaN, "kappa": NaN, "f1": NaN, "precision": NaN, "recall": NaN, "average_precision": NaN, "Spearman_r": 0.7334059030535379, "Pearson_r": 0.7205614390912191, "R2": 0.5181163136297413, "MAE": 0.38732158801848315, "MSE": 0.2615534834048282, "poisson_deviance_explained": 0.40443152459822407}, "15": {"AUC": NaN, "kappa": NaN, "f1": NaN, "precision": NaN, "recall": NaN, "average_precision": NaN, "Spearman_r": 0.7089013358090002, "Pearson_r": 0.6881482754148307, "R2": 0.472211679459572, "MAE": 0.40569600358388014, "MSE": 0.28250497485321496, "poisson_deviance_explained": 0.36033939165606343}, "16": {"AUC": NaN, "kappa": NaN, "f1": NaN, "precision": NaN, "recall": NaN, "average_precision": NaN, "Spearman_r": 0.7087629056352958, "Pearson_r": 0.6990777762770498, "R2": 0.4882799899464618, "MAE": 0.4049773448054574, "MSE": 0.28011223025286736, "poisson_deviance_explained": 0.3684784262237254}, "17": {"AUC": NaN, "kappa": NaN, "f1": NaN, "precision": NaN, "recall": NaN, "average_precision": NaN, "Spearman_r": 0.7235801116774296, "Pearson_r": 0.7126221161727141, "R2": 0.5074956837510198, "MAE": 0.3855888019568483, "MSE": 0.26020620859104393, "poisson_deviance_explained": 0.39321349465702793}, "18": {"AUC": NaN, "kappa": NaN, "f1": NaN, "precision": NaN, "recall": NaN, "average_precision": NaN, "Spearman_r": 0.7208721300388821, "Pearson_r": 0.715019759964418, "R2": 0.5109762366795835, "MAE": 0.3852140779601179, "MSE": 0.25883861116764967, "poisson_deviance_explained": 0.3851000515669475}, "19": {"AUC": NaN, "kappa": NaN, "f1": NaN, "precision": NaN, "recall": NaN, "average_precision": NaN, "Spearman_r": 0.7154105580895586, "Pearson_r": 0.7077641361667067, "R2": 0.5001026234902785, "MAE": 0.38297719991227386, "MSE": 0.252876961067777, "poisson_deviance_explained": 0.38767859598414}, "20": {"AUC": NaN, "kappa": NaN, "f1": NaN, "precision": NaN, "recall": NaN, "average_precision": NaN, "Spearman_r": 0.743310510619796, "Pearson_r": 0.73236055409896, "R2": 0.5358308763419132, "MAE": 0.3717466673961456, "MSE": 0.24187155079503447, "poisson_deviance_explained": 0.42141647691176165}, "21": {"AUC": NaN, "kappa": NaN, "f1": NaN, "precision": NaN, "recall": NaN, "average_precision": NaN, "Spearman_r": 0.732744066391265, "Pearson_r": 0.7176643072182516, "R2": 0.5145953782421577, "MAE": 0.375674956361026, "MSE": 0.25053731969397997, "poisson_deviance_explained": 0.4034652981678608}, "22": {"AUC": NaN, "kappa": NaN, "f1": NaN, "precision": NaN, "recall": NaN, "average_precision": NaN, "Spearman_r": 0.7536491245200951, "Pearson_r": 0.7391273632545974, "R2": 0.5458043883258705, "MAE": 0.3742611471240621, "MSE": 0.24982981118730976, "poisson_deviance_explained": 0.43049154919647703}, "23": {"AUC": NaN, "kappa": NaN, "f1": NaN, "precision": NaN, "recall": NaN, "average_precision": NaN, "Spearman_r": 0.7452444052767735, "Pearson_r": 0.7326609207041975, "R2": 0.5364541426542776, "MAE": 0.38285553800824257, "MSE": 0.2612927127826379, "poisson_deviance_explained": 0.42364571288718844}, "24": {"AUC": NaN, "kappa": NaN, "f1": NaN, "precision": NaN, "recall": NaN, "average_precision": NaN, "Spearman_r": 0.7533349632643644, "Pearson_r": 0.7379975028107587, "R2": 0.5431695548615075, "MAE": 0.3970883399465399, "MSE": 0.27523328959283544, "poisson_deviance_explained": 0.42443015364371506}, "25": {"AUC": NaN, "kappa": NaN, "f1": NaN, "precision": NaN, "recall": NaN, "average_precision": NaN, "Spearman_r": 0.7413593468121472, "Pearson_r": 0.7315852913452325, "R2": 0.5348396195950358, "MAE": 0.3939224311965912, "MSE": 0.2673570040481704, "poisson_deviance_explained": 0.418501617710072}, "26": {"AUC": NaN, "kappa": NaN, "f1": NaN, "precision": NaN, "recall": NaN, "average_precision": NaN, "Spearman_r": 0.7212509689530084, "Pearson_r": 0.7156767208642723, "R2": 0.5115919500733364, "MAE": 0.3990787473391477, "MSE": 0.27525904141128943, "poisson_deviance_explained": 0.39770954212499265}, "27": {"AUC": NaN, "kappa": NaN, "f1": NaN, "precision": NaN, "recall": NaN, "average_precision": NaN, "Spearman_r": 0.721904452239388,