{"1": {"AUC": NaN, "kappa": NaN, "f1": NaN, "precision": NaN, "recall": NaN, "average_precision": NaN, "Spearman_r": 0.5053934355648354, "Pearson_r": 0.5783514383801012, "R2": 0.3341604674280291, "MAE": 0.2782041598049414, "MSE": 0.12761237205125475, "poisson_deviance_explained": 0.2796198243407544}, "2": {"AUC": NaN, "kappa": NaN, "f1": NaN, "precision": NaN, "recall": NaN, "average_precision": NaN, "Spearman_r": 0.5427603066928861, "Pearson_r": 0.6039979032015883, "R2": 0.3647011774141631, "MAE": 0.288285486161819, "MSE": 0.13705032931467998, "poisson_deviance_explained": 0.30285945797443203}, "3": {"AUC": NaN, "kappa": NaN, "f1": NaN, "precision": NaN, "recall": NaN, "average_precision": NaN, "Spearman_r": 0.5212141640327136, "Pearson_r": 0.6025971366266119, "R2": 0.3629646526473572, "MAE": 0.26195318675858537, "MSE": 0.11615892782467349, "poisson_deviance_explained": 0.3035589836950704}, "4": {"AUC": NaN, "kappa": NaN, "f1": NaN, "precision": NaN, "recall": NaN, "average_precision": NaN, "Spearman_r": 0.5157961182251444, "Pearson_r": 0.598780156462954, "R2": 0.3575408579431356, "MAE": 0.2373543100317533, "MSE": 0.11154948810601385, "poisson_deviance_explained": 0.32056699183379345}, "5": {"AUC": NaN, "kappa": NaN, "f1": NaN, "precision": NaN, "recall": NaN, "average_precision": NaN, "Spearman_r": 0.529331851827088, "Pearson_r": 0.5928671906369273, "R2": 0.3514893853062887, "MAE": 0.2658463820377605, "MSE": 0.12209553510224293, "poisson_deviance_explained": 0.30815018472870936}, "6": {"AUC": NaN, "kappa": NaN, "f1": NaN, "precision": NaN, "recall": NaN, "average_precision": NaN, "Spearman_r": 0.5341608284839556, "Pearson_r": 0.591858136703394, "R2": 0.34924570421282086, "MAE": 0.26924048866097666, "MSE": 0.12267477789144375, "poisson_deviance_explained": 0.2989025412996218}, "7": {"AUC": NaN, "kappa": NaN, "f1": NaN, "precision": NaN, "recall": NaN, "average_precision": NaN, "Spearman_r": 0.5083245756290559, "Pearson_r": 0.575050413477549, "R2": 0.33049945276403503, "MAE": 0.2647090685467751, "MSE": 0.11846649572501945, "poisson_deviance_explained": 0.2837893022269111}, "8": {"AUC": NaN, "kappa": NaN, "f1": NaN, "precision": NaN, "recall": NaN, "average_precision": NaN, "Spearman_r": 0.48030132048457963, "Pearson_r": 0.5488392014989166, "R2": 0.30080332844796276, "MAE": 0.256904060775817, "MSE": 0.11373091993357766, "poisson_deviance_explained": 0.27108205677061503}, "9": {"AUC": NaN, "kappa": NaN, "f1": NaN, "precision": NaN, "recall": NaN, "average_precision": NaN, "Spearman_r": 0.47952963964640305, "Pearson_r": 0.5444661914675659, "R2": 0.29628672675911183, "MAE": 0.2732406505168245, "MSE": 0.12538002542717908, "poisson_deviance_explained": 0.25457270441693736}, "10": {"AUC": NaN, "kappa": NaN, "f1": NaN, "precision": NaN, "recall": NaN, "average_precision": NaN, "Spearman_r": 0.4641048230668377, "Pearson_r": 0.5177947823709284, "R2": 0.2675838731119773, "MAE": 0.2609614547801341, "MSE": 0.11873271427280373, "poisson_deviance_explained": 0.24195265322549997}, "11": {"AUC": NaN, "kappa": NaN, "f1": NaN, "precision": NaN, "recall": NaN, "average_precision": NaN, "Spearman_r": 0.4433423543939779, "Pearson_r": 0.5126040865472977, "R2": 0.26208868634836335, "MAE": 0.23550028951333937, "MSE": 0.10133628636353134, "poisson_deviance_explained": 0.2398231817606622}, "12": {"AUC": NaN, "kappa": NaN, "f1": NaN, "precision": NaN, "recall": NaN, "average_precision": NaN, "Spearman_r": 0.4371667701710541, "Pearson_r": 0.5063377337673646, "R2": 0.25536629958533374, "MAE": 0.21572664098183922, "MSE": 0.08967910403496579, "poisson_deviance_explained": 0.24377820487602353}, "13": {"AUC": NaN, "kappa": NaN, "f1": NaN, "precision": NaN, "recall": NaN, "average_precision": NaN, "Spearman_r": 0.4367577525101658, "Pearson_r": 0.5131313981096371, "R2": 0.2629941742373685, "MAE": 0.2117028984861746, "MSE": 0.08814832796213036, "poisson_deviance_explained": 0.24889976065499597}, "14": {"AUC": NaN, "kappa": NaN, "f1": NaN, "precision": NaN, "recall": NaN, "average_precision": NaN, "Spearman_r": 0.4167683655742329, "Pearson_r": 0.48424015520793484, "R2": 0.23372931478830716, "MAE": 0.21439021262509428, "MSE": 0.0923062789600335, "poisson_deviance_explained": 0.22386188722501865}, "15": {"AUC": NaN, "kappa": NaN, "f1": NaN, "precision": NaN, "recall": NaN, "average_precision": NaN, "Spearman_r": 0.4167157255838996, "Pearson_r": 0.48962688627782175, "R2": 0.23572001748209337, "MAE": 0.20976781527243865, "MSE": 0.08741072633276246, "poisson_deviance_explained": 0.2255634062048607}, "16": {"AUC": NaN, "kappa": NaN, "f1": NaN, "precision": NaN, "recall": NaN, "average_precision": NaN, "Spearman_r": 0.43383940524947945, "Pearson_r": 0.5087265277283661, "R2": 0.2563937883237586, "MAE": 0.21805720698451359, "MSE": 0.09286524842043052, "poisson_deviance_explained": 0.24297832272374909}, "17": {"AUC": NaN, "kappa": NaN, "f1": NaN, "precision": NaN, "recall": NaN, "average_precision": NaN, "Spearman_r": 0.4457625152287189, "Pearson_r": 0.5320076186809928, "R2": 0.2808334398235417, "MAE": 0.2191481294189358, "MSE": 0.09432968332595303, "poisson_deviance_explained": 0.2600228245027175}, "18": {"AUC": NaN, "kappa": NaN, "f1": NaN, "precision": NaN, "recall": NaN, "average_precision": NaN, "Spearman_r": 0.47009244237809444, "Pearson_r": 0.5390888682442119, "R2": 0.28937831798260216, "MAE": 0.24624508092459096, "MSE": 0.10656234964537423, "poisson_deviance_explained": 0.2541691696008189}, "19": {"AUC": NaN, "kappa": NaN, "f1": NaN, "precision": NaN, "recall": NaN, "average_precision": NaN, "Spearman_r": 0.46036134528938877, "Pearson_r": 0.5329979562033389, "R2": 0.28270588554499454, "MAE": 0.25546635783471805, "MSE": 0.11595383132256053, "poisson_deviance_explained": 0.24239134208073065}, "20": {"AUC": NaN, "kappa": NaN, "f1": NaN, "precision": NaN, "recall": NaN, "average_precision": NaN, "Spearman_r": 0.4633685553682997, "Pearson_r": 0.541878934607843, "R2": 0.29279841035652054, "MAE": 0.2674751815466237, "MSE": 0.12236917799307886, "poisson_deviance_explained": 0.239578713393928}, "21": {"AUC": NaN, "kappa": NaN, "f1": NaN, "precision": NaN, "recall": NaN, "average_precision": NaN, "Spearman_r": 0.5086379504990122, "Pearson_r": 0.5985913247679635, "R2": 0.3581693199753573, "MAE": 0.292766810994256, "MSE": 0.14203557488982438, "poisson_deviance_explained": 0.2826227213082193}, "22": {"AUC": NaN, "kappa": NaN, "f1": NaN, "precision": NaN, "recall": NaN, "average_precision": NaN, "Spearman_r": 0.52396199521029, "Pearson_r": 0.6027544594918048, "R2": 0.36319614153526736, "MAE": 0.29793773809576113, "MSE": 0.14497422503160065, "poisson_deviance_explained": 0.29325579182274086}, "23": {"AUC": NaN, "kappa": NaN, "f1": NaN, "precision": NaN, "recall": NaN, "average_precision": NaN, "Spearman_r": 0.5268532773687198, "Pearson_r": 0.5931363899375569, "R2": 0.35138232638475764, "MAE": 0.2849104548175614, "MSE": 0.13773318689854677, "poisson_deviance_explained": 0.29224171825346257}, "24": {"AUC": NaN, "kappa": NaN, "f1": NaN, "precision": NaN, "recall": NaN, "average_precision": NaN, "Spearman_r": 0.5225843911033468, "Pearson_r": 0.6114359444509196, "R2": 0.373625960657172, "MAE": 0.2815719129912467, "MSE": 0.1326398120025209, "poisson_deviance_explained": 0.30327926075774714}, "25": {"AUC": NaN, "kappa": NaN, "f1": NaN, "precision": NaN, "recall": NaN, "average_precision": NaN, "Spearman_r": 0.5504321828814611, "Pearson_r": 0.6276307313523566, "R2": 0.3932687334435202, "MAE": 0.2722748920885044, "MSE": 0.1277805992597214, "poisson_deviance_explained": 0.3286741972477}, "26": {"AUC": NaN, "kappa": NaN, "f1": NaN, "precision": NaN, "recall": NaN, "average_precision": NaN, "Spearman_r": 0.549139771294614, "Pearson_r": 0.6247953907349271, "R2": 0.3903135582689157, "MAE": 0.27306726046163365, "MSE": 0.1282625328210031, "poisson_deviance_explained": 0.3188714050731394}, "27": {"AUC": NaN, "kappa": NaN, "f1": NaN, "precision": NaN, "recall": NaN, "average_precision": NaN,