{"1": {"AUC": NaN, "kappa": NaN, "f1": NaN, "precision": NaN, "recall": NaN, "average_precision": NaN, "Spearman_r": 0.524460357949944, "Pearson_r": 0.6080920964561392, "R2": 0.36971262694052365, "MAE": 0.27326584391777475, "MSE": 0.12604916598303115, "poisson_deviance_explained": 0.30760949056046527}, "2": {"AUC": NaN, "kappa": NaN, "f1": NaN, "precision": NaN, "recall": NaN, "average_precision": NaN, "Spearman_r": 0.5502550592285589, "Pearson_r": 0.6180234495328715, "R2": 0.38186295778652635, "MAE": 0.27573741494861015, "MSE": 0.12698718696854522, "poisson_deviance_explained": 0.31917734624971905}, "3": {"AUC": NaN, "kappa": NaN, "f1": NaN, "precision": NaN, "recall": NaN, "average_precision": NaN, "Spearman_r": 0.544424179718746, "Pearson_r": 0.6132811990318456, "R2": 0.3760594241544689, "MAE": 0.27314823898505647, "MSE": 0.12443320731331646, "poisson_deviance_explained": 0.3159436314532419}, "4": {"AUC": NaN, "kappa": NaN, "f1": NaN, "precision": NaN, "recall": NaN, "average_precision": NaN, "Spearman_r": 0.534711527790199, "Pearson_r": 0.6194844196268066, "R2": 0.38341108341005126, "MAE": 0.24169734753703498, "MSE": 0.10878357520146165, "poisson_deviance_explained": 0.3338124611380333}, "5": {"AUC": NaN, "kappa": NaN, "f1": NaN, "precision": NaN, "recall": NaN, "average_precision": NaN, "Spearman_r": 0.5409188700652486, "Pearson_r": 0.6092865606020452, "R2": 0.37048602840666045, "MAE": 0.261802257653091, "MSE": 0.11462170542049757, "poisson_deviance_explained": 0.3168706054428979}, "6": {"AUC": NaN, "kappa": NaN, "f1": NaN, "precision": NaN, "recall": NaN, "average_precision": NaN, "Spearman_r": 0.5364875117764506, "Pearson_r": 0.5989614946101012, "R2": 0.3584115141048868, "MAE": 0.2679055522971907, "MSE": 0.11950888030756845, "poisson_deviance_explained": 0.3053720768972916}, "7": {"AUC": NaN, "kappa": NaN, "f1": NaN, "precision": NaN, "recall": NaN, "average_precision": NaN, "Spearman_r": 0.5249695375125046, "Pearson_r": 0.5937939956024183, "R2": 0.35236923724124714, "MAE": 0.27440192500651484, "MSE": 0.1237840642009508, "poisson_deviance_explained": 0.29774949365846737}, "8": {"AUC": NaN, "kappa": NaN, "f1": NaN, "precision": NaN, "recall": NaN, "average_precision": NaN, "Spearman_r": 0.5082408288795082, "Pearson_r": 0.5718644507560825, "R2": 0.3267222158948646, "MAE": 0.26780684525181697, "MSE": 0.12100256366436843, "poisson_deviance_explained": 0.28124550400169224}, "9": {"AUC": NaN, "kappa": NaN, "f1": NaN, "precision": NaN, "recall": NaN, "average_precision": NaN, "Spearman_r": 0.5097236856220702, "Pearson_r": 0.576944000547279, "R2": 0.3327495061400252, "MAE": 0.2755225199209454, "MSE": 0.12354125944376482, "poisson_deviance_explained": 0.27845209658956327}, "10": {"AUC": NaN, "kappa": NaN, "f1": NaN, "precision": NaN, "recall": NaN, "average_precision": NaN, "Spearman_r": 0.48350552804228886, "Pearson_r": 0.5518314472170417, "R2": 0.3044679580601407, "MAE": 0.2607281217454995, "MSE": 0.1166470122555862, "poisson_deviance_explained": 0.2659220804704435}, "11": {"AUC": NaN, "kappa": NaN, "f1": NaN, "precision": NaN, "recall": NaN, "average_precision": NaN, "Spearman_r": 0.4770624614726424, "Pearson_r": 0.5357004871207436, "R2": 0.28697309822504447, "MAE": 0.25873227500941803, "MSE": 0.1141864632428918, "poisson_deviance_explained": 0.25466646895690903}, "12": {"AUC": NaN, "kappa": NaN, "f1": NaN, "precision": NaN, "recall": NaN, "average_precision": NaN, "Spearman_r": 0.4669358428527267, "Pearson_r": 0.5379412092064216, "R2": 0.2886578159138721, "MAE": 0.23555729085902435, "MSE": 0.10079863254119985, "poisson_deviance_explained": 0.25697725944798855}, "13": {"AUC": NaN, "kappa": NaN, "f1": NaN, "precision": NaN, "recall": NaN, "average_precision": NaN, "Spearman_r": 0.4745548026977197, "Pearson_r": 0.5394362544323149, "R2": 0.2906301133614757, "MAE": 0.22631672602421068, "MSE": 0.09638197506254295, "poisson_deviance_explained": 0.2740369416847669}, "14": {"AUC": NaN, "kappa": NaN, "f1": NaN, "precision": NaN, "recall": NaN, "average_precision": NaN, "Spearman_r": 0.44414328844932544, "Pearson_r": 0.5157472565119211, "R2": 0.26503001610197996, "MAE": 0.21759553478783655, "MSE": 0.09207345564965404, "poisson_deviance_explained": 0.25255892411319014}, "15": {"AUC": NaN, "kappa": NaN, "f1": NaN, "precision": NaN, "recall": NaN, "average_precision": NaN, "Spearman_r": 0.4548799162510665, "Pearson_r": 0.5360696106097171, "R2": 0.2857569476739684, "MAE": 0.2158978977598067, "MSE": 0.09039867312761808, "poisson_deviance_explained": 0.26182630837922083}, "16": {"AUC": NaN, "kappa": NaN, "f1": NaN, "precision": NaN, "recall": NaN, "average_precision": NaN, "Spearman_r": 0.4554622045288682, "Pearson_r": 0.5314866740794869, "R2": 0.2813836234330318, "MAE": 0.22664014699899018, "MSE": 0.09591265965428236, "poisson_deviance_explained": 0.2512488387098526}, "17": {"AUC": NaN, "kappa": NaN, "f1": NaN, "precision": NaN, "recall": NaN, "average_precision": NaN, "Spearman_r": 0.4356408154098228, "Pearson_r": 0.49437994516933464, "R2": 0.24196282005313596, "MAE": 0.2322722435576854, "MSE": 0.09853694761930072, "poisson_deviance_explained": 0.22828810840643332}, "18": {"AUC": NaN, "kappa": NaN, "f1": NaN, "precision": NaN, "recall": NaN, "average_precision": NaN, "Spearman_r": 0.46554234255272425, "Pearson_r": 0.5282802515846947, "R2": 0.2781562102230689, "MAE": 0.249178885138937, "MSE": 0.1097440010229578, "poisson_deviance_explained": 0.24819908191414297}, "19": {"AUC": NaN, "kappa": NaN, "f1": NaN, "precision": NaN, "recall": NaN, "average_precision": NaN, "Spearman_r": 0.4836873253463676, "Pearson_r": 0.5440005599566873, "R2": 0.29560523941364314, "MAE": 0.26321013189067205, "MSE": 0.11792955878772773, "poisson_deviance_explained": 0.25245183394202697}, "20": {"AUC": NaN, "kappa": NaN, "f1": NaN, "precision": NaN, "recall": NaN, "average_precision": NaN, "Spearman_r": 0.4878312488349257, "Pearson_r": 0.5768439090951368, "R2": 0.331913351859192, "MAE": 0.2755936508113579, "MSE": 0.12685310481014875, "poisson_deviance_explained": 0.2667651500971996}, "21": {"AUC": NaN, "kappa": NaN, "f1": NaN, "precision": NaN, "recall": NaN, "average_precision": NaN, "Spearman_r": 0.5052584878501125, "Pearson_r": 0.6035624059311117, "R2": 0.36405284257069204, "MAE": 0.2877211758295986, "MSE": 0.13401153639840027, "poisson_deviance_explained": 0.2866596561019863}, "22": {"AUC": NaN, "kappa": NaN, "f1": NaN, "precision": NaN, "recall": NaN, "average_precision": NaN, "Spearman_r": 0.5288241711114767, "Pearson_r": 0.6134460626288227, "R2": 0.37610742649111095, "MAE": 0.2874186739959034, "MSE": 0.13503805379032016, "poisson_deviance_explained": 0.3041028101563765}, "23": {"AUC": NaN, "kappa": NaN, "f1": NaN, "precision": NaN, "recall": NaN, "average_precision": NaN, "Spearman_r": 0.5307707154989324, "Pearson_r": 0.6183897155494649, "R2": 0.38218170721432165, "MAE": 0.2931391316190013, "MSE": 0.13867408721181185, "poisson_deviance_explained": 0.30778178324731065}, "24": {"AUC": NaN, "kappa": NaN, "f1": NaN, "precision": NaN, "recall": NaN, "average_precision": NaN, "Spearman_r": 0.5507720228668713, "Pearson_r": 0.643007060536466, "R2": 0.4133492840802665, "MAE": 0.28663552927370295, "MSE": 0.13765034731967846, "poisson_deviance_explained": 0.3263005648662075}, "25": {"AUC": NaN, "kappa": NaN, "f1": NaN, "precision": NaN, "recall": NaN, "average_precision": NaN, "Spearman_r": 0.5472097050712024, "Pearson_r": 0.6321996782185856, "R2": 0.39902011395944215, "MAE": 0.2875124616473239, "MSE": 0.13640008100009823, "poisson_deviance_explained": 0.32530024091792986}, "26": {"AUC": NaN, "kappa": NaN, "f1": NaN, "precision": NaN, "recall": NaN, "average_precision": NaN, "Spearman_r": 0.5379855034794886, "Pearson_r": 0.6180224902341181, "R2": 0.3816836589813747, "MAE": 0.2813711442179553, "MSE": 0.13470610889395762, "poisson_deviance_explained": 0.31450340836473123}, "27": {"AUC": NaN, "kappa": NaN, "f1": NaN, "precision": NaN, "recall": NaN, "average_precision": NaN,