{"1": {"AUC": NaN, "kappa": NaN, "f1": NaN, "precision": NaN, "recall": NaN, "average_precision": NaN, "Spearman_r": 0.5112899837424723, "Pearson_r": 0.5941482967575085, "R2": 0.35235171107448005, "MAE": 0.2673111082020128, "MSE": 0.11816309002571598, "poisson_deviance_explained": 0.30173076174162317}, "2": {"AUC": NaN, "kappa": NaN, "f1": NaN, "precision": NaN, "recall": NaN, "average_precision": NaN, "Spearman_r": 0.5584698738095607, "Pearson_r": 0.6417271743719524, "R2": 0.4088883440501825, "MAE": 0.2648062744269139, "MSE": 0.11742521537677518, "poisson_deviance_explained": 0.34463857479895865}, "3": {"AUC": NaN, "kappa": NaN, "f1": NaN, "precision": NaN, "recall": NaN, "average_precision": NaN, "Spearman_r": 0.5352431346855168, "Pearson_r": 0.6084915134923143, "R2": 0.3678754136818766, "MAE": 0.2673300118855402, "MSE": 0.11737766782962754, "poisson_deviance_explained": 0.3169511501969158}, "4": {"AUC": NaN, "kappa": NaN, "f1": NaN, "precision": NaN, "recall": NaN, "average_precision": NaN, "Spearman_r": 0.5055555102118768, "Pearson_r": 0.5825842940310272, "R2": 0.3377115976961673, "MAE": 0.26804853617074126, "MSE": 0.12026875100718133, "poisson_deviance_explained": 0.2962440543003876}, "5": {"AUC": NaN, "kappa": NaN, "f1": NaN, "precision": NaN, "recall": NaN, "average_precision": NaN, "Spearman_r": 0.5328601484181301, "Pearson_r": 0.6092333256486991, "R2": 0.36862414812305067, "MAE": 0.2676355968879624, "MSE": 0.11718964411173584, "poisson_deviance_explained": 0.3163259776687034}, "6": {"AUC": NaN, "kappa": NaN, "f1": NaN, "precision": NaN, "recall": NaN, "average_precision": NaN, "Spearman_r": 0.5391429618342577, "Pearson_r": 0.616552787356852, "R2": 0.37796060422359723, "MAE": 0.2608890164722683, "MSE": 0.11369478393517964, "poisson_deviance_explained": 0.32094655456746013}, "7": {"AUC": NaN, "kappa": NaN, "f1": NaN, "precision": NaN, "recall": NaN, "average_precision": NaN, "Spearman_r": 0.5163536584778137, "Pearson_r": 0.5926122296040387, "R2": 0.34945784725494866, "MAE": 0.2692029554150481, "MSE": 0.11766675520457097, "poisson_deviance_explained": 0.30014550047967625}, "8": {"AUC": NaN, "kappa": NaN, "f1": NaN, "precision": NaN, "recall": NaN, "average_precision": NaN, "Spearman_r": 0.49740146488389825, "Pearson_r": 0.5704108311979097, "R2": 0.32434369991783696, "MAE": 0.2692849584498769, "MSE": 0.11987083687694852, "poisson_deviance_explained": 0.28163679324641266}, "9": {"AUC": NaN, "kappa": NaN, "f1": NaN, "precision": NaN, "recall": NaN, "average_precision": NaN, "Spearman_r": 0.4831131213203238, "Pearson_r": 0.5475904865312973, "R2": 0.2978177740636394, "MAE": 0.2760866168538324, "MSE": 0.12248099268311496, "poisson_deviance_explained": 0.264368289479472}, "10": {"AUC": NaN, "kappa": NaN, "f1": NaN, "precision": NaN, "recall": NaN, "average_precision": NaN, "Spearman_r": 0.482946092186259, "Pearson_r": 0.5487727072559957, "R2": 0.2998947347576204, "MAE": 0.2659473441559992, "MSE": 0.11807541192646558, "poisson_deviance_explained": 0.26757196230688574}, "11": {"AUC": NaN, "kappa": NaN, "f1": NaN, "precision": NaN, "recall": NaN, "average_precision": NaN, "Spearman_r": 0.46686051508878545, "Pearson_r": 0.5335965423077844, "R2": 0.2845134462331711, "MAE": 0.24549654781669586, "MSE": 0.10727461587348307, "poisson_deviance_explained": 0.2642827230152932}, "12": {"AUC": NaN, "kappa": NaN, "f1": NaN, "precision": NaN, "recall": NaN, "average_precision": NaN, "Spearman_r": 0.4421805471819821, "Pearson_r": 0.5152392419519878, "R2": 0.2653163086208383, "MAE": 0.22760497055549578, "MSE": 0.09579647391886889, "poisson_deviance_explained": 0.2545759353191651}, "13": {"AUC": NaN, "kappa": NaN, "f1": NaN, "precision": NaN, "recall": NaN, "average_precision": NaN, "Spearman_r": 0.45797930451761065, "Pearson_r": 0.5359748637797939, "R2": 0.2866319991039663, "MAE": 0.22286849446125478, "MSE": 0.09197551319797033, "poisson_deviance_explained": 0.27126765123755214}, "14": {"AUC": NaN, "kappa": NaN, "f1": NaN, "precision": NaN, "recall": NaN, "average_precision": NaN, "Spearman_r": 0.46167422270585345, "Pearson_r": 0.5496479118466251, "R2": 0.3010027083794614, "MAE": 0.22022872909526603, "MSE": 0.09050702867773676, "poisson_deviance_explained": 0.2811758555786448}, "15": {"AUC": NaN, "kappa": NaN, "f1": NaN, "precision": NaN, "recall": NaN, "average_precision": NaN, "Spearman_r": 0.4323486042569368, "Pearson_r": 0.5153041646078218, "R2": 0.2652909552768471, "MAE": 0.2184638187908383, "MSE": 0.08999791981174432, "poisson_deviance_explained": 0.2530351750857378}, "16": {"AUC": NaN, "kappa": NaN, "f1": NaN, "precision": NaN, "recall": NaN, "average_precision": NaN, "Spearman_r": 0.45290505249038193, "Pearson_r": 0.5302169410019373, "R2": 0.2805125246321961, "MAE": 0.22162437043052158, "MSE": 0.09078033643249389, "poisson_deviance_explained": 0.26863171502343086}, "17": {"AUC": NaN, "kappa": NaN, "f1": NaN, "precision": NaN, "recall": NaN, "average_precision": NaN, "Spearman_r": 0.45329429329143395, "Pearson_r": 0.5453531450254009, "R2": 0.2969645747955022, "MAE": 0.22527410881653934, "MSE": 0.09392241023620476, "poisson_deviance_explained": 0.2735085345120395}, "18": {"AUC": NaN, "kappa": NaN, "f1": NaN, "precision": NaN, "recall": NaN, "average_precision": NaN, "Spearman_r": 0.46696536695424146, "Pearson_r": 0.5540125514462896, "R2": 0.3052232791529449, "MAE": 0.24130777019729518, "MSE": 0.1022263614613614, "poisson_deviance_explained": 0.27377309728899935}, "19": {"AUC": NaN, "kappa": NaN, "f1": NaN, "precision": NaN, "recall": NaN, "average_precision": NaN, "Spearman_r": 0.4919526074794524, "Pearson_r": 0.5715262763472111, "R2": 0.32566533813881704, "MAE": 0.2682620196401318, "MSE": 0.1179405654039399, "poisson_deviance_explained": 0.2821007304460771}, "20": {"AUC": NaN, "kappa": NaN, "f1": NaN, "precision": NaN, "recall": NaN, "average_precision": NaN, "Spearman_r": 0.5069621818283214, "Pearson_r": 0.5884226844395728, "R2": 0.34495607370007497, "MAE": 0.2676859047715696, "MSE": 0.11956154873205659, "poisson_deviance_explained": 0.29634607050991846}, "21": {"AUC": NaN, "kappa": NaN, "f1": NaN, "precision": NaN, "recall": NaN, "average_precision": NaN, "Spearman_r": 0.5193515004575957, "Pearson_r": 0.6113667417129983, "R2": 0.37235327466213797, "MAE": 0.2802676070847995, "MSE": 0.13061251398662435, "poisson_deviance_explained": 0.31315194671999713}, "22": {"AUC": NaN, "kappa": NaN, "f1": NaN, "precision": NaN, "recall": NaN, "average_precision": NaN, "Spearman_r": 0.5368525439845451, "Pearson_r": 0.6204772715014779, "R2": 0.3834544593886502, "MAE": 0.2825735006214848, "MSE": 0.1299366138383966, "poisson_deviance_explained": 0.3213847161103719}, "23": {"AUC": NaN, "kappa": NaN, "f1": NaN, "precision": NaN, "recall": NaN, "average_precision": NaN, "Spearman_r": 0.5491994758957769, "Pearson_r": 0.6350541636965887, "R2": 0.40086388315122, "MAE": 0.2857389599292459, "MSE": 0.13341010239928047, "poisson_deviance_explained": 0.3335934352488773}, "24": {"AUC": NaN, "kappa": NaN, "f1": NaN, "precision": NaN, "recall": NaN, "average_precision": NaN, "Spearman_r": 0.5491112061664822, "Pearson_r": 0.6258858951060198, "R2": 0.3901063805813688, "MAE": 0.2858251041585088, "MSE": 0.13143508183032515, "poisson_deviance_explained": 0.3284819625429485}, "25": {"AUC": NaN, "kappa": NaN, "f1": NaN, "precision": NaN, "recall": NaN, "average_precision": NaN, "Spearman_r": 0.5513011514171288, "Pearson_r": 0.6317171015088876, "R2": 0.3974924677806855, "MAE": 0.2743507507618333, "MSE": 0.12499516777198738, "poisson_deviance_explained": 0.335491780686873}, "26": {"AUC": NaN, "kappa": NaN, "f1": NaN, "precision": NaN, "recall": NaN, "average_precision": NaN, "Spearman_r": 0.5364902366977563, "Pearson_r": 0.6211225304180714, "R2": 0.38474272722785186, "MAE": 0.27457572033593997, "MSE": 0.12419712590951115, "poisson_deviance_explained": 0.32322721549655087}, "27": {"AUC": NaN, "kappa": NaN, "f1": NaN, "precision": NaN, "recall": NaN, "average_precision": NaN,