{"1": {"AUC": NaN, "kappa": NaN, "f1": NaN, "precision": NaN, "recall": NaN, "average_precision": NaN, "Spearman_r": 0.5172266774232529, "Pearson_r": 0.5925262599505999, "R2": 0.3488531618422005, "MAE": 0.28871602301246935, "MSE": 0.13147383386227968, "poisson_deviance_explained": 0.2926060735207795}, "2": {"AUC": NaN, "kappa": NaN, "f1": NaN, "precision": NaN, "recall": NaN, "average_precision": NaN, "Spearman_r": 0.526178708888276, "Pearson_r": 0.5888749536972218, "R2": 0.34543199945478653, "MAE": 0.2811439579446532, "MSE": 0.1274916313581731, "poisson_deviance_explained": 0.3022776971061989}, "3": {"AUC": NaN, "kappa": NaN, "f1": NaN, "precision": NaN, "recall": NaN, "average_precision": NaN, "Spearman_r": 0.5467042362615839, "Pearson_r": 0.6118373404133988, "R2": 0.3709300337414313, "MAE": 0.27673187666942906, "MSE": 0.12438771327422729, "poisson_deviance_explained": 0.3255385690182484}, "4": {"AUC": NaN, "kappa": NaN, "f1": NaN, "precision": NaN, "recall": NaN, "average_precision": NaN, "Spearman_r": 0.49693390381126556, "Pearson_r": 0.6023521407141393, "R2": 0.3612629314416085, "MAE": 0.21711926247410243, "MSE": 0.09612643559792863, "poisson_deviance_explained": 0.33234690321085636}, "5": {"AUC": NaN, "kappa": NaN, "f1": NaN, "precision": NaN, "recall": NaN, "average_precision": NaN, "Spearman_r": 0.5392597860711619, "Pearson_r": 0.6080766397083157, "R2": 0.36528843519496, "MAE": 0.2636704659120396, "MSE": 0.11522906496402568, "poisson_deviance_explained": 0.32227875313692866}, "6": {"AUC": NaN, "kappa": NaN, "f1": NaN, "precision": NaN, "recall": NaN, "average_precision": NaN, "Spearman_r": 0.5127155497739313, "Pearson_r": 0.5720406321353635, "R2": 0.3252751752813051, "MAE": 0.2754484847444476, "MSE": 0.12253686726385965, "poisson_deviance_explained": 0.28584322245471294}, "7": {"AUC": NaN, "kappa": NaN, "f1": NaN, "precision": NaN, "recall": NaN, "average_precision": NaN, "Spearman_r": 0.5071538194168044, "Pearson_r": 0.5780783406637614, "R2": 0.3307286294371351, "MAE": 0.27196822673168763, "MSE": 0.1195995591871876, "poisson_deviance_explained": 0.2906155867920275}, "8": {"AUC": NaN, "kappa": NaN, "f1": NaN, "precision": NaN, "recall": NaN, "average_precision": NaN, "Spearman_r": 0.5130455354000135, "Pearson_r": 0.5852716038650743, "R2": 0.34044498714750193, "MAE": 0.2701970739740459, "MSE": 0.11975729074762144, "poisson_deviance_explained": 0.29526441278335835}, "9": {"AUC": NaN, "kappa": NaN, "f1": NaN, "precision": NaN, "recall": NaN, "average_precision": NaN, "Spearman_r": 0.4796768613560066, "Pearson_r": 0.5346340169329598, "R2": 0.28463339725696835, "MAE": 0.2729243843989447, "MSE": 0.12146214370650123, "poisson_deviance_explained": 0.2570333444196867}, "10": {"AUC": NaN, "kappa": NaN, "f1": NaN, "precision": NaN, "recall": NaN, "average_precision": NaN, "Spearman_r": 0.4601585487391023, "Pearson_r": 0.5148632872444602, "R2": 0.2643190074439905, "MAE": 0.2681759130637119, "MSE": 0.11903343172904421, "poisson_deviance_explained": 0.24142837764068104}, "11": {"AUC": NaN, "kappa": NaN, "f1": NaN, "precision": NaN, "recall": NaN, "average_precision": NaN, "Spearman_r": 0.43702179542971975, "Pearson_r": 0.49617190932634553, "R2": 0.24543528602519626, "MAE": 0.24213841454113494, "MSE": 0.10282807846909321, "poisson_deviance_explained": 0.2370991690225569}, "12": {"AUC": NaN, "kappa": NaN, "f1": NaN, "precision": NaN, "recall": NaN, "average_precision": NaN, "Spearman_r": 0.44080076484221886, "Pearson_r": 0.5117444337503727, "R2": 0.26090247417726065, "MAE": 0.21757383359016394, "MSE": 0.08814336060554183, "poisson_deviance_explained": 0.25319861053217585}, "13": {"AUC": NaN, "kappa": NaN, "f1": NaN, "precision": NaN, "recall": NaN, "average_precision": NaN, "Spearman_r": 0.44975175238513704, "Pearson_r": 0.5034681166193272, "R2": 0.25314320396188517, "MAE": 0.22687306014227382, "MSE": 0.09491533222043316, "poisson_deviance_explained": 0.24733534447783767}, "14": {"AUC": NaN, "kappa": NaN, "f1": NaN, "precision": NaN, "recall": NaN, "average_precision": NaN, "Spearman_r": 0.4239423391708572, "Pearson_r": 0.4904687470993557, "R2": 0.23964062945897358, "MAE": 0.22106267979321564, "MSE": 0.09017837046908284, "poisson_deviance_explained": 0.2271679398832388}, "15": {"AUC": NaN, "kappa": NaN, "f1": NaN, "precision": NaN, "recall": NaN, "average_precision": NaN, "Spearman_r": 0.4380567364021415, "Pearson_r": 0.49452094696305876, "R2": 0.2444239718426231, "MAE": 0.2223418962192775, "MSE": 0.09108464914712748, "poisson_deviance_explained": 0.24408829994638703}, "16": {"AUC": NaN, "kappa": NaN, "f1": NaN, "precision": NaN, "recall": NaN, "average_precision": NaN, "Spearman_r": 0.44381913633338343, "Pearson_r": 0.515316019311967, "R2": 0.2651084840469723, "MAE": 0.2181315338697705, "MSE": 0.09028001462969504, "poisson_deviance_explained": 0.2544329144583537}, "17": {"AUC": NaN, "kappa": NaN, "f1": NaN, "precision": NaN, "recall": NaN, "average_precision": NaN, "Spearman_r": 0.4201485359688281, "Pearson_r": 0.4959719993595926, "R2": 0.2456254814057628, "MAE": 0.2272080433735213, "MSE": 0.09359717035315868, "poisson_deviance_explained": 0.2310187574237218}, "18": {"AUC": NaN, "kappa": NaN, "f1": NaN, "precision": NaN, "recall": NaN, "average_precision": NaN, "Spearman_r": 0.43911271873329105, "Pearson_r": 0.5119475937878678, "R2": 0.26168341666750017, "MAE": 0.23871116336613038, "MSE": 0.09981954213022314, "poisson_deviance_explained": 0.24156949866625166}, "19": {"AUC": NaN, "kappa": NaN, "f1": NaN, "precision": NaN, "recall": NaN, "average_precision": NaN, "Spearman_r": 0.4712318451536901, "Pearson_r": 0.5378562179320601, "R2": 0.2882693538697889, "MAE": 0.25108478904649195, "MSE": 0.10904342376961733, "poisson_deviance_explained": 0.2643723015360556}, "20": {"AUC": NaN, "kappa": NaN, "f1": NaN, "precision": NaN, "recall": NaN, "average_precision": NaN, "Spearman_r": 0.4731141219098257, "Pearson_r": 0.5459885671808827, "R2": 0.29771508595521834, "MAE": 0.2707019798701285, "MSE": 0.12291302676832992, "poisson_deviance_explained": 0.2586694445545076}, "21": {"AUC": NaN, "kappa": NaN, "f1": NaN, "precision": NaN, "recall": NaN, "average_precision": NaN, "Spearman_r": 0.5161986088780777, "Pearson_r": 0.6158382154265694, "R2": 0.3775881787653729, "MAE": 0.2879483580736161, "MSE": 0.13717872011806062, "poisson_deviance_explained": 0.3054302759216124}, "22": {"AUC": NaN, "kappa": NaN, "f1": NaN, "precision": NaN, "recall": NaN, "average_precision": NaN, "Spearman_r": 0.5284487749498722, "Pearson_r": 0.6198175063067899, "R2": 0.38257141430850916, "MAE": 0.28820963892541046, "MSE": 0.13645596046410358, "poisson_deviance_explained": 0.31677442181023796}, "23": {"AUC": NaN, "kappa": NaN, "f1": NaN, "precision": NaN, "recall": NaN, "average_precision": NaN, "Spearman_r": 0.5430733028987862, "Pearson_r": 0.625152377506439, "R2": 0.38895233106769045, "MAE": 0.2874404647395954, "MSE": 0.13425429526068286, "poisson_deviance_explained": 0.32347653249036434}, "24": {"AUC": NaN, "kappa": NaN, "f1": NaN, "precision": NaN, "recall": NaN, "average_precision": NaN, "Spearman_r": 0.5199405784260253, "Pearson_r": 0.6001765616672872, "R2": 0.35890571399495397, "MAE": 0.2871648485058998, "MSE": 0.132280869508076, "poisson_deviance_explained": 0.30132107025623533}, "25": {"AUC": NaN, "kappa": NaN, "f1": NaN, "precision": NaN, "recall": NaN, "average_precision": NaN, "Spearman_r": 0.5630385059325722, "Pearson_r": 0.6420908144503478, "R2": 0.41023592721979185, "MAE": 0.28349244912429294, "MSE": 0.13090602908902926, "poisson_deviance_explained": 0.34478907474342524}, "26": {"AUC": NaN, "kappa": NaN, "f1": NaN, "precision": NaN, "recall": NaN, "average_precision": NaN, "Spearman_r": 0.552603761881192, "Pearson_r": 0.6306663888046152, "R2": 0.3960143043861173, "MAE": 0.27758109319410257, "MSE": 0.12735135639488523, "poisson_deviance_explained": 0.33776314716893296}, "27": {"AUC": NaN, "kappa": NaN, "f1": NaN, "precision": NaN, "recall": NaN, "average_precision": NaN,