{"1": {"AUC": NaN, "kappa": NaN, "f1": NaN, "precision": NaN, "recall": NaN, "average_precision": NaN, "Spearman_r": 0.5319232260408566, "Pearson_r": 0.6132383762662407, "R2": 0.373546415743815, "MAE": 0.2795076068815411, "MSE": 0.12597796228847513, "poisson_deviance_explained": 0.3136080626178709}, "2": {"AUC": NaN, "kappa": NaN, "f1": NaN, "precision": NaN, "recall": NaN, "average_precision": NaN, "Spearman_r": 0.5474849378014052, "Pearson_r": 0.6260559657157475, "R2": 0.38954847896964806, "MAE": 0.2690693459537658, "MSE": 0.11971767245921042, "poisson_deviance_explained": 0.3335280214953691}, "3": {"AUC": NaN, "kappa": NaN, "f1": NaN, "precision": NaN, "recall": NaN, "average_precision": NaN, "Spearman_r": 0.5223753608102123, "Pearson_r": 0.6024535759873604, "R2": 0.3618701143173101, "MAE": 0.2612698194928876, "MSE": 0.11417973755887491, "poisson_deviance_explained": 0.31222657770459805}, "4": {"AUC": NaN, "kappa": NaN, "f1": NaN, "precision": NaN, "recall": NaN, "average_precision": NaN, "Spearman_r": 0.5237378469738505, "Pearson_r": 0.6030676162424133, "R2": 0.361954179910725, "MAE": 0.24714335956692074, "MSE": 0.10778621265381365, "poisson_deviance_explained": 0.32067202952455676}, "5": {"AUC": NaN, "kappa": NaN, "f1": NaN, "precision": NaN, "recall": NaN, "average_precision": NaN, "Spearman_r": 0.5363138496391182, "Pearson_r": 0.6045131955273805, "R2": 0.3640516726847094, "MAE": 0.267811579493652, "MSE": 0.11796424622392529, "poisson_deviance_explained": 0.3149607084402978}, "6": {"AUC": NaN, "kappa": NaN, "f1": NaN, "precision": NaN, "recall": NaN, "average_precision": NaN, "Spearman_r": 0.5235948289830252, "Pearson_r": 0.6003400174734013, "R2": 0.35871853195827474, "MAE": 0.2578522919751108, "MSE": 0.11151137535873894, "poisson_deviance_explained": 0.3151487581851604}, "7": {"AUC": NaN, "kappa": NaN, "f1": NaN, "precision": NaN, "recall": NaN, "average_precision": NaN, "Spearman_r": 0.5069668299818718, "Pearson_r": 0.5879088970206118, "R2": 0.3427705855806301, "MAE": 0.25952953394650846, "MSE": 0.10999596699626524, "poisson_deviance_explained": 0.29471562351540637}, "8": {"AUC": NaN, "kappa": NaN, "f1": NaN, "precision": NaN, "recall": NaN, "average_precision": NaN, "Spearman_r": 0.5060289616303068, "Pearson_r": 0.5763575764213201, "R2": 0.3291265547075978, "MAE": 0.2615429769964018, "MSE": 0.11126907498003882, "poisson_deviance_explained": 0.2896194016529323}, "9": {"AUC": NaN, "kappa": NaN, "f1": NaN, "precision": NaN, "recall": NaN, "average_precision": NaN, "Spearman_r": 0.4960286308436319, "Pearson_r": 0.5682400434365129, "R2": 0.3206017089699391, "MAE": 0.2596902768949298, "MSE": 0.11076042621704049, "poisson_deviance_explained": 0.2838720239297976}, "10": {"AUC": NaN, "kappa": NaN, "f1": NaN, "precision": NaN, "recall": NaN, "average_precision": NaN, "Spearman_r": 0.5072841716394163, "Pearson_r": 0.5707154291263044, "R2": 0.3229961889453278, "MAE": 0.2592991780089191, "MSE": 0.11066212964364333, "poisson_deviance_explained": 0.2860961513170479}, "11": {"AUC": NaN, "kappa": NaN, "f1": NaN, "precision": NaN, "recall": NaN, "average_precision": NaN, "Spearman_r": 0.47579805973504474, "Pearson_r": 0.5487492490432738, "R2": 0.29922860875848634, "MAE": 0.24070281753365455, "MSE": 0.10023934030016514, "poisson_deviance_explained": 0.2735280105705524}, "12": {"AUC": NaN, "kappa": NaN, "f1": NaN, "precision": NaN, "recall": NaN, "average_precision": NaN, "Spearman_r": 0.4745335706833159, "Pearson_r": 0.5567818090085241, "R2": 0.308898119790884, "MAE": 0.22567798883481446, "MSE": 0.0919229390198908, "poisson_deviance_explained": 0.2835960599692431}, "13": {"AUC": NaN, "kappa": NaN, "f1": NaN, "precision": NaN, "recall": NaN, "average_precision": NaN, "Spearman_r": 0.46923742159987986, "Pearson_r": 0.560106546421887, "R2": 0.31229934971207207, "MAE": 0.21688471751161068, "MSE": 0.08816170652541827, "poisson_deviance_explained": 0.28777650347673134}, "14": {"AUC": NaN, "kappa": NaN, "f1": NaN, "precision": NaN, "recall": NaN, "average_precision": NaN, "Spearman_r": 0.4831284063343266, "Pearson_r": 0.5788318543420176, "R2": 0.33330101093307996, "MAE": 0.22081314956814202, "MSE": 0.0894452724469116, "poisson_deviance_explained": 0.2976131883183101}, "15": {"AUC": NaN, "kappa": NaN, "f1": NaN, "precision": NaN, "recall": NaN, "average_precision": NaN, "Spearman_r": 0.4741440187646887, "Pearson_r": 0.5698389146584156, "R2": 0.32305642176504323, "MAE": 0.2094676115515057, "MSE": 0.0840483725684784, "poisson_deviance_explained": 0.30309803916661204}, "16": {"AUC": NaN, "kappa": NaN, "f1": NaN, "precision": NaN, "recall": NaN, "average_precision": NaN, "Spearman_r": 0.46318770978142054, "Pearson_r": 0.5516080537333049, "R2": 0.30208986686845685, "MAE": 0.21733433696229854, "MSE": 0.08726828597759649, "poisson_deviance_explained": 0.282658082613479}, "17": {"AUC": NaN, "kappa": NaN, "f1": NaN, "precision": NaN, "recall": NaN, "average_precision": NaN, "Spearman_r": 0.4883351598351873, "Pearson_r": 0.5734435001847359, "R2": 0.32702241079086325, "MAE": 0.2303993659556732, "MSE": 0.09339057058210284, "poisson_deviance_explained": 0.29638551233666555}, "18": {"AUC": NaN, "kappa": NaN, "f1": NaN, "precision": NaN, "recall": NaN, "average_precision": NaN, "Spearman_r": 0.4870681428856675, "Pearson_r": 0.5729012999024423, "R2": 0.32583582238840514, "MAE": 0.24177732191297727, "MSE": 0.10096976690749829, "poisson_deviance_explained": 0.2928059382908098}, "19": {"AUC": NaN, "kappa": NaN, "f1": NaN, "precision": NaN, "recall": NaN, "average_precision": NaN, "Spearman_r": 0.4862162517920794, "Pearson_r": 0.572300484850838, "R2": 0.3252421017699273, "MAE": 0.2482773778300711, "MSE": 0.10444982336918433, "poisson_deviance_explained": 0.28639385644923343}, "20": {"AUC": NaN, "kappa": NaN, "f1": NaN, "precision": NaN, "recall": NaN, "average_precision": NaN, "Spearman_r": 0.5018149700103042, "Pearson_r": 0.5853478475466066, "R2": 0.3402866638434143, "MAE": 0.2638478786947077, "MSE": 0.11413213908705058, "poisson_deviance_explained": 0.2922629253524631}, "21": {"AUC": NaN, "kappa": NaN, "f1": NaN, "precision": NaN, "recall": NaN, "average_precision": NaN, "Spearman_r": 0.506314998942342, "Pearson_r": 0.5901776083975896, "R2": 0.345907997054424, "MAE": 0.2764314638909505, "MSE": 0.12323886690064885, "poisson_deviance_explained": 0.2930682425268758}, "22": {"AUC": NaN, "kappa": NaN, "f1": NaN, "precision": NaN, "recall": NaN, "average_precision": NaN, "Spearman_r": 0.525380158606662, "Pearson_r": 0.6020321155496273, "R2": 0.35923022760663825, "MAE": 0.2814553384982957, "MSE": 0.1275446772402532, "poisson_deviance_explained": 0.3037544378294189}, "23": {"AUC": NaN, "kappa": NaN, "f1": NaN, "precision": NaN, "recall": NaN, "average_precision": NaN, "Spearman_r": 0.5224020753916443, "Pearson_r": 0.6110189593653798, "R2": 0.37102220916396367, "MAE": 0.27637450491205734, "MSE": 0.1256311845207052, "poisson_deviance_explained": 0.31604891239688127}, "24": {"AUC": NaN, "kappa": NaN, "f1": NaN, "precision": NaN, "recall": NaN, "average_precision": NaN, "Spearman_r": 0.5220543138279995, "Pearson_r": 0.6126148179087828, "R2": 0.37260159918361013, "MAE": 0.2709000886589039, "MSE": 0.12121527753122552, "poisson_deviance_explained": 0.31739198564689663}, "25": {"AUC": NaN, "kappa": NaN, "f1": NaN, "precision": NaN, "recall": NaN, "average_precision": NaN, "Spearman_r": 0.539109612364107, "Pearson_r": 0.634707041875287, "R2": 0.4010379271548915, "MAE": 0.26878285042056704, "MSE": 0.11979208360181429, "poisson_deviance_explained": 0.334102190165395}, "26": {"AUC": NaN, "kappa": NaN, "f1": NaN, "precision": NaN, "recall": NaN, "average_precision": NaN, "Spearman_r": 0.5472591442077568, "Pearson_r": 0.6349496242984838, "R2": 0.4007522115690745, "MAE": 0.2726855494748539, "MSE": 0.12201202370602594, "poisson_deviance_explained": 0.3332476995948074}, "27": {"AUC": NaN, "kappa": NaN, "f1": NaN, "precision": NaN, "recall": NaN, "average_precision": NaN, "Spearman_r": 0.5479772571179307,