{"1": {"AUC": NaN, "kappa": NaN, "f1": NaN, "precision": NaN, "recall": NaN, "average_precision": NaN, "Spearman_r": 0.5124306050131875, "Pearson_r": 0.5965128616270228, "R2": 0.3557095326869837, "MAE": 0.2647319622340505, "MSE": 0.11968263801470275, "poisson_deviance_explained": 0.29684551004317716}, "2": {"AUC": NaN, "kappa": NaN, "f1": NaN, "precision": NaN, "recall": NaN, "average_precision": NaN, "Spearman_r": 0.544377101287629, "Pearson_r": 0.6258000801871528, "R2": 0.3914038552293959, "MAE": 0.26499756978120254, "MSE": 0.12105768133719755, "poisson_deviance_explained": 0.3308650626768931}, "3": {"AUC": NaN, "kappa": NaN, "f1": NaN, "precision": NaN, "recall": NaN, "average_precision": NaN, "Spearman_r": 0.5432321509041821, "Pearson_r": 0.6105797491967386, "R2": 0.372767865756936, "MAE": 0.2662049316688088, "MSE": 0.11944592728036117, "poisson_deviance_explained": 0.31990586540246113}, "4": {"AUC": NaN, "kappa": NaN, "f1": NaN, "precision": NaN, "recall": NaN, "average_precision": NaN, "Spearman_r": 0.5372523904361058, "Pearson_r": 0.6124852074302851, "R2": 0.3745796809119565, "MAE": 0.2532842805074873, "MSE": 0.11396125616369995, "poisson_deviance_explained": 0.32791617162247577}, "5": {"AUC": NaN, "kappa": NaN, "f1": NaN, "precision": NaN, "recall": NaN, "average_precision": NaN, "Spearman_r": 0.5560229068972323, "Pearson_r": 0.6217499976632993, "R2": 0.38620738100839036, "MAE": 0.2623777052741856, "MSE": 0.11877026272181215, "poisson_deviance_explained": 0.3295747456210325}, "6": {"AUC": NaN, "kappa": NaN, "f1": NaN, "precision": NaN, "recall": NaN, "average_precision": NaN, "Spearman_r": 0.5465461589615198, "Pearson_r": 0.6208274096992603, "R2": 0.38519199180853236, "MAE": 0.25757960900709354, "MSE": 0.11440685449656617, "poisson_deviance_explained": 0.32630305420027683}, "7": {"AUC": NaN, "kappa": NaN, "f1": NaN, "precision": NaN, "recall": NaN, "average_precision": NaN, "Spearman_r": 0.5228397774358031, "Pearson_r": 0.5970233608567642, "R2": 0.3562711505070766, "MAE": 0.26001760648036853, "MSE": 0.11383987001381914, "poisson_deviance_explained": 0.30244479559987225}, "8": {"AUC": NaN, "kappa": NaN, "f1": NaN, "precision": NaN, "recall": NaN, "average_precision": NaN, "Spearman_r": 0.5076557810367265, "Pearson_r": 0.5750557624182485, "R2": 0.33038610279491987, "MAE": 0.26683524835317596, "MSE": 0.11954028753512048, "poisson_deviance_explained": 0.2877076523634101}, "9": {"AUC": NaN, "kappa": NaN, "f1": NaN, "precision": NaN, "recall": NaN, "average_precision": NaN, "Spearman_r": 0.5013607325427333, "Pearson_r": 0.5779245061583922, "R2": 0.3338640905697594, "MAE": 0.2666606839518224, "MSE": 0.12042735019440538, "poisson_deviance_explained": 0.284992335333871}, "10": {"AUC": NaN, "kappa": NaN, "f1": NaN, "precision": NaN, "recall": NaN, "average_precision": NaN, "Spearman_r": 0.49395754000839126, "Pearson_r": 0.5685734946656621, "R2": 0.3231707997967873, "MAE": 0.2580348639774208, "MSE": 0.1166791016690128, "poisson_deviance_explained": 0.27720814643904446}, "11": {"AUC": NaN, "kappa": NaN, "f1": NaN, "precision": NaN, "recall": NaN, "average_precision": NaN, "Spearman_r": 0.47876950310487876, "Pearson_r": 0.5554884927007169, "R2": 0.3085236744425549, "MAE": 0.2435894317997974, "MSE": 0.10715972389983686, "poisson_deviance_explained": 0.27370723268827213}, "12": {"AUC": NaN, "kappa": NaN, "f1": NaN, "precision": NaN, "recall": NaN, "average_precision": NaN, "Spearman_r": 0.45562513187962606, "Pearson_r": 0.528858398560531, "R2": 0.2791568186602368, "MAE": 0.22609299425147852, "MSE": 0.09494551749309547, "poisson_deviance_explained": 0.25654828453264233}, "13": {"AUC": NaN, "kappa": NaN, "f1": NaN, "precision": NaN, "recall": NaN, "average_precision": NaN, "Spearman_r": 0.45412409111212126, "Pearson_r": 0.5374781287054304, "R2": 0.2883389453550119, "MAE": 0.21439684873362921, "MSE": 0.08945498679161971, "poisson_deviance_explained": 0.2613794765092984}, "14": {"AUC": NaN, "kappa": NaN, "f1": NaN, "precision": NaN, "recall": NaN, "average_precision": NaN, "Spearman_r": 0.4394322200129595, "Pearson_r": 0.5398759671060723, "R2": 0.2906667687803218, "MAE": 0.21041712631462867, "MSE": 0.0879942764438439, "poisson_deviance_explained": 0.2619611167982464}, "15": {"AUC": NaN, "kappa": NaN, "f1": NaN, "precision": NaN, "recall": NaN, "average_precision": NaN, "Spearman_r": 0.43836072086709343, "Pearson_r": 0.5226389584078837, "R2": 0.27121539202849276, "MAE": 0.21262286871803318, "MSE": 0.08805065822479219, "poisson_deviance_explained": 0.25501213286882507}, "16": {"AUC": NaN, "kappa": NaN, "f1": NaN, "precision": NaN, "recall": NaN, "average_precision": NaN, "Spearman_r": 0.44732154069987634, "Pearson_r": 0.5321678362656088, "R2": 0.2813816023517084, "MAE": 0.21874655431737075, "MSE": 0.09193376150045389, "poisson_deviance_explained": 0.25221479733827634}, "17": {"AUC": NaN, "kappa": NaN, "f1": NaN, "precision": NaN, "recall": NaN, "average_precision": NaN, "Spearman_r": 0.4399283932776818, "Pearson_r": 0.5182843990241668, "R2": 0.2664261909904395, "MAE": 0.2238199559693727, "MSE": 0.09535882065900456, "poisson_deviance_explained": 0.24410294681832956}, "18": {"AUC": NaN, "kappa": NaN, "f1": NaN, "precision": NaN, "recall": NaN, "average_precision": NaN, "Spearman_r": 0.4602987941396144, "Pearson_r": 0.5444770063750918, "R2": 0.2961641395461636, "MAE": 0.23485748918470023, "MSE": 0.10148591090580064, "poisson_deviance_explained": 0.2580379674883194}, "19": {"AUC": NaN, "kappa": NaN, "f1": NaN, "precision": NaN, "recall": NaN, "average_precision": NaN, "Spearman_r": 0.4944881030523414, "Pearson_r": 0.5697109091608391, "R2": 0.3240024991984396, "MAE": 0.2603485609487731, "MSE": 0.11755838843689359, "poisson_deviance_explained": 0.26666225825068757}, "20": {"AUC": NaN, "kappa": NaN, "f1": NaN, "precision": NaN, "recall": NaN, "average_precision": NaN, "Spearman_r": 0.49322236804501196, "Pearson_r": 0.5716916428210197, "R2": 0.3266277261426125, "MAE": 0.26659364261234514, "MSE": 0.12116647966314915, "poisson_deviance_explained": 0.27262248613718787}, "21": {"AUC": NaN, "kappa": NaN, "f1": NaN, "precision": NaN, "recall": NaN, "average_precision": NaN, "Spearman_r": 0.5060609268347226, "Pearson_r": 0.6118962898994641, "R2": 0.3742685513534043, "MAE": 0.27102688143203707, "MSE": 0.12608787468804433, "poisson_deviance_explained": 0.29868248733040503}, "22": {"AUC": NaN, "kappa": NaN, "f1": NaN, "precision": NaN, "recall": NaN, "average_precision": NaN, "Spearman_r": 0.5310074173745393, "Pearson_r": 0.624310887016224, "R2": 0.38911633649139354, "MAE": 0.27861684596683434, "MSE": 0.13230452310897803, "poisson_deviance_explained": 0.31426409156623103}, "23": {"AUC": NaN, "kappa": NaN, "f1": NaN, "precision": NaN, "recall": NaN, "average_precision": NaN, "Spearman_r": 0.5426328734287902, "Pearson_r": 0.6329403991884965, "R2": 0.40056074704586553, "MAE": 0.27471466744426326, "MSE": 0.12778584240737684, "poisson_deviance_explained": 0.3230981132604628}, "24": {"AUC": NaN, "kappa": NaN, "f1": NaN, "precision": NaN, "recall": NaN, "average_precision": NaN, "Spearman_r": 0.5579006204275327, "Pearson_r": 0.6359257819651525, "R2": 0.40426496219690644, "MAE": 0.28063223375954, "MSE": 0.1321584560437097, "poisson_deviance_explained": 0.33121137995011674}, "25": {"AUC": NaN, "kappa": NaN, "f1": NaN, "precision": NaN, "recall": NaN, "average_precision": NaN, "Spearman_r": 0.5491364318196772, "Pearson_r": 0.6444086187737311, "R2": 0.41493505607196757, "MAE": 0.26925785019475695, "MSE": 0.12645432628858783, "poisson_deviance_explained": 0.34531350238647873}, "26": {"AUC": NaN, "kappa": NaN, "f1": NaN, "precision": NaN, "recall": NaN, "average_precision": NaN, "Spearman_r": 0.5357052811922982, "Pearson_r": 0.615832728621699, "R2": 0.3791709872890999, "MAE": 0.26733690087974504, "MSE": 0.12189475291511366, "poisson_deviance_explained": 0.3166514542352301}, "27": {"AUC": NaN, "kappa": NaN, "f1": NaN, "precision": NaN, "recall": NaN, "average_precision": NaN,