{"1": {"AUC": NaN, "kappa": NaN, "f1": NaN, "precision": NaN, "recall": NaN, "average_precision": NaN, "Spearman_r": 0.513723416272813, "Pearson_r": 0.5989735850416148, "R2": 0.356420355454102, "MAE": 0.27406081170136, "MSE": 0.1226609518460429, "poisson_deviance_explained": 0.30695645667608185}, "2": {"AUC": NaN, "kappa": NaN, "f1": NaN, "precision": NaN, "recall": NaN, "average_precision": NaN, "Spearman_r": 0.5469525223467873, "Pearson_r": 0.6169014093088737, "R2": 0.3786219069236316, "MAE": 0.26795068000425387, "MSE": 0.12145263623964965, "poisson_deviance_explained": 0.3331094184321196}, "3": {"AUC": NaN, "kappa": NaN, "f1": NaN, "precision": NaN, "recall": NaN, "average_precision": NaN, "Spearman_r": 0.5380728585451054, "Pearson_r": 0.6168363408146085, "R2": 0.37908868930863937, "MAE": 0.2726782887906806, "MSE": 0.12248552586918661, "poisson_deviance_explained": 0.32403945351347285}, "4": {"AUC": NaN, "kappa": NaN, "f1": NaN, "precision": NaN, "recall": NaN, "average_precision": NaN, "Spearman_r": 0.5203511132279703, "Pearson_r": 0.597616885422108, "R2": 0.35572290661136186, "MAE": 0.26000406996426617, "MSE": 0.11468567011510541, "poisson_deviance_explained": 0.3093018849538346}, "5": {"AUC": NaN, "kappa": NaN, "f1": NaN, "precision": NaN, "recall": NaN, "average_precision": NaN, "Spearman_r": 0.5354040849632669, "Pearson_r": 0.6004103380124864, "R2": 0.35832352281511437, "MAE": 0.2654412834836205, "MSE": 0.11757726075330474, "poisson_deviance_explained": 0.31326246092175414}, "6": {"AUC": NaN, "kappa": NaN, "f1": NaN, "precision": NaN, "recall": NaN, "average_precision": NaN, "Spearman_r": 0.5230049697486179, "Pearson_r": 0.588815904660963, "R2": 0.3439044587289576, "MAE": 0.2656410099715043, "MSE": 0.11570520541730817, "poisson_deviance_explained": 0.3035494371175478}, "7": {"AUC": NaN, "kappa": NaN, "f1": NaN, "precision": NaN, "recall": NaN, "average_precision": NaN, "Spearman_r": 0.521742780278781, "Pearson_r": 0.5954303601626442, "R2": 0.35219289573417367, "MAE": 0.2657516579179798, "MSE": 0.11730548551061944, "poisson_deviance_explained": 0.3087391006157867}, "8": {"AUC": NaN, "kappa": NaN, "f1": NaN, "precision": NaN, "recall": NaN, "average_precision": NaN, "Spearman_r": 0.5099911469418211, "Pearson_r": 0.5820622991579397, "R2": 0.33633680326109194, "MAE": 0.2714229386182747, "MSE": 0.12131142891009819, "poisson_deviance_explained": 0.29400121023601056}, "9": {"AUC": NaN, "kappa": NaN, "f1": NaN, "precision": NaN, "recall": NaN, "average_precision": NaN, "Spearman_r": 0.5096774972286661, "Pearson_r": 0.5734839472572095, "R2": 0.3262230009527144, "MAE": 0.2685375610660197, "MSE": 0.12026839568343019, "poisson_deviance_explained": 0.29318523109058625}, "10": {"AUC": NaN, "kappa": NaN, "f1": NaN, "precision": NaN, "recall": NaN, "average_precision": NaN, "Spearman_r": 0.4946273622721676, "Pearson_r": 0.5578285939240863, "R2": 0.30944179664607285, "MAE": 0.2700735318945291, "MSE": 0.12090706612437951, "poisson_deviance_explained": 0.27579805387550904}, "11": {"AUC": NaN, "kappa": NaN, "f1": NaN, "precision": NaN, "recall": NaN, "average_precision": NaN, "Spearman_r": 0.4757715872326444, "Pearson_r": 0.552827306834024, "R2": 0.30457731970208923, "MAE": 0.242118750353043, "MSE": 0.10380107047748348, "poisson_deviance_explained": 0.2767949986168443}, "12": {"AUC": NaN, "kappa": NaN, "f1": NaN, "precision": NaN, "recall": NaN, "average_precision": NaN, "Spearman_r": 0.4624008012427417, "Pearson_r": 0.5478294668256531, "R2": 0.2993611110951807, "MAE": 0.22183036624955546, "MSE": 0.09330201485664191, "poisson_deviance_explained": 0.2797111853235633}, "13": {"AUC": NaN, "kappa": NaN, "f1": NaN, "precision": NaN, "recall": NaN, "average_precision": NaN, "Spearman_r": 0.47977710546112134, "Pearson_r": 0.5634306022540385, "R2": 0.3161896024600296, "MAE": 0.21253481423084503, "MSE": 0.08752540959762226, "poisson_deviance_explained": 0.30027513969070874}, "14": {"AUC": NaN, "kappa": NaN, "f1": NaN, "precision": NaN, "recall": NaN, "average_precision": NaN, "Spearman_r": 0.46404107864568456, "Pearson_r": 0.5458013328191534, "R2": 0.2973595691470232, "MAE": 0.2156488327717523, "MSE": 0.08898971906842401, "poisson_deviance_explained": 0.28288326678802567}, "15": {"AUC": NaN, "kappa": NaN, "f1": NaN, "precision": NaN, "recall": NaN, "average_precision": NaN, "Spearman_r": 0.45929845184383983, "Pearson_r": 0.5507152055940058, "R2": 0.3026160645249406, "MAE": 0.20750366455646724, "MSE": 0.08401622699482164, "poisson_deviance_explained": 0.28759470213169147}, "16": {"AUC": NaN, "kappa": NaN, "f1": NaN, "precision": NaN, "recall": NaN, "average_precision": NaN, "Spearman_r": 0.4847361418055649, "Pearson_r": 0.5701575762547592, "R2": 0.3239930391874488, "MAE": 0.21806516746283192, "MSE": 0.09062427590455571, "poisson_deviance_explained": 0.3022021548740673}, "17": {"AUC": NaN, "kappa": NaN, "f1": NaN, "precision": NaN, "recall": NaN, "average_precision": NaN, "Spearman_r": 0.4705925312450571, "Pearson_r": 0.5592710405934841, "R2": 0.3119001216205636, "MAE": 0.22261031432935932, "MSE": 0.0923487118014878, "poisson_deviance_explained": 0.28921591258647583}, "18": {"AUC": NaN, "kappa": NaN, "f1": NaN, "precision": NaN, "recall": NaN, "average_precision": NaN, "Spearman_r": 0.47728393570596134, "Pearson_r": 0.565479226932934, "R2": 0.31934700731061694, "MAE": 0.23026211834285507, "MSE": 0.0968033751318979, "poisson_deviance_explained": 0.28892231536358315}, "19": {"AUC": NaN, "kappa": NaN, "f1": NaN, "precision": NaN, "recall": NaN, "average_precision": NaN, "Spearman_r": 0.4731540098894995, "Pearson_r": 0.5593195235362703, "R2": 0.31180719492564046, "MAE": 0.24604094623371572, "MSE": 0.10703883901424527, "poisson_deviance_explained": 0.2716146266140589}, "20": {"AUC": NaN, "kappa": NaN, "f1": NaN, "precision": NaN, "recall": NaN, "average_precision": NaN, "Spearman_r": 0.5289145945964819, "Pearson_r": 0.6107232845313276, "R2": 0.3717702034677397, "MAE": 0.2601511948431226, "MSE": 0.11615115244142206, "poisson_deviance_explained": 0.31967019035985456}, "21": {"AUC": NaN, "kappa": NaN, "f1": NaN, "precision": NaN, "recall": NaN, "average_precision": NaN, "Spearman_r": 0.5324605377999606, "Pearson_r": 0.6204291264718929, "R2": 0.3825581911198116, "MAE": 0.2781518423573317, "MSE": 0.1268093856825489, "poisson_deviance_explained": 0.3240995789212754}, "22": {"AUC": NaN, "kappa": NaN, "f1": NaN, "precision": NaN, "recall": NaN, "average_precision": NaN, "Spearman_r": 0.5409608787279669, "Pearson_r": 0.6399033329327658, "R2": 0.40718516896541745, "MAE": 0.2754669777897, "MSE": 0.1253296068317637, "poisson_deviance_explained": 0.33636085289801165}, "23": {"AUC": NaN, "kappa": NaN, "f1": NaN, "precision": NaN, "recall": NaN, "average_precision": NaN, "Spearman_r": 0.5398954345030946, "Pearson_r": 0.6296918988860154, "R2": 0.3943153312208456, "MAE": 0.2894524403531838, "MSE": 0.13627775134233966, "poisson_deviance_explained": 0.3247725774785649}, "24": {"AUC": NaN, "kappa": NaN, "f1": NaN, "precision": NaN, "recall": NaN, "average_precision": NaN, "Spearman_r": 0.5438085627652157, "Pearson_r": 0.6350008667669655, "R2": 0.4012303940816164, "MAE": 0.2739705858190952, "MSE": 0.12595421599980822, "poisson_deviance_explained": 0.33652459825010383}, "25": {"AUC": NaN, "kappa": NaN, "f1": NaN, "precision": NaN, "recall": NaN, "average_precision": NaN, "Spearman_r": 0.5358746772452262, "Pearson_r": 0.6251683387500448, "R2": 0.38882747131627204, "MAE": 0.26932688050709774, "MSE": 0.12372104676935354, "poisson_deviance_explained": 0.33155188760865073}, "26": {"AUC": NaN, "kappa": NaN, "f1": NaN, "precision": NaN, "recall": NaN, "average_precision": NaN, "Spearman_r": 0.5514892287100575, "Pearson_r": 0.6398058282901502, "R2": 0.40618853854726356, "MAE": 0.27183067892307794, "MSE": 0.12304544178933766, "poisson_deviance_explained": 0.33939494313778085}, "27": {"AUC": NaN, "kappa": NaN, "f1": NaN, "precision": NaN, "recall": NaN, "average_precision": NaN,