{"1": {"AUC": NaN, "kappa": NaN, "f1": NaN, "precision": NaN, "recall": NaN, "average_precision": NaN, "Spearman_r": 0.505478222600269, "Pearson_r": 0.5692732989556512, "R2": 0.32244251373828203, "MAE": 0.27984617766733677, "MSE": 0.13062813682609084, "poisson_deviance_explained": 0.2838215652718121}, "2": {"AUC": NaN, "kappa": NaN, "f1": NaN, "precision": NaN, "recall": NaN, "average_precision": NaN, "Spearman_r": 0.5321212902147469, "Pearson_r": 0.5871870993593667, "R2": 0.34374577677845863, "MAE": 0.2923152686567774, "MSE": 0.13896664983147503, "poisson_deviance_explained": 0.3066053901649032}, "3": {"AUC": NaN, "kappa": NaN, "f1": NaN, "precision": NaN, "recall": NaN, "average_precision": NaN, "Spearman_r": 0.5214344563150517, "Pearson_r": 0.5772606361954394, "R2": 0.3327622942913221, "MAE": 0.2889676587035515, "MSE": 0.1376401479781518, "poisson_deviance_explained": 0.285212481364865}, "4": {"AUC": NaN, "kappa": NaN, "f1": NaN, "precision": NaN, "recall": NaN, "average_precision": NaN, "Spearman_r": 0.5255781973477234, "Pearson_r": 0.5837471134180692, "R2": 0.3404298325056392, "MAE": 0.2865111721684086, "MSE": 0.13422717603607243, "poisson_deviance_explained": 0.29094355202500555}, "5": {"AUC": NaN, "kappa": NaN, "f1": NaN, "precision": NaN, "recall": NaN, "average_precision": NaN, "Spearman_r": 0.545858307490551, "Pearson_r": 0.6106716388473992, "R2": 0.37049598896723157, "MAE": 0.2801422810875299, "MSE": 0.12928631782526537, "poisson_deviance_explained": 0.3184033817252204}, "6": {"AUC": NaN, "kappa": NaN, "f1": NaN, "precision": NaN, "recall": NaN, "average_precision": NaN, "Spearman_r": 0.512596101892571, "Pearson_r": 0.5796469402784487, "R2": 0.3351455524795198, "MAE": 0.27754811274219987, "MSE": 0.12663377939936768, "poisson_deviance_explained": 0.2900028410476462}, "7": {"AUC": NaN, "kappa": NaN, "f1": NaN, "precision": NaN, "recall": NaN, "average_precision": NaN, "Spearman_r": 0.5223953456674436, "Pearson_r": 0.573233710025654, "R2": 0.32814711479509806, "MAE": 0.27511763079303453, "MSE": 0.12944556034565566, "poisson_deviance_explained": 0.2991307927425112}, "8": {"AUC": NaN, "kappa": NaN, "f1": NaN, "precision": NaN, "recall": NaN, "average_precision": NaN, "Spearman_r": 0.5434397108260965, "Pearson_r": 0.5923324555202348, "R2": 0.3490912215692158, "MAE": 0.2820379752608991, "MSE": 0.13478580907007687, "poisson_deviance_explained": 0.30396752568477237}, "9": {"AUC": NaN, "kappa": NaN, "f1": NaN, "precision": NaN, "recall": NaN, "average_precision": NaN, "Spearman_r": 0.5076955278794207, "Pearson_r": 0.5758812974774525, "R2": 0.32913456613523484, "MAE": 0.26770614237692675, "MSE": 0.12359802970625267, "poisson_deviance_explained": 0.2900657849149083}, "10": {"AUC": NaN, "kappa": NaN, "f1": NaN, "precision": NaN, "recall": NaN, "average_precision": NaN, "Spearman_r": 0.4756222036847763, "Pearson_r": 0.534673505991583, "R2": 0.2843613939187697, "MAE": 0.2770478456493853, "MSE": 0.12428310911495191, "poisson_deviance_explained": 0.2551134765279499}, "11": {"AUC": NaN, "kappa": NaN, "f1": NaN, "precision": NaN, "recall": NaN, "average_precision": NaN, "Spearman_r": 0.46183721829912633, "Pearson_r": 0.5244069870843938, "R2": 0.2741824918218845, "MAE": 0.23476884090031516, "MSE": 0.09788140378112936, "poisson_deviance_explained": 0.25066964985795437}, "12": {"AUC": NaN, "kappa": NaN, "f1": NaN, "precision": NaN, "recall": NaN, "average_precision": NaN, "Spearman_r": 0.4480047301777038, "Pearson_r": 0.5291004249648936, "R2": 0.2792562023598152, "MAE": 0.22891429256644036, "MSE": 0.09724465908289157, "poisson_deviance_explained": 0.2591873781832894}, "13": {"AUC": NaN, "kappa": NaN, "f1": NaN, "precision": NaN, "recall": NaN, "average_precision": NaN, "Spearman_r": 0.4433178238405166, "Pearson_r": 0.5198194434178623, "R2": 0.2701144221832643, "MAE": 0.218587338451893, "MSE": 0.09392491489648111, "poisson_deviance_explained": 0.2511388101581906}, "14": {"AUC": NaN, "kappa": NaN, "f1": NaN, "precision": NaN, "recall": NaN, "average_precision": NaN, "Spearman_r": 0.43615249374824183, "Pearson_r": 0.5136550741358746, "R2": 0.26373582408161145, "MAE": 0.22278283221191583, "MSE": 0.09506102497000254, "poisson_deviance_explained": 0.24260172096254695}, "15": {"AUC": NaN, "kappa": NaN, "f1": NaN, "precision": NaN, "recall": NaN, "average_precision": NaN, "Spearman_r": 0.4629866481300704, "Pearson_r": 0.5389131153034272, "R2": 0.29011407284011537, "MAE": 0.20823211795053326, "MSE": 0.08504784551697245, "poisson_deviance_explained": 0.28650814383635115}, "16": {"AUC": NaN, "kappa": NaN, "f1": NaN, "precision": NaN, "recall": NaN, "average_precision": NaN, "Spearman_r": 0.44879502756928585, "Pearson_r": 0.5375750314413968, "R2": 0.2885522634829223, "MAE": 0.2023076332241454, "MSE": 0.08332446932462248, "poisson_deviance_explained": 0.27350995268879996}, "17": {"AUC": NaN, "kappa": NaN, "f1": NaN, "precision": NaN, "recall": NaN, "average_precision": NaN, "Spearman_r": 0.4255755247651386, "Pearson_r": 0.5005372616094426, "R2": 0.24904132182331884, "MAE": 0.2073654382044039, "MSE": 0.08313304147680389, "poisson_deviance_explained": 0.24690550421119595}, "18": {"AUC": NaN, "kappa": NaN, "f1": NaN, "precision": NaN, "recall": NaN, "average_precision": NaN, "Spearman_r": 0.47535003229471673, "Pearson_r": 0.5652218621706112, "R2": 0.3188204004363905, "MAE": 0.2240599796576014, "MSE": 0.09507742258985842, "poisson_deviance_explained": 0.2928075246262277}, "19": {"AUC": NaN, "kappa": NaN, "f1": NaN, "precision": NaN, "recall": NaN, "average_precision": NaN, "Spearman_r": 0.494554549300358, "Pearson_r": 0.5679574545527853, "R2": 0.3218326973679173, "MAE": 0.252155905661764, "MSE": 0.11413639103312619, "poisson_deviance_explained": 0.2932165161501935}, "20": {"AUC": NaN, "kappa": NaN, "f1": NaN, "precision": NaN, "recall": NaN, "average_precision": NaN, "Spearman_r": 0.4896498612743011, "Pearson_r": 0.5730889207873842, "R2": 0.32765656425126166, "MAE": 0.2688397722363043, "MSE": 0.12184164082726598, "poisson_deviance_explained": 0.27872308665996715}, "21": {"AUC": NaN, "kappa": NaN, "f1": NaN, "precision": NaN, "recall": NaN, "average_precision": NaN, "Spearman_r": 0.5289334509698178, "Pearson_r": 0.6130825944904406, "R2": 0.37540384055827614, "MAE": 0.286206055496891, "MSE": 0.13583176325899565, "poisson_deviance_explained": 0.31471035999219177}, "22": {"AUC": NaN, "kappa": NaN, "f1": NaN, "precision": NaN, "recall": NaN, "average_precision": NaN, "Spearman_r": 0.560673148030158, "Pearson_r": 0.6158577193060655, "R2": 0.3770550523374189, "MAE": 0.3004172068027788, "MSE": 0.15084380250230076, "poisson_deviance_explained": 0.3221194116076964}, "23": {"AUC": NaN, "kappa": NaN, "f1": NaN, "precision": NaN, "recall": NaN, "average_precision": NaN, "Spearman_r": 0.5530964992503822, "Pearson_r": 0.6138635291407726, "R2": 0.37597553418313456, "MAE": 0.3043694459774024, "MSE": 0.1535808496464211, "poisson_deviance_explained": 0.3274792309662252}, "24": {"AUC": NaN, "kappa": NaN, "f1": NaN, "precision": NaN, "recall": NaN, "average_precision": NaN, "Spearman_r": 0.5814570267410214, "Pearson_r": 0.6512246955458376, "R2": 0.4220140634371202, "MAE": 0.30314840698598083, "MSE": 0.1488979574487613, "poisson_deviance_explained": 0.3536256467377703}, "25": {"AUC": NaN, "kappa": NaN, "f1": NaN, "precision": NaN, "recall": NaN, "average_precision": NaN, "Spearman_r": 0.5658516355604704, "Pearson_r": 0.6407298509838248, "R2": 0.40922386158281077, "MAE": 0.3097543343139738, "MSE": 0.16102060705479987, "poisson_deviance_explained": 0.34748012927912886}, "26": {"AUC": NaN, "kappa": NaN, "f1": NaN, "precision": NaN, "recall": NaN, "average_precision": NaN, "Spearman_r": 0.5487782154745877, "Pearson_r": 0.649704652545996, "R2": 0.4214036805122764, "MAE": 0.284233849763625, "MSE": 0.13826643976911987, "poisson_deviance_explained": 0.3411068175786254}, "27": {"AUC": NaN, "kappa": NaN, "f1": NaN, "precision": NaN, "recall": NaN, "average_precision": NaN, "Spearman_r": 0.577103406982418,