{"1": {"AUC": NaN, "kappa": NaN, "f1": NaN, "precision": NaN, "recall": NaN, "average_precision": NaN, "Spearman_r": 0.509309867556621, "Pearson_r": 0.5891786373632387, "R2": 0.34563882882333674, "MAE": 0.28185225104708495, "MSE": 0.12713419611950333, "poisson_deviance_explained": 0.29080894576334615}, "2": {"AUC": NaN, "kappa": NaN, "f1": NaN, "precision": NaN, "recall": NaN, "average_precision": NaN, "Spearman_r": 0.537405017074622, "Pearson_r": 0.6068574237189784, "R2": 0.367388364247061, "MAE": 0.28281220040814903, "MSE": 0.12829927639644242, "poisson_deviance_explained": 0.3117356260274997}, "3": {"AUC": NaN, "kappa": NaN, "f1": NaN, "precision": NaN, "recall": NaN, "average_precision": NaN, "Spearman_r": 0.5391328600237546, "Pearson_r": 0.6133569701850872, "R2": 0.37390346703937494, "MAE": 0.2840012007334151, "MSE": 0.12987004235889474, "poisson_deviance_explained": 0.3174382325083086}, "4": {"AUC": NaN, "kappa": NaN, "f1": NaN, "precision": NaN, "recall": NaN, "average_precision": NaN, "Spearman_r": 0.5156418924048145, "Pearson_r": 0.6161206218093973, "R2": 0.3781481511440473, "MAE": 0.2364146946335224, "MSE": 0.10404897690395747, "poisson_deviance_explained": 0.33196694164984175}, "5": {"AUC": NaN, "kappa": NaN, "f1": NaN, "precision": NaN, "recall": NaN, "average_precision": NaN, "Spearman_r": 0.5185172096854667, "Pearson_r": 0.5891486416922576, "R2": 0.3458611654561504, "MAE": 0.26675328098530543, "MSE": 0.11629866409093148, "poisson_deviance_explained": 0.3003573754596889}, "6": {"AUC": NaN, "kappa": NaN, "f1": NaN, "precision": NaN, "recall": NaN, "average_precision": NaN, "Spearman_r": 0.5193620100238786, "Pearson_r": 0.5877556420761232, "R2": 0.34196184202755553, "MAE": 0.2742312950140533, "MSE": 0.11917077588610421, "poisson_deviance_explained": 0.2943230090772768}, "7": {"AUC": NaN, "kappa": NaN, "f1": NaN, "precision": NaN, "recall": NaN, "average_precision": NaN, "Spearman_r": 0.5062529198345833, "Pearson_r": 0.5772473967941817, "R2": 0.33030363049430245, "MAE": 0.27723641636058266, "MSE": 0.12215894501130319, "poisson_deviance_explained": 0.28447659057321384}, "8": {"AUC": NaN, "kappa": NaN, "f1": NaN, "precision": NaN, "recall": NaN, "average_precision": NaN, "Spearman_r": 0.5117032407484824, "Pearson_r": 0.5738838975438725, "R2": 0.3276282783978569, "MAE": 0.2760722883850269, "MSE": 0.1230925115258376, "poisson_deviance_explained": 0.288927765812211}, "9": {"AUC": NaN, "kappa": NaN, "f1": NaN, "precision": NaN, "recall": NaN, "average_precision": NaN, "Spearman_r": 0.4955056534833443, "Pearson_r": 0.557925588254769, "R2": 0.3103781540273205, "MAE": 0.2759831260411472, "MSE": 0.12416370088601811, "poisson_deviance_explained": 0.2720049078723209}, "10": {"AUC": NaN, "kappa": NaN, "f1": NaN, "precision": NaN, "recall": NaN, "average_precision": NaN, "Spearman_r": 0.49724544142824945, "Pearson_r": 0.562242125401683, "R2": 0.3141053729918032, "MAE": 0.26571322160722305, "MSE": 0.11711541956787969, "poisson_deviance_explained": 0.28022623799190494}, "11": {"AUC": NaN, "kappa": NaN, "f1": NaN, "precision": NaN, "recall": NaN, "average_precision": NaN, "Spearman_r": 0.46065128803373073, "Pearson_r": 0.5293755483590933, "R2": 0.2795477848382486, "MAE": 0.250262051848457, "MSE": 0.10807601128114022, "poisson_deviance_explained": 0.2560659884866915}, "12": {"AUC": NaN, "kappa": NaN, "f1": NaN, "precision": NaN, "recall": NaN, "average_precision": NaN, "Spearman_r": 0.4640533506736217, "Pearson_r": 0.5362496508930508, "R2": 0.28600954489870856, "MAE": 0.23663544650203708, "MSE": 0.0993067721995415, "poisson_deviance_explained": 0.26710694041889915}, "13": {"AUC": NaN, "kappa": NaN, "f1": NaN, "precision": NaN, "recall": NaN, "average_precision": NaN, "Spearman_r": 0.4712494363946587, "Pearson_r": 0.5403281204607758, "R2": 0.29141060619628, "MAE": 0.2335660407802353, "MSE": 0.09988816375396133, "poisson_deviance_explained": 0.2729755214471101}, "14": {"AUC": NaN, "kappa": NaN, "f1": NaN, "precision": NaN, "recall": NaN, "average_precision": NaN, "Spearman_r": 0.446963347756943, "Pearson_r": 0.5297237383422709, "R2": 0.2799006084446164, "MAE": 0.2164641005993258, "MSE": 0.08850978030814259, "poisson_deviance_explained": 0.2660991152882345}, "15": {"AUC": NaN, "kappa": NaN, "f1": NaN, "precision": NaN, "recall": NaN, "average_precision": NaN, "Spearman_r": 0.4486060920989212, "Pearson_r": 0.5298151349495154, "R2": 0.28024194678697534, "MAE": 0.22116527629213445, "MSE": 0.08962167848870012, "poisson_deviance_explained": 0.26111308618960205}, "16": {"AUC": NaN, "kappa": NaN, "f1": NaN, "precision": NaN, "recall": NaN, "average_precision": NaN, "Spearman_r": 0.4812831920267126, "Pearson_r": 0.5569305419316806, "R2": 0.30904359922699465, "MAE": 0.23514003402666173, "MSE": 0.09895603647737897, "poisson_deviance_explained": 0.2837891062572986}, "17": {"AUC": NaN, "kappa": NaN, "f1": NaN, "precision": NaN, "recall": NaN, "average_precision": NaN, "Spearman_r": 0.4518325410864922, "Pearson_r": 0.5275041798983259, "R2": 0.27771902327988185, "MAE": 0.2342198481778173, "MSE": 0.09657845684166926, "poisson_deviance_explained": 0.2559849014959966}, "18": {"AUC": NaN, "kappa": NaN, "f1": NaN, "precision": NaN, "recall": NaN, "average_precision": NaN, "Spearman_r": 0.47057131625377624, "Pearson_r": 0.5360120427862483, "R2": 0.2865607242191325, "MAE": 0.2501796316274696, "MSE": 0.10625744949790437, "poisson_deviance_explained": 0.2633334628485252}, "19": {"AUC": NaN, "kappa": NaN, "f1": NaN, "precision": NaN, "recall": NaN, "average_precision": NaN, "Spearman_r": 0.49795110163336515, "Pearson_r": 0.5731123004958011, "R2": 0.3272249948827891, "MAE": 0.2668627468350977, "MSE": 0.11561664889360695, "poisson_deviance_explained": 0.28038542193599003}, "20": {"AUC": NaN, "kappa": NaN, "f1": NaN, "precision": NaN, "recall": NaN, "average_precision": NaN, "Spearman_r": 0.48786764580809494, "Pearson_r": 0.5821856703488946, "R2": 0.3377364016058023, "MAE": 0.2794869239515488, "MSE": 0.12343123613399565, "poisson_deviance_explained": 0.2803571812876505}, "21": {"AUC": NaN, "kappa": NaN, "f1": NaN, "precision": NaN, "recall": NaN, "average_precision": NaN, "Spearman_r": 0.5099995437179871, "Pearson_r": 0.6044747256771178, "R2": 0.3643671141757695, "MAE": 0.294422405601466, "MSE": 0.13662635994577574, "poisson_deviance_explained": 0.29405235705363486}, "22": {"AUC": NaN, "kappa": NaN, "f1": NaN, "precision": NaN, "recall": NaN, "average_precision": NaN, "Spearman_r": 0.5374520918527952, "Pearson_r": 0.6345024326503349, "R2": 0.398454918772999, "MAE": 0.30300703411027036, "MSE": 0.14326882085591566, "poisson_deviance_explained": 0.32221772401386706}, "23": {"AUC": NaN, "kappa": NaN, "f1": NaN, "precision": NaN, "recall": NaN, "average_precision": NaN, "Spearman_r": 0.5316392815011115, "Pearson_r": 0.6301181480207952, "R2": 0.39555704765135835, "MAE": 0.2969731204947125, "MSE": 0.13966059475612827, "poisson_deviance_explained": 0.3175909728960019}, "24": {"AUC": NaN, "kappa": NaN, "f1": NaN, "precision": NaN, "recall": NaN, "average_precision": NaN, "Spearman_r": 0.560810214163708, "Pearson_r": 0.6296730205754515, "R2": 0.3950636674037369, "MAE": 0.2944521240490085, "MSE": 0.1384097033554128, "poisson_deviance_explained": 0.3318635126475855}, "25": {"AUC": NaN, "kappa": NaN, "f1": NaN, "precision": NaN, "recall": NaN, "average_precision": NaN, "Spearman_r": 0.5620463444920185, "Pearson_r": 0.6428741904839637, "R2": 0.4095373180821672, "MAE": 0.29668770213668705, "MSE": 0.13846009850940635, "poisson_deviance_explained": 0.3340226722776759}, "26": {"AUC": NaN, "kappa": NaN, "f1": NaN, "precision": NaN, "recall": NaN, "average_precision": NaN, "Spearman_r": 0.5589884838595391, "Pearson_r": 0.6345915020142845, "R2": 0.40054802594400685, "MAE": 0.28505548877218556, "MSE": 0.1311281068898164, "poisson_deviance_explained": 0.3332965828266998}, "27": {"AUC": NaN, "kappa": NaN, "f1": NaN, "precision": NaN, "recall": NaN, "average_precision": NaN, "Spearman_r": 0.5163598689285472,