{"1": {"AUC": NaN, "kappa": NaN, "f1": NaN, "precision": NaN, "recall": NaN, "average_precision": NaN, "Spearman_r": 0.5337390581058905, "Pearson_r": 0.6125605079566852, "R2": 0.37505253601048383, "MAE": 0.2695053761569673, "MSE": 0.1234430376238972, "poisson_deviance_explained": 0.3159752264505288}, "2": {"AUC": NaN, "kappa": NaN, "f1": NaN, "precision": NaN, "recall": NaN, "average_precision": NaN, "Spearman_r": 0.5433584357781343, "Pearson_r": 0.6298596714359054, "R2": 0.39664431688903323, "MAE": 0.25455667731105325, "MSE": 0.11401797727066254, "poisson_deviance_explained": 0.3384111909259293}, "3": {"AUC": NaN, "kappa": NaN, "f1": NaN, "precision": NaN, "recall": NaN, "average_precision": NaN, "Spearman_r": 0.5435008629487785, "Pearson_r": 0.6178668109285814, "R2": 0.3816688226715511, "MAE": 0.2573263373668882, "MSE": 0.1154282922350213, "poisson_deviance_explained": 0.3245480333089208}, "4": {"AUC": NaN, "kappa": NaN, "f1": NaN, "precision": NaN, "recall": NaN, "average_precision": NaN, "Spearman_r": 0.5303481246013869, "Pearson_r": 0.6074678882030538, "R2": 0.36873370305839914, "MAE": 0.24450815639087908, "MSE": 0.10898532799729083, "poisson_deviance_explained": 0.325687255351197}, "5": {"AUC": NaN, "kappa": NaN, "f1": NaN, "precision": NaN, "recall": NaN, "average_precision": NaN, "Spearman_r": 0.5432774730669838, "Pearson_r": 0.617908109252899, "R2": 0.38146057050184035, "MAE": 0.25872137330436257, "MSE": 0.11403222323631704, "poisson_deviance_explained": 0.3224307001925507}, "6": {"AUC": NaN, "kappa": NaN, "f1": NaN, "precision": NaN, "recall": NaN, "average_precision": NaN, "Spearman_r": 0.5240974697720815, "Pearson_r": 0.6029244969462232, "R2": 0.3631553049261441, "MAE": 0.258112721696752, "MSE": 0.11295901915904562, "poisson_deviance_explained": 0.31006954377292706}, "7": {"AUC": NaN, "kappa": NaN, "f1": NaN, "precision": NaN, "recall": NaN, "average_precision": NaN, "Spearman_r": 0.5246392510178746, "Pearson_r": 0.6121599600199554, "R2": 0.37395572523516274, "MAE": 0.25304246189936325, "MSE": 0.10852921010792917, "poisson_deviance_explained": 0.3165996663613877}, "8": {"AUC": NaN, "kappa": NaN, "f1": NaN, "precision": NaN, "recall": NaN, "average_precision": NaN, "Spearman_r": 0.5539399594825983, "Pearson_r": 0.6335875587681647, "R2": 0.40062941974491517, "MAE": 0.24934625673866478, "MSE": 0.10795684206403205, "poisson_deviance_explained": 0.34250983321004824}, "9": {"AUC": NaN, "kappa": NaN, "f1": NaN, "precision": NaN, "recall": NaN, "average_precision": NaN, "Spearman_r": 0.5278070469388085, "Pearson_r": 0.6056318640475906, "R2": 0.36575323984608876, "MAE": 0.25395750410913853, "MSE": 0.11129796856459347, "poisson_deviance_explained": 0.3151782618695609}, "10": {"AUC": NaN, "kappa": NaN, "f1": NaN, "precision": NaN, "recall": NaN, "average_precision": NaN, "Spearman_r": 0.5006988825573458, "Pearson_r": 0.5746038986989394, "R2": 0.329765358857225, "MAE": 0.24625118785655156, "MSE": 0.10561209368941869, "poisson_deviance_explained": 0.2873538138658144}, "11": {"AUC": NaN, "kappa": NaN, "f1": NaN, "precision": NaN, "recall": NaN, "average_precision": NaN, "Spearman_r": 0.4737371854856125, "Pearson_r": 0.550972927007539, "R2": 0.3032586240214593, "MAE": 0.23032026637632488, "MSE": 0.09680295342750274, "poisson_deviance_explained": 0.27493345168923455}, "12": {"AUC": NaN, "kappa": NaN, "f1": NaN, "precision": NaN, "recall": NaN, "average_precision": NaN, "Spearman_r": 0.49198194779529614, "Pearson_r": 0.5764105873452806, "R2": 0.33220358605951716, "MAE": 0.22273298471584027, "MSE": 0.09339627398706601, "poisson_deviance_explained": 0.2951753171469189}, "13": {"AUC": NaN, "kappa": NaN, "f1": NaN, "precision": NaN, "recall": NaN, "average_precision": NaN, "Spearman_r": 0.4937063776692018, "Pearson_r": 0.585376932391659, "R2": 0.3424754523747797, "MAE": 0.21556179997488847, "MSE": 0.09027565229964188, "poisson_deviance_explained": 0.3060805992185036}, "14": {"AUC": NaN, "kappa": NaN, "f1": NaN, "precision": NaN, "recall": NaN, "average_precision": NaN, "Spearman_r": 0.49300815941780657, "Pearson_r": 0.5718352923667084, "R2": 0.32697101175759236, "MAE": 0.21372681593070816, "MSE": 0.08843283149066447, "poisson_deviance_explained": 0.29876888821881553}, "15": {"AUC": NaN, "kappa": NaN, "f1": NaN, "precision": NaN, "recall": NaN, "average_precision": NaN, "Spearman_r": 0.5013665363521144, "Pearson_r": 0.5927438923675553, "R2": 0.35130079817737636, "MAE": 0.21922437455660274, "MSE": 0.09179364419416515, "poisson_deviance_explained": 0.31185153381024067}, "16": {"AUC": NaN, "kappa": NaN, "f1": NaN, "precision": NaN, "recall": NaN, "average_precision": NaN, "Spearman_r": 0.48758598799650077, "Pearson_r": 0.5735780387172502, "R2": 0.3288616846334993, "MAE": 0.21694290387880755, "MSE": 0.089296457324658, "poisson_deviance_explained": 0.3004230678775903}, "17": {"AUC": NaN, "kappa": NaN, "f1": NaN, "precision": NaN, "recall": NaN, "average_precision": NaN, "Spearman_r": 0.4720222106072077, "Pearson_r": 0.5580123520803582, "R2": 0.3113267359924238, "MAE": 0.22137472124519164, "MSE": 0.09112210822015206, "poisson_deviance_explained": 0.28114303547639874}, "18": {"AUC": NaN, "kappa": NaN, "f1": NaN, "precision": NaN, "recall": NaN, "average_precision": NaN, "Spearman_r": 0.5019761489276294, "Pearson_r": 0.585753459686751, "R2": 0.3430273557854079, "MAE": 0.234296460377714, "MSE": 0.09980439679057132, "poisson_deviance_explained": 0.29832216755041285}, "19": {"AUC": NaN, "kappa": NaN, "f1": NaN, "precision": NaN, "recall": NaN, "average_precision": NaN, "Spearman_r": 0.5101515664569692, "Pearson_r": 0.5967721189937356, "R2": 0.35585886983175363, "MAE": 0.24099516054209955, "MSE": 0.10332946278024978, "poisson_deviance_explained": 0.30728417444619616}, "20": {"AUC": NaN, "kappa": NaN, "f1": NaN, "precision": NaN, "recall": NaN, "average_precision": NaN, "Spearman_r": 0.5091571619360974, "Pearson_r": 0.604912489030221, "R2": 0.36583136496098967, "MAE": 0.2551769485225416, "MSE": 0.11249804204435562, "poisson_deviance_explained": 0.3006192959578863}, "21": {"AUC": NaN, "kappa": NaN, "f1": NaN, "precision": NaN, "recall": NaN, "average_precision": NaN, "Spearman_r": 0.5332892398757882, "Pearson_r": 0.6229748322441173, "R2": 0.38787944134601027, "MAE": 0.26960720111959, "MSE": 0.12224387432500144, "poisson_deviance_explained": 0.32093607260078916}, "22": {"AUC": NaN, "kappa": NaN, "f1": NaN, "precision": NaN, "recall": NaN, "average_precision": NaN, "Spearman_r": 0.5409577977056155, "Pearson_r": 0.6415758694904807, "R2": 0.41149302133196186, "MAE": 0.27118738672279574, "MSE": 0.125243321832918, "poisson_deviance_explained": 0.33198661496083515}, "23": {"AUC": NaN, "kappa": NaN, "f1": NaN, "precision": NaN, "recall": NaN, "average_precision": NaN, "Spearman_r": 0.529931749262388, "Pearson_r": 0.6159108069790009, "R2": 0.37903107188559204, "MAE": 0.2701008043759641, "MSE": 0.12499523833300576, "poisson_deviance_explained": 0.3163830208827916}, "24": {"AUC": NaN, "kappa": NaN, "f1": NaN, "precision": NaN, "recall": NaN, "average_precision": NaN, "Spearman_r": 0.5351629047071171, "Pearson_r": 0.6279362654192157, "R2": 0.39392390296198254, "MAE": 0.2583036977415958, "MSE": 0.11691886697425684, "poisson_deviance_explained": 0.3327716402103359}, "25": {"AUC": NaN, "kappa": NaN, "f1": NaN, "precision": NaN, "recall": NaN, "average_precision": NaN, "Spearman_r": 0.5465907508956976, "Pearson_r": 0.6327721324014919, "R2": 0.40015788239747097, "MAE": 0.259607455712868, "MSE": 0.11869627694103484, "poisson_deviance_explained": 0.3376124630219496}, "26": {"AUC": NaN, "kappa": NaN, "f1": NaN, "precision": NaN, "recall": NaN, "average_precision": NaN, "Spearman_r": 0.5507486600047479, "Pearson_r": 0.6346150295823365, "R2": 0.40232599685383286, "MAE": 0.25811856195880906, "MSE": 0.11469426960973586, "poisson_deviance_explained": 0.3431197550997347}, "27": {"AUC": NaN, "kappa": NaN, "f1": NaN, "precision": NaN, "recall": NaN, "average_precision": NaN,