{"AUC": NaN, "kappa": NaN, "f1": NaN, "precision": NaN, "recall": NaN, "average_precision": NaN, "Spearman_r": 0.5112429084902346, "Pearson_r": 0.591830229037741, "R2": 0.3494290304077622, "MAE": 0.2712292849319324, "MSE": 0.12372608724304636, "poisson_deviance_explained": 0.2989994032531563}