{"1": {"AUC": NaN, "kappa": NaN, "f1": NaN, "precision": NaN, "recall": NaN, "average_precision": NaN, "Spearman_r": 0.5181001785698607, "Pearson_r": 0.5860584540787321, "R2": 0.3395706423819975, "MAE": 0.2922520445252085, "MSE": 0.14691643376609181, "poisson_deviance_explained": 0.27246307461802355}, "2": {"AUC": NaN, "kappa": NaN, "f1": NaN, "precision": NaN, "recall": NaN, "average_precision": NaN, "Spearman_r": 0.5381123572201348, "Pearson_r": 0.5742930505781272, "R2": 0.32829180332163854, "MAE": 0.2795660922582344, "MSE": 0.14302444060213942, "poisson_deviance_explained": 0.27593682660656393}, "3": {"AUC": NaN, "kappa": NaN, "f1": NaN, "precision": NaN, "recall": NaN, "average_precision": NaN, "Spearman_r": 0.5179179998160375, "Pearson_r": 0.5772499510921567, "R2": 0.32780400864215287, "MAE": 0.2630102705397964, "MSE": 0.12532233073933155, "poisson_deviance_explained": 0.2828363148564924}, "4": {"AUC": NaN, "kappa": NaN, "f1": NaN, "precision": NaN, "recall": NaN, "average_precision": NaN, "Spearman_r": 0.5107627777318751, "Pearson_r": 0.5748538276726467, "R2": 0.3285285985193164, "MAE": 0.2627896746136941, "MSE": 0.1268034994514133, "poisson_deviance_explained": 0.2714166338413294}, "5": {"AUC": NaN, "kappa": NaN, "f1": NaN, "precision": NaN, "recall": NaN, "average_precision": NaN, "Spearman_r": 0.5212826387092279, "Pearson_r": 0.5795129917631953, "R2": 0.33233637158448315, "MAE": 0.2642795381132702, "MSE": 0.1284854415337186, "poisson_deviance_explained": 0.28258759511428433}, "6": {"AUC": NaN, "kappa": NaN, "f1": NaN, "precision": NaN, "recall": NaN, "average_precision": NaN, "Spearman_r": 0.5273638519759551, "Pearson_r": 0.5942296166036158, "R2": 0.34959533890409455, "MAE": 0.2665041539929605, "MSE": 0.12809574639603205, "poisson_deviance_explained": 0.28411525982180263}, "7": {"AUC": NaN, "kappa": NaN, "f1": NaN, "precision": NaN, "recall": NaN, "average_precision": NaN, "Spearman_r": 0.47642700926366177, "Pearson_r": 0.5543766900306669, "R2": 0.3050516839549732, "MAE": 0.2579252185914614, "MSE": 0.12096649252482419, "poisson_deviance_explained": 0.2623651518848944}, "8": {"AUC": NaN, "kappa": NaN, "f1": NaN, "precision": NaN, "recall": NaN, "average_precision": NaN, "Spearman_r": 0.5103559661672152, "Pearson_r": 0.5770550491355836, "R2": 0.3329698607657585, "MAE": 0.2658032938874927, "MSE": 0.125066262342218, "poisson_deviance_explained": 0.2866782608470284}, "9": {"AUC": NaN, "kappa": NaN, "f1": NaN, "precision": NaN, "recall": NaN, "average_precision": NaN, "Spearman_r": 0.498164556216855, "Pearson_r": 0.5746710170218078, "R2": 0.33018062455869845, "MAE": 0.27357853136099125, "MSE": 0.12909529176967133, "poisson_deviance_explained": 0.27776247456809655}, "10": {"AUC": NaN, "kappa": NaN, "f1": NaN, "precision": NaN, "recall": NaN, "average_precision": NaN, "Spearman_r": 0.5019689637736545, "Pearson_r": 0.5673537544288144, "R2": 0.32109524863950745, "MAE": 0.26446377879093175, "MSE": 0.12400437186666448, "poisson_deviance_explained": 0.28215568077170083}, "11": {"AUC": NaN, "kappa": NaN, "f1": NaN, "precision": NaN, "recall": NaN, "average_precision": NaN, "Spearman_r": 0.4812054561818671, "Pearson_r": 0.5402198877988548, "R2": 0.289162699114231, "MAE": 0.24130568350680237, "MSE": 0.11089234567861012, "poisson_deviance_explained": 0.27084078181698}, "12": {"AUC": NaN, "kappa": NaN, "f1": NaN, "precision": NaN, "recall": NaN, "average_precision": NaN, "Spearman_r": 0.4487942161289448, "Pearson_r": 0.4934650885428406, "R2": 0.23880546680045422, "MAE": 0.22562018224967348, "MSE": 0.10017353364918932, "poisson_deviance_explained": 0.23915843719101115}, "13": {"AUC": NaN, "kappa": NaN, "f1": NaN, "precision": NaN, "recall": NaN, "average_precision": NaN, "Spearman_r": 0.4062312259336835, "Pearson_r": 0.4796109288817801, "R2": 0.2261541037527619, "MAE": 0.2095168157084991, "MSE": 0.09076031337634087, "poisson_deviance_explained": 0.22946945707607302}, "14": {"AUC": NaN, "kappa": NaN, "f1": NaN, "precision": NaN, "recall": NaN, "average_precision": NaN, "Spearman_r": 0.40580815660234976, "Pearson_r": 0.4612555140746882, "R2": 0.198260801185419, "MAE": 0.2085404342238472, "MSE": 0.09227164198975561, "poisson_deviance_explained": 0.19281771910211443}, "15": {"AUC": NaN, "kappa": NaN, "f1": NaN, "precision": NaN, "recall": NaN, "average_precision": NaN, "Spearman_r": 0.4380347113373035, "Pearson_r": 0.5184569640031395, "R2": 0.25979745007048527, "MAE": 0.20628582555414363, "MSE": 0.08858906305840133, "poisson_deviance_explained": 0.23599176250425735}, "16": {"AUC": NaN, "kappa": NaN, "f1": NaN, "precision": NaN, "recall": NaN, "average_precision": NaN, "Spearman_r": 0.4307595884501449, "Pearson_r": 0.5108034078613723, "R2": 0.25529941735437767, "MAE": 0.21900151140315652, "MSE": 0.09933796091882369, "poisson_deviance_explained": 0.22637075449691957}, "17": {"AUC": NaN, "kappa": NaN, "f1": NaN, "precision": NaN, "recall": NaN, "average_precision": NaN, "Spearman_r": 0.42929452725023515, "Pearson_r": 0.4729942227371281, "R2": 0.20833619502377054, "MAE": 0.2189119728747192, "MSE": 0.09624246036256427, "poisson_deviance_explained": 0.21316478617572365}, "18": {"AUC": NaN, "kappa": NaN, "f1": NaN, "precision": NaN, "recall": NaN, "average_precision": NaN, "Spearman_r": 0.46301520401601615, "Pearson_r": 0.5445691415866575, "R2": 0.29448974377178916, "MAE": 0.22535740731782547, "MSE": 0.10381976546986404, "poisson_deviance_explained": 0.2585642601959488}, "19": {"AUC": NaN, "kappa": NaN, "f1": NaN, "precision": NaN, "recall": NaN, "average_precision": NaN, "Spearman_r": 0.44964473064791155, "Pearson_r": 0.5327560933192632, "R2": 0.28104301795234476, "MAE": 0.25409823900248124, "MSE": 0.11761120039452473, "poisson_deviance_explained": 0.21539475152599996}, "20": {"AUC": NaN, "kappa": NaN, "f1": NaN, "precision": NaN, "recall": NaN, "average_precision": NaN, "Spearman_r": 0.4961204316218187, "Pearson_r": 0.5770918922588111, "R2": 0.3322984893197777, "MAE": 0.27198394486102784, "MSE": 0.13075495891379, "poisson_deviance_explained": 0.27747777400729545}, "21": {"AUC": NaN, "kappa": NaN, "f1": NaN, "precision": NaN, "recall": NaN, "average_precision": NaN, "Spearman_r": 0.529754450978126, "Pearson_r": 0.6200951148481159, "R2": 0.3843047193877659, "MAE": 0.29690924661985135, "MSE": 0.1490528866907107, "poisson_deviance_explained": 0.3112834682698702}, "22": {"AUC": NaN, "kappa": NaN, "f1": NaN, "precision": NaN, "recall": NaN, "average_precision": NaN, "Spearman_r": 0.5703684321633163, "Pearson_r": 0.666229959651836, "R2": 0.4423723030487864, "MAE": 0.29406230476992856, "MSE": 0.14360472779291106, "poisson_deviance_explained": 0.34842468488953593}, "23": {"AUC": NaN, "kappa": NaN, "f1": NaN, "precision": NaN, "recall": NaN, "average_precision": NaN, "Spearman_r": 0.5810649090090568, "Pearson_r": 0.6629891710747161, "R2": 0.43955341567117345, "MAE": 0.30254027995514016, "MSE": 0.1578230127400736, "poisson_deviance_explained": 0.3443482398763108}, "24": {"AUC": NaN, "kappa": NaN, "f1": NaN, "precision": NaN, "recall": NaN, "average_precision": NaN, "Spearman_r": 0.5623776173407302, "Pearson_r": 0.6233996882167949, "R2": 0.38709072696069524, "MAE": 0.29970469750010637, "MSE": 0.1531828954021474, "poisson_deviance_explained": 0.3195448879509343}, "25": {"AUC": NaN, "kappa": NaN, "f1": NaN, "precision": NaN, "recall": NaN, "average_precision": NaN, "Spearman_r": 0.5659104952534396, "Pearson_r": 0.6507036040807876, "R2": 0.4232588920222061, "MAE": 0.3023658784266164, "MSE": 0.15206763431127815, "poisson_deviance_explained": 0.3343878863578239}, "26": {"AUC": NaN, "kappa": NaN, "f1": NaN, "precision": NaN, "recall": NaN, "average_precision": NaN, "Spearman_r": 0.5451369691954049, "Pearson_r": 0.6038646003148891, "R2": 0.36298641878536675, "MAE": 0.2706179509265506, "MSE": 0.1328579779343547, "poisson_deviance_explained": 0.30854142597237255}, "27": {"AUC": NaN, "kappa": NaN, "f1": NaN, "precision": NaN, "recall": NaN, "average_precision": NaN,