{"1": {"AUC": NaN, "kappa": NaN, "f1": NaN, "precision": NaN, "recall": NaN, "average_precision": NaN, "Spearman_r": 0.5552443068077533, "Pearson_r": 0.6249784320609436, "R2": 0.388380214945095, "MAE": 0.2992361801089894, "MSE": 0.14377195923847486, "poisson_deviance_explained": 0.33032892662832913}, "2": {"AUC": NaN, "kappa": NaN, "f1": NaN, "precision": NaN, "recall": NaN, "average_precision": NaN, "Spearman_r": 0.5674668993929297, "Pearson_r": 0.6267033686876928, "R2": 0.39212049227699763, "MAE": 0.2735632455699588, "MSE": 0.13063995750291535, "poisson_deviance_explained": 0.34062726855551384}, "3": {"AUC": NaN, "kappa": NaN, "f1": NaN, "precision": NaN, "recall": NaN, "average_precision": NaN, "Spearman_r": 0.5618130820213367, "Pearson_r": 0.6344034977840093, "R2": 0.4000556254856539, "MAE": 0.2560920643295866, "MSE": 0.11818840807706288, "poisson_deviance_explained": 0.3562141822269699}, "4": {"AUC": NaN, "kappa": NaN, "f1": NaN, "precision": NaN, "recall": NaN, "average_precision": NaN, "Spearman_r": 0.5298944260979669, "Pearson_r": 0.5857790156889486, "R2": 0.34277235691467745, "MAE": 0.2716681383566086, "MSE": 0.1290075207547073, "poisson_deviance_explained": 0.3028520073753941}, "5": {"AUC": NaN, "kappa": NaN, "f1": NaN, "precision": NaN, "recall": NaN, "average_precision": NaN, "Spearman_r": 0.5386455188514719, "Pearson_r": 0.5906494970769282, "R2": 0.34822211165579875, "MAE": 0.2603428379318935, "MSE": 0.11933453506394898, "poisson_deviance_explained": 0.311537570888922}, "6": {"AUC": NaN, "kappa": NaN, "f1": NaN, "precision": NaN, "recall": NaN, "average_precision": NaN, "Spearman_r": 0.5297629560952072, "Pearson_r": 0.6008631394091487, "R2": 0.359474872828911, "MAE": 0.2744772433331807, "MSE": 0.12701424714419857, "poisson_deviance_explained": 0.3106077810473419}, "7": {"AUC": NaN, "kappa": NaN, "f1": NaN, "precision": NaN, "recall": NaN, "average_precision": NaN, "Spearman_r": 0.5021220279046535, "Pearson_r": 0.5569847493371716, "R2": 0.3100067875567173, "MAE": 0.27865881934549486, "MSE": 0.1269218851015288, "poisson_deviance_explained": 0.2716467975501574}, "8": {"AUC": NaN, "kappa": NaN, "f1": NaN, "precision": NaN, "recall": NaN, "average_precision": NaN, "Spearman_r": 0.5433466775088928, "Pearson_r": 0.5985138061039521, "R2": 0.3546213032170955, "MAE": 0.28305358256723595, "MSE": 0.13043704380125165, "poisson_deviance_explained": 0.3162188081989721}, "9": {"AUC": NaN, "kappa": NaN, "f1": NaN, "precision": NaN, "recall": NaN, "average_precision": NaN, "Spearman_r": 0.48903426603494027, "Pearson_r": 0.5633746540072828, "R2": 0.3159619808846251, "MAE": 0.2792356953389765, "MSE": 0.12964906111516858, "poisson_deviance_explained": 0.26986303379483656}, "10": {"AUC": NaN, "kappa": NaN, "f1": NaN, "precision": NaN, "recall": NaN, "average_precision": NaN, "Spearman_r": 0.5150476086882577, "Pearson_r": 0.5934146976430754, "R2": 0.3491879376169894, "MAE": 0.24860469061629017, "MSE": 0.1074953023947176, "poisson_deviance_explained": 0.31628884144588076}, "11": {"AUC": NaN, "kappa": NaN, "f1": NaN, "precision": NaN, "recall": NaN, "average_precision": NaN, "Spearman_r": 0.4410992557724253, "Pearson_r": 0.5061682335125138, "R2": 0.25616415460369335, "MAE": 0.23669691012153676, "MSE": 0.10413989427369892, "poisson_deviance_explained": 0.24102045988059895}, "12": {"AUC": NaN, "kappa": NaN, "f1": NaN, "precision": NaN, "recall": NaN, "average_precision": NaN, "Spearman_r": 0.4575686473252458, "Pearson_r": 0.5554019536760325, "R2": 0.3072122640257594, "MAE": 0.22007720303222136, "MSE": 0.09002269096105152, "poisson_deviance_explained": 0.27437949143889906}, "13": {"AUC": NaN, "kappa": NaN, "f1": NaN, "precision": NaN, "recall": NaN, "average_precision": NaN, "Spearman_r": 0.44522020803319223, "Pearson_r": 0.5041692665929708, "R2": 0.25371548927739185, "MAE": 0.21533779497971148, "MSE": 0.0924769142441006, "poisson_deviance_explained": 0.2584623485799259}, "14": {"AUC": NaN, "kappa": NaN, "f1": NaN, "precision": NaN, "recall": NaN, "average_precision": NaN, "Spearman_r": 0.4470414689072378, "Pearson_r": 0.521728868628898, "R2": 0.2717679637514906, "MAE": 0.1969076931581875, "MSE": 0.08208663817889668, "poisson_deviance_explained": 0.2728889531425204}, "15": {"AUC": NaN, "kappa": NaN, "f1": NaN, "precision": NaN, "recall": NaN, "average_precision": NaN, "Spearman_r": 0.44408901231565145, "Pearson_r": 0.5304748567719277, "R2": 0.2813559541808214, "MAE": 0.21813897581745031, "MSE": 0.09240792629394008, "poisson_deviance_explained": 0.26121067317860536}, "16": {"AUC": NaN, "kappa": NaN, "f1": NaN, "precision": NaN, "recall": NaN, "average_precision": NaN, "Spearman_r": 0.42643338095971234, "Pearson_r": 0.5071922121098863, "R2": 0.25320420246069175, "MAE": 0.2103684146115258, "MSE": 0.08590396445523206, "poisson_deviance_explained": 0.23350468467493768}, "17": {"AUC": NaN, "kappa": NaN, "f1": NaN, "precision": NaN, "recall": NaN, "average_precision": NaN, "Spearman_r": 0.47675283931786283, "Pearson_r": 0.5234775715727362, "R2": 0.2737884853025644, "MAE": 0.2345325472743611, "MSE": 0.10130103084711284, "poisson_deviance_explained": 0.2668414295566601}, "18": {"AUC": NaN, "kappa": NaN, "f1": NaN, "precision": NaN, "recall": NaN, "average_precision": NaN, "Spearman_r": 0.4700247511770418, "Pearson_r": 0.5497725887629927, "R2": 0.3016046333240059, "MAE": 0.23331523119341394, "MSE": 0.09960485539209415, "poisson_deviance_explained": 0.2751810645240498}, "19": {"AUC": NaN, "kappa": NaN, "f1": NaN, "precision": NaN, "recall": NaN, "average_precision": NaN, "Spearman_r": 0.49814079251611254, "Pearson_r": 0.5742831122119197, "R2": 0.3291602221094524, "MAE": 0.24540561387926527, "MSE": 0.10903399140987644, "poisson_deviance_explained": 0.2957424589341364}, "20": {"AUC": NaN, "kappa": NaN, "f1": NaN, "precision": NaN, "recall": NaN, "average_precision": NaN, "Spearman_r": 0.5022457085214618, "Pearson_r": 0.5679225971766734, "R2": 0.3224169140112979, "MAE": 0.2761117084410911, "MSE": 0.12723353090242187, "poisson_deviance_explained": 0.2810281986046461}, "21": {"AUC": NaN, "kappa": NaN, "f1": NaN, "precision": NaN, "recall": NaN, "average_precision": NaN, "Spearman_r": 0.5438468261225646, "Pearson_r": 0.631543303165526, "R2": 0.39758564241082395, "MAE": 0.29273819342376006, "MSE": 0.1384930520451296, "poisson_deviance_explained": 0.326577862110896}, "22": {"AUC": NaN, "kappa": NaN, "f1": NaN, "precision": NaN, "recall": NaN, "average_precision": NaN, "Spearman_r": 0.5788831026580286, "Pearson_r": 0.663027734597456, "R2": 0.43848163407357243, "MAE": 0.2970703792578127, "MSE": 0.14635118801070462, "poisson_deviance_explained": 0.3565297984723097}, "23": {"AUC": NaN, "kappa": NaN, "f1": NaN, "precision": NaN, "recall": NaN, "average_precision": NaN, "Spearman_r": 0.5870287101979869, "Pearson_r": 0.6534114175716592, "R2": 0.4259601644639782, "MAE": 0.296512576385755, "MSE": 0.1465254121592199, "poisson_deviance_explained": 0.36348624992977274}, "24": {"AUC": NaN, "kappa": NaN, "f1": NaN, "precision": NaN, "recall": NaN, "average_precision": NaN, "Spearman_r": 0.5462673882585034, "Pearson_r": 0.6530158775847247, "R2": 0.4258948654868926, "MAE": 0.2771809566407439, "MSE": 0.1315760492793557, "poisson_deviance_explained": 0.3321540228511566}, "25": {"AUC": NaN, "kappa": NaN, "f1": NaN, "precision": NaN, "recall": NaN, "average_precision": NaN, "Spearman_r": 0.5356279180541478, "Pearson_r": 0.628119222902643, "R2": 0.39194107165932734, "MAE": 0.2952855942012812, "MSE": 0.13980612669891082, "poisson_deviance_explained": 0.31607239387346764}, "26": {"AUC": NaN, "kappa": NaN, "f1": NaN, "precision": NaN, "recall": NaN, "average_precision": NaN, "Spearman_r": 0.5561736704610813, "Pearson_r": 0.6320508243915782, "R2": 0.3982758752371588, "MAE": 0.2845907034020714, "MSE": 0.1361664603362067, "poisson_deviance_explained": 0.32520547337217887}, "27": {"AUC": NaN, "kappa": NaN, "f1": NaN, "precision": NaN, "recall": NaN, "average_precision": NaN, "Spearman_r": 0.5531675034965777,