{"1": {"AUC": NaN, "kappa": NaN, "f1": NaN, "precision": NaN, "recall": NaN, "average_precision": NaN, "Spearman_r": 0.49407318659245814, "Pearson_r": 0.5672750526569099, "R2": 0.31997584569624316, "MAE": 0.28884891834454723, "MSE": 0.14141584008236027, "poisson_deviance_explained": 0.26259066075346416}, "2": {"AUC": NaN, "kappa": NaN, "f1": NaN, "precision": NaN, "recall": NaN, "average_precision": NaN, "Spearman_r": 0.5378990225660606, "Pearson_r": 0.6114088415238773, "R2": 0.3735242445199718, "MAE": 0.2919828690596583, "MSE": 0.14293876411612136, "poisson_deviance_explained": 0.2967662881610216}, "3": {"AUC": NaN, "kappa": NaN, "f1": NaN, "precision": NaN, "recall": NaN, "average_precision": NaN, "Spearman_r": 0.5624991447971857, "Pearson_r": 0.6351558960131518, "R2": 0.40322334897227496, "MAE": 0.2909841072907452, "MSE": 0.141021748243164, "poisson_deviance_explained": 0.32514028811613405}, "4": {"AUC": NaN, "kappa": NaN, "f1": NaN, "precision": NaN, "recall": NaN, "average_precision": NaN, "Spearman_r": 0.5550947757966231, "Pearson_r": 0.6195936786201557, "R2": 0.38246446670411316, "MAE": 0.2762299546054279, "MSE": 0.1308184677517143, "poisson_deviance_explained": 0.3277739539166886}, "5": {"AUC": NaN, "kappa": NaN, "f1": NaN, "precision": NaN, "recall": NaN, "average_precision": NaN, "Spearman_r": 0.5421896431387155, "Pearson_r": 0.60713108364026, "R2": 0.36850769131091354, "MAE": 0.27696950560408834, "MSE": 0.13258517320768307, "poisson_deviance_explained": 0.311411871847287}, "6": {"AUC": NaN, "kappa": NaN, "f1": NaN, "precision": NaN, "recall": NaN, "average_precision": NaN, "Spearman_r": 0.5133108017779854, "Pearson_r": 0.5801766409587198, "R2": 0.33638132573505675, "MAE": 0.2750659865830188, "MSE": 0.12665739061810652, "poisson_deviance_explained": 0.2818335182374857}, "7": {"AUC": NaN, "kappa": NaN, "f1": NaN, "precision": NaN, "recall": NaN, "average_precision": NaN, "Spearman_r": 0.49684721309660856, "Pearson_r": 0.5721092428213292, "R2": 0.3272340545775255, "MAE": 0.2623130940571857, "MSE": 0.11831988521927493, "poisson_deviance_explained": 0.2827017594301199}, "8": {"AUC": NaN, "kappa": NaN, "f1": NaN, "precision": NaN, "recall": NaN, "average_precision": NaN, "Spearman_r": 0.4888969781809659, "Pearson_r": 0.5543316625194143, "R2": 0.3070371272686334, "MAE": 0.2716013693389187, "MSE": 0.12541930690302863, "poisson_deviance_explained": 0.2625456013856542}, "9": {"AUC": NaN, "kappa": NaN, "f1": NaN, "precision": NaN, "recall": NaN, "average_precision": NaN, "Spearman_r": 0.4937212727127197, "Pearson_r": 0.5483387843189979, "R2": 0.299763434285818, "MAE": 0.2731008393563716, "MSE": 0.127623407224763, "poisson_deviance_explained": 0.2611146800177273}, "10": {"AUC": NaN, "kappa": NaN, "f1": NaN, "precision": NaN, "recall": NaN, "average_precision": NaN, "Spearman_r": 0.4596979459321694, "Pearson_r": 0.5073925299136487, "R2": 0.25710485978682085, "MAE": 0.27225395912618994, "MSE": 0.12461906919224039, "poisson_deviance_explained": 0.22687566109037927}, "11": {"AUC": NaN, "kappa": NaN, "f1": NaN, "precision": NaN, "recall": NaN, "average_precision": NaN, "Spearman_r": 0.460668324073825, "Pearson_r": 0.520884976010126, "R2": 0.27072870656923476, "MAE": 0.24231752594574466, "MSE": 0.10556127582260193, "poisson_deviance_explained": 0.24225123396923742}, "12": {"AUC": NaN, "kappa": NaN, "f1": NaN, "precision": NaN, "recall": NaN, "average_precision": NaN, "Spearman_r": 0.4206999902220373, "Pearson_r": 0.4929249800938337, "R2": 0.23855680691822645, "MAE": 0.22903328395118777, "MSE": 0.0970946877113072, "poisson_deviance_explained": 0.22371081440700968}, "13": {"AUC": NaN, "kappa": NaN, "f1": NaN, "precision": NaN, "recall": NaN, "average_precision": NaN, "Spearman_r": 0.4389260455018843, "Pearson_r": 0.517780801091499, "R2": 0.26657379960309946, "MAE": 0.2265558334391079, "MSE": 0.09597250524575633, "poisson_deviance_explained": 0.24106352476641502}, "14": {"AUC": NaN, "kappa": NaN, "f1": NaN, "precision": NaN, "recall": NaN, "average_precision": NaN, "Spearman_r": 0.4229572155730994, "Pearson_r": 0.49010023495128097, "R2": 0.23677689892654963, "MAE": 0.21851358908586174, "MSE": 0.09264280305420042, "poisson_deviance_explained": 0.2226388561783762}, "15": {"AUC": NaN, "kappa": NaN, "f1": NaN, "precision": NaN, "recall": NaN, "average_precision": NaN, "Spearman_r": 0.4029111151988096, "Pearson_r": 0.4754238421860801, "R2": 0.22304779068361058, "MAE": 0.20963455265652067, "MSE": 0.08876110972159576, "poisson_deviance_explained": 0.20866156602661756}, "16": {"AUC": NaN, "kappa": NaN, "f1": NaN, "precision": NaN, "recall": NaN, "average_precision": NaN, "Spearman_r": 0.44945515076672615, "Pearson_r": 0.5297057907028633, "R2": 0.27225027061119444, "MAE": 0.1992316188252063, "MSE": 0.08377447313912587, "poisson_deviance_explained": 0.2567409678196907}, "17": {"AUC": NaN, "kappa": NaN, "f1": NaN, "precision": NaN, "recall": NaN, "average_precision": NaN, "Spearman_r": 0.40790024386111556, "Pearson_r": 0.4676463213342195, "R2": 0.21036036093502164, "MAE": 0.2240814097996839, "MSE": 0.09685690514599979, "poisson_deviance_explained": 0.20682051509617583}, "18": {"AUC": NaN, "kappa": NaN, "f1": NaN, "precision": NaN, "recall": NaN, "average_precision": NaN, "Spearman_r": 0.4238745745612185, "Pearson_r": 0.4988754026645304, "R2": 0.2451781582770921, "MAE": 0.2437064661696465, "MSE": 0.10774512739896264, "poisson_deviance_explained": 0.21585529065744846}, "19": {"AUC": NaN, "kappa": NaN, "f1": NaN, "precision": NaN, "recall": NaN, "average_precision": NaN, "Spearman_r": 0.4422814262837964, "Pearson_r": 0.5137670418498045, "R2": 0.2591854809740164, "MAE": 0.26360818296947647, "MSE": 0.12009055410385762, "poisson_deviance_explained": 0.2178166967062054}, "20": {"AUC": NaN, "kappa": NaN, "f1": NaN, "precision": NaN, "recall": NaN, "average_precision": NaN, "Spearman_r": 0.49750788690041337, "Pearson_r": 0.5837287475235834, "R2": 0.3404321967610573, "MAE": 0.2805896013425218, "MSE": 0.1321595431298498, "poisson_deviance_explained": 0.27928652805800125}, "21": {"AUC": NaN, "kappa": NaN, "f1": NaN, "precision": NaN, "recall": NaN, "average_precision": NaN, "Spearman_r": 0.5347727802733432, "Pearson_r": 0.624005530226534, "R2": 0.3893422993225759, "MAE": 0.30701596902831313, "MSE": 0.15713761929811548, "poisson_deviance_explained": 0.31114611473225495}, "22": {"AUC": NaN, "kappa": NaN, "f1": NaN, "precision": NaN, "recall": NaN, "average_precision": NaN, "Spearman_r": 0.5309797142970192, "Pearson_r": 0.6162960667327149, "R2": 0.37834959680612934, "MAE": 0.29886381436298093, "MSE": 0.15093084614424457, "poisson_deviance_explained": 0.2956072568719269}, "23": {"AUC": NaN, "kappa": NaN, "f1": NaN, "precision": NaN, "recall": NaN, "average_precision": NaN, "Spearman_r": 0.5795596942980076, "Pearson_r": 0.6483398557266187, "R2": 0.41771857007307833, "MAE": 0.31901321945555583, "MSE": 0.1662184476878218, "poisson_deviance_explained": 0.3308379130636344}, "24": {"AUC": NaN, "kappa": NaN, "f1": NaN, "precision": NaN, "recall": NaN, "average_precision": NaN, "Spearman_r": 0.5271245424483507, "Pearson_r": 0.583384781927811, "R2": 0.3367045958330033, "MAE": 0.30987402530528907, "MSE": 0.15883118924749448, "poisson_deviance_explained": 0.2827372326651286}, "25": {"AUC": NaN, "kappa": NaN, "f1": NaN, "precision": NaN, "recall": NaN, "average_precision": NaN, "Spearman_r": 0.5683440879238466, "Pearson_r": 0.640920085426635, "R2": 0.4106072013050074, "MAE": 0.30039212911770075, "MSE": 0.15125558486444246, "poisson_deviance_explained": 0.33116846765877517}, "26": {"AUC": NaN, "kappa": NaN, "f1": NaN, "precision": NaN, "recall": NaN, "average_precision": NaN, "Spearman_r": 0.536795820017955, "Pearson_r": 0.6187702362361428, "R2": 0.3826978805766341, "MAE": 0.290187781848087, "MSE": 0.1377848973402763, "poisson_deviance_explained": 0.30210258453072825}, "27": {"AUC": NaN, "kappa": NaN, "f1": NaN, "precision": NaN, "recall": NaN, "average_precision": NaN,