{"1": {"AUC": NaN, "kappa": NaN, "f1": NaN, "precision": NaN, "recall": NaN, "average_precision": NaN, "Spearman_r": 0.5340523128202854, "Pearson_r": 0.6071547442194587, "R2": 0.3665296814710094, "MAE": 0.2853411215785737, "MSE": 0.13176924033876747, "poisson_deviance_explained": 0.3103475837724383}, "2": {"AUC": NaN, "kappa": NaN, "f1": NaN, "precision": NaN, "recall": NaN, "average_precision": NaN, "Spearman_r": 0.5402309273481376, "Pearson_r": 0.6016396346440115, "R2": 0.3605505952745466, "MAE": 0.2874129790085024, "MSE": 0.13302309665528078, "poisson_deviance_explained": 0.31037558360953166}, "3": {"AUC": NaN, "kappa": NaN, "f1": NaN, "precision": NaN, "recall": NaN, "average_precision": NaN, "Spearman_r": 0.52591493585415, "Pearson_r": 0.5949484755873385, "R2": 0.3521479064240678, "MAE": 0.281391697990564, "MSE": 0.12693547645036887, "poisson_deviance_explained": 0.2982713937068737}, "4": {"AUC": NaN, "kappa": NaN, "f1": NaN, "precision": NaN, "recall": NaN, "average_precision": NaN, "Spearman_r": 0.5199955599751047, "Pearson_r": 0.6144456225449212, "R2": 0.37614516747071847, "MAE": 0.23255174918646293, "MSE": 0.10391599791845411, "poisson_deviance_explained": 0.33820776322295787}, "5": {"AUC": NaN, "kappa": NaN, "f1": NaN, "precision": NaN, "recall": NaN, "average_precision": NaN, "Spearman_r": 0.5505174130106419, "Pearson_r": 0.6220952439103499, "R2": 0.38269455567793953, "MAE": 0.269454240858105, "MSE": 0.12081035541200476, "poisson_deviance_explained": 0.33189537515418455}, "6": {"AUC": NaN, "kappa": NaN, "f1": NaN, "precision": NaN, "recall": NaN, "average_precision": NaN, "Spearman_r": 0.5240944169321302, "Pearson_r": 0.5886899385588175, "R2": 0.3448903204943402, "MAE": 0.27250318783245003, "MSE": 0.11990938829950282, "poisson_deviance_explained": 0.29937183265733835}, "7": {"AUC": NaN, "kappa": NaN, "f1": NaN, "precision": NaN, "recall": NaN, "average_precision": NaN, "Spearman_r": 0.5009103141982107, "Pearson_r": 0.5720830496058961, "R2": 0.32573615395389943, "MAE": 0.26730572987379647, "MSE": 0.1169319151811657, "poisson_deviance_explained": 0.282821129791048}, "8": {"AUC": NaN, "kappa": NaN, "f1": NaN, "precision": NaN, "recall": NaN, "average_precision": NaN, "Spearman_r": 0.49777599473196427, "Pearson_r": 0.5690248426844258, "R2": 0.3222507048809281, "MAE": 0.27988617023048645, "MSE": 0.12692057129221357, "poisson_deviance_explained": 0.27648453714697374}, "9": {"AUC": NaN, "kappa": NaN, "f1": NaN, "precision": NaN, "recall": NaN, "average_precision": NaN, "Spearman_r": 0.4801385476067926, "Pearson_r": 0.5377269165188786, "R2": 0.2883618460044408, "MAE": 0.27867288668786444, "MSE": 0.12338180911832079, "poisson_deviance_explained": 0.2555631703034139}, "10": {"AUC": NaN, "kappa": NaN, "f1": NaN, "precision": NaN, "recall": NaN, "average_precision": NaN, "Spearman_r": 0.4751063022879229, "Pearson_r": 0.5421796295489089, "R2": 0.29318713038486943, "MAE": 0.2681425413147261, "MSE": 0.11792827370685317, "poisson_deviance_explained": 0.257456536609288}, "11": {"AUC": NaN, "kappa": NaN, "f1": NaN, "precision": NaN, "recall": NaN, "average_precision": NaN, "Spearman_r": 0.44648291721030514, "Pearson_r": 0.5155620958015502, "R2": 0.26476833982778336, "MAE": 0.2431148381075138, "MSE": 0.10390244230828048, "poisson_deviance_explained": 0.24603358152424304}, "12": {"AUC": NaN, "kappa": NaN, "f1": NaN, "precision": NaN, "recall": NaN, "average_precision": NaN, "Spearman_r": 0.4437245325378231, "Pearson_r": 0.5024177437575683, "R2": 0.25188478588442575, "MAE": 0.23624109607444121, "MSE": 0.09905667308614334, "poisson_deviance_explained": 0.24059376294660795}, "13": {"AUC": NaN, "kappa": NaN, "f1": NaN, "precision": NaN, "recall": NaN, "average_precision": NaN, "Spearman_r": 0.45520067422993127, "Pearson_r": 0.5319451262582697, "R2": 0.2817108496548849, "MAE": 0.22728664436790483, "MSE": 0.09420678909825143, "poisson_deviance_explained": 0.2658346534893343}, "14": {"AUC": NaN, "kappa": NaN, "f1": NaN, "precision": NaN, "recall": NaN, "average_precision": NaN, "Spearman_r": 0.4482781051940521, "Pearson_r": 0.5314150628763895, "R2": 0.28198494113579287, "MAE": 0.21386605295452799, "MSE": 0.0877927091186815, "poisson_deviance_explained": 0.265776616611643}, "15": {"AUC": NaN, "kappa": NaN, "f1": NaN, "precision": NaN, "recall": NaN, "average_precision": NaN, "Spearman_r": 0.4493658970740939, "Pearson_r": 0.5239538970140689, "R2": 0.2736986033994393, "MAE": 0.2292049441403348, "MSE": 0.09415921435074219, "poisson_deviance_explained": 0.2488437524022974}, "16": {"AUC": NaN, "kappa": NaN, "f1": NaN, "precision": NaN, "recall": NaN, "average_precision": NaN, "Spearman_r": 0.45448238241698036, "Pearson_r": 0.5353302136477506, "R2": 0.28614979640769167, "MAE": 0.22793026699060911, "MSE": 0.09443190048827015, "poisson_deviance_explained": 0.2644352184028568}, "17": {"AUC": NaN, "kappa": NaN, "f1": NaN, "precision": NaN, "recall": NaN, "average_precision": NaN, "Spearman_r": 0.4445149274174833, "Pearson_r": 0.5205824169909316, "R2": 0.27086065413567073, "MAE": 0.22578626686723482, "MSE": 0.09361843418661185, "poisson_deviance_explained": 0.25035395971299146}, "18": {"AUC": NaN, "kappa": NaN, "f1": NaN, "precision": NaN, "recall": NaN, "average_precision": NaN, "Spearman_r": 0.46279411286026007, "Pearson_r": 0.526969246220496, "R2": 0.27704492271695835, "MAE": 0.2403271958113821, "MSE": 0.1027668564605432, "poisson_deviance_explained": 0.2558495830648341}, "19": {"AUC": NaN, "kappa": NaN, "f1": NaN, "precision": NaN, "recall": NaN, "average_precision": NaN, "Spearman_r": 0.4639951819426571, "Pearson_r": 0.5389336176514685, "R2": 0.2895662260561189, "MAE": 0.251327472221337, "MSE": 0.11012806647883377, "poisson_deviance_explained": 0.2603528990665246}, "20": {"AUC": NaN, "kappa": NaN, "f1": NaN, "precision": NaN, "recall": NaN, "average_precision": NaN, "Spearman_r": 0.4930934952320947, "Pearson_r": 0.5801545836065124, "R2": 0.3354271138101811, "MAE": 0.26602416705449067, "MSE": 0.11725480337955245, "poisson_deviance_explained": 0.2840049660593509}, "21": {"AUC": NaN, "kappa": NaN, "f1": NaN, "precision": NaN, "recall": NaN, "average_precision": NaN, "Spearman_r": 0.5033009012950462, "Pearson_r": 0.6052895082812512, "R2": 0.36528340147002136, "MAE": 0.284379771385521, "MSE": 0.1291036483209571, "poisson_deviance_explained": 0.29339224747184744}, "22": {"AUC": NaN, "kappa": NaN, "f1": NaN, "precision": NaN, "recall": NaN, "average_precision": NaN, "Spearman_r": 0.5259389825330751, "Pearson_r": 0.6050338144732028, "R2": 0.3649200496695204, "MAE": 0.2932513681031923, "MSE": 0.13826808265353743, "poisson_deviance_explained": 0.30790488515839465}, "23": {"AUC": NaN, "kappa": NaN, "f1": NaN, "precision": NaN, "recall": NaN, "average_precision": NaN, "Spearman_r": 0.557529534185039, "Pearson_r": 0.6402224435407924, "R2": 0.407876917673235, "MAE": 0.29750811479221806, "MSE": 0.1411056537514995, "poisson_deviance_explained": 0.3335493844115317}, "24": {"AUC": NaN, "kappa": NaN, "f1": NaN, "precision": NaN, "recall": NaN, "average_precision": NaN, "Spearman_r": 0.5453026452675417, "Pearson_r": 0.6501327669049216, "R2": 0.4194063573293241, "MAE": 0.28759583336881933, "MSE": 0.13318542825267418, "poisson_deviance_explained": 0.33922196001565363}, "25": {"AUC": NaN, "kappa": NaN, "f1": NaN, "precision": NaN, "recall": NaN, "average_precision": NaN, "Spearman_r": 0.5556210135840144, "Pearson_r": 0.6233909639492219, "R2": 0.3873156804085023, "MAE": 0.28971503297663204, "MSE": 0.13862603862437933, "poisson_deviance_explained": 0.3210874575537208}, "26": {"AUC": NaN, "kappa": NaN, "f1": NaN, "precision": NaN, "recall": NaN, "average_precision": NaN, "Spearman_r": 0.5371353834533387, "Pearson_r": 0.6168452153624264, "R2": 0.37919911766971526, "MAE": 0.2779669566102394, "MSE": 0.12752342510843787, "poisson_deviance_explained": 0.3208295233090388}, "27": {"AUC": NaN, "kappa": NaN, "f1": NaN, "precision": NaN, "recall": NaN, "average_precision": NaN,