{"1": {"AUC": NaN, "kappa": NaN, "f1": NaN, "precision": NaN, "recall": NaN, "average_precision": NaN, "Spearman_r": 0.5247889843856042, "Pearson_r": 0.6090700504361813, "R2": 0.368714607949873, "MAE": 0.2659372018835073, "MSE": 0.1178194976609643, "poisson_deviance_explained": 0.31962599136042613}, "2": {"AUC": NaN, "kappa": NaN, "f1": NaN, "precision": NaN, "recall": NaN, "average_precision": NaN, "Spearman_r": 0.5261153763921892, "Pearson_r": 0.6081857709440817, "R2": 0.3683943382510352, "MAE": 0.2607722913941302, "MSE": 0.1154594640255653, "poisson_deviance_explained": 0.3213005870883865}, "3": {"AUC": NaN, "kappa": NaN, "f1": NaN, "precision": NaN, "recall": NaN, "average_precision": NaN, "Spearman_r": 0.5520051505578365, "Pearson_r": 0.6353638322823021, "R2": 0.40059061234080606, "MAE": 0.2619266433828273, "MSE": 0.11594558277229094, "poisson_deviance_explained": 0.34859861380734036}, "4": {"AUC": NaN, "kappa": NaN, "f1": NaN, "precision": NaN, "recall": NaN, "average_precision": NaN, "Spearman_r": 0.5304700589980725, "Pearson_r": 0.6115687158819452, "R2": 0.37218443947002844, "MAE": 0.2505527488546857, "MSE": 0.10808531571402578, "poisson_deviance_explained": 0.3230602919552765}, "5": {"AUC": NaN, "kappa": NaN, "f1": NaN, "precision": NaN, "recall": NaN, "average_precision": NaN, "Spearman_r": 0.5326737834122082, "Pearson_r": 0.6104517243592801, "R2": 0.37033688999493064, "MAE": 0.2631142268703324, "MSE": 0.11474014646944522, "poisson_deviance_explained": 0.31791501118618304}, "6": {"AUC": NaN, "kappa": NaN, "f1": NaN, "precision": NaN, "recall": NaN, "average_precision": NaN, "Spearman_r": 0.5198895168894231, "Pearson_r": 0.5912127852831212, "R2": 0.34719840784198575, "MAE": 0.2629139875107414, "MSE": 0.11367961045806868, "poisson_deviance_explained": 0.3017969227078896}, "7": {"AUC": NaN, "kappa": NaN, "f1": NaN, "precision": NaN, "recall": NaN, "average_precision": NaN, "Spearman_r": 0.5045758996828842, "Pearson_r": 0.5783392245718827, "R2": 0.3318073100995411, "MAE": 0.2631844998334563, "MSE": 0.11357520764072297, "poisson_deviance_explained": 0.2912560774936571}, "8": {"AUC": NaN, "kappa": NaN, "f1": NaN, "precision": NaN, "recall": NaN, "average_precision": NaN, "Spearman_r": 0.49431495714399565, "Pearson_r": 0.5691956626047225, "R2": 0.32231333890924707, "MAE": 0.2599306297503359, "MSE": 0.11335464738913179, "poisson_deviance_explained": 0.2870028014946404}, "9": {"AUC": NaN, "kappa": NaN, "f1": NaN, "precision": NaN, "recall": NaN, "average_precision": NaN, "Spearman_r": 0.4832054888987149, "Pearson_r": 0.5559125587896001, "R2": 0.3069130323486007, "MAE": 0.26242735286798746, "MSE": 0.11468267357272051, "poisson_deviance_explained": 0.27376261388322565}, "10": {"AUC": NaN, "kappa": NaN, "f1": NaN, "precision": NaN, "recall": NaN, "average_precision": NaN, "Spearman_r": 0.49155729784626745, "Pearson_r": 0.5623210081917405, "R2": 0.31468497456172273, "MAE": 0.2590962025810584, "MSE": 0.1138033637338247, "poisson_deviance_explained": 0.2823015148348895}, "11": {"AUC": NaN, "kappa": NaN, "f1": NaN, "precision": NaN, "recall": NaN, "average_precision": NaN, "Spearman_r": 0.4712034396865872, "Pearson_r": 0.5500599996057369, "R2": 0.3018787460717379, "MAE": 0.23422803429905692, "MSE": 0.09872184769521083, "poisson_deviance_explained": 0.2754042991506821}, "12": {"AUC": NaN, "kappa": NaN, "f1": NaN, "precision": NaN, "recall": NaN, "average_precision": NaN, "Spearman_r": 0.4571084528839151, "Pearson_r": 0.5478227928285964, "R2": 0.29868392155349377, "MAE": 0.21444227256032117, "MSE": 0.08835000287612652, "poisson_deviance_explained": 0.28317034800304064}, "13": {"AUC": NaN, "kappa": NaN, "f1": NaN, "precision": NaN, "recall": NaN, "average_precision": NaN, "Spearman_r": 0.4489027214160019, "Pearson_r": 0.5365645614308266, "R2": 0.2870321632631261, "MAE": 0.20751134441574856, "MSE": 0.08469097882970296, "poisson_deviance_explained": 0.2794989955755338}, "14": {"AUC": NaN, "kappa": NaN, "f1": NaN, "precision": NaN, "recall": NaN, "average_precision": NaN, "Spearman_r": 0.45788305621543574, "Pearson_r": 0.545641718377408, "R2": 0.296978848905909, "MAE": 0.20780631905489624, "MSE": 0.08554600047995777, "poisson_deviance_explained": 0.28426383939309874}, "15": {"AUC": NaN, "kappa": NaN, "f1": NaN, "precision": NaN, "recall": NaN, "average_precision": NaN, "Spearman_r": 0.4600082135272222, "Pearson_r": 0.5509282612461786, "R2": 0.3029637580304867, "MAE": 0.2047344521435652, "MSE": 0.0824226527293213, "poisson_deviance_explained": 0.28752785095646616}, "16": {"AUC": NaN, "kappa": NaN, "f1": NaN, "precision": NaN, "recall": NaN, "average_precision": NaN, "Spearman_r": 0.4814020635983783, "Pearson_r": 0.5733233736797072, "R2": 0.3278050505894835, "MAE": 0.2196748802620813, "MSE": 0.09117632541227387, "poisson_deviance_explained": 0.29986246648632564}, "17": {"AUC": NaN, "kappa": NaN, "f1": NaN, "precision": NaN, "recall": NaN, "average_precision": NaN, "Spearman_r": 0.4594376694784668, "Pearson_r": 0.5414867170523112, "R2": 0.2928685039280663, "MAE": 0.2209630572115802, "MSE": 0.09131155301985448, "poisson_deviance_explained": 0.27654900321350184}, "18": {"AUC": NaN, "kappa": NaN, "f1": NaN, "precision": NaN, "recall": NaN, "average_precision": NaN, "Spearman_r": 0.4513477030499484, "Pearson_r": 0.5461093320814897, "R2": 0.2977649052967799, "MAE": 0.22213546243356302, "MSE": 0.09166459651076418, "poisson_deviance_explained": 0.2749743194219376}, "19": {"AUC": NaN, "kappa": NaN, "f1": NaN, "precision": NaN, "recall": NaN, "average_precision": NaN, "Spearman_r": 0.47497778664691853, "Pearson_r": 0.559051514399374, "R2": 0.3116261951353486, "MAE": 0.2391363466861268, "MSE": 0.10070643402703859, "poisson_deviance_explained": 0.28043578989868745}, "20": {"AUC": NaN, "kappa": NaN, "f1": NaN, "precision": NaN, "recall": NaN, "average_precision": NaN, "Spearman_r": 0.4762952950937188, "Pearson_r": 0.5744660445307618, "R2": 0.328153708263732, "MAE": 0.2532283916602631, "MSE": 0.10896910594144708, "poisson_deviance_explained": 0.2841016697804274}, "21": {"AUC": NaN, "kappa": NaN, "f1": NaN, "precision": NaN, "recall": NaN, "average_precision": NaN, "Spearman_r": 0.5013313569173723, "Pearson_r": 0.5985830896615788, "R2": 0.3567232512468401, "MAE": 0.27105584249186276, "MSE": 0.1214758126564573, "poisson_deviance_explained": 0.2997871463858227}, "22": {"AUC": NaN, "kappa": NaN, "f1": NaN, "precision": NaN, "recall": NaN, "average_precision": NaN, "Spearman_r": 0.527549030238776, "Pearson_r": 0.6079123280916359, "R2": 0.3673659235659329, "MAE": 0.27097639777083155, "MSE": 0.12172702198228677, "poisson_deviance_explained": 0.3189333663520524}, "23": {"AUC": NaN, "kappa": NaN, "f1": NaN, "precision": NaN, "recall": NaN, "average_precision": NaN, "Spearman_r": 0.5377581181679397, "Pearson_r": 0.6219184134149579, "R2": 0.38495876874406454, "MAE": 0.2725883835329531, "MSE": 0.12329872565437293, "poisson_deviance_explained": 0.32767600713106515}, "24": {"AUC": NaN, "kappa": NaN, "f1": NaN, "precision": NaN, "recall": NaN, "average_precision": NaN, "Spearman_r": 0.5465654783303557, "Pearson_r": 0.6209870989865309, "R2": 0.3835553688238996, "MAE": 0.27197459010951514, "MSE": 0.1227847367024805, "poisson_deviance_explained": 0.3291103457248018}, "25": {"AUC": NaN, "kappa": NaN, "f1": NaN, "precision": NaN, "recall": NaN, "average_precision": NaN, "Spearman_r": 0.548355808465114, "Pearson_r": 0.6316197152081221, "R2": 0.397032793219638, "MAE": 0.27552798099867865, "MSE": 0.12608253582757306, "poisson_deviance_explained": 0.3354598408567018}, "26": {"AUC": NaN, "kappa": NaN, "f1": NaN, "precision": NaN, "recall": NaN, "average_precision": NaN, "Spearman_r": 0.5445564955593962, "Pearson_r": 0.6299798594891672, "R2": 0.3950855359330223, "MAE": 0.2716318035523656, "MSE": 0.12350719232401144, "poisson_deviance_explained": 0.3328177649715234}, "27": {"AUC": NaN, "kappa": NaN, "f1": NaN, "precision": NaN, "recall": NaN, "average_precision": NaN, "Spearman_r": 0.553061462147527,