{"AUC": NaN, "kappa": NaN, "f1": NaN, "precision": NaN, "recall": NaN, "average_precision": NaN, "Spearman_r": 0.500752822181925, "Pearson_r": 0.5798413602671755, "R2": 0.33600922282537593, "MAE": 0.25867381148330376, "MSE": 0.1178382514961309, "poisson_deviance_explained": 0.28761582733830626}
