{"1": {"AUC": NaN, "kappa": NaN, "f1": NaN, "precision": NaN, "recall": NaN, "average_precision": NaN, "Spearman_r": 0.5367910661045888, "Pearson_r": 0.6057789338318189, "R2": 0.36687245924795553, "MAE": 0.29659545668969267, "MSE": 0.14248331637065415, "poisson_deviance_explained": 0.3061558765310046}, "2": {"AUC": NaN, "kappa": NaN, "f1": NaN, "precision": NaN, "recall": NaN, "average_precision": NaN, "Spearman_r": 0.5488058829833894, "Pearson_r": 0.6281076040823771, "R2": 0.39446032046107904, "MAE": 0.28324010622169876, "MSE": 0.13531943238174524, "poisson_deviance_explained": 0.3300185024790775}, "3": {"AUC": NaN, "kappa": NaN, "f1": NaN, "precision": NaN, "recall": NaN, "average_precision": NaN, "Spearman_r": 0.5557370832842191, "Pearson_r": 0.6255017982258536, "R2": 0.3905360633218111, "MAE": 0.28815896853192835, "MSE": 0.1374352498523133, "poisson_deviance_explained": 0.3228614604280089}, "4": {"AUC": NaN, "kappa": NaN, "f1": NaN, "precision": NaN, "recall": NaN, "average_precision": NaN, "Spearman_r": 0.49852597804027954, "Pearson_r": 0.5929966754127711, "R2": 0.351351787152524, "MAE": 0.21788009057591665, "MSE": 0.09719409152299059, "poisson_deviance_explained": 0.32391543376914655}, "5": {"AUC": NaN, "kappa": NaN, "f1": NaN, "precision": NaN, "recall": NaN, "average_precision": NaN, "Spearman_r": 0.5476106490269564, "Pearson_r": 0.6226955238328109, "R2": 0.387248821590488, "MAE": 0.26793902628171523, "MSE": 0.12237467464199818, "poisson_deviance_explained": 0.3349380825515984}, "6": {"AUC": NaN, "kappa": NaN, "f1": NaN, "precision": NaN, "recall": NaN, "average_precision": NaN, "Spearman_r": 0.5214313714848035, "Pearson_r": 0.5793671529926951, "R2": 0.33556991573127504, "MAE": 0.2759022683281377, "MSE": 0.12808063158123878, "poisson_deviance_explained": 0.2892284105743499}, "7": {"AUC": NaN, "kappa": NaN, "f1": NaN, "precision": NaN, "recall": NaN, "average_precision": NaN, "Spearman_r": 0.5139687978560378, "Pearson_r": 0.5835754058517211, "R2": 0.34049628250648944, "MAE": 0.2682794181923688, "MSE": 0.122062676834513, "poisson_deviance_explained": 0.2938679289274938}, "8": {"AUC": NaN, "kappa": NaN, "f1": NaN, "precision": NaN, "recall": NaN, "average_precision": NaN, "Spearman_r": 0.5119716034450015, "Pearson_r": 0.5806936001482665, "R2": 0.33712888391858553, "MAE": 0.26094594126198456, "MSE": 0.11693807781857744, "poisson_deviance_explained": 0.2865220997264959}, "9": {"AUC": NaN, "kappa": NaN, "f1": NaN, "precision": NaN, "recall": NaN, "average_precision": NaN, "Spearman_r": 0.4897664635809781, "Pearson_r": 0.5586208139248044, "R2": 0.31179985684343237, "MAE": 0.2693660469678957, "MSE": 0.12371669432798496, "poisson_deviance_explained": 0.2767087115781526}, "10": {"AUC": NaN, "kappa": NaN, "f1": NaN, "precision": NaN, "recall": NaN, "average_precision": NaN, "Spearman_r": 0.4692618083235946, "Pearson_r": 0.5361687113528829, "R2": 0.2865755387098897, "MAE": 0.255380064521419, "MSE": 0.11287510371121534, "poisson_deviance_explained": 0.25299488614271903}, "11": {"AUC": NaN, "kappa": NaN, "f1": NaN, "precision": NaN, "recall": NaN, "average_precision": NaN, "Spearman_r": 0.4570919048899187, "Pearson_r": 0.5214442881385105, "R2": 0.27165660731469987, "MAE": 0.24658068574311637, "MSE": 0.10900843318099482, "poisson_deviance_explained": 0.24159850422119966}, "12": {"AUC": NaN, "kappa": NaN, "f1": NaN, "precision": NaN, "recall": NaN, "average_precision": NaN, "Spearman_r": 0.4266997793480531, "Pearson_r": 0.48502555701705047, "R2": 0.23289769163177287, "MAE": 0.23263487664359292, "MSE": 0.09911194654880552, "poisson_deviance_explained": 0.21982021062878898}, "13": {"AUC": NaN, "kappa": NaN, "f1": NaN, "precision": NaN, "recall": NaN, "average_precision": NaN, "Spearman_r": 0.4622233058202554, "Pearson_r": 0.5353633827989127, "R2": 0.2860652824477816, "MAE": 0.22099974344189205, "MSE": 0.09348737664460759, "poisson_deviance_explained": 0.27239000257288903}, "14": {"AUC": NaN, "kappa": NaN, "f1": NaN, "precision": NaN, "recall": NaN, "average_precision": NaN, "Spearman_r": 0.4376039176118775, "Pearson_r": 0.5061793116336736, "R2": 0.2544539138896805, "MAE": 0.21172768183574497, "MSE": 0.08961345049502742, "poisson_deviance_explained": 0.23900097085084637}, "15": {"AUC": NaN, "kappa": NaN, "f1": NaN, "precision": NaN, "recall": NaN, "average_precision": NaN, "Spearman_r": 0.445903822077707, "Pearson_r": 0.5266937879163998, "R2": 0.27578827735234723, "MAE": 0.2185094588383143, "MSE": 0.09213420280559614, "poisson_deviance_explained": 0.25453605647979105}, "16": {"AUC": NaN, "kappa": NaN, "f1": NaN, "precision": NaN, "recall": NaN, "average_precision": NaN, "Spearman_r": 0.4265459687725873, "Pearson_r": 0.4845553739459406, "R2": 0.22958512001939535, "MAE": 0.20736841438539927, "MSE": 0.08752181607085137, "poisson_deviance_explained": 0.23240469625780968}, "17": {"AUC": NaN, "kappa": NaN, "f1": NaN, "precision": NaN, "recall": NaN, "average_precision": NaN, "Spearman_r": 0.41061147813579174, "Pearson_r": 0.48528590740591127, "R2": 0.23158384001620003, "MAE": 0.22215543414834968, "MSE": 0.09482377150444922, "poisson_deviance_explained": 0.21750338909045963}, "18": {"AUC": NaN, "kappa": NaN, "f1": NaN, "precision": NaN, "recall": NaN, "average_precision": NaN, "Spearman_r": 0.43326116232787293, "Pearson_r": 0.4828322924072373, "R2": 0.22961609880805312, "MAE": 0.24383591420237735, "MSE": 0.10786716597615612, "poisson_deviance_explained": 0.21028487091245185}, "19": {"AUC": NaN, "kappa": NaN, "f1": NaN, "precision": NaN, "recall": NaN, "average_precision": NaN, "Spearman_r": 0.45284167789998414, "Pearson_r": 0.5340059004742276, "R2": 0.2843543696258588, "MAE": 0.2495216825941768, "MSE": 0.10914692930570868, "poisson_deviance_explained": 0.23694511613974278}, "20": {"AUC": NaN, "kappa": NaN, "f1": NaN, "precision": NaN, "recall": NaN, "average_precision": NaN, "Spearman_r": 0.48389883085241775, "Pearson_r": 0.5654431080262268, "R2": 0.3189635809719259, "MAE": 0.26670341769955613, "MSE": 0.12132428527371561, "poisson_deviance_explained": 0.26630037787629324}, "21": {"AUC": NaN, "kappa": NaN, "f1": NaN, "precision": NaN, "recall": NaN, "average_precision": NaN, "Spearman_r": 0.5025288177873404, "Pearson_r": 0.5944894153632493, "R2": 0.3530017535303196, "MAE": 0.2862560121946556, "MSE": 0.13870819131055098, "poisson_deviance_explained": 0.292704482410617}, "22": {"AUC": NaN, "kappa": NaN, "f1": NaN, "precision": NaN, "recall": NaN, "average_precision": NaN, "Spearman_r": 0.5105060532593592, "Pearson_r": 0.593937759942098, "R2": 0.3525127350574525, "MAE": 0.28455630073597116, "MSE": 0.1373356449500301, "poisson_deviance_explained": 0.2805389071411831}, "23": {"AUC": NaN, "kappa": NaN, "f1": NaN, "precision": NaN, "recall": NaN, "average_precision": NaN, "Spearman_r": 0.5395537792316025, "Pearson_r": 0.6157570852939103, "R2": 0.37911288628459117, "MAE": 0.28566529225314435, "MSE": 0.13814198062060698, "poisson_deviance_explained": 0.3097625347505738}, "24": {"AUC": NaN, "kappa": NaN, "f1": NaN, "precision": NaN, "recall": NaN, "average_precision": NaN, "Spearman_r": 0.5503953254065537, "Pearson_r": 0.6285705522916144, "R2": 0.394689919373134, "MAE": 0.28822021261168645, "MSE": 0.13881972614040364, "poisson_deviance_explained": 0.3263917691805286}, "25": {"AUC": NaN, "kappa": NaN, "f1": NaN, "precision": NaN, "recall": NaN, "average_precision": NaN, "Spearman_r": 0.5501969183208193, "Pearson_r": 0.6417440271339562, "R2": 0.4116980005536399, "MAE": 0.2768399599357648, "MSE": 0.134646322506221, "poisson_deviance_explained": 0.3362386589930295}, "26": {"AUC": NaN, "kappa": NaN, "f1": NaN, "precision": NaN, "recall": NaN, "average_precision": NaN, "Spearman_r": 0.5413626201918628, "Pearson_r": 0.6224479726910179, "R2": 0.3873612963990414, "MAE": 0.2800379468942321, "MSE": 0.1338609650012663, "poisson_deviance_explained": 0.30807851153526755}, "27": {"AUC": NaN, "kappa": NaN, "f1": NaN, "precision": NaN, "recall": NaN, "average_precision": NaN,