{"1": {"AUC": NaN, "kappa": NaN, "f1": NaN, "precision": NaN, "recall": NaN, "average_precision": NaN, "Spearman_r": 0.5053136945271163, "Pearson_r": 0.5873601052654727, "R2": 0.3445325879823653, "MAE": 0.2964312253156744, "MSE": 0.14131727481550022, "poisson_deviance_explained": 0.28289090261941385}, "2": {"AUC": NaN, "kappa": NaN, "f1": NaN, "precision": NaN, "recall": NaN, "average_precision": NaN, "Spearman_r": 0.5294110385489624, "Pearson_r": 0.5926594669120829, "R2": 0.35051999224107766, "MAE": 0.29210089171072673, "MSE": 0.1381688431323362, "poisson_deviance_explained": 0.29527161853202577}, "3": {"AUC": NaN, "kappa": NaN, "f1": NaN, "precision": NaN, "recall": NaN, "average_precision": NaN, "Spearman_r": 0.5374556449000595, "Pearson_r": 0.6089780215498702, "R2": 0.3675104909361172, "MAE": 0.2903122924712142, "MSE": 0.13131451696570215, "poisson_deviance_explained": 0.30241137935832274}, "4": {"AUC": NaN, "kappa": NaN, "f1": NaN, "precision": NaN, "recall": NaN, "average_precision": NaN, "Spearman_r": 0.5466900964775219, "Pearson_r": 0.6124207344190108, "R2": 0.3716165676183849, "MAE": 0.2920272452003377, "MSE": 0.13787709392893926, "poisson_deviance_explained": 0.32062667402916445}, "5": {"AUC": NaN, "kappa": NaN, "f1": NaN, "precision": NaN, "recall": NaN, "average_precision": NaN, "Spearman_r": 0.5290848825258971, "Pearson_r": 0.5778424405633198, "R2": 0.3323723553171223, "MAE": 0.2822437648438648, "MSE": 0.12899908995439932, "poisson_deviance_explained": 0.29439783542209286}, "6": {"AUC": NaN, "kappa": NaN, "f1": NaN, "precision": NaN, "recall": NaN, "average_precision": NaN, "Spearman_r": 0.5183436653832737, "Pearson_r": 0.5801554826200418, "R2": 0.33530578531982724, "MAE": 0.288277587889441, "MSE": 0.13177988819927622, "poisson_deviance_explained": 0.2808878889061144}, "7": {"AUC": NaN, "kappa": NaN, "f1": NaN, "precision": NaN, "recall": NaN, "average_precision": NaN, "Spearman_r": 0.5052364473615321, "Pearson_r": 0.5910426630552581, "R2": 0.34648586499353606, "MAE": 0.2646165440428222, "MSE": 0.11590392595892936, "poisson_deviance_explained": 0.28843827266566013}, "8": {"AUC": NaN, "kappa": NaN, "f1": NaN, "precision": NaN, "recall": NaN, "average_precision": NaN, "Spearman_r": 0.518524005521489, "Pearson_r": 0.5753750162856462, "R2": 0.3284217855017786, "MAE": 0.27939592610453745, "MSE": 0.12407979588146871, "poisson_deviance_explained": 0.2906937043447534}, "9": {"AUC": NaN, "kappa": NaN, "f1": NaN, "precision": NaN, "recall": NaN, "average_precision": NaN, "Spearman_r": 0.4944633596615818, "Pearson_r": 0.5646938964599307, "R2": 0.31699696521818266, "MAE": 0.27005033161258885, "MSE": 0.12247481467103133, "poisson_deviance_explained": 0.2814789343459009}, "10": {"AUC": NaN, "kappa": NaN, "f1": NaN, "precision": NaN, "recall": NaN, "average_precision": NaN, "Spearman_r": 0.46072037809325533, "Pearson_r": 0.5176353970167732, "R2": 0.267047857799647, "MAE": 0.26542879357542176, "MSE": 0.11825107063542889, "poisson_deviance_explained": 0.24034803643951141}, "11": {"AUC": NaN, "kappa": NaN, "f1": NaN, "precision": NaN, "recall": NaN, "average_precision": NaN, "Spearman_r": 0.4502019690752077, "Pearson_r": 0.5097841527781553, "R2": 0.2598775790721016, "MAE": 0.24858764348037904, "MSE": 0.10840046902478115, "poisson_deviance_explained": 0.2369820709609457}, "12": {"AUC": NaN, "kappa": NaN, "f1": NaN, "precision": NaN, "recall": NaN, "average_precision": NaN, "Spearman_r": 0.47815897777826594, "Pearson_r": 0.5515166199838584, "R2": 0.30391962736573797, "MAE": 0.24548770962825398, "MSE": 0.10781539567724059, "poisson_deviance_explained": 0.27594851795311004}, "13": {"AUC": NaN, "kappa": NaN, "f1": NaN, "precision": NaN, "recall": NaN, "average_precision": NaN, "Spearman_r": 0.44786556402237493, "Pearson_r": 0.5084575548576512, "R2": 0.25838667361179934, "MAE": 0.21925484605703882, "MSE": 0.0906946527425946, "poisson_deviance_explained": 0.2509464342619776}, "14": {"AUC": NaN, "kappa": NaN, "f1": NaN, "precision": NaN, "recall": NaN, "average_precision": NaN, "Spearman_r": 0.4354520225295758, "Pearson_r": 0.48881641357031985, "R2": 0.23780230950418357, "MAE": 0.22674246113198632, "MSE": 0.09623668162089156, "poisson_deviance_explained": 0.23828373192693564}, "15": {"AUC": NaN, "kappa": NaN, "f1": NaN, "precision": NaN, "recall": NaN, "average_precision": NaN, "Spearman_r": 0.4468456290730757, "Pearson_r": 0.5229484654326594, "R2": 0.2725436613232455, "MAE": 0.22090489326510016, "MSE": 0.09097831989421498, "poisson_deviance_explained": 0.26168633877014214}, "16": {"AUC": NaN, "kappa": NaN, "f1": NaN, "precision": NaN, "recall": NaN, "average_precision": NaN, "Spearman_r": 0.449557404932765, "Pearson_r": 0.5356833918273108, "R2": 0.2867752351217242, "MAE": 0.21000118640419652, "MSE": 0.08654955539967127, "poisson_deviance_explained": 0.26852146262614374}, "17": {"AUC": NaN, "kappa": NaN, "f1": NaN, "precision": NaN, "recall": NaN, "average_precision": NaN, "Spearman_r": 0.4621760060486699, "Pearson_r": 0.535519815317375, "R2": 0.2856959976223806, "MAE": 0.23181339348010965, "MSE": 0.09853361837805774, "poisson_deviance_explained": 0.2695715615528742}, "18": {"AUC": NaN, "kappa": NaN, "f1": NaN, "precision": NaN, "recall": NaN, "average_precision": NaN, "Spearman_r": 0.46475059960715903, "Pearson_r": 0.5288677201773815, "R2": 0.2795462589202179, "MAE": 0.256743146335957, "MSE": 0.11160844957326856, "poisson_deviance_explained": 0.2543225811170895}, "19": {"AUC": NaN, "kappa": NaN, "f1": NaN, "precision": NaN, "recall": NaN, "average_precision": NaN, "Spearman_r": 0.471452984243039, "Pearson_r": 0.5459613587130324, "R2": 0.29755351968852395, "MAE": 0.2707348187239475, "MSE": 0.12268270033764658, "poisson_deviance_explained": 0.2535103311478599}, "20": {"AUC": NaN, "kappa": NaN, "f1": NaN, "precision": NaN, "recall": NaN, "average_precision": NaN, "Spearman_r": 0.4831489799554149, "Pearson_r": 0.546552485750583, "R2": 0.29838973700110594, "MAE": 0.2762392792717777, "MSE": 0.12686836625032433, "poisson_deviance_explained": 0.26593760955885126}, "21": {"AUC": NaN, "kappa": NaN, "f1": NaN, "precision": NaN, "recall": NaN, "average_precision": NaN, "Spearman_r": 0.5245296128433002, "Pearson_r": 0.6347860095409853, "R2": 0.40229458561428677, "MAE": 0.3013146607272161, "MSE": 0.1454941138013395, "poisson_deviance_explained": 0.31625944175495924}, "22": {"AUC": NaN, "kappa": NaN, "f1": NaN, "precision": NaN, "recall": NaN, "average_precision": NaN, "Spearman_r": 0.5523627180738204, "Pearson_r": 0.6204206765266489, "R2": 0.3837013553942701, "MAE": 0.3057915874323028, "MSE": 0.1512389026091506, "poisson_deviance_explained": 0.32251872568388207}, "23": {"AUC": NaN, "kappa": NaN, "f1": NaN, "precision": NaN, "recall": NaN, "average_precision": NaN, "Spearman_r": 0.5613398735652355, "Pearson_r": 0.646291688616375, "R2": 0.4153649665378344, "MAE": 0.2941058633016807, "MSE": 0.13999332903227069, "poisson_deviance_explained": 0.3404889471654281}, "24": {"AUC": NaN, "kappa": NaN, "f1": NaN, "precision": NaN, "recall": NaN, "average_precision": NaN, "Spearman_r": 0.5559992781620329, "Pearson_r": 0.6304295382338787, "R2": 0.3966424896049391, "MAE": 0.30476304224412953, "MSE": 0.14997165718025815, "poisson_deviance_explained": 0.32605162498051077}, "25": {"AUC": NaN, "kappa": NaN, "f1": NaN, "precision": NaN, "recall": NaN, "average_precision": NaN, "Spearman_r": 0.5616142276674985, "Pearson_r": 0.632748442607886, "R2": 0.3981345692054813, "MAE": 0.29601780277424833, "MSE": 0.14163209143573807, "poisson_deviance_explained": 0.3373540745358099}, "26": {"AUC": NaN, "kappa": NaN, "f1": NaN, "precision": NaN, "recall": NaN, "average_precision": NaN, "Spearman_r": 0.5367009240512105, "Pearson_r": 0.6078309188314421, "R2": 0.3688556273733735, "MAE": 0.2920847884463786, "MSE": 0.13632440786090547, "poisson_deviance_explained": 0.30897249747158984}, "27": {"AUC": NaN, "kappa": NaN, "f1": NaN, "precision": NaN, "recall": NaN, "average_precision": NaN,