{"1": {"AUC": NaN, "kappa": NaN, "f1": NaN, "precision": NaN, "recall": NaN, "average_precision": NaN, "Spearman_r": 0.5281818349093081, "Pearson_r": 0.611357995193847, "R2": 0.3736645702614174, "MAE": 0.26022108012209144, "MSE": 0.11712470492158625, "poisson_deviance_explained": 0.3155450722089521}, "2": {"AUC": NaN, "kappa": NaN, "f1": NaN, "precision": NaN, "recall": NaN, "average_precision": NaN, "Spearman_r": 0.5490329486612074, "Pearson_r": 0.6304583837846389, "R2": 0.39736778655808025, "MAE": 0.2565572551019581, "MSE": 0.11616949313428897, "poisson_deviance_explained": 0.3372589601226693}, "3": {"AUC": NaN, "kappa": NaN, "f1": NaN, "precision": NaN, "recall": NaN, "average_precision": NaN, "Spearman_r": 0.5387890229762233, "Pearson_r": 0.6243136596044426, "R2": 0.3896710311551749, "MAE": 0.2533598218074432, "MSE": 0.11414831606296184, "poisson_deviance_explained": 0.33212528963986543}, "4": {"AUC": NaN, "kappa": NaN, "f1": NaN, "precision": NaN, "recall": NaN, "average_precision": NaN, "Spearman_r": 0.5477864234603604, "Pearson_r": 0.6286491023038863, "R2": 0.3950426387556527, "MAE": 0.24501726172956909, "MSE": 0.10876348637308347, "poisson_deviance_explained": 0.34057620058950366}, "5": {"AUC": NaN, "kappa": NaN, "f1": NaN, "precision": NaN, "recall": NaN, "average_precision": NaN, "Spearman_r": 0.5549745079062808, "Pearson_r": 0.6266745882978789, "R2": 0.3926882019482958, "MAE": 0.24280657210026937, "MSE": 0.10881035338298553, "poisson_deviance_explained": 0.34900265473512737}, "6": {"AUC": NaN, "kappa": NaN, "f1": NaN, "precision": NaN, "recall": NaN, "average_precision": NaN, "Spearman_r": 0.5396651601895214, "Pearson_r": 0.6073161276785545, "R2": 0.36866584919419154, "MAE": 0.2545956538959201, "MSE": 0.11173003211875114, "poisson_deviance_explained": 0.31860652481504437}, "7": {"AUC": NaN, "kappa": NaN, "f1": NaN, "precision": NaN, "recall": NaN, "average_precision": NaN, "Spearman_r": 0.5052972926418631, "Pearson_r": 0.5779039156188939, "R2": 0.3334936641011117, "MAE": 0.2546677859328792, "MSE": 0.11055530855682687, "poisson_deviance_explained": 0.29144977934437044}, "8": {"AUC": NaN, "kappa": NaN, "f1": NaN, "precision": NaN, "recall": NaN, "average_precision": NaN, "Spearman_r": 0.5001880049752666, "Pearson_r": 0.5815421134657561, "R2": 0.33789920005890406, "MAE": 0.24941740244769386, "MSE": 0.10841418214179502, "poisson_deviance_explained": 0.2974825391430641}, "9": {"AUC": NaN, "kappa": NaN, "f1": NaN, "precision": NaN, "recall": NaN, "average_precision": NaN, "Spearman_r": 0.4944996417247204, "Pearson_r": 0.5696087218006511, "R2": 0.3244085357567851, "MAE": 0.25976975747137987, "MSE": 0.11656602192525, "poisson_deviance_explained": 0.28281488271522504}, "10": {"AUC": NaN, "kappa": NaN, "f1": NaN, "precision": NaN, "recall": NaN, "average_precision": NaN, "Spearman_r": 0.4909510238277044, "Pearson_r": 0.5688391511126187, "R2": 0.3235643292875856, "MAE": 0.25104942754945836, "MSE": 0.11208140075262198, "poisson_deviance_explained": 0.28109069139151166}, "11": {"AUC": NaN, "kappa": NaN, "f1": NaN, "precision": NaN, "recall": NaN, "average_precision": NaN, "Spearman_r": 0.47500653460699876, "Pearson_r": 0.5619628660755007, "R2": 0.31520204240808036, "MAE": 0.23236774283365974, "MSE": 0.09838054235143222, "poisson_deviance_explained": 0.27815522551567406}, "12": {"AUC": NaN, "kappa": NaN, "f1": NaN, "precision": NaN, "recall": NaN, "average_precision": NaN, "Spearman_r": 0.4692556263254223, "Pearson_r": 0.5519471082672871, "R2": 0.3046148676672519, "MAE": 0.22388788159589154, "MSE": 0.09560689203173807, "poisson_deviance_explained": 0.27962421366176937}, "13": {"AUC": NaN, "kappa": NaN, "f1": NaN, "precision": NaN, "recall": NaN, "average_precision": NaN, "Spearman_r": 0.4493983627939332, "Pearson_r": 0.5428967487106467, "R2": 0.29455941803340313, "MAE": 0.20663503959478155, "MSE": 0.08593411070961492, "poisson_deviance_explained": 0.2730776309610443}, "14": {"AUC": NaN, "kappa": NaN, "f1": NaN, "precision": NaN, "recall": NaN, "average_precision": NaN, "Spearman_r": 0.4551603861799454, "Pearson_r": 0.5535865890509541, "R2": 0.3064300033105606, "MAE": 0.20519254473743828, "MSE": 0.08561932057399918, "poisson_deviance_explained": 0.2820710018610866}, "15": {"AUC": NaN, "kappa": NaN, "f1": NaN, "precision": NaN, "recall": NaN, "average_precision": NaN, "Spearman_r": 0.4604858879996836, "Pearson_r": 0.545499074019784, "R2": 0.297370857484928, "MAE": 0.20851781083083246, "MSE": 0.0854999733924177, "poisson_deviance_explained": 0.2781530516193532}, "16": {"AUC": NaN, "kappa": NaN, "f1": NaN, "precision": NaN, "recall": NaN, "average_precision": NaN, "Spearman_r": 0.4577771113240822, "Pearson_r": 0.5506876515574216, "R2": 0.3028316790996649, "MAE": 0.2062353076460563, "MSE": 0.0869196934427681, "poisson_deviance_explained": 0.27747608659856493}, "17": {"AUC": NaN, "kappa": NaN, "f1": NaN, "precision": NaN, "recall": NaN, "average_precision": NaN, "Spearman_r": 0.44509525862605465, "Pearson_r": 0.5368723115218236, "R2": 0.28689693835564833, "MAE": 0.21446081428769984, "MSE": 0.08996679664512712, "poisson_deviance_explained": 0.2616528877610218}, "18": {"AUC": NaN, "kappa": NaN, "f1": NaN, "precision": NaN, "recall": NaN, "average_precision": NaN, "Spearman_r": 0.4669638964940944, "Pearson_r": 0.5464569118663241, "R2": 0.2983904697153159, "MAE": 0.22324559531466734, "MSE": 0.09549909455688595, "poisson_deviance_explained": 0.27317050438542756}, "19": {"AUC": NaN, "kappa": NaN, "f1": NaN, "precision": NaN, "recall": NaN, "average_precision": NaN, "Spearman_r": 0.49381655227388366, "Pearson_r": 0.5748057105844567, "R2": 0.3297317238207341, "MAE": 0.24080428330616524, "MSE": 0.10531424426417131, "poisson_deviance_explained": 0.2909680379827292}, "20": {"AUC": NaN, "kappa": NaN, "f1": NaN, "precision": NaN, "recall": NaN, "average_precision": NaN, "Spearman_r": 0.4969766786311045, "Pearson_r": 0.5894467754280819, "R2": 0.34744042874232595, "MAE": 0.2556455555254431, "MSE": 0.11399719957993665, "poisson_deviance_explained": 0.2896717711199861}, "21": {"AUC": NaN, "kappa": NaN, "f1": NaN, "precision": NaN, "recall": NaN, "average_precision": NaN, "Spearman_r": 0.5064231639314949, "Pearson_r": 0.6004675021504426, "R2": 0.3603902111007561, "MAE": 0.2657908251006367, "MSE": 0.12116639858634676, "poisson_deviance_explained": 0.2992479289193116}, "22": {"AUC": NaN, "kappa": NaN, "f1": NaN, "precision": NaN, "recall": NaN, "average_precision": NaN, "Spearman_r": 0.5163562905635262, "Pearson_r": 0.60816779881056, "R2": 0.36917770684935214, "MAE": 0.2616337339715023, "MSE": 0.1182930154363978, "poisson_deviance_explained": 0.30973732526611397}, "23": {"AUC": NaN, "kappa": NaN, "f1": NaN, "precision": NaN, "recall": NaN, "average_precision": NaN, "Spearman_r": 0.5320784374651104, "Pearson_r": 0.6275407579021005, "R2": 0.3934890228998048, "MAE": 0.26534679888177426, "MSE": 0.12161370031573647, "poisson_deviance_explained": 0.32905787579615653}, "24": {"AUC": NaN, "kappa": NaN, "f1": NaN, "precision": NaN, "recall": NaN, "average_precision": NaN, "Spearman_r": 0.5400583109843082, "Pearson_r": 0.6270543917538476, "R2": 0.39313639753778407, "MAE": 0.2657539164944476, "MSE": 0.12327157019293829, "poisson_deviance_explained": 0.33078500802924216}, "25": {"AUC": NaN, "kappa": NaN, "f1": NaN, "precision": NaN, "recall": NaN, "average_precision": NaN, "Spearman_r": 0.5460218143219147, "Pearson_r": 0.6382138393239286, "R2": 0.4066969840005994, "MAE": 0.26234694981356504, "MSE": 0.11977338953846066, "poisson_deviance_explained": 0.337245246403412}, "26": {"AUC": NaN, "kappa": NaN, "f1": NaN, "precision": NaN, "recall": NaN, "average_precision": NaN, "Spearman_r": 0.550781350534425, "Pearson_r": 0.6317396021656219, "R2": 0.3989145954364228, "MAE": 0.2558888629130816, "MSE": 0.11401116345544543, "poisson_deviance_explained": 0.3392522529949056}, "27": {"AUC": NaN, "kappa": NaN, "f1": NaN, "precision": NaN, "recall": NaN, "average_precision": NaN,