{"1": {"AUC": NaN, "kappa": NaN, "f1": NaN, "precision": NaN, "recall": NaN, "average_precision": NaN, "Spearman_r": 0.5304141507532736, "Pearson_r": 0.6008764573303501, "R2": 0.36016448893987274, "MAE": 0.30092028212519867, "MSE": 0.14337913077210815, "poisson_deviance_explained": 0.3017154198990344}, "2": {"AUC": NaN, "kappa": NaN, "f1": NaN, "precision": NaN, "recall": NaN, "average_precision": NaN, "Spearman_r": 0.5341009561343973, "Pearson_r": 0.615425826522256, "R2": 0.37640264084713215, "MAE": 0.27841477151239236, "MSE": 0.12947798103200062, "poisson_deviance_explained": 0.3260185568081455}, "3": {"AUC": NaN, "kappa": NaN, "f1": NaN, "precision": NaN, "recall": NaN, "average_precision": NaN, "Spearman_r": 0.5703935663075823, "Pearson_r": 0.6305552249219463, "R2": 0.3962809953774131, "MAE": 0.28513164120451984, "MSE": 0.13121200075728642, "poisson_deviance_explained": 0.34026490568444645}, "4": {"AUC": NaN, "kappa": NaN, "f1": NaN, "precision": NaN, "recall": NaN, "average_precision": NaN, "Spearman_r": 0.515860194458826, "Pearson_r": 0.6181757218810106, "R2": 0.3804328422312727, "MAE": 0.22493298226794417, "MSE": 0.10012305250706839, "poisson_deviance_explained": 0.34509213492521273}, "5": {"AUC": NaN, "kappa": NaN, "f1": NaN, "precision": NaN, "recall": NaN, "average_precision": NaN, "Spearman_r": 0.5132197085327422, "Pearson_r": 0.5836251331727023, "R2": 0.33899702433058554, "MAE": 0.26874098232467225, "MSE": 0.1179483705117774, "poisson_deviance_explained": 0.2891703305183926}, "6": {"AUC": NaN, "kappa": NaN, "f1": NaN, "precision": NaN, "recall": NaN, "average_precision": NaN, "Spearman_r": 0.4946112406444268, "Pearson_r": 0.583906862345877, "R2": 0.33906784441857096, "MAE": 0.27126378505869414, "MSE": 0.12162417393976455, "poisson_deviance_explained": 0.2868148516817397}, "7": {"AUC": NaN, "kappa": NaN, "f1": NaN, "precision": NaN, "recall": NaN, "average_precision": NaN, "Spearman_r": 0.5140026221323826, "Pearson_r": 0.5807723473877661, "R2": 0.33549727473246616, "MAE": 0.2760345731063372, "MSE": 0.12322427403225762, "poisson_deviance_explained": 0.2897694994258678}, "8": {"AUC": NaN, "kappa": NaN, "f1": NaN, "precision": NaN, "recall": NaN, "average_precision": NaN, "Spearman_r": 0.5041865636368864, "Pearson_r": 0.5665042069137826, "R2": 0.3189841978017972, "MAE": 0.26110417313831547, "MSE": 0.11449532256496425, "poisson_deviance_explained": 0.2876192524126231}, "9": {"AUC": NaN, "kappa": NaN, "f1": NaN, "precision": NaN, "recall": NaN, "average_precision": NaN, "Spearman_r": 0.491331717008245, "Pearson_r": 0.5556628733961363, "R2": 0.3039016081136653, "MAE": 0.27995091958904833, "MSE": 0.12897364922353172, "poisson_deviance_explained": 0.27042577124515044}, "10": {"AUC": NaN, "kappa": NaN, "f1": NaN, "precision": NaN, "recall": NaN, "average_precision": NaN, "Spearman_r": 0.46898057218820216, "Pearson_r": 0.5398737046772962, "R2": 0.2905345623889075, "MAE": 0.26339357229389265, "MSE": 0.11565417922359132, "poisson_deviance_explained": 0.2610806517229697}, "11": {"AUC": NaN, "kappa": NaN, "f1": NaN, "precision": NaN, "recall": NaN, "average_precision": NaN, "Spearman_r": 0.4445696415972898, "Pearson_r": 0.5189086703653824, "R2": 0.26843484297725095, "MAE": 0.24460567365547967, "MSE": 0.10569889198867241, "poisson_deviance_explained": 0.24628938850768922}, "12": {"AUC": NaN, "kappa": NaN, "f1": NaN, "precision": NaN, "recall": NaN, "average_precision": NaN, "Spearman_r": 0.42984772569386004, "Pearson_r": 0.49718907273468227, "R2": 0.24662204678393296, "MAE": 0.22560093456050564, "MSE": 0.09305617824370671, "poisson_deviance_explained": 0.23870351322778371}, "13": {"AUC": NaN, "kappa": NaN, "f1": NaN, "precision": NaN, "recall": NaN, "average_precision": NaN, "Spearman_r": 0.43030607156341305, "Pearson_r": 0.49644163455998436, "R2": 0.24568391978907733, "MAE": 0.2171130939585569, "MSE": 0.08935090168088455, "poisson_deviance_explained": 0.24588405571887662}, "14": {"AUC": NaN, "kappa": NaN, "f1": NaN, "precision": NaN, "recall": NaN, "average_precision": NaN, "Spearman_r": 0.4360256276018368, "Pearson_r": 0.5033057117308651, "R2": 0.25085200475438085, "MAE": 0.20396792209473735, "MSE": 0.08265334812945532, "poisson_deviance_explained": 0.2621782351319959}, "15": {"AUC": NaN, "kappa": NaN, "f1": NaN, "precision": NaN, "recall": NaN, "average_precision": NaN, "Spearman_r": 0.4306538888885945, "Pearson_r": 0.5234581875248309, "R2": 0.27273762105125854, "MAE": 0.20630297988701, "MSE": 0.08310360747988904, "poisson_deviance_explained": 0.2614540765779202}, "16": {"AUC": NaN, "kappa": NaN, "f1": NaN, "precision": NaN, "recall": NaN, "average_precision": NaN, "Spearman_r": 0.42264019160087163, "Pearson_r": 0.4863963794764373, "R2": 0.23619914789495822, "MAE": 0.22579715614425153, "MSE": 0.09469298274593621, "poisson_deviance_explained": 0.22701199516866388}, "17": {"AUC": NaN, "kappa": NaN, "f1": NaN, "precision": NaN, "recall": NaN, "average_precision": NaN, "Spearman_r": 0.4438630215282697, "Pearson_r": 0.5142925221881395, "R2": 0.2638368359647342, "MAE": 0.21611531396993566, "MSE": 0.08894819355728312, "poisson_deviance_explained": 0.2540244470760329}, "18": {"AUC": NaN, "kappa": NaN, "f1": NaN, "precision": NaN, "recall": NaN, "average_precision": NaN, "Spearman_r": 0.41628312320954675, "Pearson_r": 0.4627842300435987, "R2": 0.21413901823645853, "MAE": 0.2458094479725075, "MSE": 0.10716299589041527, "poisson_deviance_explained": 0.21175692083571185}, "19": {"AUC": NaN, "kappa": NaN, "f1": NaN, "precision": NaN, "recall": NaN, "average_precision": NaN, "Spearman_r": 0.48827133702126985, "Pearson_r": 0.5748536675198043, "R2": 0.329174825726006, "MAE": 0.25222564950689763, "MSE": 0.1099239706917133, "poisson_deviance_explained": 0.28954972898130316}, "20": {"AUC": NaN, "kappa": NaN, "f1": NaN, "precision": NaN, "recall": NaN, "average_precision": NaN, "Spearman_r": 0.4657611483430416, "Pearson_r": 0.5390864412548035, "R2": 0.29010943100072684, "MAE": 0.26904604423164447, "MSE": 0.119765166039409, "poisson_deviance_explained": 0.2530101419297014}, "21": {"AUC": NaN, "kappa": NaN, "f1": NaN, "precision": NaN, "recall": NaN, "average_precision": NaN, "Spearman_r": 0.5108437966323959, "Pearson_r": 0.5894276001362321, "R2": 0.3467208666291972, "MAE": 0.29280725435021976, "MSE": 0.14006095470338348, "poisson_deviance_explained": 0.29215737908724415}, "22": {"AUC": NaN, "kappa": NaN, "f1": NaN, "precision": NaN, "recall": NaN, "average_precision": NaN, "Spearman_r": 0.5358250487561055, "Pearson_r": 0.6112993368313329, "R2": 0.37232857532962604, "MAE": 0.2926927811498105, "MSE": 0.13947406134970392, "poisson_deviance_explained": 0.3101328198974296}, "23": {"AUC": NaN, "kappa": NaN, "f1": NaN, "precision": NaN, "recall": NaN, "average_precision": NaN, "Spearman_r": 0.5149754827805334, "Pearson_r": 0.6020861253199556, "R2": 0.3620370113165937, "MAE": 0.29095386932175665, "MSE": 0.13779525463539838, "poisson_deviance_explained": 0.2966593487094117}, "24": {"AUC": NaN, "kappa": NaN, "f1": NaN, "precision": NaN, "recall": NaN, "average_precision": NaN, "Spearman_r": 0.543852847264332, "Pearson_r": 0.6221467153591671, "R2": 0.3857188922132755, "MAE": 0.2946874498566523, "MSE": 0.1438409234670622, "poisson_deviance_explained": 0.3279029418645356}, "25": {"AUC": NaN, "kappa": NaN, "f1": NaN, "precision": NaN, "recall": NaN, "average_precision": NaN, "Spearman_r": 0.5528946208794869, "Pearson_r": 0.6326287829409656, "R2": 0.39912565365449804, "MAE": 0.2806675502485188, "MSE": 0.12980088880061708, "poisson_deviance_explained": 0.3286496677790387}, "26": {"AUC": NaN, "kappa": NaN, "f1": NaN, "precision": NaN, "recall": NaN, "average_precision": NaN, "Spearman_r": 0.559046711684939, "Pearson_r": 0.6260836263747567, "R2": 0.39040919936918983, "MAE": 0.28409656782823156, "MSE": 0.13553994915494472, "poisson_deviance_explained": 0.3297597253145389}, "27": {"AUC": NaN, "kappa": NaN, "f1": NaN, "precision": NaN, "recall": NaN, "average_precision": NaN,