{"1": {"AUC": NaN, "kappa": NaN, "f1": NaN, "precision": NaN, "recall": NaN, "average_precision": NaN, "Spearman_r": 0.5070443944126013, "Pearson_r": 0.5737674243206231, "R2": 0.3270214371007637, "MAE": 0.2806090758086602, "MSE": 0.13614160336609488, "poisson_deviance_explained": 0.2640742175597993}, "2": {"AUC": NaN, "kappa": NaN, "f1": NaN, "precision": NaN, "recall": NaN, "average_precision": NaN, "Spearman_r": 0.5235731654269855, "Pearson_r": 0.5845092289522117, "R2": 0.34076169797452716, "MAE": 0.289259843314612, "MSE": 0.13950521771441327, "poisson_deviance_explained": 0.277554170137828}, "3": {"AUC": NaN, "kappa": NaN, "f1": NaN, "precision": NaN, "recall": NaN, "average_precision": NaN, "Spearman_r": 0.5538233825874677, "Pearson_r": 0.6120875743132737, "R2": 0.3740235345255133, "MAE": 0.27195019704510803, "MSE": 0.12949740478087668, "poisson_deviance_explained": 0.3265923636308904}, "4": {"AUC": NaN, "kappa": NaN, "f1": NaN, "precision": NaN, "recall": NaN, "average_precision": NaN, "Spearman_r": 0.547200146107547, "Pearson_r": 0.6045242599441786, "R2": 0.3653585955276397, "MAE": 0.2768637731215172, "MSE": 0.13149410227889755, "poisson_deviance_explained": 0.2948525048913285}, "5": {"AUC": NaN, "kappa": NaN, "f1": NaN, "precision": NaN, "recall": NaN, "average_precision": NaN, "Spearman_r": 0.5330026932683278, "Pearson_r": 0.5862614434077648, "R2": 0.34342683124338624, "MAE": 0.2772416619517818, "MSE": 0.13580842598105014, "poisson_deviance_explained": 0.29447585059128234}, "6": {"AUC": NaN, "kappa": NaN, "f1": NaN, "precision": NaN, "recall": NaN, "average_precision": NaN, "Spearman_r": 0.5151236757579943, "Pearson_r": 0.5723319505368318, "R2": 0.32706902897623136, "MAE": 0.27354329722374254, "MSE": 0.1290864022206309, "poisson_deviance_explained": 0.28123197004840295}, "7": {"AUC": NaN, "kappa": NaN, "f1": NaN, "precision": NaN, "recall": NaN, "average_precision": NaN, "Spearman_r": 0.505205506595616, "Pearson_r": 0.5606121248746583, "R2": 0.3123776642214706, "MAE": 0.2720984645871962, "MSE": 0.13013900822741814, "poisson_deviance_explained": 0.27286457404232256}, "8": {"AUC": NaN, "kappa": NaN, "f1": NaN, "precision": NaN, "recall": NaN, "average_precision": NaN, "Spearman_r": 0.5192492527053503, "Pearson_r": 0.5887232298742693, "R2": 0.3464592062834494, "MAE": 0.2645864869325299, "MSE": 0.12407845863315745, "poisson_deviance_explained": 0.290330882698146}, "9": {"AUC": NaN, "kappa": NaN, "f1": NaN, "precision": NaN, "recall": NaN, "average_precision": NaN, "Spearman_r": 0.5085698467459806, "Pearson_r": 0.5542492784284239, "R2": 0.30582444153263577, "MAE": 0.2732170729588593, "MSE": 0.12945619463278402, "poisson_deviance_explained": 0.2648722458088427}, "10": {"AUC": NaN, "kappa": NaN, "f1": NaN, "precision": NaN, "recall": NaN, "average_precision": NaN, "Spearman_r": 0.4682864002082482, "Pearson_r": 0.5355751336088403, "R2": 0.28470062867419277, "MAE": 0.2703294041476907, "MSE": 0.1292104302257703, "poisson_deviance_explained": 0.24865395198202989}, "11": {"AUC": NaN, "kappa": NaN, "f1": NaN, "precision": NaN, "recall": NaN, "average_precision": NaN, "Spearman_r": 0.4459686661700518, "Pearson_r": 0.5106872834101633, "R2": 0.25803354240860643, "MAE": 0.23505152860646425, "MSE": 0.10283345811466633, "poisson_deviance_explained": 0.23156297505370704}, "12": {"AUC": NaN, "kappa": NaN, "f1": NaN, "precision": NaN, "recall": NaN, "average_precision": NaN, "Spearman_r": 0.44467597468050757, "Pearson_r": 0.5226519160329116, "R2": 0.272233274495836, "MAE": 0.22929800538019204, "MSE": 0.10053257750058499, "poisson_deviance_explained": 0.24206304127830136}, "13": {"AUC": NaN, "kappa": NaN, "f1": NaN, "precision": NaN, "recall": NaN, "average_precision": NaN, "Spearman_r": 0.45464445118672026, "Pearson_r": 0.5275101314372084, "R2": 0.2778350503879474, "MAE": 0.21527632847181283, "MSE": 0.09260134139878416, "poisson_deviance_explained": 0.26920594378064155}, "14": {"AUC": NaN, "kappa": NaN, "f1": NaN, "precision": NaN, "recall": NaN, "average_precision": NaN, "Spearman_r": 0.43688004750820303, "Pearson_r": 0.49867949215847795, "R2": 0.24608494496909694, "MAE": 0.2170257088166595, "MSE": 0.09360680638551655, "poisson_deviance_explained": 0.2305616897238525}, "15": {"AUC": NaN, "kappa": NaN, "f1": NaN, "precision": NaN, "recall": NaN, "average_precision": NaN, "Spearman_r": 0.44519722995035516, "Pearson_r": 0.5231031968049772, "R2": 0.2669775117696013, "MAE": 0.2115871091541702, "MSE": 0.09037642557278476, "poisson_deviance_explained": 0.23941806799976761}, "16": {"AUC": NaN, "kappa": NaN, "f1": NaN, "precision": NaN, "recall": NaN, "average_precision": NaN, "Spearman_r": 0.4174520871128218, "Pearson_r": 0.47843235045024635, "R2": 0.21692373624862493, "MAE": 0.2014637375562255, "MSE": 0.08575008278275152, "poisson_deviance_explained": 0.21220338296601726}, "17": {"AUC": NaN, "kappa": NaN, "f1": NaN, "precision": NaN, "recall": NaN, "average_precision": NaN, "Spearman_r": 0.43574589079587256, "Pearson_r": 0.4987628239096099, "R2": 0.24664984266523637, "MAE": 0.20363994062955248, "MSE": 0.08873976091093676, "poisson_deviance_explained": 0.2303638039311554}, "18": {"AUC": NaN, "kappa": NaN, "f1": NaN, "precision": NaN, "recall": NaN, "average_precision": NaN, "Spearman_r": 0.451242851816401, "Pearson_r": 0.5231219649012226, "R2": 0.2680835401474928, "MAE": 0.23101347240250214, "MSE": 0.10210823150819107, "poisson_deviance_explained": 0.2372610411981252}, "19": {"AUC": NaN, "kappa": NaN, "f1": NaN, "precision": NaN, "recall": NaN, "average_precision": NaN, "Spearman_r": 0.44398675187355724, "Pearson_r": 0.5299111901429651, "R2": 0.27637314788278944, "MAE": 0.24483244753381753, "MSE": 0.10830991775905648, "poisson_deviance_explained": 0.243437734782734}, "20": {"AUC": NaN, "kappa": NaN, "f1": NaN, "precision": NaN, "recall": NaN, "average_precision": NaN, "Spearman_r": 0.49749020471281413, "Pearson_r": 0.5776518286067377, "R2": 0.3331502640909466, "MAE": 0.2667154768927072, "MSE": 0.12609432420662062, "poisson_deviance_explained": 0.28201298201685043}, "21": {"AUC": NaN, "kappa": NaN, "f1": NaN, "precision": NaN, "recall": NaN, "average_precision": NaN, "Spearman_r": 0.5262250462526824, "Pearson_r": 0.5923656622654084, "R2": 0.3503464468256664, "MAE": 0.29408436376812797, "MSE": 0.14869238796168635, "poisson_deviance_explained": 0.2904523161153507}, "22": {"AUC": NaN, "kappa": NaN, "f1": NaN, "precision": NaN, "recall": NaN, "average_precision": NaN, "Spearman_r": 0.5129258828021179, "Pearson_r": 0.6056534241495198, "R2": 0.3660759949867778, "MAE": 0.2977774664748066, "MSE": 0.14967108531347117, "poisson_deviance_explained": 0.2940158624577218}, "23": {"AUC": NaN, "kappa": NaN, "f1": NaN, "precision": NaN, "recall": NaN, "average_precision": NaN, "Spearman_r": 0.5677707036136423, "Pearson_r": 0.6501533577410856, "R2": 0.42234830413162106, "MAE": 0.2757838551609226, "MSE": 0.13638545247443337, "poisson_deviance_explained": 0.34522906050788527}, "24": {"AUC": NaN, "kappa": NaN, "f1": NaN, "precision": NaN, "recall": NaN, "average_precision": NaN, "Spearman_r": 0.5442530591090518, "Pearson_r": 0.6300563638847512, "R2": 0.39696103895385426, "MAE": 0.2866148136582768, "MSE": 0.14215069471323408, "poisson_deviance_explained": 0.3175245810225211}, "25": {"AUC": NaN, "kappa": NaN, "f1": NaN, "precision": NaN, "recall": NaN, "average_precision": NaN, "Spearman_r": 0.5495470862111885, "Pearson_r": 0.6270812829769948, "R2": 0.3916932227555229, "MAE": 0.2914184644662631, "MSE": 0.14875157551282703, "poisson_deviance_explained": 0.3247672824093335}, "26": {"AUC": NaN, "kappa": NaN, "f1": NaN, "precision": NaN, "recall": NaN, "average_precision": NaN, "Spearman_r": 0.5418616748608429, "Pearson_r": 0.6357591135145202, "R2": 0.4028953794881295, "MAE": 0.2642095012107935, "MSE": 0.12632878313866064, "poisson_deviance_explained": 0.3387138342754925}, "27": {"AUC": NaN, "kappa": NaN, "f1": NaN, "precision": NaN, "recall": NaN, "average_precision": NaN,