{"AUC": NaN, "kappa": NaN, "f1": NaN, "precision": NaN, "recall": NaN, "average_precision": NaN, "Spearman_r": 0.5087960320609081, "Pearson_r": 0.5892029152325817, "R2": 0.34699005690272555, "MAE": 0.2612143037039475, "MSE": 0.11975630468274508, "poisson_deviance_explained": 0.2962087421101147}
