{"1": {"AUC": NaN, "kappa": NaN, "f1": NaN, "precision": NaN, "recall": NaN, "average_precision": NaN, "Spearman_r": 0.506022324059775, "Pearson_r": 0.5915699153977824, "R2": 0.34985846177495983, "MAE": 0.2587153983569032, "MSE": 0.11563866093980421, "poisson_deviance_explained": 0.29135050777566607}, "2": {"AUC": NaN, "kappa": NaN, "f1": NaN, "precision": NaN, "recall": NaN, "average_precision": NaN, "Spearman_r": 0.5632696628141328, "Pearson_r": 0.6457503076660418, "R2": 0.41669973627013934, "MAE": 0.2598657912162484, "MSE": 0.11737764468081907, "poisson_deviance_explained": 0.3538993908704384}, "3": {"AUC": NaN, "kappa": NaN, "f1": NaN, "precision": NaN, "recall": NaN, "average_precision": NaN, "Spearman_r": 0.5454454397365404, "Pearson_r": 0.6223454435571116, "R2": 0.38730598172367103, "MAE": 0.265414328687018, "MSE": 0.12045237975130953, "poisson_deviance_explained": 0.32670962721126773}, "4": {"AUC": NaN, "kappa": NaN, "f1": NaN, "precision": NaN, "recall": NaN, "average_precision": NaN, "Spearman_r": 0.537185928982154, "Pearson_r": 0.6168574116766933, "R2": 0.3802719513668613, "MAE": 0.24808031349292428, "MSE": 0.11094804892860326, "poisson_deviance_explained": 0.3266263079736934}, "5": {"AUC": NaN, "kappa": NaN, "f1": NaN, "precision": NaN, "recall": NaN, "average_precision": NaN, "Spearman_r": 0.5265581889823308, "Pearson_r": 0.6008041160945559, "R2": 0.3607978018834226, "MAE": 0.2558028996016931, "MSE": 0.11204729664328676, "poisson_deviance_explained": 0.30903757089086936}, "6": {"AUC": NaN, "kappa": NaN, "f1": NaN, "precision": NaN, "recall": NaN, "average_precision": NaN, "Spearman_r": 0.5367091480468331, "Pearson_r": 0.6092994421792927, "R2": 0.37103578174417484, "MAE": 0.2500068869532936, "MSE": 0.10942911053280836, "poisson_deviance_explained": 0.3250100356905403}, "7": {"AUC": NaN, "kappa": NaN, "f1": NaN, "precision": NaN, "recall": NaN, "average_precision": NaN, "Spearman_r": 0.527004074740402, "Pearson_r": 0.5981532374069604, "R2": 0.3576603844984815, "MAE": 0.25191255472880514, "MSE": 0.11131963047741508, "poisson_deviance_explained": 0.311466291040542}, "8": {"AUC": NaN, "kappa": NaN, "f1": NaN, "precision": NaN, "recall": NaN, "average_precision": NaN, "Spearman_r": 0.5114932234214561, "Pearson_r": 0.5760992898195453, "R2": 0.3317477837593391, "MAE": 0.26161049511115214, "MSE": 0.11793882595633429, "poisson_deviance_explained": 0.2888926408364859}, "9": {"AUC": NaN, "kappa": NaN, "f1": NaN, "precision": NaN, "recall": NaN, "average_precision": NaN, "Spearman_r": 0.5038681928218482, "Pearson_r": 0.5771438758560988, "R2": 0.3329067201652256, "MAE": 0.25838371824506556, "MSE": 0.1155125564257436, "poisson_deviance_explained": 0.2913188710361143}, "10": {"AUC": NaN, "kappa": NaN, "f1": NaN, "precision": NaN, "recall": NaN, "average_precision": NaN, "Spearman_r": 0.4780139927511948, "Pearson_r": 0.5445945147741555, "R2": 0.2965254819220241, "MAE": 0.2590779377591099, "MSE": 0.11567935370990336, "poisson_deviance_explained": 0.2598354593357731}, "11": {"AUC": NaN, "kappa": NaN, "f1": NaN, "precision": NaN, "recall": NaN, "average_precision": NaN, "Spearman_r": 0.4633638740424793, "Pearson_r": 0.5404930910210871, "R2": 0.29190908267836924, "MAE": 0.23429875539735515, "MSE": 0.1011676615118843, "poisson_deviance_explained": 0.26149197696155724}, "12": {"AUC": NaN, "kappa": NaN, "f1": NaN, "precision": NaN, "recall": NaN, "average_precision": NaN, "Spearman_r": 0.4647649812585928, "Pearson_r": 0.5494014401638804, "R2": 0.30167587587230715, "MAE": 0.22122126222064703, "MSE": 0.09393463332055241, "poisson_deviance_explained": 0.2741531734932585}, "13": {"AUC": NaN, "kappa": NaN, "f1": NaN, "precision": NaN, "recall": NaN, "average_precision": NaN, "Spearman_r": 0.4480884289186383, "Pearson_r": 0.5416137525665805, "R2": 0.2932454505734826, "MAE": 0.2049574021492244, "MSE": 0.08467386428567894, "poisson_deviance_explained": 0.27273432498148054}, "14": {"AUC": NaN, "kappa": NaN, "f1": NaN, "precision": NaN, "recall": NaN, "average_precision": NaN, "Spearman_r": 0.4633744702479191, "Pearson_r": 0.5524874690218738, "R2": 0.3048267437421619, "MAE": 0.20727235029894056, "MSE": 0.08755479622084789, "poisson_deviance_explained": 0.28631564558135836}, "15": {"AUC": NaN, "kappa": NaN, "f1": NaN, "precision": NaN, "recall": NaN, "average_precision": NaN, "Spearman_r": 0.4564308128571995, "Pearson_r": 0.5434701092442729, "R2": 0.29429942293452604, "MAE": 0.2079875788605519, "MSE": 0.08694003698568144, "poisson_deviance_explained": 0.2771210256835359}, "16": {"AUC": NaN, "kappa": NaN, "f1": NaN, "precision": NaN, "recall": NaN, "average_precision": NaN, "Spearman_r": 0.44655870780380585, "Pearson_r": 0.5447227138409787, "R2": 0.2957851328563026, "MAE": 0.20989544309462227, "MSE": 0.08695571680548035, "poisson_deviance_explained": 0.2680560010036397}, "17": {"AUC": NaN, "kappa": NaN, "f1": NaN, "precision": NaN, "recall": NaN, "average_precision": NaN, "Spearman_r": 0.46285204117426304, "Pearson_r": 0.5453383732873219, "R2": 0.2967731940136733, "MAE": 0.21997899989166242, "MSE": 0.09495687588567292, "poisson_deviance_explained": 0.2753822482496614}, "18": {"AUC": NaN, "kappa": NaN, "f1": NaN, "precision": NaN, "recall": NaN, "average_precision": NaN, "Spearman_r": 0.4741966857451517, "Pearson_r": 0.5657098805279028, "R2": 0.31984966860212594, "MAE": 0.226214641806124, "MSE": 0.09731788350846686, "poisson_deviance_explained": 0.2839431274164562}, "19": {"AUC": NaN, "kappa": NaN, "f1": NaN, "precision": NaN, "recall": NaN, "average_precision": NaN, "Spearman_r": 0.4945208484260406, "Pearson_r": 0.5768558652274464, "R2": 0.3325141324873143, "MAE": 0.2401931274474339, "MSE": 0.10483525901917481, "poisson_deviance_explained": 0.2920171825276897}, "20": {"AUC": NaN, "kappa": NaN, "f1": NaN, "precision": NaN, "recall": NaN, "average_precision": NaN, "Spearman_r": 0.49166299901713906, "Pearson_r": 0.5870471339285311, "R2": 0.34458231531475614, "MAE": 0.24819733762763185, "MSE": 0.11202728740733245, "poisson_deviance_explained": 0.295757042255139}, "21": {"AUC": NaN, "kappa": NaN, "f1": NaN, "precision": NaN, "recall": NaN, "average_precision": NaN, "Spearman_r": 0.5338219366868797, "Pearson_r": 0.6276559106882472, "R2": 0.39335842377309094, "MAE": 0.26526143413694514, "MSE": 0.12169619880398504, "poisson_deviance_explained": 0.3245833352275904}, "22": {"AUC": NaN, "kappa": NaN, "f1": NaN, "precision": NaN, "recall": NaN, "average_precision": NaN, "Spearman_r": 0.5475826266090694, "Pearson_r": 0.633002676470958, "R2": 0.40044068421579737, "MAE": 0.27375004909102607, "MSE": 0.1281766353429068, "poisson_deviance_explained": 0.3304655168823929}, "23": {"AUC": NaN, "kappa": NaN, "f1": NaN, "precision": NaN, "recall": NaN, "average_precision": NaN, "Spearman_r": 0.522429376671754, "Pearson_r": 0.6203269829780033, "R2": 0.38417433609996066, "MAE": 0.27395174897215785, "MSE": 0.12860341218318436, "poisson_deviance_explained": 0.31271936851838134}, "24": {"AUC": NaN, "kappa": NaN, "f1": NaN, "precision": NaN, "recall": NaN, "average_precision": NaN, "Spearman_r": 0.5669907298642319, "Pearson_r": 0.6553556856521175, "R2": 0.428862302310301, "MAE": 0.281969773117735, "MSE": 0.13446887899572835, "poisson_deviance_explained": 0.3524549636452887}, "25": {"AUC": NaN, "kappa": NaN, "f1": NaN, "precision": NaN, "recall": NaN, "average_precision": NaN, "Spearman_r": 0.5618611680714332, "Pearson_r": 0.6449716380442392, "R2": 0.41583986101903936, "MAE": 0.26572015187039616, "MSE": 0.12359685800467203, "poisson_deviance_explained": 0.35011594413207725}, "26": {"AUC": NaN, "kappa": NaN, "f1": NaN, "precision": NaN, "recall": NaN, "average_precision": NaN, "Spearman_r": 0.5367006093648252, "Pearson_r": 0.6363135214050004, "R2": 0.40459869308902796, "MAE": 0.25232456159156386, "MSE": 0.1135792925862282, "poisson_deviance_explained": 0.3407353254372366}, "27": {"AUC": NaN, "kappa": NaN, "f1": NaN, "precision": NaN, "recall": NaN, "average_precision": NaN,