{"1": {"AUC": NaN, "kappa": NaN, "f1": NaN, "precision": NaN, "recall": NaN, "average_precision": NaN, "Spearman_r": 0.49764954153380775, "Pearson_r": 0.572606951597693, "R2": 0.327291872131216, "MAE": 0.27671350313369053, "MSE": 0.12740164429710632, "poisson_deviance_explained": 0.27032552682513555}, "2": {"AUC": NaN, "kappa": NaN, "f1": NaN, "precision": NaN, "recall": NaN, "average_precision": NaN, "Spearman_r": 0.5448228977850982, "Pearson_r": 0.6091080684186043, "R2": 0.3707378555969757, "MAE": 0.27776453576482657, "MSE": 0.12953364412617982, "poisson_deviance_explained": 0.31407641504913253}, "3": {"AUC": NaN, "kappa": NaN, "f1": NaN, "precision": NaN, "recall": NaN, "average_precision": NaN, "Spearman_r": 0.5437946183402854, "Pearson_r": 0.6095748703593871, "R2": 0.3713944389451391, "MAE": 0.27925148377396264, "MSE": 0.12829083893157664, "poisson_deviance_explained": 0.3108279606075257}, "4": {"AUC": NaN, "kappa": NaN, "f1": NaN, "precision": NaN, "recall": NaN, "average_precision": NaN, "Spearman_r": 0.5014148138546682, "Pearson_r": 0.5933768197137743, "R2": 0.3516646866076121, "MAE": 0.2344466462299141, "MSE": 0.1049386545165865, "poisson_deviance_explained": 0.31119970430833666}, "5": {"AUC": NaN, "kappa": NaN, "f1": NaN, "precision": NaN, "recall": NaN, "average_precision": NaN, "Spearman_r": 0.5320063035123611, "Pearson_r": 0.6096813236409817, "R2": 0.3711551770331809, "MAE": 0.26093760893665713, "MSE": 0.11580247789603572, "poisson_deviance_explained": 0.3151832322696345}, "6": {"AUC": NaN, "kappa": NaN, "f1": NaN, "precision": NaN, "recall": NaN, "average_precision": NaN, "Spearman_r": 0.514017682626001, "Pearson_r": 0.5857696178780986, "R2": 0.3425510011061511, "MAE": 0.26807417540583267, "MSE": 0.12002773231007968, "poisson_deviance_explained": 0.2922846270314733}, "7": {"AUC": NaN, "kappa": NaN, "f1": NaN, "precision": NaN, "recall": NaN, "average_precision": NaN, "Spearman_r": 0.5045650521145205, "Pearson_r": 0.5743973794588321, "R2": 0.3296409699589028, "MAE": 0.2639276289550436, "MSE": 0.11704427118536856, "poisson_deviance_explained": 0.2852733385625372}, "8": {"AUC": NaN, "kappa": NaN, "f1": NaN, "precision": NaN, "recall": NaN, "average_precision": NaN, "Spearman_r": 0.5084895906701724, "Pearson_r": 0.5741055197080284, "R2": 0.32937111309213374, "MAE": 0.2748046748568078, "MSE": 0.12314493839035982, "poisson_deviance_explained": 0.2850601943731764}, "9": {"AUC": NaN, "kappa": NaN, "f1": NaN, "precision": NaN, "recall": NaN, "average_precision": NaN, "Spearman_r": 0.4840490303744743, "Pearson_r": 0.5409545736607079, "R2": 0.2923678798940904, "MAE": 0.2680584256631934, "MSE": 0.12011367454231842, "poisson_deviance_explained": 0.2593459953412901}, "10": {"AUC": NaN, "kappa": NaN, "f1": NaN, "precision": NaN, "recall": NaN, "average_precision": NaN, "Spearman_r": 0.47363120139103815, "Pearson_r": 0.5398045529130345, "R2": 0.2912992625472792, "MAE": 0.26179871812328287, "MSE": 0.11634942846922948, "poisson_deviance_explained": 0.25966458096763534}, "11": {"AUC": NaN, "kappa": NaN, "f1": NaN, "precision": NaN, "recall": NaN, "average_precision": NaN, "Spearman_r": 0.4440270306820357, "Pearson_r": 0.5094000005816958, "R2": 0.2591221766279701, "MAE": 0.23968224162747476, "MSE": 0.10355827783656882, "poisson_deviance_explained": 0.2329228783434989}, "12": {"AUC": NaN, "kappa": NaN, "f1": NaN, "precision": NaN, "recall": NaN, "average_precision": NaN, "Spearman_r": 0.4462580185146362, "Pearson_r": 0.5212346913796161, "R2": 0.2709314803015834, "MAE": 0.23141179964964034, "MSE": 0.09943360819834933, "poisson_deviance_explained": 0.24528948587615418}, "13": {"AUC": NaN, "kappa": NaN, "f1": NaN, "precision": NaN, "recall": NaN, "average_precision": NaN, "Spearman_r": 0.4523092654744339, "Pearson_r": 0.5239413465262532, "R2": 0.2735057523108674, "MAE": 0.22876784046909915, "MSE": 0.09876762991931604, "poisson_deviance_explained": 0.2553042007886491}, "14": {"AUC": NaN, "kappa": NaN, "f1": NaN, "precision": NaN, "recall": NaN, "average_precision": NaN, "Spearman_r": 0.44936087752647785, "Pearson_r": 0.5256789994949966, "R2": 0.2742773040282691, "MAE": 0.2230904181023976, "MSE": 0.09546400502610926, "poisson_deviance_explained": 0.25408549787534906}, "15": {"AUC": NaN, "kappa": NaN, "f1": NaN, "precision": NaN, "recall": NaN, "average_precision": NaN, "Spearman_r": 0.4285779458613431, "Pearson_r": 0.5099929077118388, "R2": 0.25854978905823056, "MAE": 0.21692913338894565, "MSE": 0.09092600017364134, "poisson_deviance_explained": 0.2325600047439681}, "16": {"AUC": NaN, "kappa": NaN, "f1": NaN, "precision": NaN, "recall": NaN, "average_precision": NaN, "Spearman_r": 0.4594250860957961, "Pearson_r": 0.5418584840691409, "R2": 0.2911289067928404, "MAE": 0.22075920341420854, "MSE": 0.09403720704200631, "poisson_deviance_explained": 0.2607943032742214}, "17": {"AUC": NaN, "kappa": NaN, "f1": NaN, "precision": NaN, "recall": NaN, "average_precision": NaN, "Spearman_r": 0.4299033582233603, "Pearson_r": 0.5178298850515223, "R2": 0.26490028623930795, "MAE": 0.21554937288403128, "MSE": 0.08889571215996413, "poisson_deviance_explained": 0.2454180855056145}, "18": {"AUC": NaN, "kappa": NaN, "f1": NaN, "precision": NaN, "recall": NaN, "average_precision": NaN, "Spearman_r": 0.459467910852249, "Pearson_r": 0.5307644070298214, "R2": 0.28130452746321344, "MAE": 0.2395107454057084, "MSE": 0.1053424270602104, "poisson_deviance_explained": 0.2545961227655116}, "19": {"AUC": NaN, "kappa": NaN, "f1": NaN, "precision": NaN, "recall": NaN, "average_precision": NaN, "Spearman_r": 0.4618585092118844, "Pearson_r": 0.5257529809802565, "R2": 0.2755344343398267, "MAE": 0.24645896457519215, "MSE": 0.10872356024801198, "poisson_deviance_explained": 0.252834272591435}, "20": {"AUC": NaN, "kappa": NaN, "f1": NaN, "precision": NaN, "recall": NaN, "average_precision": NaN, "Spearman_r": 0.4821441118721317, "Pearson_r": 0.5879229457856814, "R2": 0.3454275228846556, "MAE": 0.25693124905408493, "MSE": 0.11527410491955425, "poisson_deviance_explained": 0.276228580071749}, "21": {"AUC": NaN, "kappa": NaN, "f1": NaN, "precision": NaN, "recall": NaN, "average_precision": NaN, "Spearman_r": 0.49672391271354216, "Pearson_r": 0.5927066423941567, "R2": 0.3512304507647287, "MAE": 0.28734459657918593, "MSE": 0.1358065016036234, "poisson_deviance_explained": 0.2747918196047646}, "22": {"AUC": NaN, "kappa": NaN, "f1": NaN, "precision": NaN, "recall": NaN, "average_precision": NaN, "Spearman_r": 0.5225431508951448, "Pearson_r": 0.6100092339277432, "R2": 0.3718628927560875, "MAE": 0.28973316705120283, "MSE": 0.13914931057617502, "poisson_deviance_explained": 0.2987762365201313}, "23": {"AUC": NaN, "kappa": NaN, "f1": NaN, "precision": NaN, "recall": NaN, "average_precision": NaN, "Spearman_r": 0.5553973058635904, "Pearson_r": 0.6464796584617188, "R2": 0.4174681821939754, "MAE": 0.2954693596127717, "MSE": 0.14375503737194517, "poisson_deviance_explained": 0.3306764579418269}, "24": {"AUC": NaN, "kappa": NaN, "f1": NaN, "precision": NaN, "recall": NaN, "average_precision": NaN, "Spearman_r": 0.5395849972172034, "Pearson_r": 0.6446915809463732, "R2": 0.41530592070508776, "MAE": 0.28315481057722625, "MSE": 0.13470097422347133, "poisson_deviance_explained": 0.33099940555049534}, "25": {"AUC": NaN, "kappa": NaN, "f1": NaN, "precision": NaN, "recall": NaN, "average_precision": NaN, "Spearman_r": 0.5426894128601595, "Pearson_r": 0.6261527457311515, "R2": 0.3919091844315481, "MAE": 0.26330162926190814, "MSE": 0.12618472972557424, "poisson_deviance_explained": 0.32057023764402837}, "26": {"AUC": NaN, "kappa": NaN, "f1": NaN, "precision": NaN, "recall": NaN, "average_precision": NaN, "Spearman_r": 0.5378555435158815, "Pearson_r": 0.6190760021659478, "R2": 0.38323202662770917, "MAE": 0.2700024419894317, "MSE": 0.12694894388638772, "poisson_deviance_explained": 0.32036648355174113}, "27": {"AUC": NaN, "kappa": NaN, "f1": NaN, "precision": NaN, "recall": NaN, "average_precision": NaN,