{"1": {"AUC": NaN, "kappa": NaN, "f1": NaN, "precision": NaN, "recall": NaN, "average_precision": NaN, "Spearman_r": 0.5390451104662667, "Pearson_r": 0.6107129324542181, "R2": 0.372451350203601, "MAE": 0.17326756118755796, "MSE": 0.07054225382491072, "poisson_deviance_explained": 0.35802208336530383}, "2": {"AUC": NaN, "kappa": NaN, "f1": NaN, "precision": NaN, "recall": NaN, "average_precision": NaN, "Spearman_r": 0.5472594159807009, "Pearson_r": 0.5767600268966584, "R2": 0.32326921972270695, "MAE": 0.18559437898490586, "MSE": 0.07793385508976544, "poisson_deviance_explained": 0.358821636752653}, "3": {"AUC": NaN, "kappa": NaN, "f1": NaN, "precision": NaN, "recall": NaN, "average_precision": NaN, "Spearman_r": 0.5744660658568782, "Pearson_r": 0.6358692498504123, "R2": 0.4027202836614099, "MAE": 0.17137922306771425, "MSE": 0.06865293569426668, "poisson_deviance_explained": 0.38462825517271815}, "4": {"AUC": NaN, "kappa": NaN, "f1": NaN, "precision": NaN, "recall": NaN, "average_precision": NaN, "Spearman_r": 0.5525017913302691, "Pearson_r": 0.650854448073755, "R2": 0.4231360574527083, "MAE": 0.1516258757030469, "MSE": 0.05888038378377054, "poisson_deviance_explained": 0.40011453801671326}, "5": {"AUC": NaN, "kappa": NaN, "f1": NaN, "precision": NaN, "recall": NaN, "average_precision": NaN, "Spearman_r": 0.5896928278862783, "Pearson_r": 0.6870931176939348, "R2": 0.4701306836371989, "MAE": 0.15841355150998931, "MSE": 0.05983234239624283, "poisson_deviance_explained": 0.42543191515028844}, "6": {"AUC": NaN, "kappa": NaN, "f1": NaN, "precision": NaN, "recall": NaN, "average_precision": NaN, "Spearman_r": 0.6371686044537208, "Pearson_r": 0.6491673455464535, "R2": 0.4202404660569127, "MAE": 0.20685699140805025, "MSE": 0.08370799038050829, "poisson_deviance_explained": 0.4024452430081241}, "7": {"AUC": NaN, "kappa": NaN, "f1": NaN, "precision": NaN, "recall": NaN, "average_precision": NaN, "Spearman_r": 0.6164818023903658, "Pearson_r": 0.6492067757402119, "R2": 0.42113333823893795, "MAE": 0.18290994102085692, "MSE": 0.06970032838008813, "poisson_deviance_explained": 0.3949814094537025}, "8": {"AUC": NaN, "kappa": NaN, "f1": NaN, "precision": NaN, "recall": NaN, "average_precision": NaN, "Spearman_r": 0.6230454508097748, "Pearson_r": 0.6404285870261714, "R2": 0.40959046092075146, "MAE": 0.19808806799713258, "MSE": 0.0708593541738603, "poisson_deviance_explained": 0.35708689770251656}, "9": {"AUC": NaN, "kappa": NaN, "f1": NaN, "precision": NaN, "recall": NaN, "average_precision": NaN, "Spearman_r": 0.6189406631066185, "Pearson_r": 0.6484162502939261, "R2": 0.4186138473642359, "MAE": 0.18783237663193314, "MSE": 0.07067189856280304, "poisson_deviance_explained": 0.39803809047247174}, "10": {"AUC": NaN, "kappa": NaN, "f1": NaN, "precision": NaN, "recall": NaN, "average_precision": NaN, "Spearman_r": 0.6256906526459995, "Pearson_r": 0.6709145245614118, "R2": 0.44933973351377454, "MAE": 0.18495534445753073, "MSE": 0.06659723685585749, "poisson_deviance_explained": 0.3988972854129965}, "11": {"AUC": NaN, "kappa": NaN, "f1": NaN, "precision": NaN, "recall": NaN, "average_precision": NaN, "Spearman_r": 0.5492120402566852, "Pearson_r": 0.601264226721088, "R2": 0.3596039847976026, "MAE": 0.18510469034351476, "MSE": 0.0671906170494983, "poisson_deviance_explained": 0.3353579257371101}, "12": {"AUC": NaN, "kappa": NaN, "f1": NaN, "precision": NaN, "recall": NaN, "average_precision": NaN, "Spearman_r": 0.518736726125028, "Pearson_r": 0.5610003265549302, "R2": 0.3131349477720625, "MAE": 0.1804093141422189, "MSE": 0.06619513028032244, "poisson_deviance_explained": 0.3212405039045858}, "13": {"AUC": NaN, "kappa": NaN, "f1": NaN, "precision": NaN, "recall": NaN, "average_precision": NaN, "Spearman_r": 0.4474085350914606, "Pearson_r": 0.5501228332354011, "R2": 0.299655614923113, "MAE": 0.13677319683938496, "MSE": 0.047207761694851975, "poisson_deviance_explained": 0.2912998276137818}, "14": {"AUC": NaN, "kappa": NaN, "f1": NaN, "precision": NaN, "recall": NaN, "average_precision": NaN, "Spearman_r": 0.4439084454360585, "Pearson_r": 0.5652556496783006, "R2": 0.31400213027069, "MAE": 0.12311177866362145, "MSE": 0.04243341533945438, "poisson_deviance_explained": 0.3206094961265388}, "15": {"AUC": NaN, "kappa": NaN, "f1": NaN, "precision": NaN, "recall": NaN, "average_precision": NaN, "Spearman_r": 0.44478126701608384, "Pearson_r": 0.5666430672256308, "R2": 0.31291588044532825, "MAE": 0.12434932383681123, "MSE": 0.04492393344996173, "poisson_deviance_explained": 0.28636076501592267}, "16": {"AUC": NaN, "kappa": NaN, "f1": NaN, "precision": NaN, "recall": NaN, "average_precision": NaN, "Spearman_r": 0.479648760741004, "Pearson_r": 0.584412187219839, "R2": 0.33705535845188095, "MAE": 0.12789223213780695, "MSE": 0.04476270162517549, "poisson_deviance_explained": 0.34844795265283646}, "17": {"AUC": NaN, "kappa": NaN, "f1": NaN, "precision": NaN, "recall": NaN, "average_precision": NaN, "Spearman_r": 0.44957170255584766, "Pearson_r": 0.5579514002714294, "R2": 0.3063093222503711, "MAE": 0.1330490599335666, "MSE": 0.04818437736025761, "poisson_deviance_explained": 0.3168212769778149}, "18": {"AUC": NaN, "kappa": NaN, "f1": NaN, "precision": NaN, "recall": NaN, "average_precision": NaN, "Spearman_r": 0.5043950644490777, "Pearson_r": 0.5948194641550122, "R2": 0.3514083513984406, "MAE": 0.14182649988961368, "MSE": 0.05143545130835894, "poisson_deviance_explained": 0.3700520083201466}, "19": {"AUC": NaN, "kappa": NaN, "f1": NaN, "precision": NaN, "recall": NaN, "average_precision": NaN, "Spearman_r": 0.477704486568981, "Pearson_r": 0.5586485588325127, "R2": 0.31086090688416235, "MAE": 0.14027230338771593, "MSE": 0.0532235054616698, "poisson_deviance_explained": 0.30774159287795955}, "20": {"AUC": NaN, "kappa": NaN, "f1": NaN, "precision": NaN, "recall": NaN, "average_precision": NaN, "Spearman_r": 0.5078238660962564, "Pearson_r": 0.6021040899840682, "R2": 0.3608951062751762, "MAE": 0.14379151943054697, "MSE": 0.05074423382391871, "poisson_deviance_explained": 0.3626840764543072}, "21": {"AUC": NaN, "kappa": NaN, "f1": NaN, "precision": NaN, "recall": NaN, "average_precision": NaN, "Spearman_r": 0.5161791649900183, "Pearson_r": 0.579111510800573, "R2": 0.3347040021898494, "MAE": 0.15619943719685744, "MSE": 0.05644623110983508, "poisson_deviance_explained": 0.32619362058210777}, "22": {"AUC": NaN, "kappa": NaN, "f1": NaN, "precision": NaN, "recall": NaN, "average_precision": NaN, "Spearman_r": 0.5342539166267191, "Pearson_r": 0.6130709822692424, "R2": 0.3744614735365638, "MAE": 0.15879240855166415, "MSE": 0.05913663923472268, "poisson_deviance_explained": 0.3616340475015485}, "23": {"AUC": NaN, "kappa": NaN, "f1": NaN, "precision": NaN, "recall": NaN, "average_precision": NaN, "Spearman_r": 0.5780124466151528, "Pearson_r": 0.6372197903748569, "R2": 0.4053290282442542, "MAE": 0.18952803022274134, "MSE": 0.07516948273106763, "poisson_deviance_explained": 0.36963250504638323}, "24": {"AUC": NaN, "kappa": NaN, "f1": NaN, "precision": NaN, "recall": NaN, "average_precision": NaN, "Spearman_r": 0.5628127897737112, "Pearson_r": 0.6370572865350097, "R2": 0.4052973772058065, "MAE": 0.18864800267061327, "MSE": 0.07632001407579714, "poisson_deviance_explained": 0.3762714034122844}, "25": {"AUC": NaN, "kappa": NaN, "f1": NaN, "precision": NaN, "recall": NaN, "average_precision": NaN, "Spearman_r": 0.5638051013087445, "Pearson_r": 0.6306482638818975, "R2": 0.39697231591065973, "MAE": 0.17772898544188756, "MSE": 0.07061297530820822, "poisson_deviance_explained": 0.37606142782369945}, "26": {"AUC": NaN, "kappa": NaN, "f1": NaN, "precision": NaN, "recall": NaN, "average_precision": NaN, "Spearman_r": 0.5571379028375288, "Pearson_r": 0.6072355215981665, "R2": 0.36465816555861186, "MAE": 0.18981858488238793, "MSE": 0.07882331899851154, "poisson_deviance_explained": 0.34929846278357524}, "27": {"AUC": NaN, "kappa": NaN, "f1": NaN, "precision": NaN, "recall": NaN, "average_precision": NaN,