{"1": {"AUC": NaN, "kappa": NaN, "f1": NaN, "precision": NaN, "recall": NaN, "average_precision": NaN, "Spearman_r": 0.5526717228295989, "Pearson_r": 0.647860710617859, "R2": 0.41833100259693856, "MAE": 0.16450145865753757, "MSE": 0.06385546283502272, "poisson_deviance_explained": 0.412818500572534}, "2": {"AUC": NaN, "kappa": NaN, "f1": NaN, "precision": NaN, "recall": NaN, "average_precision": NaN, "Spearman_r": 0.5782964865405646, "Pearson_r": 0.6708320121445996, "R2": 0.4482323351377312, "MAE": 0.15550371654120804, "MSE": 0.058872867130158386, "poisson_deviance_explained": 0.44559741504186146}, "3": {"AUC": NaN, "kappa": NaN, "f1": NaN, "precision": NaN, "recall": NaN, "average_precision": NaN, "Spearman_r": 0.5826375536944861, "Pearson_r": 0.6848710045051282, "R2": 0.46718943308044547, "MAE": 0.15005146876096512, "MSE": 0.05645469544777095, "poisson_deviance_explained": 0.46476639661658337}, "4": {"AUC": NaN, "kappa": NaN, "f1": NaN, "precision": NaN, "recall": NaN, "average_precision": NaN, "Spearman_r": 0.5828081306238121, "Pearson_r": 0.6733592249383723, "R2": 0.45049575314653223, "MAE": 0.15907294295305244, "MSE": 0.05826721903871771, "poisson_deviance_explained": 0.43373132103520085}, "5": {"AUC": NaN, "kappa": NaN, "f1": NaN, "precision": NaN, "recall": NaN, "average_precision": NaN, "Spearman_r": 0.6135875467397479, "Pearson_r": 0.689451750950165, "R2": 0.47220715126782387, "MAE": 0.16450570468845246, "MSE": 0.05959958596314335, "poisson_deviance_explained": 0.4494505375623339}, "6": {"AUC": NaN, "kappa": NaN, "f1": NaN, "precision": NaN, "recall": NaN, "average_precision": NaN, "Spearman_r": 0.6238038737053236, "Pearson_r": 0.6846782568832056, "R2": 0.4664516806307153, "MAE": 0.1740836157322146, "MSE": 0.06323332968728183, "poisson_deviance_explained": 0.4394148890913048}, "7": {"AUC": NaN, "kappa": NaN, "f1": NaN, "precision": NaN, "recall": NaN, "average_precision": NaN, "Spearman_r": 0.6441689070181271, "Pearson_r": 0.6746967750293983, "R2": 0.45255620928204354, "MAE": 0.19077834342366554, "MSE": 0.06720654224634742, "poisson_deviance_explained": 0.41114323872466474}, "8": {"AUC": NaN, "kappa": NaN, "f1": NaN, "precision": NaN, "recall": NaN, "average_precision": NaN, "Spearman_r": 0.6560036661937976, "Pearson_r": 0.6835276472455989, "R2": 0.4635467233343269, "MAE": 0.18975694205126237, "MSE": 0.06631016264568884, "poisson_deviance_explained": 0.4175465952583388}, "9": {"AUC": NaN, "kappa": NaN, "f1": NaN, "precision": NaN, "recall": NaN, "average_precision": NaN, "Spearman_r": 0.650503745828888, "Pearson_r": 0.6816644225284879, "R2": 0.46173795134093587, "MAE": 0.19203238613688303, "MSE": 0.06740971314527879, "poisson_deviance_explained": 0.41230967075645586}, "10": {"AUC": NaN, "kappa": NaN, "f1": NaN, "precision": NaN, "recall": NaN, "average_precision": NaN, "Spearman_r": 0.6413079957351739, "Pearson_r": 0.678378836316489, "R2": 0.45712023448382944, "MAE": 0.18865506384895847, "MSE": 0.06556434211553494, "poisson_deviance_explained": 0.4108009622073605}, "11": {"AUC": NaN, "kappa": NaN, "f1": NaN, "precision": NaN, "recall": NaN, "average_precision": NaN, "Spearman_r": 0.5993809019669174, "Pearson_r": 0.6400097966833039, "R2": 0.4060616993261964, "MAE": 0.19167696120374592, "MSE": 0.0660764122990879, "poisson_deviance_explained": 0.37320483818367856}, "12": {"AUC": NaN, "kappa": NaN, "f1": NaN, "precision": NaN, "recall": NaN, "average_precision": NaN, "Spearman_r": 0.5754030128344975, "Pearson_r": 0.6259310957966018, "R2": 0.38880930780067013, "MAE": 0.18667386677112527, "MSE": 0.06495761360204932, "poisson_deviance_explained": 0.35844077899941096}, "13": {"AUC": NaN, "kappa": NaN, "f1": NaN, "precision": NaN, "recall": NaN, "average_precision": NaN, "Spearman_r": 0.5220521229576132, "Pearson_r": 0.6195672372861435, "R2": 0.38206532337689547, "MAE": 0.14408042054405573, "MSE": 0.049391785485889586, "poisson_deviance_explained": 0.37609326047095915}, "14": {"AUC": NaN, "kappa": NaN, "f1": NaN, "precision": NaN, "recall": NaN, "average_precision": NaN, "Spearman_r": 0.46779506141150096, "Pearson_r": 0.6123504329153584, "R2": 0.3737256385968942, "MAE": 0.11637492684575844, "MSE": 0.039638561093813494, "poisson_deviance_explained": 0.3800395040939528}, "15": {"AUC": NaN, "kappa": NaN, "f1": NaN, "precision": NaN, "recall": NaN, "average_precision": NaN, "Spearman_r": 0.46891529815518224, "Pearson_r": 0.6228759561196648, "R2": 0.38593944458171114, "MAE": 0.114529791038821, "MSE": 0.03856999169526482, "poisson_deviance_explained": 0.38588456194983434}, "16": {"AUC": NaN, "kappa": NaN, "f1": NaN, "precision": NaN, "recall": NaN, "average_precision": NaN, "Spearman_r": 0.5104828194848848, "Pearson_r": 0.6412611006515988, "R2": 0.40885972765727396, "MAE": 0.12610801496861296, "MSE": 0.04273884548303375, "poisson_deviance_explained": 0.41329929481767846}, "17": {"AUC": NaN, "kappa": NaN, "f1": NaN, "precision": NaN, "recall": NaN, "average_precision": NaN, "Spearman_r": 0.514637147531398, "Pearson_r": 0.6269153255986049, "R2": 0.391712908386171, "MAE": 0.13273985944958397, "MSE": 0.04523884197828015, "poisson_deviance_explained": 0.3991581524596153}, "18": {"AUC": NaN, "kappa": NaN, "f1": NaN, "precision": NaN, "recall": NaN, "average_precision": NaN, "Spearman_r": 0.5162916060418978, "Pearson_r": 0.631672075624379, "R2": 0.3975222167899618, "MAE": 0.1320521193198558, "MSE": 0.04536582332883132, "poisson_deviance_explained": 0.39945225004862084}, "19": {"AUC": NaN, "kappa": NaN, "f1": NaN, "precision": NaN, "recall": NaN, "average_precision": NaN, "Spearman_r": 0.5221036542639884, "Pearson_r": 0.6173356042611717, "R2": 0.3794304248487732, "MAE": 0.14272556885806062, "MSE": 0.04851464191069053, "poisson_deviance_explained": 0.38571643300731806}, "20": {"AUC": NaN, "kappa": NaN, "f1": NaN, "precision": NaN, "recall": NaN, "average_precision": NaN, "Spearman_r": 0.5265314650601486, "Pearson_r": 0.5990920152392017, "R2": 0.3572371431862843, "MAE": 0.15856373442714075, "MSE": 0.054696542670770426, "poisson_deviance_explained": 0.3544412107425483}, "21": {"AUC": NaN, "kappa": NaN, "f1": NaN, "precision": NaN, "recall": NaN, "average_precision": NaN, "Spearman_r": 0.5275626449318433, "Pearson_r": 0.6112615980283036, "R2": 0.3725810691426158, "MAE": 0.1521205524950464, "MSE": 0.05270716290460694, "poisson_deviance_explained": 0.3712000117104097}, "22": {"AUC": NaN, "kappa": NaN, "f1": NaN, "precision": NaN, "recall": NaN, "average_precision": NaN, "Spearman_r": 0.5577672533624464, "Pearson_r": 0.6274369051154902, "R2": 0.39216027476312776, "MAE": 0.1738629588526186, "MSE": 0.06264481342705967, "poisson_deviance_explained": 0.37087459865015526}, "23": {"AUC": NaN, "kappa": NaN, "f1": NaN, "precision": NaN, "recall": NaN, "average_precision": NaN, "Spearman_r": 0.5668394070491284, "Pearson_r": 0.6370170167418804, "R2": 0.40291295849176223, "MAE": 0.17206115505851854, "MSE": 0.062326064122043175, "poisson_deviance_explained": 0.38928474734442964}, "24": {"AUC": NaN, "kappa": NaN, "f1": NaN, "precision": NaN, "recall": NaN, "average_precision": NaN, "Spearman_r": 0.5761154045439251, "Pearson_r": 0.6616682117669975, "R2": 0.43600581347419776, "MAE": 0.17041890461898568, "MSE": 0.06442531486069446, "poisson_deviance_explained": 0.41912708443075575}, "25": {"AUC": NaN, "kappa": NaN, "f1": NaN, "precision": NaN, "recall": NaN, "average_precision": NaN, "Spearman_r": 0.5685780897296824, "Pearson_r": 0.6465307165546023, "R2": 0.41520322996701853, "MAE": 0.17817399532332934, "MSE": 0.06595449127705805, "poisson_deviance_explained": 0.3924137036876142}, "26": {"AUC": NaN, "kappa": NaN, "f1": NaN, "precision": NaN, "recall": NaN, "average_precision": NaN, "Spearman_r": 0.5743721852355597, "Pearson_r": 0.660389475092164, "R2": 0.4337085964231636, "MAE": 0.16803071541124226, "MSE": 0.06356887916574974, "poisson_deviance_explained": 0.42275827252015785}, "27": {"AUC": NaN, "kappa": NaN, "f1": NaN, "precision": NaN, "recall": NaN, "average_precision": NaN,