{"1": {"AUC": NaN, "kappa": NaN, "f1": NaN, "precision": NaN, "recall": NaN, "average_precision": NaN, "Spearman_r": 0.5415344293120992, "Pearson_r": 0.6067302416927114, "R2": 0.36265521440514814, "MAE": 0.19618198555067573, "MSE": 0.0749643204228392, "poisson_deviance_explained": 0.3510385685994194}, "2": {"AUC": NaN, "kappa": NaN, "f1": NaN, "precision": NaN, "recall": NaN, "average_precision": NaN, "Spearman_r": 0.5552106160185685, "Pearson_r": 0.6303285315631895, "R2": 0.3906023707405658, "MAE": 0.17887585655838356, "MSE": 0.0645758743973984, "poisson_deviance_explained": 0.37858297547849906}, "3": {"AUC": NaN, "kappa": NaN, "f1": NaN, "precision": NaN, "recall": NaN, "average_precision": NaN, "Spearman_r": 0.5908185124731355, "Pearson_r": 0.6434833175177872, "R2": 0.40716191485057385, "MAE": 0.20029689793402244, "MSE": 0.07612037227880465, "poisson_deviance_explained": 0.3963680740837876}, "4": {"AUC": NaN, "kappa": NaN, "f1": NaN, "precision": NaN, "recall": NaN, "average_precision": NaN, "Spearman_r": 0.5322206626605327, "Pearson_r": 0.6367204467162649, "R2": 0.3994729104332295, "MAE": 0.15363215071459965, "MSE": 0.058194136888461395, "poisson_deviance_explained": 0.39667525560416106}, "5": {"AUC": NaN, "kappa": NaN, "f1": NaN, "precision": NaN, "recall": NaN, "average_precision": NaN, "Spearman_r": 0.6337771951751349, "Pearson_r": 0.6713672222488153, "R2": 0.44095291964330163, "MAE": 0.2070337220481481, "MSE": 0.078517254995433, "poisson_deviance_explained": 0.4140967822905455}, "6": {"AUC": NaN, "kappa": NaN, "f1": NaN, "precision": NaN, "recall": NaN, "average_precision": NaN, "Spearman_r": 0.6409138053610932, "Pearson_r": 0.6519355651398765, "R2": 0.4185311499142599, "MAE": 0.22039147777256973, "MSE": 0.08087551260903474, "poisson_deviance_explained": 0.39096396756321183}, "7": {"AUC": NaN, "kappa": NaN, "f1": NaN, "precision": NaN, "recall": NaN, "average_precision": NaN, "Spearman_r": 0.6227349522484736, "Pearson_r": 0.6373529643839324, "R2": 0.4010379539892852, "MAE": 0.21029876060154007, "MSE": 0.07447838032297432, "poisson_deviance_explained": 0.37646844889258424}, "8": {"AUC": NaN, "kappa": NaN, "f1": NaN, "precision": NaN, "recall": NaN, "average_precision": NaN, "Spearman_r": 0.6123420251296667, "Pearson_r": 0.633707635487966, "R2": 0.394403446376438, "MAE": 0.21788560207707738, "MSE": 0.07757257952234108, "poisson_deviance_explained": 0.3587761525804136}, "9": {"AUC": NaN, "kappa": NaN, "f1": NaN, "precision": NaN, "recall": NaN, "average_precision": NaN, "Spearman_r": 0.6267963476974384, "Pearson_r": 0.6532874795173532, "R2": 0.4210957695419185, "MAE": 0.21501109489371842, "MSE": 0.07763285696926593, "poisson_deviance_explained": 0.3822180230299389}, "10": {"AUC": NaN, "kappa": NaN, "f1": NaN, "precision": NaN, "recall": NaN, "average_precision": NaN, "Spearman_r": 0.6202301244944601, "Pearson_r": 0.6458662619489013, "R2": 0.4103333908552541, "MAE": 0.2135408093436421, "MSE": 0.07388511753340594, "poisson_deviance_explained": 0.36593241267970344}, "11": {"AUC": NaN, "kappa": NaN, "f1": NaN, "precision": NaN, "recall": NaN, "average_precision": NaN, "Spearman_r": 0.5686640155467568, "Pearson_r": 0.5990404444907255, "R2": 0.3535199930152132, "MAE": 0.2119015080453273, "MSE": 0.07392211775138172, "poisson_deviance_explained": 0.32548753864458835}, "12": {"AUC": NaN, "kappa": NaN, "f1": NaN, "precision": NaN, "recall": NaN, "average_precision": NaN, "Spearman_r": 0.5351531478627173, "Pearson_r": 0.5712653861822323, "R2": 0.32105675737269146, "MAE": 0.21181025466936315, "MSE": 0.07353668564618913, "poisson_deviance_explained": 0.30207254158907826}, "13": {"AUC": NaN, "kappa": NaN, "f1": NaN, "precision": NaN, "recall": NaN, "average_precision": NaN, "Spearman_r": 0.49780446704059406, "Pearson_r": 0.5866210803026438, "R2": 0.33651683902035756, "MAE": 0.1625584254441565, "MSE": 0.05546576059817367, "poisson_deviance_explained": 0.33066010671542656}, "14": {"AUC": NaN, "kappa": NaN, "f1": NaN, "precision": NaN, "recall": NaN, "average_precision": NaN, "Spearman_r": 0.4655662294008957, "Pearson_r": 0.6057977743004003, "R2": 0.36111314134011974, "MAE": 0.12948351027299995, "MSE": 0.04402200638226452, "poisson_deviance_explained": 0.3676011807808637}, "15": {"AUC": NaN, "kappa": NaN, "f1": NaN, "precision": NaN, "recall": NaN, "average_precision": NaN, "Spearman_r": 0.48587013590222056, "Pearson_r": 0.6144561752418012, "R2": 0.3700585515447784, "MAE": 0.13721665963722382, "MSE": 0.04564280389195563, "poisson_deviance_explained": 0.3624517089341771}, "16": {"AUC": NaN, "kappa": NaN, "f1": NaN, "precision": NaN, "recall": NaN, "average_precision": NaN, "Spearman_r": 0.5127361088792662, "Pearson_r": 0.5951888269202927, "R2": 0.34630292873188206, "MAE": 0.15868996032990276, "MSE": 0.053750910871372286, "poisson_deviance_explained": 0.3520185415593229}, "17": {"AUC": NaN, "kappa": NaN, "f1": NaN, "precision": NaN, "recall": NaN, "average_precision": NaN, "Spearman_r": 0.523065422517568, "Pearson_r": 0.6043387581383942, "R2": 0.3566441666321075, "MAE": 0.1645037544327771, "MSE": 0.05539219960239436, "poisson_deviance_explained": 0.3557639794563009}, "18": {"AUC": NaN, "kappa": NaN, "f1": NaN, "precision": NaN, "recall": NaN, "average_precision": NaN, "Spearman_r": 0.5395543897311645, "Pearson_r": 0.6345037625903579, "R2": 0.3941704402216716, "MAE": 0.15069335397296563, "MSE": 0.04939448181565077, "poisson_deviance_explained": 0.38977536541825575}, "19": {"AUC": NaN, "kappa": NaN, "f1": NaN, "precision": NaN, "recall": NaN, "average_precision": NaN, "Spearman_r": 0.5161162417918077, "Pearson_r": 0.5942390671094614, "R2": 0.3487312678933574, "MAE": 0.15752156473983725, "MSE": 0.05308293367995651, "poisson_deviance_explained": 0.35048946788198554}, "20": {"AUC": NaN, "kappa": NaN, "f1": NaN, "precision": NaN, "recall": NaN, "average_precision": NaN, "Spearman_r": 0.510838942143419, "Pearson_r": 0.5823606190341635, "R2": 0.334474054866018, "MAE": 0.16941236936972034, "MSE": 0.056875324980918546, "poisson_deviance_explained": 0.33151907128723446}, "21": {"AUC": NaN, "kappa": NaN, "f1": NaN, "precision": NaN, "recall": NaN, "average_precision": NaN, "Spearman_r": 0.5556804178170851, "Pearson_r": 0.6126040398947675, "R2": 0.3699914036349442, "MAE": 0.1812288447217347, "MSE": 0.061575806857320926, "poisson_deviance_explained": 0.3524859663479619}, "22": {"AUC": NaN, "kappa": NaN, "f1": NaN, "precision": NaN, "recall": NaN, "average_precision": NaN, "Spearman_r": 0.5828643693392489, "Pearson_r": 0.6316903832542258, "R2": 0.39137345187042116, "MAE": 0.19228506909661566, "MSE": 0.06830282449164866, "poisson_deviance_explained": 0.3659048303967183}, "23": {"AUC": NaN, "kappa": NaN, "f1": NaN, "precision": NaN, "recall": NaN, "average_precision": NaN, "Spearman_r": 0.5678520670799382, "Pearson_r": 0.6231594420606005, "R2": 0.3849895037816108, "MAE": 0.18779509141292036, "MSE": 0.06726147956528442, "poisson_deviance_explained": 0.3685946601699842}, "24": {"AUC": NaN, "kappa": NaN, "f1": NaN, "precision": NaN, "recall": NaN, "average_precision": NaN, "Spearman_r": 0.594724640990736, "Pearson_r": 0.6562102375527892, "R2": 0.4231585569772862, "MAE": 0.19634915536261724, "MSE": 0.07144521626584378, "poisson_deviance_explained": 0.3950041565230493}, "25": {"AUC": NaN, "kappa": NaN, "f1": NaN, "precision": NaN, "recall": NaN, "average_precision": NaN, "Spearman_r": 0.5798270164751707, "Pearson_r": 0.6407336563002494, "R2": 0.4030068648030798, "MAE": 0.19458967219070208, "MSE": 0.071493543246966, "poisson_deviance_explained": 0.38345875530592843}, "26": {"AUC": NaN, "kappa": NaN, "f1": NaN, "precision": NaN, "recall": NaN, "average_precision": NaN, "Spearman_r": 0.5735460783441615, "Pearson_r": 0.632116345469537, "R2": 0.3923772860818443, "MAE": 0.195339272199106, "MSE": 0.07329299172613418, "poisson_deviance_explained": 0.37779129579085813}, "27": {"AUC": NaN, "kappa": NaN, "f1": NaN, "precision": NaN, "recall": NaN, "average_precision": NaN,