{"1": {"AUC": NaN, "kappa": NaN, "f1": NaN, "precision": NaN, "recall": NaN, "average_precision": NaN, "Spearman_r": 0.5200434907469517, "Pearson_r": 0.6260485782500943, "R2": 0.3912662279247685, "MAE": 0.1576848241692483, "MSE": 0.06171686804343454, "poisson_deviance_explained": 0.38786267887653714}, "2": {"AUC": NaN, "kappa": NaN, "f1": NaN, "precision": NaN, "recall": NaN, "average_precision": NaN, "Spearman_r": 0.5615229123946637, "Pearson_r": 0.6669827985341765, "R2": 0.4435953607499378, "MAE": 0.1550565175749373, "MSE": 0.06204965239283406, "poisson_deviance_explained": 0.44526365671251367}, "3": {"AUC": NaN, "kappa": NaN, "f1": NaN, "precision": NaN, "recall": NaN, "average_precision": NaN, "Spearman_r": 0.5599443037488558, "Pearson_r": 0.667706336694321, "R2": 0.44391435765999354, "MAE": 0.1529698811890889, "MSE": 0.060003805474099364, "poisson_deviance_explained": 0.4468539341905233}, "4": {"AUC": NaN, "kappa": NaN, "f1": NaN, "precision": NaN, "recall": NaN, "average_precision": NaN, "Spearman_r": 0.5610523609167823, "Pearson_r": 0.6572964876927033, "R2": 0.4302887914540995, "MAE": 0.1573510124798132, "MSE": 0.06037775189767102, "poisson_deviance_explained": 0.4251662381985075}, "5": {"AUC": NaN, "kappa": NaN, "f1": NaN, "precision": NaN, "recall": NaN, "average_precision": NaN, "Spearman_r": 0.6431560610867462, "Pearson_r": 0.6919786166372708, "R2": 0.47445815390319546, "MAE": 0.18813679742691367, "MSE": 0.07260128218615358, "poisson_deviance_explained": 0.4446286125563872}, "6": {"AUC": NaN, "kappa": NaN, "f1": NaN, "precision": NaN, "recall": NaN, "average_precision": NaN, "Spearman_r": 0.6066262920664852, "Pearson_r": 0.6926997802679297, "R2": 0.47729784709921264, "MAE": 0.15904427157682965, "MSE": 0.05902582151891487, "poisson_deviance_explained": 0.4616608229690278}, "7": {"AUC": NaN, "kappa": NaN, "f1": NaN, "precision": NaN, "recall": NaN, "average_precision": NaN, "Spearman_r": 0.6270246942313974, "Pearson_r": 0.6849456071074707, "R2": 0.4663924706571344, "MAE": 0.17123544027477489, "MSE": 0.061889087712979116, "poisson_deviance_explained": 0.4387830913113876}, "8": {"AUC": NaN, "kappa": NaN, "f1": NaN, "precision": NaN, "recall": NaN, "average_precision": NaN, "Spearman_r": 0.6530330905033572, "Pearson_r": 0.682082190794692, "R2": 0.4611157857276924, "MAE": 0.19598491649464725, "MSE": 0.06949480223734646, "poisson_deviance_explained": 0.4146887163492432}, "9": {"AUC": NaN, "kappa": NaN, "f1": NaN, "precision": NaN, "recall": NaN, "average_precision": NaN, "Spearman_r": 0.6395689125116355, "Pearson_r": 0.6769345179178041, "R2": 0.45596742911249377, "MAE": 0.18946665749919486, "MSE": 0.06765794902407869, "poisson_deviance_explained": 0.4136298082740012}, "10": {"AUC": NaN, "kappa": NaN, "f1": NaN, "precision": NaN, "recall": NaN, "average_precision": NaN, "Spearman_r": 0.6222715624692449, "Pearson_r": 0.6529172061186612, "R2": 0.4244083791897445, "MAE": 0.19660893389714754, "MSE": 0.06945082896632086, "poisson_deviance_explained": 0.385860803683979}, "11": {"AUC": NaN, "kappa": NaN, "f1": NaN, "precision": NaN, "recall": NaN, "average_precision": NaN, "Spearman_r": 0.5904474136073496, "Pearson_r": 0.6367364975376699, "R2": 0.40327290950223593, "MAE": 0.1875938898043255, "MSE": 0.0660297914037107, "poisson_deviance_explained": 0.379062260065415}, "12": {"AUC": NaN, "kappa": NaN, "f1": NaN, "precision": NaN, "recall": NaN, "average_precision": NaN, "Spearman_r": 0.5558839630169736, "Pearson_r": 0.6098761475005249, "R2": 0.3704603335593879, "MAE": 0.17802526930727938, "MSE": 0.06302809380508886, "poisson_deviance_explained": 0.3587458411082878}, "13": {"AUC": NaN, "kappa": NaN, "f1": NaN, "precision": NaN, "recall": NaN, "average_precision": NaN, "Spearman_r": 0.5118189802421931, "Pearson_r": 0.6054323360665985, "R2": 0.36462946710084665, "MAE": 0.15201977904623645, "MSE": 0.05258734184112485, "poisson_deviance_explained": 0.35942238354386047}, "14": {"AUC": NaN, "kappa": NaN, "f1": NaN, "precision": NaN, "recall": NaN, "average_precision": NaN, "Spearman_r": 0.46379746227521473, "Pearson_r": 0.5921429913314399, "R2": 0.34928644409461274, "MAE": 0.12271142466240068, "MSE": 0.042237754584512656, "poisson_deviance_explained": 0.36193818931203414}, "15": {"AUC": NaN, "kappa": NaN, "f1": NaN, "precision": NaN, "recall": NaN, "average_precision": NaN, "Spearman_r": 0.44751961912628796, "Pearson_r": 0.5952146956580349, "R2": 0.3524909401824824, "MAE": 0.11499948055384036, "MSE": 0.03836197584832403, "poisson_deviance_explained": 0.3639673111802264}, "16": {"AUC": NaN, "kappa": NaN, "f1": NaN, "precision": NaN, "recall": NaN, "average_precision": NaN, "Spearman_r": 0.48303384420743417, "Pearson_r": 0.6106519982183028, "R2": 0.3712028624570418, "MAE": 0.12733559578050885, "MSE": 0.042994951421641996, "poisson_deviance_explained": 0.37997596308189896}, "17": {"AUC": NaN, "kappa": NaN, "f1": NaN, "precision": NaN, "recall": NaN, "average_precision": NaN, "Spearman_r": 0.5113769146876571, "Pearson_r": 0.6247022389544116, "R2": 0.3884726639120101, "MAE": 0.13434316033713153, "MSE": 0.045986365626167, "poisson_deviance_explained": 0.3889729178718182}, "18": {"AUC": NaN, "kappa": NaN, "f1": NaN, "precision": NaN, "recall": NaN, "average_precision": NaN, "Spearman_r": 0.5082957476666852, "Pearson_r": 0.6147494446956479, "R2": 0.3766011951559456, "MAE": 0.13409639864026027, "MSE": 0.045684177205887286, "poisson_deviance_explained": 0.38502572406694047}, "19": {"AUC": NaN, "kappa": NaN, "f1": NaN, "precision": NaN, "recall": NaN, "average_precision": NaN, "Spearman_r": 0.5054511462342001, "Pearson_r": 0.6059186668338593, "R2": 0.36667822324833854, "MAE": 0.14324896713563762, "MSE": 0.05077205083920807, "poisson_deviance_explained": 0.36502003975461106}, "20": {"AUC": NaN, "kappa": NaN, "f1": NaN, "precision": NaN, "recall": NaN, "average_precision": NaN, "Spearman_r": 0.49960905317412163, "Pearson_r": 0.6035636074424685, "R2": 0.36409150772996546, "MAE": 0.14137705325952363, "MSE": 0.05060505792952524, "poisson_deviance_explained": 0.35677953714593313}, "21": {"AUC": NaN, "kappa": NaN, "f1": NaN, "precision": NaN, "recall": NaN, "average_precision": NaN, "Spearman_r": 0.543622973434568, "Pearson_r": 0.6365206920832095, "R2": 0.4047204595201198, "MAE": 0.14842498655896397, "MSE": 0.05335164701453275, "poisson_deviance_explained": 0.3995995739750521}, "22": {"AUC": NaN, "kappa": NaN, "f1": NaN, "precision": NaN, "recall": NaN, "average_precision": NaN, "Spearman_r": 0.5570925481970511, "Pearson_r": 0.6312577710798406, "R2": 0.39711936991277264, "MAE": 0.16239006105828235, "MSE": 0.05807178433850785, "poisson_deviance_explained": 0.3870699397283258}, "23": {"AUC": NaN, "kappa": NaN, "f1": NaN, "precision": NaN, "recall": NaN, "average_precision": NaN, "Spearman_r": 0.5735952792044561, "Pearson_r": 0.6367005708347646, "R2": 0.4035680312429989, "MAE": 0.17669240624103355, "MSE": 0.0652956381359022, "poisson_deviance_explained": 0.3878236839190047}, "24": {"AUC": NaN, "kappa": NaN, "f1": NaN, "precision": NaN, "recall": NaN, "average_precision": NaN, "Spearman_r": 0.573878935369842, "Pearson_r": 0.6496778475792322, "R2": 0.4197122885632594, "MAE": 0.17725382183204863, "MSE": 0.0660443519471301, "poisson_deviance_explained": 0.39642862517485333}, "25": {"AUC": NaN, "kappa": NaN, "f1": NaN, "precision": NaN, "recall": NaN, "average_precision": NaN, "Spearman_r": 0.5591637040898978, "Pearson_r": 0.6337007445635846, "R2": 0.3998233424911509, "MAE": 0.18002087955080892, "MSE": 0.06881827667985113, "poisson_deviance_explained": 0.38295611154659326}, "26": {"AUC": NaN, "kappa": NaN, "f1": NaN, "precision": NaN, "recall": NaN, "average_precision": NaN, "Spearman_r": 0.5716052399549637, "Pearson_r": 0.6580932227362417, "R2": 0.43115943123267997, "MAE": 0.17007346895729814, "MSE": 0.0645874834096362, "poisson_deviance_explained": 0.410847925558525}, "27": {"AUC": NaN, "kappa": NaN, "f1": NaN, "precision": NaN, "recall": NaN, "average_precision": NaN,