{"1": {"AUC": NaN, "kappa": NaN, "f1": NaN, "precision": NaN, "recall": NaN, "average_precision": NaN, "Spearman_r": 0.5334509170342308, "Pearson_r": 0.5957228557023454, "R2": 0.3541941289826167, "MAE": 0.19011875045499865, "MSE": 0.07717983211359565, "poisson_deviance_explained": 0.34934768566246366}, "2": {"AUC": NaN, "kappa": NaN, "f1": NaN, "precision": NaN, "recall": NaN, "average_precision": NaN, "Spearman_r": 0.5564485697033789, "Pearson_r": 0.6491139300449569, "R2": 0.4201229395077396, "MAE": 0.1577429372869442, "MSE": 0.061374003989250026, "poisson_deviance_explained": 0.4268341142697576}, "3": {"AUC": NaN, "kappa": NaN, "f1": NaN, "precision": NaN, "recall": NaN, "average_precision": NaN, "Spearman_r": 0.580444075172893, "Pearson_r": 0.66033100881868, "R2": 0.43405842578702314, "MAE": 0.16883888997255728, "MSE": 0.06564980337194698, "poisson_deviance_explained": 0.4316343265407807}, "4": {"AUC": NaN, "kappa": NaN, "f1": NaN, "precision": NaN, "recall": NaN, "average_precision": NaN, "Spearman_r": 0.5390883844168809, "Pearson_r": 0.6562340055162916, "R2": 0.4297872489643111, "MAE": 0.1369290353208257, "MSE": 0.05283881114031821, "poisson_deviance_explained": 0.43682729426833977}, "5": {"AUC": NaN, "kappa": NaN, "f1": NaN, "precision": NaN, "recall": NaN, "average_precision": NaN, "Spearman_r": 0.5773150459500195, "Pearson_r": 0.6696319487447945, "R2": 0.44615103672773937, "MAE": 0.15511209810930326, "MSE": 0.059453863935187236, "poisson_deviance_explained": 0.4541686292489925}, "6": {"AUC": NaN, "kappa": NaN, "f1": NaN, "precision": NaN, "recall": NaN, "average_precision": NaN, "Spearman_r": 0.619252775926898, "Pearson_r": 0.66222001165257, "R2": 0.436870809672151, "MAE": 0.18844389173553214, "MSE": 0.07119489160272092, "poisson_deviance_explained": 0.4106756649536154}, "7": {"AUC": NaN, "kappa": NaN, "f1": NaN, "precision": NaN, "recall": NaN, "average_precision": NaN, "Spearman_r": 0.6202206330573754, "Pearson_r": 0.6437226055001357, "R2": 0.4118014260572833, "MAE": 0.20842341164154018, "MSE": 0.07781890746580045, "poisson_deviance_explained": 0.37733452760744235}, "8": {"AUC": NaN, "kappa": NaN, "f1": NaN, "precision": NaN, "recall": NaN, "average_precision": NaN, "Spearman_r": 0.632570479078495, "Pearson_r": 0.6501989154351261, "R2": 0.4199734083569042, "MAE": 0.2125339384191761, "MSE": 0.07764506634593421, "poisson_deviance_explained": 0.3773819496246623}, "9": {"AUC": NaN, "kappa": NaN, "f1": NaN, "precision": NaN, "recall": NaN, "average_precision": NaN, "Spearman_r": 0.626321874498535, "Pearson_r": 0.6503040923785779, "R2": 0.42116160952380777, "MAE": 0.1999137557075688, "MSE": 0.07225861834670534, "poisson_deviance_explained": 0.3924811655746294}, "10": {"AUC": NaN, "kappa": NaN, "f1": NaN, "precision": NaN, "recall": NaN, "average_precision": NaN, "Spearman_r": 0.6175037882113791, "Pearson_r": 0.6406135405382485, "R2": 0.4078967872131033, "MAE": 0.21291796087652265, "MSE": 0.07568361868227284, "poisson_deviance_explained": 0.3628035011730649}, "11": {"AUC": NaN, "kappa": NaN, "f1": NaN, "precision": NaN, "recall": NaN, "average_precision": NaN, "Spearman_r": 0.5727574397507597, "Pearson_r": 0.6122414358002074, "R2": 0.3732872831391961, "MAE": 0.20164268611626085, "MSE": 0.07229314837003926, "poisson_deviance_explained": 0.3378127462897369}, "12": {"AUC": NaN, "kappa": NaN, "f1": NaN, "precision": NaN, "recall": NaN, "average_precision": NaN, "Spearman_r": 0.5382618637664076, "Pearson_r": 0.58209480891067, "R2": 0.3382470331508355, "MAE": 0.1990998134236273, "MSE": 0.07127840907580715, "poisson_deviance_explained": 0.3139559641315903}, "13": {"AUC": NaN, "kappa": NaN, "f1": NaN, "precision": NaN, "recall": NaN, "average_precision": NaN, "Spearman_r": 0.4965130647109931, "Pearson_r": 0.5756228476379337, "R2": 0.3307121117394649, "MAE": 0.16281145535501096, "MSE": 0.057814556955403704, "poisson_deviance_explained": 0.3218450217430884}, "14": {"AUC": NaN, "kappa": NaN, "f1": NaN, "precision": NaN, "recall": NaN, "average_precision": NaN, "Spearman_r": 0.4813233909138976, "Pearson_r": 0.5990042398713232, "R2": 0.3579068953842349, "MAE": 0.12721887718158245, "MSE": 0.04429064088822842, "poisson_deviance_explained": 0.3599941357924301}, "15": {"AUC": NaN, "kappa": NaN, "f1": NaN, "precision": NaN, "recall": NaN, "average_precision": NaN, "Spearman_r": 0.4528485998879338, "Pearson_r": 0.5941566483388315, "R2": 0.3518395602746116, "MAE": 0.11974411891036109, "MSE": 0.040536887800955865, "poisson_deviance_explained": 0.3472076986718563}, "16": {"AUC": NaN, "kappa": NaN, "f1": NaN, "precision": NaN, "recall": NaN, "average_precision": NaN, "Spearman_r": 0.5217481474745307, "Pearson_r": 0.6416422707240284, "R2": 0.4090572925649256, "MAE": 0.13892705617560844, "MSE": 0.047708144546725555, "poisson_deviance_explained": 0.3912892196440363}, "17": {"AUC": NaN, "kappa": NaN, "f1": NaN, "precision": NaN, "recall": NaN, "average_precision": NaN, "Spearman_r": 0.5327250110408359, "Pearson_r": 0.609236386160179, "R2": 0.36980317563537524, "MAE": 0.15755125219823948, "MSE": 0.05458494581608629, "poisson_deviance_explained": 0.35826152885887896}, "18": {"AUC": NaN, "kappa": NaN, "f1": NaN, "precision": NaN, "recall": NaN, "average_precision": NaN, "Spearman_r": 0.5116509781500286, "Pearson_r": 0.6197777036047717, "R2": 0.3830969587897707, "MAE": 0.14443198327974158, "MSE": 0.049220656390749296, "poisson_deviance_explained": 0.3725463018393581}, "19": {"AUC": NaN, "kappa": NaN, "f1": NaN, "precision": NaN, "recall": NaN, "average_precision": NaN, "Spearman_r": 0.5057018222175174, "Pearson_r": 0.5895617578049845, "R2": 0.3472673076414351, "MAE": 0.1578932179121844, "MSE": 0.055091211041509616, "poisson_deviance_explained": 0.3336541938821571}, "20": {"AUC": NaN, "kappa": NaN, "f1": NaN, "precision": NaN, "recall": NaN, "average_precision": NaN, "Spearman_r": 0.5020555534938386, "Pearson_r": 0.5883618305486757, "R2": 0.34523620544004985, "MAE": 0.1552453628665675, "MSE": 0.054127729344589884, "poisson_deviance_explained": 0.342249501868891}, "21": {"AUC": NaN, "kappa": NaN, "f1": NaN, "precision": NaN, "recall": NaN, "average_precision": NaN, "Spearman_r": 0.5198855670023081, "Pearson_r": 0.5867402450832468, "R2": 0.34357039901034536, "MAE": 0.1706037834047242, "MSE": 0.06107533052885255, "poisson_deviance_explained": 0.33563947109356707}, "22": {"AUC": NaN, "kappa": NaN, "f1": NaN, "precision": NaN, "recall": NaN, "average_precision": NaN, "Spearman_r": 0.5612656098337898, "Pearson_r": 0.6128690876405516, "R2": 0.3753072900355837, "MAE": 0.17903279296124833, "MSE": 0.06693970227564797, "poisson_deviance_explained": 0.3639873983642423}, "23": {"AUC": NaN, "kappa": NaN, "f1": NaN, "precision": NaN, "recall": NaN, "average_precision": NaN, "Spearman_r": 0.546113955464503, "Pearson_r": 0.5969521170722581, "R2": 0.35562345988113486, "MAE": 0.1799555481557941, "MSE": 0.06593477996279126, "poisson_deviance_explained": 0.34369727069628875}, "24": {"AUC": NaN, "kappa": NaN, "f1": NaN, "precision": NaN, "recall": NaN, "average_precision": NaN, "Spearman_r": 0.5800935581813466, "Pearson_r": 0.6422216699544407, "R2": 0.4112004482521763, "MAE": 0.18313218406426085, "MSE": 0.0670961851104106, "poisson_deviance_explained": 0.38737307840088375}, "25": {"AUC": NaN, "kappa": NaN, "f1": NaN, "precision": NaN, "recall": NaN, "average_precision": NaN, "Spearman_r": 0.5960582194768629, "Pearson_r": 0.6591787923316149, "R2": 0.43302893986121105, "MAE": 0.18884488565727772, "MSE": 0.07122227659918134, "poisson_deviance_explained": 0.39577719752079743}, "26": {"AUC": NaN, "kappa": NaN, "f1": NaN, "precision": NaN, "recall": NaN, "average_precision": NaN, "Spearman_r": 0.5884107937717812, "Pearson_r": 0.6523914896589742, "R2": 0.4244149392506369, "MAE": 0.18021237497815892, "MSE": 0.06921048593775411, "poisson_deviance_explained": 0.4097018620294265}, "27": {"AUC": NaN, "kappa": NaN, "f1": NaN, "precision": NaN, "recall": NaN, "average_precision": NaN,