{"1": {"AUC": NaN, "kappa": NaN, "f1": NaN, "precision": NaN, "recall": NaN, "average_precision": NaN, "Spearman_r": 0.5370107150954269, "Pearson_r": 0.5859895716651811, "R2": 0.34292257340961896, "MAE": 0.19733041890263422, "MSE": 0.07956016900990831, "poisson_deviance_explained": 0.3376866405478459}, "2": {"AUC": NaN, "kappa": NaN, "f1": NaN, "precision": NaN, "recall": NaN, "average_precision": NaN, "Spearman_r": 0.5567774668544176, "Pearson_r": 0.626847530276302, "R2": 0.39246845537533137, "MAE": 0.17652989060645444, "MSE": 0.07143849786506318, "poisson_deviance_explained": 0.3755593961367196}, "3": {"AUC": NaN, "kappa": NaN, "f1": NaN, "precision": NaN, "recall": NaN, "average_precision": NaN, "Spearman_r": 0.5904878248975104, "Pearson_r": 0.6251388425968837, "R2": 0.38997840746368806, "MAE": 0.2037177534441462, "MSE": 0.0815758868773177, "poisson_deviance_explained": 0.3737843444734391}, "4": {"AUC": NaN, "kappa": NaN, "f1": NaN, "precision": NaN, "recall": NaN, "average_precision": NaN, "Spearman_r": 0.5714775788338596, "Pearson_r": 0.6114552112543573, "R2": 0.3730796067094798, "MAE": 0.20343370702840138, "MSE": 0.07671855895846437, "poisson_deviance_explained": 0.3447695873711817}, "5": {"AUC": NaN, "kappa": NaN, "f1": NaN, "precision": NaN, "recall": NaN, "average_precision": NaN, "Spearman_r": 0.630885192871418, "Pearson_r": 0.6690805620977819, "R2": 0.4455854792519117, "MAE": 0.18695465275809212, "MSE": 0.07547237449571491, "poisson_deviance_explained": 0.44061677544581623}, "6": {"AUC": NaN, "kappa": NaN, "f1": NaN, "precision": NaN, "recall": NaN, "average_precision": NaN, "Spearman_r": 0.6157198669228653, "Pearson_r": 0.6446551230892974, "R2": 0.41376337235367766, "MAE": 0.20002400505994752, "MSE": 0.07447390814134638, "poisson_deviance_explained": 0.38089486287335594}, "7": {"AUC": NaN, "kappa": NaN, "f1": NaN, "precision": NaN, "recall": NaN, "average_precision": NaN, "Spearman_r": 0.6113334353853958, "Pearson_r": 0.6396562492343786, "R2": 0.40826593373930675, "MAE": 0.20528332478500902, "MSE": 0.0773440115630585, "poisson_deviance_explained": 0.3658839607448925}, "8": {"AUC": NaN, "kappa": NaN, "f1": NaN, "precision": NaN, "recall": NaN, "average_precision": NaN, "Spearman_r": 0.6057617700474249, "Pearson_r": 0.6378996050005962, "R2": 0.40465697114640176, "MAE": 0.1942697448729785, "MSE": 0.06938824649031027, "poisson_deviance_explained": 0.37143490262557544}, "9": {"AUC": NaN, "kappa": NaN, "f1": NaN, "precision": NaN, "recall": NaN, "average_precision": NaN, "Spearman_r": 0.6331336665764666, "Pearson_r": 0.6565546010661166, "R2": 0.42867590476146533, "MAE": 0.19958014691210668, "MSE": 0.07222960733101995, "poisson_deviance_explained": 0.39412108454407546}, "10": {"AUC": NaN, "kappa": NaN, "f1": NaN, "precision": NaN, "recall": NaN, "average_precision": NaN, "Spearman_r": 0.6015016543037404, "Pearson_r": 0.6377513621095908, "R2": 0.40547820688611336, "MAE": 0.19768216380700465, "MSE": 0.0709941802891013, "poisson_deviance_explained": 0.3768739857005571}, "11": {"AUC": NaN, "kappa": NaN, "f1": NaN, "precision": NaN, "recall": NaN, "average_precision": NaN, "Spearman_r": 0.5537177057832956, "Pearson_r": 0.5853528591681931, "R2": 0.34216535052901087, "MAE": 0.20338603019999235, "MSE": 0.07431383578425381, "poisson_deviance_explained": 0.3244475445699122}, "12": {"AUC": NaN, "kappa": NaN, "f1": NaN, "precision": NaN, "recall": NaN, "average_precision": NaN, "Spearman_r": 0.5206624127678309, "Pearson_r": 0.5644527365884697, "R2": 0.3180479803450861, "MAE": 0.20121619599917692, "MSE": 0.07354447060257169, "poisson_deviance_explained": 0.28629866855327335}, "13": {"AUC": NaN, "kappa": NaN, "f1": NaN, "precision": NaN, "recall": NaN, "average_precision": NaN, "Spearman_r": 0.47766511363634223, "Pearson_r": 0.5815546909677818, "R2": 0.3376614522763214, "MAE": 0.15200852265874704, "MSE": 0.05366468451964609, "poisson_deviance_explained": 0.32751417339032884}, "14": {"AUC": NaN, "kappa": NaN, "f1": NaN, "precision": NaN, "recall": NaN, "average_precision": NaN, "Spearman_r": 0.46720232556333446, "Pearson_r": 0.5964239502057238, "R2": 0.35290354800601464, "MAE": 0.12940064801400647, "MSE": 0.045892469744468325, "poisson_deviance_explained": 0.35017201357443417}, "15": {"AUC": NaN, "kappa": NaN, "f1": NaN, "precision": NaN, "recall": NaN, "average_precision": NaN, "Spearman_r": 0.47210424720762545, "Pearson_r": 0.6106796429441693, "R2": 0.3717965283183008, "MAE": 0.12552050642556162, "MSE": 0.043122336143293236, "poisson_deviance_explained": 0.36916238721644545}, "16": {"AUC": NaN, "kappa": NaN, "f1": NaN, "precision": NaN, "recall": NaN, "average_precision": NaN, "Spearman_r": 0.49212881767406585, "Pearson_r": 0.5953181314662414, "R2": 0.3539640724548515, "MAE": 0.1341132161953712, "MSE": 0.04600580989920442, "poisson_deviance_explained": 0.3562404475360941}, "17": {"AUC": NaN, "kappa": NaN, "f1": NaN, "precision": NaN, "recall": NaN, "average_precision": NaN, "Spearman_r": 0.512543602375249, "Pearson_r": 0.6039350756453638, "R2": 0.364332158217175, "MAE": 0.15782899851592433, "MSE": 0.05576254295958753, "poisson_deviance_explained": 0.3413714819651855}, "18": {"AUC": NaN, "kappa": NaN, "f1": NaN, "precision": NaN, "recall": NaN, "average_precision": NaN, "Spearman_r": 0.5184981996489715, "Pearson_r": 0.6030221052675999, "R2": 0.3634319330413798, "MAE": 0.15543506518757993, "MSE": 0.05492391334027154, "poisson_deviance_explained": 0.3437012417585149}, "19": {"AUC": NaN, "kappa": NaN, "f1": NaN, "precision": NaN, "recall": NaN, "average_precision": NaN, "Spearman_r": 0.5063633947459573, "Pearson_r": 0.591931227236879, "R2": 0.3498832826822639, "MAE": 0.15345476602828742, "MSE": 0.054055404158927955, "poisson_deviance_explained": 0.3207966066911896}, "20": {"AUC": NaN, "kappa": NaN, "f1": NaN, "precision": NaN, "recall": NaN, "average_precision": NaN, "Spearman_r": 0.5048219248848772, "Pearson_r": 0.5849306807374994, "R2": 0.34126053694750813, "MAE": 0.16941505318919511, "MSE": 0.06038530483654649, "poisson_deviance_explained": 0.3214842268952197}, "21": {"AUC": NaN, "kappa": NaN, "f1": NaN, "precision": NaN, "recall": NaN, "average_precision": NaN, "Spearman_r": 0.5393250840134381, "Pearson_r": 0.6046910800047357, "R2": 0.3650853308724227, "MAE": 0.1663535824382557, "MSE": 0.05793621260727588, "poisson_deviance_explained": 0.35065104572268757}, "22": {"AUC": NaN, "kappa": NaN, "f1": NaN, "precision": NaN, "recall": NaN, "average_precision": NaN, "Spearman_r": 0.5353658667725938, "Pearson_r": 0.5869925105562344, "R2": 0.34451716679999655, "MAE": 0.1813613733059867, "MSE": 0.06791066592166675, "poisson_deviance_explained": 0.32784350637625137}, "23": {"AUC": NaN, "kappa": NaN, "f1": NaN, "precision": NaN, "recall": NaN, "average_precision": NaN, "Spearman_r": 0.546108787454385, "Pearson_r": 0.586232905932075, "R2": 0.3434216849774139, "MAE": 0.20200468432995358, "MSE": 0.07633461000669153, "poisson_deviance_explained": 0.3275202514332334}, "24": {"AUC": NaN, "kappa": NaN, "f1": NaN, "precision": NaN, "recall": NaN, "average_precision": NaN, "Spearman_r": 0.5562590501929447, "Pearson_r": 0.6101208184796914, "R2": 0.3712490683189208, "MAE": 0.20851666705160554, "MSE": 0.08095948808458177, "poisson_deviance_explained": 0.34067748592963787}, "25": {"AUC": NaN, "kappa": NaN, "f1": NaN, "precision": NaN, "recall": NaN, "average_precision": NaN, "Spearman_r": 0.557195325765319, "Pearson_r": 0.6207570531415167, "R2": 0.384249521579452, "MAE": 0.1921538229059395, "MSE": 0.0760431896002389, "poisson_deviance_explained": 0.3736630319232177}, "26": {"AUC": NaN, "kappa": NaN, "f1": NaN, "precision": NaN, "recall": NaN, "average_precision": NaN, "Spearman_r": 0.5283970603968788, "Pearson_r": 0.6123827656903307, "R2": 0.37329779813205655, "MAE": 0.18378509282222374, "MSE": 0.07192642004622454, "poisson_deviance_explained": 0.35711494438276303}, "27": {"AUC": NaN, "kappa": NaN, "f1": NaN, "precision": NaN, "recall": NaN, "average_precision": NaN,