{"1": {"AUC": NaN, "kappa": NaN, "f1": NaN, "precision": NaN, "recall": NaN, "average_precision": NaN, "Spearman_r": 0.5461553108014313, "Pearson_r": 0.6202955313572018, "R2": 0.38019504943390525, "MAE": 0.1849084498060013, "MSE": 0.07257490565852599, "poisson_deviance_explained": 0.37556312433398686}, "2": {"AUC": NaN, "kappa": NaN, "f1": NaN, "precision": NaN, "recall": NaN, "average_precision": NaN, "Spearman_r": 0.5428004493809464, "Pearson_r": 0.6522958512165289, "R2": 0.41744003040963273, "MAE": 0.15632569597387136, "MSE": 0.05919852627774819, "poisson_deviance_explained": 0.4266096480257273}, "3": {"AUC": NaN, "kappa": NaN, "f1": NaN, "precision": NaN, "recall": NaN, "average_precision": NaN, "Spearman_r": 0.5577925504778461, "Pearson_r": 0.649037404353189, "R2": 0.414904458873668, "MAE": 0.1745529345719071, "MSE": 0.06584033427561785, "poisson_deviance_explained": 0.4039559694821989}, "4": {"AUC": NaN, "kappa": NaN, "f1": NaN, "precision": NaN, "recall": NaN, "average_precision": NaN, "Spearman_r": 0.534740721130457, "Pearson_r": 0.6314496618342791, "R2": 0.3933621111798926, "MAE": 0.1623015303603178, "MSE": 0.06078093282263881, "poisson_deviance_explained": 0.399851804059123}, "5": {"AUC": NaN, "kappa": NaN, "f1": NaN, "precision": NaN, "recall": NaN, "average_precision": NaN, "Spearman_r": 0.6229214102593179, "Pearson_r": 0.6490438031337221, "R2": 0.4144071435272815, "MAE": 0.20413866190835672, "MSE": 0.07496005068252733, "poisson_deviance_explained": 0.399269436802304}, "6": {"AUC": NaN, "kappa": NaN, "f1": NaN, "precision": NaN, "recall": NaN, "average_precision": NaN, "Spearman_r": 0.6330701868479561, "Pearson_r": 0.6704709165807342, "R2": 0.4400326287540628, "MAE": 0.2019214769246456, "MSE": 0.07422799045582731, "poisson_deviance_explained": 0.41565593798751244}, "7": {"AUC": NaN, "kappa": NaN, "f1": NaN, "precision": NaN, "recall": NaN, "average_precision": NaN, "Spearman_r": 0.6363222201566466, "Pearson_r": 0.6602870321936121, "R2": 0.42736990740675573, "MAE": 0.20317816145532977, "MSE": 0.07172147319025929, "poisson_deviance_explained": 0.40153961179009423}, "8": {"AUC": NaN, "kappa": NaN, "f1": NaN, "precision": NaN, "recall": NaN, "average_precision": NaN, "Spearman_r": 0.6324216792458329, "Pearson_r": 0.6555218184622859, "R2": 0.41973645725263486, "MAE": 0.21388608712732873, "MSE": 0.0762501267326806, "poisson_deviance_explained": 0.3882730757542966}, "9": {"AUC": NaN, "kappa": NaN, "f1": NaN, "precision": NaN, "recall": NaN, "average_precision": NaN, "Spearman_r": 0.6147745089935843, "Pearson_r": 0.6443558878226483, "R2": 0.4067067500203345, "MAE": 0.2051774879745097, "MSE": 0.07204668397749901, "poisson_deviance_explained": 0.3779085927361556}, "10": {"AUC": NaN, "kappa": NaN, "f1": NaN, "precision": NaN, "recall": NaN, "average_precision": NaN, "Spearman_r": 0.6047667774323656, "Pearson_r": 0.6374110258196175, "R2": 0.3994086558420854, "MAE": 0.2080792433167978, "MSE": 0.07343604630172124, "poisson_deviance_explained": 0.3659703340623217}, "11": {"AUC": NaN, "kappa": NaN, "f1": NaN, "precision": NaN, "recall": NaN, "average_precision": NaN, "Spearman_r": 0.5758439843038178, "Pearson_r": 0.6040332333896359, "R2": 0.35853224334571976, "MAE": 0.2128568072664581, "MSE": 0.0734033945000968, "poisson_deviance_explained": 0.33508973744303594}, "12": {"AUC": NaN, "kappa": NaN, "f1": NaN, "precision": NaN, "recall": NaN, "average_precision": NaN, "Spearman_r": 0.5479299689071954, "Pearson_r": 0.5927921534562026, "R2": 0.3442789318099364, "MAE": 0.1941379112834177, "MSE": 0.06712717894038095, "poisson_deviance_explained": 0.3325791455087528}, "13": {"AUC": NaN, "kappa": NaN, "f1": NaN, "precision": NaN, "recall": NaN, "average_precision": NaN, "Spearman_r": 0.509953652438554, "Pearson_r": 0.5908249489594608, "R2": 0.34242284062979833, "MAE": 0.15925863176970084, "MSE": 0.05425827825259268, "poisson_deviance_explained": 0.3493145580721966}, "14": {"AUC": NaN, "kappa": NaN, "f1": NaN, "precision": NaN, "recall": NaN, "average_precision": NaN, "Spearman_r": 0.46147524573219545, "Pearson_r": 0.5804337726546993, "R2": 0.331971724677806, "MAE": 0.12634644390297872, "MSE": 0.0431732906754641, "poisson_deviance_explained": 0.3512600732681477}, "15": {"AUC": NaN, "kappa": NaN, "f1": NaN, "precision": NaN, "recall": NaN, "average_precision": NaN, "Spearman_r": 0.4653436177081089, "Pearson_r": 0.6098993559616329, "R2": 0.3649719832666135, "MAE": 0.11981971627996749, "MSE": 0.039110939104185095, "poisson_deviance_explained": 0.3812748755835762}, "16": {"AUC": NaN, "kappa": NaN, "f1": NaN, "precision": NaN, "recall": NaN, "average_precision": NaN, "Spearman_r": 0.48143466743824664, "Pearson_r": 0.6041817786464924, "R2": 0.3587013901941126, "MAE": 0.12985499046194499, "MSE": 0.04333990508224508, "poisson_deviance_explained": 0.375801962715526}, "17": {"AUC": NaN, "kappa": NaN, "f1": NaN, "precision": NaN, "recall": NaN, "average_precision": NaN, "Spearman_r": 0.5148084993372045, "Pearson_r": 0.6226244728197946, "R2": 0.38034793797463806, "MAE": 0.1426332518318615, "MSE": 0.047681828059302475, "poisson_deviance_explained": 0.38609821530540533}, "18": {"AUC": NaN, "kappa": NaN, "f1": NaN, "precision": NaN, "recall": NaN, "average_precision": NaN, "Spearman_r": 0.510826675765672, "Pearson_r": 0.6235341571897987, "R2": 0.3830730829358485, "MAE": 0.13788554313285378, "MSE": 0.04673706125896347, "poisson_deviance_explained": 0.3952407719638996}, "19": {"AUC": NaN, "kappa": NaN, "f1": NaN, "precision": NaN, "recall": NaN, "average_precision": NaN, "Spearman_r": 0.5066897983619238, "Pearson_r": 0.605255772217564, "R2": 0.36207093654194533, "MAE": 0.14925664151533968, "MSE": 0.05122252063171207, "poisson_deviance_explained": 0.363934044116895}, "20": {"AUC": NaN, "kappa": NaN, "f1": NaN, "precision": NaN, "recall": NaN, "average_precision": NaN, "Spearman_r": 0.5222209610672256, "Pearson_r": 0.6089417790239242, "R2": 0.3663604364602101, "MAE": 0.1601969131335562, "MSE": 0.055698214741170905, "poisson_deviance_explained": 0.36210307428130084}, "21": {"AUC": NaN, "kappa": NaN, "f1": NaN, "precision": NaN, "recall": NaN, "average_precision": NaN, "Spearman_r": 0.5266434846428069, "Pearson_r": 0.606044329157208, "R2": 0.3630577305292624, "MAE": 0.16097915492157688, "MSE": 0.0557750968766278, "poisson_deviance_explained": 0.36206921160403915}, "22": {"AUC": NaN, "kappa": NaN, "f1": NaN, "precision": NaN, "recall": NaN, "average_precision": NaN, "Spearman_r": 0.5618634998444086, "Pearson_r": 0.632657222075389, "R2": 0.39443148013033147, "MAE": 0.17710155211781095, "MSE": 0.06335985739792532, "poisson_deviance_explained": 0.38459032254233494}, "23": {"AUC": NaN, "kappa": NaN, "f1": NaN, "precision": NaN, "recall": NaN, "average_precision": NaN, "Spearman_r": 0.5580970342997313, "Pearson_r": 0.611441633821562, "R2": 0.36783985868815894, "MAE": 0.18880582708969096, "MSE": 0.06764614677576283, "poisson_deviance_explained": 0.35458337587366584}, "24": {"AUC": NaN, "kappa": NaN, "f1": NaN, "precision": NaN, "recall": NaN, "average_precision": NaN, "Spearman_r": 0.5562829757357873, "Pearson_r": 0.6217536497785519, "R2": 0.38151468120920806, "MAE": 0.18827610199669548, "MSE": 0.06843251433822972, "poisson_deviance_explained": 0.3687213972892672}, "25": {"AUC": NaN, "kappa": NaN, "f1": NaN, "precision": NaN, "recall": NaN, "average_precision": NaN, "Spearman_r": 0.5394756904893092, "Pearson_r": 0.6100844316755084, "R2": 0.3652192878810194, "MAE": 0.1891343014256754, "MSE": 0.07076835487976192, "poisson_deviance_explained": 0.35928017326232287}, "26": {"AUC": NaN, "kappa": NaN, "f1": NaN, "precision": NaN, "recall": NaN, "average_precision": NaN, "Spearman_r": 0.5312203314324758, "Pearson_r": 0.6324146532512783, "R2": 0.389234683662638, "MAE": 0.16793838841905265, "MSE": 0.06234694522287438, "poisson_deviance_explained": 0.3929305240773613}, "27": {"AUC": NaN, "kappa": NaN, "f1": NaN, "precision": NaN, "recall": NaN, "average_precision": NaN,