{"1": {"AUC": NaN, "kappa": NaN, "f1": NaN, "precision": NaN, "recall": NaN, "average_precision": NaN, "Spearman_r": 0.5182366362473215, "Pearson_r": 0.6037561706839745, "R2": 0.360669190670735, "MAE": 0.1676187955892333, "MSE": 0.06357409247990936, "poisson_deviance_explained": 0.3721568369015875}, "2": {"AUC": NaN, "kappa": NaN, "f1": NaN, "precision": NaN, "recall": NaN, "average_precision": NaN, "Spearman_r": 0.5459582910514382, "Pearson_r": 0.636406871771485, "R2": 0.39690555782339876, "MAE": 0.1665146270132866, "MSE": 0.062493737102219823, "poisson_deviance_explained": 0.39757207491303603}, "3": {"AUC": NaN, "kappa": NaN, "f1": NaN, "precision": NaN, "recall": NaN, "average_precision": NaN, "Spearman_r": 0.5620671983300711, "Pearson_r": 0.6404321692685498, "R2": 0.4023566190270814, "MAE": 0.17288655571565473, "MSE": 0.06472343679259218, "poisson_deviance_explained": 0.3976903082704989}, "4": {"AUC": NaN, "kappa": NaN, "f1": NaN, "precision": NaN, "recall": NaN, "average_precision": NaN, "Spearman_r": 0.5416835700845346, "Pearson_r": 0.6499061794441767, "R2": 0.41311875152140576, "MAE": 0.15044526547512585, "MSE": 0.05560276677419594, "poisson_deviance_explained": 0.4194186095463467}, "5": {"AUC": NaN, "kappa": NaN, "f1": NaN, "precision": NaN, "recall": NaN, "average_precision": NaN, "Spearman_r": 0.5874867412053267, "Pearson_r": 0.6785943304953438, "R2": 0.450946254138024, "MAE": 0.16549390022267418, "MSE": 0.06141628367207239, "poisson_deviance_explained": 0.44201015222783835}, "6": {"AUC": NaN, "kappa": NaN, "f1": NaN, "precision": NaN, "recall": NaN, "average_precision": NaN, "Spearman_r": 0.6001500332795151, "Pearson_r": 0.6534653716918942, "R2": 0.41712110964615845, "MAE": 0.1867094571388253, "MSE": 0.06703382218055982, "poisson_deviance_explained": 0.4053945682517004}, "7": {"AUC": NaN, "kappa": NaN, "f1": NaN, "precision": NaN, "recall": NaN, "average_precision": NaN, "Spearman_r": 0.6089044553357175, "Pearson_r": 0.6344289631204715, "R2": 0.39468107695473587, "MAE": 0.21176812586496543, "MSE": 0.07508510000677479, "poisson_deviance_explained": 0.36965750496611904}, "8": {"AUC": NaN, "kappa": NaN, "f1": NaN, "precision": NaN, "recall": NaN, "average_precision": NaN, "Spearman_r": 0.6301777937612673, "Pearson_r": 0.655802479079899, "R2": 0.4225959441122108, "MAE": 0.2020042459705941, "MSE": 0.07042539708619625, "poisson_deviance_explained": 0.39400988245124935}, "9": {"AUC": NaN, "kappa": NaN, "f1": NaN, "precision": NaN, "recall": NaN, "average_precision": NaN, "Spearman_r": 0.6155225573660248, "Pearson_r": 0.6435785004251773, "R2": 0.4067204841705685, "MAE": 0.20706164575185637, "MSE": 0.07364714194957847, "poisson_deviance_explained": 0.37686139454232015}, "10": {"AUC": NaN, "kappa": NaN, "f1": NaN, "precision": NaN, "recall": NaN, "average_precision": NaN, "Spearman_r": 0.5899728857163397, "Pearson_r": 0.6255864095391307, "R2": 0.38579945797224013, "MAE": 0.20288478310770017, "MSE": 0.07158382905231318, "poisson_deviance_explained": 0.35507614734222315}, "11": {"AUC": NaN, "kappa": NaN, "f1": NaN, "precision": NaN, "recall": NaN, "average_precision": NaN, "Spearman_r": 0.5754298925667565, "Pearson_r": 0.6054158326198871, "R2": 0.36194589896242135, "MAE": 0.20312011136469885, "MSE": 0.06973151381987765, "poisson_deviance_explained": 0.34307850831679876}, "12": {"AUC": NaN, "kappa": NaN, "f1": NaN, "precision": NaN, "recall": NaN, "average_precision": NaN, "Spearman_r": 0.5526747266513621, "Pearson_r": 0.61086676364207, "R2": 0.36734907462140787, "MAE": 0.18667885386154043, "MSE": 0.06437897798151507, "poisson_deviance_explained": 0.35098574567542506}, "13": {"AUC": NaN, "kappa": NaN, "f1": NaN, "precision": NaN, "recall": NaN, "average_precision": NaN, "Spearman_r": 0.49788970575369856, "Pearson_r": 0.5916060155550817, "R2": 0.3449643387552441, "MAE": 0.15683562690121874, "MSE": 0.05458915637547235, "poisson_deviance_explained": 0.3475496001282714}, "14": {"AUC": NaN, "kappa": NaN, "f1": NaN, "precision": NaN, "recall": NaN, "average_precision": NaN, "Spearman_r": 0.4698605063009866, "Pearson_r": 0.6029856038776952, "R2": 0.35799833293596905, "MAE": 0.1257746625108692, "MSE": 0.043032684996199895, "poisson_deviance_explained": 0.3660316415615036}, "15": {"AUC": NaN, "kappa": NaN, "f1": NaN, "precision": NaN, "recall": NaN, "average_precision": NaN, "Spearman_r": 0.4707980232830565, "Pearson_r": 0.62346075331521, "R2": 0.3838784455231423, "MAE": 0.12256227601498686, "MSE": 0.04192317041306597, "poisson_deviance_explained": 0.385926931990041}, "16": {"AUC": NaN, "kappa": NaN, "f1": NaN, "precision": NaN, "recall": NaN, "average_precision": NaN, "Spearman_r": 0.4903684575545199, "Pearson_r": 0.6044035022030758, "R2": 0.35976255237867816, "MAE": 0.13509244975370777, "MSE": 0.04532730431372363, "poisson_deviance_explained": 0.37192224135108487}, "17": {"AUC": NaN, "kappa": NaN, "f1": NaN, "precision": NaN, "recall": NaN, "average_precision": NaN, "Spearman_r": 0.5114221738324456, "Pearson_r": 0.6185792210909623, "R2": 0.37528393279212546, "MAE": 0.140475466358989, "MSE": 0.04690166623782806, "poisson_deviance_explained": 0.3874405781966622}, "18": {"AUC": NaN, "kappa": NaN, "f1": NaN, "precision": NaN, "recall": NaN, "average_precision": NaN, "Spearman_r": 0.5001873547955199, "Pearson_r": 0.5970719000949307, "R2": 0.35252642082099195, "MAE": 0.14397643192587176, "MSE": 0.04802473360093573, "poisson_deviance_explained": 0.36373544526300017}, "19": {"AUC": NaN, "kappa": NaN, "f1": NaN, "precision": NaN, "recall": NaN, "average_precision": NaN, "Spearman_r": 0.4889176000441463, "Pearson_r": 0.5986030058473302, "R2": 0.35390156780017357, "MAE": 0.13992521709928257, "MSE": 0.047231076560802714, "poisson_deviance_explained": 0.3602982905638247}, "20": {"AUC": NaN, "kappa": NaN, "f1": NaN, "precision": NaN, "recall": NaN, "average_precision": NaN, "Spearman_r": 0.5110271955004418, "Pearson_r": 0.6048025751888456, "R2": 0.3615893830496688, "MAE": 0.15034036975566129, "MSE": 0.051349204407958385, "poisson_deviance_explained": 0.36693874192317355}, "21": {"AUC": NaN, "kappa": NaN, "f1": NaN, "precision": NaN, "recall": NaN, "average_precision": NaN, "Spearman_r": 0.5244278135074294, "Pearson_r": 0.5987634514348346, "R2": 0.35393246550476865, "MAE": 0.17205558260019937, "MSE": 0.0589423387293578, "poisson_deviance_explained": 0.344483232109963}, "22": {"AUC": NaN, "kappa": NaN, "f1": NaN, "precision": NaN, "recall": NaN, "average_precision": NaN, "Spearman_r": 0.5512528702341096, "Pearson_r": 0.6199301412643856, "R2": 0.37936618488734275, "MAE": 0.17759372907439588, "MSE": 0.06215608815233101, "poisson_deviance_explained": 0.36176068944026396}, "23": {"AUC": NaN, "kappa": NaN, "f1": NaN, "precision": NaN, "recall": NaN, "average_precision": NaN, "Spearman_r": 0.5534408090171996, "Pearson_r": 0.625197167647579, "R2": 0.3848455222600924, "MAE": 0.17589913791583323, "MSE": 0.06389084940493206, "poisson_deviance_explained": 0.3742926475208731}, "24": {"AUC": NaN, "kappa": NaN, "f1": NaN, "precision": NaN, "recall": NaN, "average_precision": NaN, "Spearman_r": 0.5625272556017593, "Pearson_r": 0.638737687534972, "R2": 0.400589658320907, "MAE": 0.17845049962976708, "MSE": 0.06546453734639078, "poisson_deviance_explained": 0.389125751142126}, "25": {"AUC": NaN, "kappa": NaN, "f1": NaN, "precision": NaN, "recall": NaN, "average_precision": NaN, "Spearman_r": 0.5464229548346551, "Pearson_r": 0.6186691658991024, "R2": 0.3745743847264916, "MAE": 0.18552178571263164, "MSE": 0.0673963229722243, "poisson_deviance_explained": 0.3664100157100507}, "26": {"AUC": NaN, "kappa": NaN, "f1": NaN, "precision": NaN, "recall": NaN, "average_precision": NaN, "Spearman_r": 0.5507970797281512, "Pearson_r": 0.63594746328963, "R2": 0.396606543340011, "MAE": 0.17313834799774433, "MSE": 0.06594940909208405, "poisson_deviance_explained": 0.3998421790802271}, "27": {"AUC": NaN, "kappa": NaN, "f1": NaN, "precision": NaN, "recall": NaN, "average_precision": NaN,