{"1": {"AUC": NaN, "kappa": NaN, "f1": NaN, "precision": NaN, "recall": NaN, "average_precision": NaN, "Spearman_r": 0.5456494011423169, "Pearson_r": 0.5844424132833753, "R2": 0.3404739099839732, "MAE": 0.189468810625987, "MSE": 0.07629357958977259, "poisson_deviance_explained": 0.3372048973488373}, "2": {"AUC": NaN, "kappa": NaN, "f1": NaN, "precision": NaN, "recall": NaN, "average_precision": NaN, "Spearman_r": 0.5685591194641816, "Pearson_r": 0.6317675886500247, "R2": 0.3947137192119269, "MAE": 0.17427077951570155, "MSE": 0.0690970341775407, "poisson_deviance_explained": 0.4011077569994056}, "3": {"AUC": NaN, "kappa": NaN, "f1": NaN, "precision": NaN, "recall": NaN, "average_precision": NaN, "Spearman_r": 0.5549922083782962, "Pearson_r": 0.623847485898565, "R2": 0.38550905378379696, "MAE": 0.1678788559400083, "MSE": 0.06452284993420693, "poisson_deviance_explained": 0.378175148425946}, "4": {"AUC": NaN, "kappa": NaN, "f1": NaN, "precision": NaN, "recall": NaN, "average_precision": NaN, "Spearman_r": 0.509761258428282, "Pearson_r": 0.6048791994858573, "R2": 0.3620905390259652, "MAE": 0.15389198467798537, "MSE": 0.056001231242333166, "poisson_deviance_explained": 0.3732064448065835}, "5": {"AUC": NaN, "kappa": NaN, "f1": NaN, "precision": NaN, "recall": NaN, "average_precision": NaN, "Spearman_r": 0.5756398562675419, "Pearson_r": 0.6524508844617338, "R2": 0.4189622601350884, "MAE": 0.17003391154205905, "MSE": 0.06322923119147467, "poisson_deviance_explained": 0.4222735860014256}, "6": {"AUC": NaN, "kappa": NaN, "f1": NaN, "precision": NaN, "recall": NaN, "average_precision": NaN, "Spearman_r": 0.6228323172993016, "Pearson_r": 0.637647110054505, "R2": 0.3991116755441755, "MAE": 0.22395045095939112, "MSE": 0.0859869697554562, "poisson_deviance_explained": 0.3692976744702643}, "7": {"AUC": NaN, "kappa": NaN, "f1": NaN, "precision": NaN, "recall": NaN, "average_precision": NaN, "Spearman_r": 0.6211720658736788, "Pearson_r": 0.6594325625422648, "R2": 0.43107957183686474, "MAE": 0.18248729501618532, "MSE": 0.0648416530258134, "poisson_deviance_explained": 0.4184085178799588}, "8": {"AUC": NaN, "kappa": NaN, "f1": NaN, "precision": NaN, "recall": NaN, "average_precision": NaN, "Spearman_r": 0.6194216899208412, "Pearson_r": 0.6433709902105029, "R2": 0.41059015744567184, "MAE": 0.20179903997396217, "MSE": 0.07023953270005805, "poisson_deviance_explained": 0.36676052530592396}, "9": {"AUC": NaN, "kappa": NaN, "f1": NaN, "precision": NaN, "recall": NaN, "average_precision": NaN, "Spearman_r": 0.6229152288934918, "Pearson_r": 0.6430259332654563, "R2": 0.41019548358763336, "MAE": 0.2066549673612345, "MSE": 0.0730973018511257, "poisson_deviance_explained": 0.3691522550460383}, "10": {"AUC": NaN, "kappa": NaN, "f1": NaN, "precision": NaN, "recall": NaN, "average_precision": NaN, "Spearman_r": 0.6207227000493012, "Pearson_r": 0.6713760769189172, "R2": 0.4450551547385174, "MAE": 0.20060715770645537, "MSE": 0.07054247281590417, "poisson_deviance_explained": 0.4021700396643634}, "11": {"AUC": NaN, "kappa": NaN, "f1": NaN, "precision": NaN, "recall": NaN, "average_precision": NaN, "Spearman_r": 0.5697218245391298, "Pearson_r": 0.6157729841783598, "R2": 0.37677638656541557, "MAE": 0.19903346955870235, "MSE": 0.06956785152897939, "poisson_deviance_explained": 0.34489436839410725}, "12": {"AUC": NaN, "kappa": NaN, "f1": NaN, "precision": NaN, "recall": NaN, "average_precision": NaN, "Spearman_r": 0.5299022101040917, "Pearson_r": 0.5836954209417798, "R2": 0.3377410036999917, "MAE": 0.18472722434742023, "MSE": 0.06476272844095586, "poisson_deviance_explained": 0.327328375714523}, "13": {"AUC": NaN, "kappa": NaN, "f1": NaN, "precision": NaN, "recall": NaN, "average_precision": NaN, "Spearman_r": 0.4968243692394228, "Pearson_r": 0.5973712536751242, "R2": 0.3546802854340759, "MAE": 0.14627043832752581, "MSE": 0.051000521592906696, "poisson_deviance_explained": 0.35710089975771286}, "14": {"AUC": NaN, "kappa": NaN, "f1": NaN, "precision": NaN, "recall": NaN, "average_precision": NaN, "Spearman_r": 0.45449467772666374, "Pearson_r": 0.6225436343477599, "R2": 0.3852264168049816, "MAE": 0.11550420603331621, "MSE": 0.03868485326309519, "poisson_deviance_explained": 0.3740513058493613}, "15": {"AUC": NaN, "kappa": NaN, "f1": NaN, "precision": NaN, "recall": NaN, "average_precision": NaN, "Spearman_r": 0.46514571091762197, "Pearson_r": 0.5877839194040744, "R2": 0.34380044528721765, "MAE": 0.11834327526742752, "MSE": 0.03952363428998068, "poisson_deviance_explained": 0.36295620890358826}, "16": {"AUC": NaN, "kappa": NaN, "f1": NaN, "precision": NaN, "recall": NaN, "average_precision": NaN, "Spearman_r": 0.47642528475208273, "Pearson_r": 0.5773483316118309, "R2": 0.33061779104294, "MAE": 0.13816571582477027, "MSE": 0.045419478745014716, "poisson_deviance_explained": 0.34833552298664716}, "17": {"AUC": NaN, "kappa": NaN, "f1": NaN, "precision": NaN, "recall": NaN, "average_precision": NaN, "Spearman_r": 0.4882528016615006, "Pearson_r": 0.5716349397836579, "R2": 0.32545682431894085, "MAE": 0.1415950336590288, "MSE": 0.04805643230263349, "poisson_deviance_explained": 0.3492243362347366}, "18": {"AUC": NaN, "kappa": NaN, "f1": NaN, "precision": NaN, "recall": NaN, "average_precision": NaN, "Spearman_r": 0.5151001045489189, "Pearson_r": 0.6120542045981224, "R2": 0.37177184627892634, "MAE": 0.1443406249888089, "MSE": 0.04930737620262516, "poisson_deviance_explained": 0.36800450432366516}, "19": {"AUC": NaN, "kappa": NaN, "f1": NaN, "precision": NaN, "recall": NaN, "average_precision": NaN, "Spearman_r": 0.5085661245597293, "Pearson_r": 0.5868305477048286, "R2": 0.3434270745344179, "MAE": 0.154828683273358, "MSE": 0.05342639610666694, "poisson_deviance_explained": 0.33137245883214905}, "20": {"AUC": NaN, "kappa": NaN, "f1": NaN, "precision": NaN, "recall": NaN, "average_precision": NaN, "Spearman_r": 0.5112229206986812, "Pearson_r": 0.6034546254302717, "R2": 0.36141712871415144, "MAE": 0.15787142445519353, "MSE": 0.05514905020485933, "poisson_deviance_explained": 0.3543137837495839}, "21": {"AUC": NaN, "kappa": NaN, "f1": NaN, "precision": NaN, "recall": NaN, "average_precision": NaN, "Spearman_r": 0.5652435244379325, "Pearson_r": 0.6262751531872518, "R2": 0.3882854933093517, "MAE": 0.17667610290697397, "MSE": 0.06137797081469851, "poisson_deviance_explained": 0.36222148850591873}, "22": {"AUC": NaN, "kappa": NaN, "f1": NaN, "precision": NaN, "recall": NaN, "average_precision": NaN, "Spearman_r": 0.5592024441303072, "Pearson_r": 0.6118448224422196, "R2": 0.3736047980048096, "MAE": 0.1763343632900309, "MSE": 0.06484386099204441, "poisson_deviance_explained": 0.36530159922616345}, "23": {"AUC": NaN, "kappa": NaN, "f1": NaN, "precision": NaN, "recall": NaN, "average_precision": NaN, "Spearman_r": 0.6027336283362628, "Pearson_r": 0.6553349834972957, "R2": 0.4259862857952812, "MAE": 0.19182789695409422, "MSE": 0.07168437604936784, "poisson_deviance_explained": 0.40215553468278864}, "24": {"AUC": NaN, "kappa": NaN, "f1": NaN, "precision": NaN, "recall": NaN, "average_precision": NaN, "Spearman_r": 0.5686196474915223, "Pearson_r": 0.6200431106814903, "R2": 0.3814688730040595, "MAE": 0.2052630770055803, "MSE": 0.07612610375918721, "poisson_deviance_explained": 0.3444372953673692}, "25": {"AUC": NaN, "kappa": NaN, "f1": NaN, "precision": NaN, "recall": NaN, "average_precision": NaN, "Spearman_r": 0.564216698198707, "Pearson_r": 0.6247550059987506, "R2": 0.3854917564642725, "MAE": 0.20685785437766555, "MSE": 0.07929866788739959, "poisson_deviance_explained": 0.3585723235928917}, "26": {"AUC": NaN, "kappa": NaN, "f1": NaN, "precision": NaN, "recall": NaN, "average_precision": NaN, "Spearman_r": 0.5755959013701052, "Pearson_r": 0.6340964778504504, "R2": 0.3987761437603362, "MAE": 0.20505015318052405, "MSE": 0.07798785884879074, "poisson_deviance_explained": 0.37574556995217046}, "27": {"AUC": NaN, "kappa": NaN, "f1": NaN, "precision": NaN, "recall": NaN, "average_precision": NaN,