{"1": {"AUC": NaN, "kappa": NaN, "f1": NaN, "precision": NaN, "recall": NaN, "average_precision": NaN, "Spearman_r": 0.525037427225524, "Pearson_r": 0.5875815200295609, "R2": 0.3417730221261315, "MAE": 0.1920300994416168, "MSE": 0.07425042860092854, "poisson_deviance_explained": 0.334955975266789}, "2": {"AUC": NaN, "kappa": NaN, "f1": NaN, "precision": NaN, "recall": NaN, "average_precision": NaN, "Spearman_r": 0.5060137965895902, "Pearson_r": 0.5993500969525188, "R2": 0.3573656480239673, "MAE": 0.17027467160385001, "MSE": 0.06787301571096209, "poisson_deviance_explained": 0.3494824546684199}, "3": {"AUC": NaN, "kappa": NaN, "f1": NaN, "precision": NaN, "recall": NaN, "average_precision": NaN, "Spearman_r": 0.5754267384991546, "Pearson_r": 0.6284882383908202, "R2": 0.3891459321167339, "MAE": 0.1844986226183339, "MSE": 0.07417322134034247, "poisson_deviance_explained": 0.38928393684753004}, "4": {"AUC": NaN, "kappa": NaN, "f1": NaN, "precision": NaN, "recall": NaN, "average_precision": NaN, "Spearman_r": 0.5749209976954818, "Pearson_r": 0.6465487583949804, "R2": 0.41144787872704935, "MAE": 0.17592021763673912, "MSE": 0.0663674267980231, "poisson_deviance_explained": 0.3972419007791129}, "5": {"AUC": NaN, "kappa": NaN, "f1": NaN, "precision": NaN, "recall": NaN, "average_precision": NaN, "Spearman_r": 0.6290241897226029, "Pearson_r": 0.6637611489821889, "R2": 0.43262438064672437, "MAE": 0.20416329788273732, "MSE": 0.07951907363690161, "poisson_deviance_explained": 0.4210710700008645}, "6": {"AUC": NaN, "kappa": NaN, "f1": NaN, "precision": NaN, "recall": NaN, "average_precision": NaN, "Spearman_r": 0.6095144614931279, "Pearson_r": 0.6753063499690891, "R2": 0.45037400764951563, "MAE": 0.17818219436594548, "MSE": 0.06837131327621714, "poisson_deviance_explained": 0.4510692530367084}, "7": {"AUC": NaN, "kappa": NaN, "f1": NaN, "precision": NaN, "recall": NaN, "average_precision": NaN, "Spearman_r": 0.6250837283005901, "Pearson_r": 0.6538958023204579, "R2": 0.4181877157054057, "MAE": 0.20581830633464246, "MSE": 0.0735632395836295, "poisson_deviance_explained": 0.39754830235962035}, "8": {"AUC": NaN, "kappa": NaN, "f1": NaN, "precision": NaN, "recall": NaN, "average_precision": NaN, "Spearman_r": 0.6182001509378768, "Pearson_r": 0.6376992600412179, "R2": 0.401769784648473, "MAE": 0.2061799349402996, "MSE": 0.07332274881300213, "poisson_deviance_explained": 0.3845660763253248}, "9": {"AUC": NaN, "kappa": NaN, "f1": NaN, "precision": NaN, "recall": NaN, "average_precision": NaN, "Spearman_r": 0.6259593784739673, "Pearson_r": 0.6561068984260022, "R2": 0.4243324182218994, "MAE": 0.20127670143174597, "MSE": 0.07090473412062077, "poisson_deviance_explained": 0.39495800136636905}, "10": {"AUC": NaN, "kappa": NaN, "f1": NaN, "precision": NaN, "recall": NaN, "average_precision": NaN, "Spearman_r": 0.6043002075688477, "Pearson_r": 0.6466130591853233, "R2": 0.4098945251387237, "MAE": 0.207322169093938, "MSE": 0.07444779732143382, "poisson_deviance_explained": 0.37795208908482825}, "11": {"AUC": NaN, "kappa": NaN, "f1": NaN, "precision": NaN, "recall": NaN, "average_precision": NaN, "Spearman_r": 0.5544633885246507, "Pearson_r": 0.5846957560741819, "R2": 0.33705904394808217, "MAE": 0.21411712250190904, "MSE": 0.07383898856921997, "poisson_deviance_explained": 0.3099700401335044}, "12": {"AUC": NaN, "kappa": NaN, "f1": NaN, "precision": NaN, "recall": NaN, "average_precision": NaN, "Spearman_r": 0.5329843149549337, "Pearson_r": 0.5831463176516626, "R2": 0.3367258776723886, "MAE": 0.18669516248223866, "MSE": 0.06549287952209443, "poisson_deviance_explained": 0.3362302451210395}, "13": {"AUC": NaN, "kappa": NaN, "f1": NaN, "precision": NaN, "recall": NaN, "average_precision": NaN, "Spearman_r": 0.47397730442425445, "Pearson_r": 0.5689320853574237, "R2": 0.3205872030446528, "MAE": 0.14862386329365954, "MSE": 0.0507177937598876, "poisson_deviance_explained": 0.32331928936615917}, "14": {"AUC": NaN, "kappa": NaN, "f1": NaN, "precision": NaN, "recall": NaN, "average_precision": NaN, "Spearman_r": 0.43567409192746326, "Pearson_r": 0.5793222809050541, "R2": 0.3322376488706068, "MAE": 0.12717331746859498, "MSE": 0.04344558764270359, "poisson_deviance_explained": 0.32676560231037044}, "15": {"AUC": NaN, "kappa": NaN, "f1": NaN, "precision": NaN, "recall": NaN, "average_precision": NaN, "Spearman_r": 0.4705019263373578, "Pearson_r": 0.5772183545585646, "R2": 0.3309950809677338, "MAE": 0.13182407009267041, "MSE": 0.04592923602061453, "poisson_deviance_explained": 0.3192380922585839}, "16": {"AUC": NaN, "kappa": NaN, "f1": NaN, "precision": NaN, "recall": NaN, "average_precision": NaN, "Spearman_r": 0.5004232679059698, "Pearson_r": 0.6313221694644859, "R2": 0.3931933142167078, "MAE": 0.11727044848544117, "MSE": 0.039158824114244505, "poisson_deviance_explained": 0.41837191360808734}, "17": {"AUC": NaN, "kappa": NaN, "f1": NaN, "precision": NaN, "recall": NaN, "average_precision": NaN, "Spearman_r": 0.5263236199525231, "Pearson_r": 0.6161924501701239, "R2": 0.3776714132500134, "MAE": 0.14555517423917338, "MSE": 0.04986342924774285, "poisson_deviance_explained": 0.3868247811437102}, "18": {"AUC": NaN, "kappa": NaN, "f1": NaN, "precision": NaN, "recall": NaN, "average_precision": NaN, "Spearman_r": 0.5048601895778366, "Pearson_r": 0.590893762390447, "R2": 0.346063543159532, "MAE": 0.15451172193768745, "MSE": 0.05339334603661365, "poisson_deviance_explained": 0.35276741605664663}, "19": {"AUC": NaN, "kappa": NaN, "f1": NaN, "precision": NaN, "recall": NaN, "average_precision": NaN, "Spearman_r": 0.5217618650481017, "Pearson_r": 0.6229062624600898, "R2": 0.38337097943799736, "MAE": 0.1483383321994813, "MSE": 0.050204391112430864, "poisson_deviance_explained": 0.3743900579934858}, "20": {"AUC": NaN, "kappa": NaN, "f1": NaN, "precision": NaN, "recall": NaN, "average_precision": NaN, "Spearman_r": 0.484535047988302, "Pearson_r": 0.5608076088250191, "R2": 0.3141304292489693, "MAE": 0.1556897384887404, "MSE": 0.054560176464807944, "poisson_deviance_explained": 0.3188487595584397}, "21": {"AUC": NaN, "kappa": NaN, "f1": NaN, "precision": NaN, "recall": NaN, "average_precision": NaN, "Spearman_r": 0.4815912938294243, "Pearson_r": 0.5623552185316237, "R2": 0.3156046628795057, "MAE": 0.1703272663357639, "MSE": 0.059815163166939085, "poisson_deviance_explained": 0.2948999579560969}, "22": {"AUC": NaN, "kappa": NaN, "f1": NaN, "precision": NaN, "recall": NaN, "average_precision": NaN, "Spearman_r": 0.5277962865664529, "Pearson_r": 0.5901782247718557, "R2": 0.3464155567792847, "MAE": 0.18669435817591598, "MSE": 0.06879786100779897, "poisson_deviance_explained": 0.3220239781293176}, "23": {"AUC": NaN, "kappa": NaN, "f1": NaN, "precision": NaN, "recall": NaN, "average_precision": NaN, "Spearman_r": 0.5474546820966912, "Pearson_r": 0.6125000314366801, "R2": 0.3734226371934476, "MAE": 0.17865167379237318, "MSE": 0.06552430571929956, "poisson_deviance_explained": 0.36354670405029643}, "24": {"AUC": NaN, "kappa": NaN, "f1": NaN, "precision": NaN, "recall": NaN, "average_precision": NaN, "Spearman_r": 0.5775630755088028, "Pearson_r": 0.6413584955449573, "R2": 0.4057137924152595, "MAE": 0.187471632038488, "MSE": 0.06852028599357232, "poisson_deviance_explained": 0.3965927162775612}, "25": {"AUC": NaN, "kappa": NaN, "f1": NaN, "precision": NaN, "recall": NaN, "average_precision": NaN, "Spearman_r": 0.5383094215006556, "Pearson_r": 0.5944855581151837, "R2": 0.3516486550286517, "MAE": 0.20040744647717557, "MSE": 0.0758996718521129, "poisson_deviance_explained": 0.34080515056009353}, "26": {"AUC": NaN, "kappa": NaN, "f1": NaN, "precision": NaN, "recall": NaN, "average_precision": NaN, "Spearman_r": 0.5455678473669856, "Pearson_r": 0.5958541844094485, "R2": 0.3537935624063313, "MAE": 0.19853885533602916, "MSE": 0.08048352482354525, "poisson_deviance_explained": 0.34984548187498776}, "27": {"AUC": NaN, "kappa": NaN, "f1": NaN, "precision": NaN, "recall": NaN, "average_precision": NaN,