{"1": {"AUC": NaN, "kappa": NaN, "f1": NaN, "precision": NaN, "recall": NaN, "average_precision": NaN, "Spearman_r": 0.5312193032646725, "Pearson_r": 0.592265453220706, "R2": 0.34706868245831934, "MAE": 0.17411081336845233, "MSE": 0.06863273056923867, "poisson_deviance_explained": 0.357885325599661}, "2": {"AUC": NaN, "kappa": NaN, "f1": NaN, "precision": NaN, "recall": NaN, "average_precision": NaN, "Spearman_r": 0.5312867481331635, "Pearson_r": 0.6074874570127284, "R2": 0.36873392396606386, "MAE": 0.16435610317561972, "MSE": 0.06860808681649308, "poisson_deviance_explained": 0.3711018826872231}, "3": {"AUC": NaN, "kappa": NaN, "f1": NaN, "precision": NaN, "recall": NaN, "average_precision": NaN, "Spearman_r": 0.5415767304231082, "Pearson_r": 0.6166666884728692, "R2": 0.3785548406157294, "MAE": 0.15871675137322713, "MSE": 0.06141722595981856, "poisson_deviance_explained": 0.3604482055560393}, "4": {"AUC": NaN, "kappa": NaN, "f1": NaN, "precision": NaN, "recall": NaN, "average_precision": NaN, "Spearman_r": 0.5742753074337491, "Pearson_r": 0.6294230748231027, "R2": 0.3958310219131904, "MAE": 0.18024750039679213, "MSE": 0.07246733242871617, "poisson_deviance_explained": 0.39420961480380856}, "5": {"AUC": NaN, "kappa": NaN, "f1": NaN, "precision": NaN, "recall": NaN, "average_precision": NaN, "Spearman_r": 0.5981655230789065, "Pearson_r": 0.6577490601936767, "R2": 0.4326079001384845, "MAE": 0.17394986393009026, "MSE": 0.07033138914707351, "poisson_deviance_explained": 0.39537892138898334}, "6": {"AUC": NaN, "kappa": NaN, "f1": NaN, "precision": NaN, "recall": NaN, "average_precision": NaN, "Spearman_r": 0.640177491849027, "Pearson_r": 0.6611904157105642, "R2": 0.43583181188320885, "MAE": 0.18965250156450483, "MSE": 0.07283954087076476, "poisson_deviance_explained": 0.4261447810413176}, "7": {"AUC": NaN, "kappa": NaN, "f1": NaN, "precision": NaN, "recall": NaN, "average_precision": NaN, "Spearman_r": 0.6278809389215231, "Pearson_r": 0.6573557601768659, "R2": 0.43078785691331445, "MAE": 0.19919787668929861, "MSE": 0.07535943989673517, "poisson_deviance_explained": 0.40309383668360266}, "8": {"AUC": NaN, "kappa": NaN, "f1": NaN, "precision": NaN, "recall": NaN, "average_precision": NaN, "Spearman_r": 0.6181178601779849, "Pearson_r": 0.6249322196302609, "R2": 0.3894297834143028, "MAE": 0.22038522561562068, "MSE": 0.08032207521923636, "poisson_deviance_explained": 0.34771207862880515}, "9": {"AUC": NaN, "kappa": NaN, "f1": NaN, "precision": NaN, "recall": NaN, "average_precision": NaN, "Spearman_r": 0.6158834028020622, "Pearson_r": 0.6592064367115638, "R2": 0.4337842484929284, "MAE": 0.18644986726182705, "MSE": 0.066794877044069, "poisson_deviance_explained": 0.3930789942292885}, "10": {"AUC": NaN, "kappa": NaN, "f1": NaN, "precision": NaN, "recall": NaN, "average_precision": NaN, "Spearman_r": 0.586592916964905, "Pearson_r": 0.6204672291832721, "R2": 0.3839254357917562, "MAE": 0.20429796710551934, "MSE": 0.07327346962078113, "poisson_deviance_explained": 0.3465029134604426}, "11": {"AUC": NaN, "kappa": NaN, "f1": NaN, "precision": NaN, "recall": NaN, "average_precision": NaN, "Spearman_r": 0.5681629043543261, "Pearson_r": 0.6082365282520179, "R2": 0.36933043540299215, "MAE": 0.18963171091189607, "MSE": 0.06802912728413842, "poisson_deviance_explained": 0.3466389218490752}, "12": {"AUC": NaN, "kappa": NaN, "f1": NaN, "precision": NaN, "recall": NaN, "average_precision": NaN, "Spearman_r": 0.5061999273393699, "Pearson_r": 0.5520643770069574, "R2": 0.3022422619480609, "MAE": 0.185804924979531, "MSE": 0.06771239758455816, "poisson_deviance_explained": 0.304229743303844}, "13": {"AUC": NaN, "kappa": NaN, "f1": NaN, "precision": NaN, "recall": NaN, "average_precision": NaN, "Spearman_r": 0.4721435432638371, "Pearson_r": 0.5554973550685548, "R2": 0.3061688572324228, "MAE": 0.14923450656238027, "MSE": 0.053833758641063816, "poisson_deviance_explained": 0.305935606577563}, "14": {"AUC": NaN, "kappa": NaN, "f1": NaN, "precision": NaN, "recall": NaN, "average_precision": NaN, "Spearman_r": 0.4357233549884826, "Pearson_r": 0.5595646575187457, "R2": 0.3079878183674605, "MAE": 0.13154236805910374, "MSE": 0.045928708263214754, "poisson_deviance_explained": 0.313074631590362}, "15": {"AUC": NaN, "kappa": NaN, "f1": NaN, "precision": NaN, "recall": NaN, "average_precision": NaN, "Spearman_r": 0.4454026532248537, "Pearson_r": 0.5948139517570364, "R2": 0.34924972136808863, "MAE": 0.11796806460261225, "MSE": 0.04065045487836629, "poisson_deviance_explained": 0.3402514711576622}, "16": {"AUC": NaN, "kappa": NaN, "f1": NaN, "precision": NaN, "recall": NaN, "average_precision": NaN, "Spearman_r": 0.47916654653590507, "Pearson_r": 0.6272055259598495, "R2": 0.39305291910249296, "MAE": 0.11297793518308732, "MSE": 0.03928023099946306, "poisson_deviance_explained": 0.39313910461362933}, "17": {"AUC": NaN, "kappa": NaN, "f1": NaN, "precision": NaN, "recall": NaN, "average_precision": NaN, "Spearman_r": 0.48174121150465954, "Pearson_r": 0.5967581049533514, "R2": 0.3536676767070531, "MAE": 0.1369730113806899, "MSE": 0.04851217928650012, "poisson_deviance_explained": 0.3563400808705868}, "18": {"AUC": NaN, "kappa": NaN, "f1": NaN, "precision": NaN, "recall": NaN, "average_precision": NaN, "Spearman_r": 0.5199441420533222, "Pearson_r": 0.6177401138308318, "R2": 0.3810848076567752, "MAE": 0.14878270822961887, "MSE": 0.05531204445161025, "poisson_deviance_explained": 0.36660091514609616}, "19": {"AUC": NaN, "kappa": NaN, "f1": NaN, "precision": NaN, "recall": NaN, "average_precision": NaN, "Spearman_r": 0.5006309651650994, "Pearson_r": 0.5937437493604366, "R2": 0.3503582958254493, "MAE": 0.14706469304868736, "MSE": 0.05278206047252984, "poisson_deviance_explained": 0.32535712867047206}, "20": {"AUC": NaN, "kappa": NaN, "f1": NaN, "precision": NaN, "recall": NaN, "average_precision": NaN, "Spearman_r": 0.5185317417105022, "Pearson_r": 0.5933305815403889, "R2": 0.3520034455622614, "MAE": 0.15967323833637972, "MSE": 0.05826993710368172, "poisson_deviance_explained": 0.3512227891213764}, "21": {"AUC": NaN, "kappa": NaN, "f1": NaN, "precision": NaN, "recall": NaN, "average_precision": NaN, "Spearman_r": 0.5099506688203194, "Pearson_r": 0.5916468867477296, "R2": 0.3493690079576195, "MAE": 0.15533559856135665, "MSE": 0.05689085503613342, "poisson_deviance_explained": 0.3518520152159277}, "22": {"AUC": NaN, "kappa": NaN, "f1": NaN, "precision": NaN, "recall": NaN, "average_precision": NaN, "Spearman_r": 0.556391440681944, "Pearson_r": 0.6087468169099672, "R2": 0.37009624116921536, "MAE": 0.18388055668402392, "MSE": 0.06651986082746078, "poisson_deviance_explained": 0.3476641334785209}, "23": {"AUC": NaN, "kappa": NaN, "f1": NaN, "precision": NaN, "recall": NaN, "average_precision": NaN, "Spearman_r": 0.5604560517762716, "Pearson_r": 0.622865962973558, "R2": 0.3879235776891553, "MAE": 0.18102379089553672, "MSE": 0.07152291651728443, "poisson_deviance_explained": 0.3583180975001383}, "24": {"AUC": NaN, "kappa": NaN, "f1": NaN, "precision": NaN, "recall": NaN, "average_precision": NaN, "Spearman_r": 0.5439751549271724, "Pearson_r": 0.6058886915681905, "R2": 0.3654994419801597, "MAE": 0.19598120399065894, "MSE": 0.07616634688481091, "poisson_deviance_explained": 0.3272702977073365}, "25": {"AUC": NaN, "kappa": NaN, "f1": NaN, "precision": NaN, "recall": NaN, "average_precision": NaN, "Spearman_r": 0.5613203056928362, "Pearson_r": 0.6392943622257488, "R2": 0.40830618708473876, "MAE": 0.17916374864259121, "MSE": 0.07098936217337008, "poisson_deviance_explained": 0.3826581116213804}, "26": {"AUC": NaN, "kappa": NaN, "f1": NaN, "precision": NaN, "recall": NaN, "average_precision": NaN, "Spearman_r": 0.542874103109087, "Pearson_r": 0.6068781257071342, "R2": 0.36770004605815887, "MAE": 0.1916308802872586, "MSE": 0.07996812180553493, "poisson_deviance_explained": 0.3416533901522253}, "27": {"AUC": NaN, "kappa": NaN, "f1": NaN, "precision": NaN, "recall": NaN, "average_precision": NaN,