{"1": {"AUC": NaN, "kappa": NaN, "f1": NaN, "precision": NaN, "recall": NaN, "average_precision": NaN, "Spearman_r": 0.4896394566259537, "Pearson_r": 0.5655086587444706, "R2": 0.31936465566718475, "MAE": 0.1789758496162636, "MSE": 0.07019093650267003, "poisson_deviance_explained": 0.3147085992180233}, "2": {"AUC": NaN, "kappa": NaN, "f1": NaN, "precision": NaN, "recall": NaN, "average_precision": NaN, "Spearman_r": 0.5573493196782476, "Pearson_r": 0.6144286660305944, "R2": 0.3768971394001569, "MAE": 0.18879197048124413, "MSE": 0.07487887041253351, "poisson_deviance_explained": 0.36768711892043615}, "3": {"AUC": NaN, "kappa": NaN, "f1": NaN, "precision": NaN, "recall": NaN, "average_precision": NaN, "Spearman_r": 0.5608646447948433, "Pearson_r": 0.6469830775864206, "R2": 0.4163080199441327, "MAE": 0.17411608839990564, "MSE": 0.06691214828703772, "poisson_deviance_explained": 0.40714858852607594}, "4": {"AUC": NaN, "kappa": NaN, "f1": NaN, "precision": NaN, "recall": NaN, "average_precision": NaN, "Spearman_r": 0.5111342475419215, "Pearson_r": 0.6084844735103551, "R2": 0.36885327389000466, "MAE": 0.15445439045265463, "MSE": 0.059610269890010247, "poisson_deviance_explained": 0.382502888143162}, "5": {"AUC": NaN, "kappa": NaN, "f1": NaN, "precision": NaN, "recall": NaN, "average_precision": NaN, "Spearman_r": 0.6127898116222329, "Pearson_r": 0.6555809610641294, "R2": 0.42367072859619437, "MAE": 0.1945142554129972, "MSE": 0.0774585541725073, "poisson_deviance_explained": 0.4121921570032515}, "6": {"AUC": NaN, "kappa": NaN, "f1": NaN, "precision": NaN, "recall": NaN, "average_precision": NaN, "Spearman_r": 0.5973033989132711, "Pearson_r": 0.651121705330136, "R2": 0.4218316346626019, "MAE": 0.18774783773093187, "MSE": 0.07027885845465423, "poisson_deviance_explained": 0.40041929799280895}, "7": {"AUC": NaN, "kappa": NaN, "f1": NaN, "precision": NaN, "recall": NaN, "average_precision": NaN, "Spearman_r": 0.6158857547779697, "Pearson_r": 0.6406346748391062, "R2": 0.40899541202835266, "MAE": 0.21007873301072805, "MSE": 0.0790645204665889, "poisson_deviance_explained": 0.37607230552035587}, "8": {"AUC": NaN, "kappa": NaN, "f1": NaN, "precision": NaN, "recall": NaN, "average_precision": NaN, "Spearman_r": 0.5999754593147548, "Pearson_r": 0.6212151654448888, "R2": 0.38512326831856736, "MAE": 0.21540030041138514, "MSE": 0.07808181861389361, "poisson_deviance_explained": 0.34615723472617566}, "9": {"AUC": NaN, "kappa": NaN, "f1": NaN, "precision": NaN, "recall": NaN, "average_precision": NaN, "Spearman_r": 0.5923976147065325, "Pearson_r": 0.6183225447736858, "R2": 0.38159198433599606, "MAE": 0.20120948923777882, "MSE": 0.07397965810779795, "poisson_deviance_explained": 0.3558457557803463}, "10": {"AUC": NaN, "kappa": NaN, "f1": NaN, "precision": NaN, "recall": NaN, "average_precision": NaN, "Spearman_r": 0.5790425632708718, "Pearson_r": 0.6152939933172182, "R2": 0.3781134657982421, "MAE": 0.20816089011909536, "MSE": 0.07676455983894406, "poisson_deviance_explained": 0.34365088689453194}, "11": {"AUC": NaN, "kappa": NaN, "f1": NaN, "precision": NaN, "recall": NaN, "average_precision": NaN, "Spearman_r": 0.532500207836002, "Pearson_r": 0.5716246131078272, "R2": 0.32659543087654364, "MAE": 0.2120749497574469, "MSE": 0.0781824143617626, "poisson_deviance_explained": 0.29474964874382226}, "12": {"AUC": NaN, "kappa": NaN, "f1": NaN, "precision": NaN, "recall": NaN, "average_precision": NaN, "Spearman_r": 0.5372558872483452, "Pearson_r": 0.5844954349545913, "R2": 0.3411162705854761, "MAE": 0.1926121051282832, "MSE": 0.0689042657867344, "poisson_deviance_explained": 0.31981068146219926}, "13": {"AUC": NaN, "kappa": NaN, "f1": NaN, "precision": NaN, "recall": NaN, "average_precision": NaN, "Spearman_r": 0.4875764174083286, "Pearson_r": 0.5481598289259556, "R2": 0.2990397049166046, "MAE": 0.16409564583109584, "MSE": 0.05742291798569245, "poisson_deviance_explained": 0.3127332446611898}, "14": {"AUC": NaN, "kappa": NaN, "f1": NaN, "precision": NaN, "recall": NaN, "average_precision": NaN, "Spearman_r": 0.45716875715791333, "Pearson_r": 0.5703731379573445, "R2": 0.3224475960439177, "MAE": 0.13352789341230545, "MSE": 0.04585643461181379, "poisson_deviance_explained": 0.32998645654617687}, "15": {"AUC": NaN, "kappa": NaN, "f1": NaN, "precision": NaN, "recall": NaN, "average_precision": NaN, "Spearman_r": 0.46499392906789877, "Pearson_r": 0.5728533086179106, "R2": 0.32700605875396815, "MAE": 0.13322774934178597, "MSE": 0.04579912344352573, "poisson_deviance_explained": 0.32634992996201495}, "16": {"AUC": NaN, "kappa": NaN, "f1": NaN, "precision": NaN, "recall": NaN, "average_precision": NaN, "Spearman_r": 0.4753947310063788, "Pearson_r": 0.5782517085533833, "R2": 0.3333453697706862, "MAE": 0.13672460305959433, "MSE": 0.046117385466886845, "poisson_deviance_explained": 0.33978476551947456}, "17": {"AUC": NaN, "kappa": NaN, "f1": NaN, "precision": NaN, "recall": NaN, "average_precision": NaN, "Spearman_r": 0.5178823550009842, "Pearson_r": 0.598541266694839, "R2": 0.35766302061571187, "MAE": 0.1525374508288746, "MSE": 0.05320547553801362, "poisson_deviance_explained": 0.34946785791232415}, "18": {"AUC": NaN, "kappa": NaN, "f1": NaN, "precision": NaN, "recall": NaN, "average_precision": NaN, "Spearman_r": 0.4994807154151083, "Pearson_r": 0.5903440102283098, "R2": 0.3482580760624562, "MAE": 0.14892674110507986, "MSE": 0.0522070338483261, "poisson_deviance_explained": 0.3406008577061864}, "19": {"AUC": NaN, "kappa": NaN, "f1": NaN, "precision": NaN, "recall": NaN, "average_precision": NaN, "Spearman_r": 0.47945346035342756, "Pearson_r": 0.5705819177779551, "R2": 0.3225469621840378, "MAE": 0.15202125045615372, "MSE": 0.05428960203399429, "poisson_deviance_explained": 0.318558680656732}, "20": {"AUC": NaN, "kappa": NaN, "f1": NaN, "precision": NaN, "recall": NaN, "average_precision": NaN, "Spearman_r": 0.5121277275142802, "Pearson_r": 0.5873242279433737, "R2": 0.3444306086008253, "MAE": 0.15739793953644507, "MSE": 0.05626356252617759, "poisson_deviance_explained": 0.3445888651005917}, "21": {"AUC": NaN, "kappa": NaN, "f1": NaN, "precision": NaN, "recall": NaN, "average_precision": NaN, "Spearman_r": 0.5048174921332279, "Pearson_r": 0.5579013295952322, "R2": 0.3084136144404316, "MAE": 0.1897325040643526, "MSE": 0.06704143042289713, "poisson_deviance_explained": 0.2973096541086808}, "22": {"AUC": NaN, "kappa": NaN, "f1": NaN, "precision": NaN, "recall": NaN, "average_precision": NaN, "Spearman_r": 0.539540792199736, "Pearson_r": 0.5843203164385528, "R2": 0.34104569902070314, "MAE": 0.18142840056443393, "MSE": 0.06590483270914702, "poisson_deviance_explained": 0.3273401357851389}, "23": {"AUC": NaN, "kappa": NaN, "f1": NaN, "precision": NaN, "recall": NaN, "average_precision": NaN, "Spearman_r": 0.5636691770538126, "Pearson_r": 0.6044990923940228, "R2": 0.3646888400506466, "MAE": 0.19771067580514987, "MSE": 0.07337647779671948, "poisson_deviance_explained": 0.34126834972290887}, "24": {"AUC": NaN, "kappa": NaN, "f1": NaN, "precision": NaN, "recall": NaN, "average_precision": NaN, "Spearman_r": 0.5554705986457174, "Pearson_r": 0.6041765540803373, "R2": 0.3644282683215665, "MAE": 0.20632779810402258, "MSE": 0.07741662429720111, "poisson_deviance_explained": 0.33105777463786934}, "25": {"AUC": NaN, "kappa": NaN, "f1": NaN, "precision": NaN, "recall": NaN, "average_precision": NaN, "Spearman_r": 0.5823975627046392, "Pearson_r": 0.6297073652858448, "R2": 0.3951912503299525, "MAE": 0.20001874032503972, "MSE": 0.07720600262786416, "poisson_deviance_explained": 0.3686230676836785}, "26": {"AUC": NaN, "kappa": NaN, "f1": NaN, "precision": NaN, "recall": NaN, "average_precision": NaN, "Spearman_r": 0.5731389794905732, "Pearson_r": 0.6223012500144223, "R2": 0.3864969703211417, "MAE": 0.19950959316640024, "MSE": 0.08058412312815826, "poisson_deviance_explained": 0.379557816393134}, "27": {"AUC": NaN, "kappa": NaN, "f1": NaN, "precision": NaN, "recall": NaN, "average_precision": NaN,