{"1": {"AUC": NaN, "kappa": NaN, "f1": NaN, "precision": NaN, "recall": NaN, "average_precision": NaN, "Spearman_r": 0.5341069181879525, "Pearson_r": 0.5747279727590754, "R2": 0.3278768019616527, "MAE": 0.21457803102440076, "MSE": 0.08446100070350174, "poisson_deviance_explained": 0.32152564434490893}, "2": {"AUC": NaN, "kappa": NaN, "f1": NaN, "precision": NaN, "recall": NaN, "average_precision": NaN, "Spearman_r": 0.5375789542794865, "Pearson_r": 0.6029033753968487, "R2": 0.3595730367601887, "MAE": 0.18418044564935762, "MSE": 0.0722549999253216, "poisson_deviance_explained": 0.3696824791633532}, "3": {"AUC": NaN, "kappa": NaN, "f1": NaN, "precision": NaN, "recall": NaN, "average_precision": NaN, "Spearman_r": 0.5723792120354014, "Pearson_r": 0.6571073121479974, "R2": 0.41975818092596007, "MAE": 0.17414000477963532, "MSE": 0.06593654271413041, "poisson_deviance_explained": 0.41260966628360274}, "4": {"AUC": NaN, "kappa": NaN, "f1": NaN, "precision": NaN, "recall": NaN, "average_precision": NaN, "Spearman_r": 0.5192024916192808, "Pearson_r": 0.6216427353232252, "R2": 0.3812890251827431, "MAE": 0.1527394218115968, "MSE": 0.05748511832894951, "poisson_deviance_explained": 0.38792202602646797}, "5": {"AUC": NaN, "kappa": NaN, "f1": NaN, "precision": NaN, "recall": NaN, "average_precision": NaN, "Spearman_r": 0.5977893402848439, "Pearson_r": 0.6394848083609729, "R2": 0.4021164788874938, "MAE": 0.20100736136820627, "MSE": 0.0748823084601137, "poisson_deviance_explained": 0.38850773028947005}, "6": {"AUC": NaN, "kappa": NaN, "f1": NaN, "precision": NaN, "recall": NaN, "average_precision": NaN, "Spearman_r": 0.6031407829495345, "Pearson_r": 0.6317292938051503, "R2": 0.39154876593679433, "MAE": 0.20567342506238787, "MSE": 0.07664612906791975, "poisson_deviance_explained": 0.38368319704862786}, "7": {"AUC": NaN, "kappa": NaN, "f1": NaN, "precision": NaN, "recall": NaN, "average_precision": NaN, "Spearman_r": 0.6093421946663686, "Pearson_r": 0.6253956232725674, "R2": 0.38363390088919713, "MAE": 0.23058331648211983, "MSE": 0.08620577354489738, "poisson_deviance_explained": 0.35638689111723654}, "8": {"AUC": NaN, "kappa": NaN, "f1": NaN, "precision": NaN, "recall": NaN, "average_precision": NaN, "Spearman_r": 0.5954020540413573, "Pearson_r": 0.6341618713485536, "R2": 0.3975037001812022, "MAE": 0.19700824071088177, "MSE": 0.06849625042621592, "poisson_deviance_explained": 0.37821062779973347}, "9": {"AUC": NaN, "kappa": NaN, "f1": NaN, "precision": NaN, "recall": NaN, "average_precision": NaN, "Spearman_r": 0.5809806985889521, "Pearson_r": 0.6042054919562392, "R2": 0.3594687461705788, "MAE": 0.2251456778498417, "MSE": 0.08136797991236425, "poisson_deviance_explained": 0.32966599813677033}, "10": {"AUC": NaN, "kappa": NaN, "f1": NaN, "precision": NaN, "recall": NaN, "average_precision": NaN, "Spearman_r": 0.591135427264531, "Pearson_r": 0.610016469666957, "R2": 0.36330911091405105, "MAE": 0.22502458007849943, "MSE": 0.07801079832398161, "poisson_deviance_explained": 0.33336000540215116}, "11": {"AUC": NaN, "kappa": NaN, "f1": NaN, "precision": NaN, "recall": NaN, "average_precision": NaN, "Spearman_r": 0.5617415916891529, "Pearson_r": 0.5976793805072212, "R2": 0.35008710736861304, "MAE": 0.21856398619354017, "MSE": 0.07732823242270508, "poisson_deviance_explained": 0.3205385676658523}, "12": {"AUC": NaN, "kappa": NaN, "f1": NaN, "precision": NaN, "recall": NaN, "average_precision": NaN, "Spearman_r": 0.5202518538691359, "Pearson_r": 0.5694108101437962, "R2": 0.32042789002012917, "MAE": 0.1937404837815244, "MSE": 0.06720810182805796, "poisson_deviance_explained": 0.30672052540276895}, "13": {"AUC": NaN, "kappa": NaN, "f1": NaN, "precision": NaN, "recall": NaN, "average_precision": NaN, "Spearman_r": 0.49566016178992545, "Pearson_r": 0.5774611824230389, "R2": 0.3255949227087622, "MAE": 0.16482822604763192, "MSE": 0.056935937686139505, "poisson_deviance_explained": 0.3206053004016636}, "14": {"AUC": NaN, "kappa": NaN, "f1": NaN, "precision": NaN, "recall": NaN, "average_precision": NaN, "Spearman_r": 0.4443410560484859, "Pearson_r": 0.5505247415965882, "R2": 0.29975956346091914, "MAE": 0.13885853661345895, "MSE": 0.04844290287309837, "poisson_deviance_explained": 0.303373243809431}, "15": {"AUC": NaN, "kappa": NaN, "f1": NaN, "precision": NaN, "recall": NaN, "average_precision": NaN, "Spearman_r": 0.45034009607267705, "Pearson_r": 0.5415620635268562, "R2": 0.2919754254158352, "MAE": 0.13385167091784836, "MSE": 0.046180557936831367, "poisson_deviance_explained": 0.3110334316636514}, "16": {"AUC": NaN, "kappa": NaN, "f1": NaN, "precision": NaN, "recall": NaN, "average_precision": NaN, "Spearman_r": 0.478484407882918, "Pearson_r": 0.5664465737644323, "R2": 0.3137509401988333, "MAE": 0.13944927350145553, "MSE": 0.04661733763770625, "poisson_deviance_explained": 0.33837951274138656}, "17": {"AUC": NaN, "kappa": NaN, "f1": NaN, "precision": NaN, "recall": NaN, "average_precision": NaN, "Spearman_r": 0.5071008751563904, "Pearson_r": 0.6074366389333224, "R2": 0.35961109843794514, "MAE": 0.15169285374841976, "MSE": 0.05014375878728048, "poisson_deviance_explained": 0.3615456217569787}, "18": {"AUC": NaN, "kappa": NaN, "f1": NaN, "precision": NaN, "recall": NaN, "average_precision": NaN, "Spearman_r": 0.4933704842539423, "Pearson_r": 0.5744150033489698, "R2": 0.32501908237512167, "MAE": 0.15532583611984765, "MSE": 0.052689930613404115, "poisson_deviance_explained": 0.3387168556132899}, "19": {"AUC": NaN, "kappa": NaN, "f1": NaN, "precision": NaN, "recall": NaN, "average_precision": NaN, "Spearman_r": 0.4964507763317918, "Pearson_r": 0.5714052240394895, "R2": 0.32368053061403024, "MAE": 0.1644939050842172, "MSE": 0.055470950351585974, "poisson_deviance_explained": 0.3202737826458303}, "20": {"AUC": NaN, "kappa": NaN, "f1": NaN, "precision": NaN, "recall": NaN, "average_precision": NaN, "Spearman_r": 0.502436597266298, "Pearson_r": 0.5875451998089831, "R2": 0.34014795611735205, "MAE": 0.16137380137644033, "MSE": 0.05484917925891059, "poisson_deviance_explained": 0.33195242494308264}, "21": {"AUC": NaN, "kappa": NaN, "f1": NaN, "precision": NaN, "recall": NaN, "average_precision": NaN, "Spearman_r": 0.5290092139598253, "Pearson_r": 0.5828079065102729, "R2": 0.33636361861117037, "MAE": 0.18127954893304188, "MSE": 0.0646354991590025, "poisson_deviance_explained": 0.32674938301686407}, "22": {"AUC": NaN, "kappa": NaN, "f1": NaN, "precision": NaN, "recall": NaN, "average_precision": NaN, "Spearman_r": 0.5198764600915406, "Pearson_r": 0.5871972421736068, "R2": 0.3423648166568689, "MAE": 0.18704984633325566, "MSE": 0.06676498161702142, "poisson_deviance_explained": 0.32221397617195713}, "23": {"AUC": NaN, "kappa": NaN, "f1": NaN, "precision": NaN, "recall": NaN, "average_precision": NaN, "Spearman_r": 0.5516677909592176, "Pearson_r": 0.6003822653491517, "R2": 0.3561225706063317, "MAE": 0.19348205510663985, "MSE": 0.07106450081548178, "poisson_deviance_explained": 0.3422009440253404}, "24": {"AUC": NaN, "kappa": NaN, "f1": NaN, "precision": NaN, "recall": NaN, "average_precision": NaN, "Spearman_r": 0.5693430171518922, "Pearson_r": 0.6125474894152958, "R2": 0.3692982579352083, "MAE": 0.2026030277446892, "MSE": 0.07528498983252811, "poisson_deviance_explained": 0.36356558110469683}, "25": {"AUC": NaN, "kappa": NaN, "f1": NaN, "precision": NaN, "recall": NaN, "average_precision": NaN, "Spearman_r": 0.5676413205140203, "Pearson_r": 0.6134047909844137, "R2": 0.36777218047318805, "MAE": 0.21261987350499503, "MSE": 0.0807998413215145, "poisson_deviance_explained": 0.34847126365880476}, "26": {"AUC": NaN, "kappa": NaN, "f1": NaN, "precision": NaN, "recall": NaN, "average_precision": NaN, "Spearman_r": 0.5546366038352439, "Pearson_r": 0.6070134017953874, "R2": 0.36229790629562975, "MAE": 0.20465411308638254, "MSE": 0.0757718185732759, "poisson_deviance_explained": 0.3550387150313541}, "27": {"AUC": NaN, "kappa": NaN, "f1": NaN, "precision": NaN, "recall": NaN, "average_precision": NaN,