{"1": {"AUC": NaN, "kappa": NaN, "f1": NaN, "precision": NaN, "recall": NaN, "average_precision": NaN, "Spearman_r": 0.5238298144856945, "Pearson_r": 0.5852428409548256, "R2": 0.33913761579993595, "MAE": 0.1878479151480848, "MSE": 0.07322986039660571, "poisson_deviance_explained": 0.35174001925550635}, "2": {"AUC": NaN, "kappa": NaN, "f1": NaN, "precision": NaN, "recall": NaN, "average_precision": NaN, "Spearman_r": 0.548468106106772, "Pearson_r": 0.6260816518372435, "R2": 0.3878906326874306, "MAE": 0.17244830860336965, "MSE": 0.06510402888894264, "poisson_deviance_explained": 0.3943103020849784}, "3": {"AUC": NaN, "kappa": NaN, "f1": NaN, "precision": NaN, "recall": NaN, "average_precision": NaN, "Spearman_r": 0.5580371276714646, "Pearson_r": 0.6427773940004823, "R2": 0.40756208029085783, "MAE": 0.1731011461369765, "MSE": 0.06622609599060365, "poisson_deviance_explained": 0.3991766868804445}, "4": {"AUC": NaN, "kappa": NaN, "f1": NaN, "precision": NaN, "recall": NaN, "average_precision": NaN, "Spearman_r": 0.5283827647113118, "Pearson_r": 0.6457572768471692, "R2": 0.4142251865697233, "MAE": 0.14165770092499014, "MSE": 0.05440470947357368, "poisson_deviance_explained": 0.4177128485177878}, "5": {"AUC": NaN, "kappa": NaN, "f1": NaN, "precision": NaN, "recall": NaN, "average_precision": NaN, "Spearman_r": 0.5778864669747555, "Pearson_r": 0.6438403451039763, "R2": 0.40939727322452113, "MAE": 0.1780343469784862, "MSE": 0.0662288493903061, "poisson_deviance_explained": 0.4067671364799591}, "6": {"AUC": NaN, "kappa": NaN, "f1": NaN, "precision": NaN, "recall": NaN, "average_precision": NaN, "Spearman_r": 0.6285064401426782, "Pearson_r": 0.6503435627048992, "R2": 0.4121112735237634, "MAE": 0.21829356721063806, "MSE": 0.08192859565903553, "poisson_deviance_explained": 0.3908404391134511}, "7": {"AUC": NaN, "kappa": NaN, "f1": NaN, "precision": NaN, "recall": NaN, "average_precision": NaN, "Spearman_r": 0.6384221854437271, "Pearson_r": 0.6468658510829215, "R2": 0.40963723412401876, "MAE": 0.22027408922673983, "MSE": 0.07910766042737011, "poisson_deviance_explained": 0.3735941824212792}, "8": {"AUC": NaN, "kappa": NaN, "f1": NaN, "precision": NaN, "recall": NaN, "average_precision": NaN, "Spearman_r": 0.6203696265057674, "Pearson_r": 0.6376799603016924, "R2": 0.4001231479511572, "MAE": 0.2131962340745889, "MSE": 0.07419064848370846, "poisson_deviance_explained": 0.37046569853209643}, "9": {"AUC": NaN, "kappa": NaN, "f1": NaN, "precision": NaN, "recall": NaN, "average_precision": NaN, "Spearman_r": 0.6154897176743266, "Pearson_r": 0.6344107455048767, "R2": 0.39629277062951596, "MAE": 0.21987698550585286, "MSE": 0.07768814948616769, "poisson_deviance_explained": 0.3658664969874811}, "10": {"AUC": NaN, "kappa": NaN, "f1": NaN, "precision": NaN, "recall": NaN, "average_precision": NaN, "Spearman_r": 0.5924560325200977, "Pearson_r": 0.6189641622074409, "R2": 0.3783911641159614, "MAE": 0.2160587693761517, "MSE": 0.07603584067383125, "poisson_deviance_explained": 0.3441588641674107}, "11": {"AUC": NaN, "kappa": NaN, "f1": NaN, "precision": NaN, "recall": NaN, "average_precision": NaN, "Spearman_r": 0.552040906663008, "Pearson_r": 0.5811966265442846, "R2": 0.33184323002488636, "MAE": 0.22281720457108217, "MSE": 0.07803701513574791, "poisson_deviance_explained": 0.3053679881196516}, "12": {"AUC": NaN, "kappa": NaN, "f1": NaN, "precision": NaN, "recall": NaN, "average_precision": NaN, "Spearman_r": 0.5420033003830055, "Pearson_r": 0.5643210684124995, "R2": 0.3141752299176609, "MAE": 0.21669013670070908, "MSE": 0.07525337052787266, "poisson_deviance_explained": 0.2994913462722778}, "13": {"AUC": NaN, "kappa": NaN, "f1": NaN, "precision": NaN, "recall": NaN, "average_precision": NaN, "Spearman_r": 0.4984246633246704, "Pearson_r": 0.5747036336847479, "R2": 0.32547305169051566, "MAE": 0.1635888370147283, "MSE": 0.05619257028506928, "poisson_deviance_explained": 0.32548944355255904}, "14": {"AUC": NaN, "kappa": NaN, "f1": NaN, "precision": NaN, "recall": NaN, "average_precision": NaN, "Spearman_r": 0.4606346124395684, "Pearson_r": 0.5722575545886734, "R2": 0.32164205420697056, "MAE": 0.13633917363695167, "MSE": 0.04561196795350258, "poisson_deviance_explained": 0.32414217311225113}, "15": {"AUC": NaN, "kappa": NaN, "f1": NaN, "precision": NaN, "recall": NaN, "average_precision": NaN, "Spearman_r": 0.46742016862699065, "Pearson_r": 0.588482106892015, "R2": 0.341616786865529, "MAE": 0.13130266356435036, "MSE": 0.044079669773523796, "poisson_deviance_explained": 0.3440121420349025}, "16": {"AUC": NaN, "kappa": NaN, "f1": NaN, "precision": NaN, "recall": NaN, "average_precision": NaN, "Spearman_r": 0.5034138742089455, "Pearson_r": 0.6124850936644719, "R2": 0.36794173854493073, "MAE": 0.14057436687104846, "MSE": 0.047037044868353285, "poisson_deviance_explained": 0.3731198369550984}, "17": {"AUC": NaN, "kappa": NaN, "f1": NaN, "precision": NaN, "recall": NaN, "average_precision": NaN, "Spearman_r": 0.5265804544690468, "Pearson_r": 0.6089752482612947, "R2": 0.36048654031329586, "MAE": 0.15470516775766058, "MSE": 0.05086197964366946, "poisson_deviance_explained": 0.37104898221020544}, "18": {"AUC": NaN, "kappa": NaN, "f1": NaN, "precision": NaN, "recall": NaN, "average_precision": NaN, "Spearman_r": 0.4969455163071329, "Pearson_r": 0.5954281882476049, "R2": 0.34925007573106515, "MAE": 0.14413916235370397, "MSE": 0.048376884914220805, "poisson_deviance_explained": 0.3572351886984465}, "19": {"AUC": NaN, "kappa": NaN, "f1": NaN, "precision": NaN, "recall": NaN, "average_precision": NaN, "Spearman_r": 0.4930424580028597, "Pearson_r": 0.5885652799403694, "R2": 0.34173718052520186, "MAE": 0.15455912483484896, "MSE": 0.05236402641400887, "poisson_deviance_explained": 0.334152253396375}, "20": {"AUC": NaN, "kappa": NaN, "f1": NaN, "precision": NaN, "recall": NaN, "average_precision": NaN, "Spearman_r": 0.5121697024107642, "Pearson_r": 0.5938665601172318, "R2": 0.34883553832363146, "MAE": 0.1587160201008369, "MSE": 0.054712682691873946, "poisson_deviance_explained": 0.35495269597199075}, "21": {"AUC": NaN, "kappa": NaN, "f1": NaN, "precision": NaN, "recall": NaN, "average_precision": NaN, "Spearman_r": 0.526309042555995, "Pearson_r": 0.5798998223558933, "R2": 0.3339206262680371, "MAE": 0.18251943061673048, "MSE": 0.06239661406679143, "poisson_deviance_explained": 0.3196324619641323}, "22": {"AUC": NaN, "kappa": NaN, "f1": NaN, "precision": NaN, "recall": NaN, "average_precision": NaN, "Spearman_r": 0.5701241541535298, "Pearson_r": 0.6228243199901358, "R2": 0.38348554540788915, "MAE": 0.1826294230368849, "MSE": 0.06486869226011764, "poisson_deviance_explained": 0.3678847382000865}, "23": {"AUC": NaN, "kappa": NaN, "f1": NaN, "precision": NaN, "recall": NaN, "average_precision": NaN, "Spearman_r": 0.5904055044452734, "Pearson_r": 0.6326404088638639, "R2": 0.39248815339249277, "MAE": 0.20446628134836362, "MSE": 0.07574444568206394, "poisson_deviance_explained": 0.3644517204036233}, "24": {"AUC": NaN, "kappa": NaN, "f1": NaN, "precision": NaN, "recall": NaN, "average_precision": NaN, "Spearman_r": 0.5789112531684576, "Pearson_r": 0.6412087316336342, "R2": 0.4045314942827496, "MAE": 0.18306372905364843, "MSE": 0.06630471156829214, "poisson_deviance_explained": 0.3834962786201046}, "25": {"AUC": NaN, "kappa": NaN, "f1": NaN, "precision": NaN, "recall": NaN, "average_precision": NaN, "Spearman_r": 0.5706576273863285, "Pearson_r": 0.6211005593180065, "R2": 0.38219147538445564, "MAE": 0.19581588981698722, "MSE": 0.07214197459346089, "poisson_deviance_explained": 0.36577187248061394}, "26": {"AUC": NaN, "kappa": NaN, "f1": NaN, "precision": NaN, "recall": NaN, "average_precision": NaN, "Spearman_r": 0.5910741410346743, "Pearson_r": 0.641587694497366, "R2": 0.40500471796742654, "MAE": 0.20368442100221917, "MSE": 0.07859266949185352, "poisson_deviance_explained": 0.3883278601137251}, "27": {"AUC": NaN, "kappa": NaN, "f1": NaN, "precision": NaN, "recall": NaN, "average_precision": NaN,