{"1": {"AUC": NaN, "kappa": NaN, "f1": NaN, "precision": NaN, "recall": NaN, "average_precision": NaN, "Spearman_r": 0.5498546122147056, "Pearson_r": 0.6327055357010972, "R2": 0.3989906477781816, "MAE": 0.17083416730443393, "MSE": 0.06345460226081913, "poisson_deviance_explained": 0.38712394036072817}, "2": {"AUC": NaN, "kappa": NaN, "f1": NaN, "precision": NaN, "recall": NaN, "average_precision": NaN, "Spearman_r": 0.547362617966333, "Pearson_r": 0.662989612287151, "R2": 0.4385408067947998, "MAE": 0.14263706482262864, "MSE": 0.054424376790609394, "poisson_deviance_explained": 0.4372341281882469}, "3": {"AUC": NaN, "kappa": NaN, "f1": NaN, "precision": NaN, "recall": NaN, "average_precision": NaN, "Spearman_r": 0.5320912348477883, "Pearson_r": 0.6708148324269958, "R2": 0.4481770213367047, "MAE": 0.12466358978609564, "MSE": 0.04650044564786684, "poisson_deviance_explained": 0.4648024331655798}, "4": {"AUC": NaN, "kappa": NaN, "f1": NaN, "precision": NaN, "recall": NaN, "average_precision": NaN, "Spearman_r": 0.5652960455097847, "Pearson_r": 0.6852464564976557, "R2": 0.46635606169616994, "MAE": 0.1395146458808411, "MSE": 0.051407934053767444, "poisson_deviance_explained": 0.4666820009148418}, "5": {"AUC": NaN, "kappa": NaN, "f1": NaN, "precision": NaN, "recall": NaN, "average_precision": NaN, "Spearman_r": 0.6073360060057041, "Pearson_r": 0.6925431020054233, "R2": 0.4766285539934343, "MAE": 0.15707335754782958, "MSE": 0.05812330267378032, "poisson_deviance_explained": 0.4576598595636796}, "6": {"AUC": NaN, "kappa": NaN, "f1": NaN, "precision": NaN, "recall": NaN, "average_precision": NaN, "Spearman_r": 0.6233444793092133, "Pearson_r": 0.6966822195586097, "R2": 0.48255793101567646, "MAE": 0.15917434703191022, "MSE": 0.05883666875797156, "poisson_deviance_explained": 0.4597868657775507}, "7": {"AUC": NaN, "kappa": NaN, "f1": NaN, "precision": NaN, "recall": NaN, "average_precision": NaN, "Spearman_r": 0.6453459429363494, "Pearson_r": 0.6803070359866868, "R2": 0.4604835329242353, "MAE": 0.1879071835309208, "MSE": 0.06750626238779875, "poisson_deviance_explained": 0.4264725612090997}, "8": {"AUC": NaN, "kappa": NaN, "f1": NaN, "precision": NaN, "recall": NaN, "average_precision": NaN, "Spearman_r": 0.6453480207101087, "Pearson_r": 0.6792653697020736, "R2": 0.4583202745607292, "MAE": 0.18636579041600845, "MSE": 0.06485989819054146, "poisson_deviance_explained": 0.41896164799301316}, "9": {"AUC": NaN, "kappa": NaN, "f1": NaN, "precision": NaN, "recall": NaN, "average_precision": NaN, "Spearman_r": 0.630930151535126, "Pearson_r": 0.6621636599008814, "R2": 0.43559563998332684, "MAE": 0.19859803296720482, "MSE": 0.07050917810390445, "poisson_deviance_explained": 0.39206567672421144}, "10": {"AUC": NaN, "kappa": NaN, "f1": NaN, "precision": NaN, "recall": NaN, "average_precision": NaN, "Spearman_r": 0.6197032765932441, "Pearson_r": 0.6612741340320897, "R2": 0.43485121699385465, "MAE": 0.18886418661946264, "MSE": 0.06621475102950584, "poisson_deviance_explained": 0.39956039201441373}, "11": {"AUC": NaN, "kappa": NaN, "f1": NaN, "precision": NaN, "recall": NaN, "average_precision": NaN, "Spearman_r": 0.599920342425755, "Pearson_r": 0.6374932882314979, "R2": 0.40444437691117596, "MAE": 0.19364404828670898, "MSE": 0.06790473908476294, "poisson_deviance_explained": 0.3689892788865662}, "12": {"AUC": NaN, "kappa": NaN, "f1": NaN, "precision": NaN, "recall": NaN, "average_precision": NaN, "Spearman_r": 0.5601432864905006, "Pearson_r": 0.6084917557759978, "R2": 0.36825140875418616, "MAE": 0.18524898061036246, "MSE": 0.06398033423779358, "poisson_deviance_explained": 0.34872496339369086}, "13": {"AUC": NaN, "kappa": NaN, "f1": NaN, "precision": NaN, "recall": NaN, "average_precision": NaN, "Spearman_r": 0.49720665925999213, "Pearson_r": 0.5907501240956055, "R2": 0.34845545039362824, "MAE": 0.1506707393378529, "MSE": 0.053423311695734936, "poisson_deviance_explained": 0.34442955801155795}, "14": {"AUC": NaN, "kappa": NaN, "f1": NaN, "precision": NaN, "recall": NaN, "average_precision": NaN, "Spearman_r": 0.46550487032593824, "Pearson_r": 0.6047405855828232, "R2": 0.36491762359799984, "MAE": 0.12318299251524677, "MSE": 0.04269513545069663, "poisson_deviance_explained": 0.3696692923392009}, "15": {"AUC": NaN, "kappa": NaN, "f1": NaN, "precision": NaN, "recall": NaN, "average_precision": NaN, "Spearman_r": 0.47478000636178236, "Pearson_r": 0.6300668067899784, "R2": 0.3947840872065246, "MAE": 0.11336615279493745, "MSE": 0.03826685718008245, "poisson_deviance_explained": 0.4031580924861947}, "16": {"AUC": NaN, "kappa": NaN, "f1": NaN, "precision": NaN, "recall": NaN, "average_precision": NaN, "Spearman_r": 0.4845318103270432, "Pearson_r": 0.6144992929438216, "R2": 0.3765823008195177, "MAE": 0.12567787485580903, "MSE": 0.0433337094095582, "poisson_deviance_explained": 0.38640143400018523}, "17": {"AUC": NaN, "kappa": NaN, "f1": NaN, "precision": NaN, "recall": NaN, "average_precision": NaN, "Spearman_r": 0.5014903010124248, "Pearson_r": 0.6128791372021681, "R2": 0.3738357344118918, "MAE": 0.1329510750454463, "MSE": 0.04487607325915253, "poisson_deviance_explained": 0.38168626718083387}, "18": {"AUC": NaN, "kappa": NaN, "f1": NaN, "precision": NaN, "recall": NaN, "average_precision": NaN, "Spearman_r": 0.4942979506449907, "Pearson_r": 0.6063322499236223, "R2": 0.3672244453614797, "MAE": 0.12706281212624715, "MSE": 0.04408630396793803, "poisson_deviance_explained": 0.3826278223790137}, "19": {"AUC": NaN, "kappa": NaN, "f1": NaN, "precision": NaN, "recall": NaN, "average_precision": NaN, "Spearman_r": 0.5007124682828618, "Pearson_r": 0.6148362522429822, "R2": 0.37718201108701954, "MAE": 0.1348848853745825, "MSE": 0.04740272427329033, "poisson_deviance_explained": 0.3756404785861106}, "20": {"AUC": NaN, "kappa": NaN, "f1": NaN, "precision": NaN, "recall": NaN, "average_precision": NaN, "Spearman_r": 0.5317526763585746, "Pearson_r": 0.6079347402889006, "R2": 0.368793822572964, "MAE": 0.15518207987458896, "MSE": 0.05430136635839921, "poisson_deviance_explained": 0.3624510436480678}, "21": {"AUC": NaN, "kappa": NaN, "f1": NaN, "precision": NaN, "recall": NaN, "average_precision": NaN, "Spearman_r": 0.5364083273160944, "Pearson_r": 0.6374886598737182, "R2": 0.40571602553681374, "MAE": 0.14850868513892862, "MSE": 0.05252362138248446, "poisson_deviance_explained": 0.39943646108767195}, "22": {"AUC": NaN, "kappa": NaN, "f1": NaN, "precision": NaN, "recall": NaN, "average_precision": NaN, "Spearman_r": 0.5561568199808541, "Pearson_r": 0.6400076302339228, "R2": 0.4085257447236178, "MAE": 0.1517271248739944, "MSE": 0.053624101287815286, "poisson_deviance_explained": 0.4041622278919693}, "23": {"AUC": NaN, "kappa": NaN, "f1": NaN, "precision": NaN, "recall": NaN, "average_precision": NaN, "Spearman_r": 0.5703598358957848, "Pearson_r": 0.6432081669894424, "R2": 0.41293978475259585, "MAE": 0.16565145428937184, "MSE": 0.060855949842836474, "poisson_deviance_explained": 0.3971891622730971}, "24": {"AUC": NaN, "kappa": NaN, "f1": NaN, "precision": NaN, "recall": NaN, "average_precision": NaN, "Spearman_r": 0.5851045483844337, "Pearson_r": 0.668113424768702, "R2": 0.44480508574905275, "MAE": 0.16852506599166706, "MSE": 0.06282295039378401, "poisson_deviance_explained": 0.42670138953366676}, "25": {"AUC": NaN, "kappa": NaN, "f1": NaN, "precision": NaN, "recall": NaN, "average_precision": NaN, "Spearman_r": 0.5637770486999314, "Pearson_r": 0.6493473575706951, "R2": 0.42038127856310215, "MAE": 0.16801109336747408, "MSE": 0.06322320311533967, "poisson_deviance_explained": 0.4030213207939132}, "26": {"AUC": NaN, "kappa": NaN, "f1": NaN, "precision": NaN, "recall": NaN, "average_precision": NaN, "Spearman_r": 0.5714905900841423, "Pearson_r": 0.6533140389614159, "R2": 0.42488247670025947, "MAE": 0.16597817434236486, "MSE": 0.06170649828748023, "poisson_deviance_explained": 0.4142760923505977}, "27": {"AUC": NaN, "kappa": NaN, "f1": NaN, "precision": NaN, "recall": NaN, "average_precision": NaN,