{"1": {"AUC": NaN, "kappa": NaN, "f1": NaN, "precision": NaN, "recall": NaN, "average_precision": NaN, "Spearman_r": 0.5378191607923135, "Pearson_r": 0.6036714298445909, "R2": 0.36377288730984947, "MAE": 0.18953173859316294, "MSE": 0.07692245784976011, "poisson_deviance_explained": 0.3597726160519633}, "2": {"AUC": NaN, "kappa": NaN, "f1": NaN, "precision": NaN, "recall": NaN, "average_precision": NaN, "Spearman_r": 0.547101741722066, "Pearson_r": 0.642114889682783, "R2": 0.41140482827047475, "MAE": 0.1625904462606603, "MSE": 0.06646962782442936, "poisson_deviance_explained": 0.4141672009948293}, "3": {"AUC": NaN, "kappa": NaN, "f1": NaN, "precision": NaN, "recall": NaN, "average_precision": NaN, "Spearman_r": 0.5549477889076094, "Pearson_r": 0.6333052334209827, "R2": 0.39976201462026073, "MAE": 0.16438382364221, "MSE": 0.06294873193755554, "poisson_deviance_explained": 0.41217778732668464}, "4": {"AUC": NaN, "kappa": NaN, "f1": NaN, "precision": NaN, "recall": NaN, "average_precision": NaN, "Spearman_r": 0.5134583620461465, "Pearson_r": 0.6348233422881459, "R2": 0.40185024504156974, "MAE": 0.13545944429495896, "MSE": 0.05080629808824606, "poisson_deviance_explained": 0.4097911820181258}, "5": {"AUC": NaN, "kappa": NaN, "f1": NaN, "precision": NaN, "recall": NaN, "average_precision": NaN, "Spearman_r": 0.5764789956509245, "Pearson_r": 0.6423448567855261, "R2": 0.41117784687947334, "MAE": 0.1789189966556412, "MSE": 0.0689636537223988, "poisson_deviance_explained": 0.40337435404247035}, "6": {"AUC": NaN, "kappa": NaN, "f1": NaN, "precision": NaN, "recall": NaN, "average_precision": NaN, "Spearman_r": 0.5980354729599711, "Pearson_r": 0.6378203068603752, "R2": 0.4059351766751317, "MAE": 0.1904490851852185, "MSE": 0.07143572408036969, "poisson_deviance_explained": 0.38883155161158467}, "7": {"AUC": NaN, "kappa": NaN, "f1": NaN, "precision": NaN, "recall": NaN, "average_precision": NaN, "Spearman_r": 0.6178769054069975, "Pearson_r": 0.654508636634981, "R2": 0.42699816683450686, "MAE": 0.1928308851577216, "MSE": 0.0720763092468001, "poisson_deviance_explained": 0.405408585715585}, "8": {"AUC": NaN, "kappa": NaN, "f1": NaN, "precision": NaN, "recall": NaN, "average_precision": NaN, "Spearman_r": 0.6165926005559291, "Pearson_r": 0.6231564672258404, "R2": 0.3863725491672555, "MAE": 0.2190597876937587, "MSE": 0.07779199243514356, "poisson_deviance_explained": 0.3476359037746497}, "9": {"AUC": NaN, "kappa": NaN, "f1": NaN, "precision": NaN, "recall": NaN, "average_precision": NaN, "Spearman_r": 0.6039476526648994, "Pearson_r": 0.6106593559708319, "R2": 0.37101176079259557, "MAE": 0.22725309174516084, "MSE": 0.08061213504283392, "poisson_deviance_explained": 0.3249720423130429}, "10": {"AUC": NaN, "kappa": NaN, "f1": NaN, "precision": NaN, "recall": NaN, "average_precision": NaN, "Spearman_r": 0.5981089063787058, "Pearson_r": 0.6246344333657388, "R2": 0.38782403529075526, "MAE": 0.21273705420601435, "MSE": 0.07571162289815399, "poisson_deviance_explained": 0.33949237239183805}, "11": {"AUC": NaN, "kappa": NaN, "f1": NaN, "precision": NaN, "recall": NaN, "average_precision": NaN, "Spearman_r": 0.5379719681335321, "Pearson_r": 0.5627526836871358, "R2": 0.31550730881363465, "MAE": 0.22438566012525343, "MSE": 0.07933274032727321, "poisson_deviance_explained": 0.2809725423456907}, "12": {"AUC": NaN, "kappa": NaN, "f1": NaN, "precision": NaN, "recall": NaN, "average_precision": NaN, "Spearman_r": 0.5430124355450779, "Pearson_r": 0.595103508374989, "R2": 0.35376518571358473, "MAE": 0.1836798427304731, "MSE": 0.06568737688727658, "poisson_deviance_explained": 0.3345382559555009}, "13": {"AUC": NaN, "kappa": NaN, "f1": NaN, "precision": NaN, "recall": NaN, "average_precision": NaN, "Spearman_r": 0.4935689852617883, "Pearson_r": 0.5805330832940085, "R2": 0.3362459439698823, "MAE": 0.15879910532940641, "MSE": 0.05605422776372697, "poisson_deviance_explained": 0.33276741142499155}, "14": {"AUC": NaN, "kappa": NaN, "f1": NaN, "precision": NaN, "recall": NaN, "average_precision": NaN, "Spearman_r": 0.4463547028452275, "Pearson_r": 0.5516959871935456, "R2": 0.30389059777398186, "MAE": 0.13485403271187407, "MSE": 0.047066739324121316, "poisson_deviance_explained": 0.3152182578144608}, "15": {"AUC": NaN, "kappa": NaN, "f1": NaN, "precision": NaN, "recall": NaN, "average_precision": NaN, "Spearman_r": 0.44039695316118926, "Pearson_r": 0.5524730845700921, "R2": 0.3037450887984897, "MAE": 0.13600260315344628, "MSE": 0.047337143053085014, "poisson_deviance_explained": 0.3038355194742838}, "16": {"AUC": NaN, "kappa": NaN, "f1": NaN, "precision": NaN, "recall": NaN, "average_precision": NaN, "Spearman_r": 0.495651742357586, "Pearson_r": 0.583023775370884, "R2": 0.339339255644296, "MAE": 0.14571493064545024, "MSE": 0.050713062742777044, "poisson_deviance_explained": 0.33937883351879305}, "17": {"AUC": NaN, "kappa": NaN, "f1": NaN, "precision": NaN, "recall": NaN, "average_precision": NaN, "Spearman_r": 0.5070668830847523, "Pearson_r": 0.5992869711290413, "R2": 0.35853159321030637, "MAE": 0.14448701569392858, "MSE": 0.04982967078861768, "poisson_deviance_explained": 0.36185244705416164}, "18": {"AUC": NaN, "kappa": NaN, "f1": NaN, "precision": NaN, "recall": NaN, "average_precision": NaN, "Spearman_r": 0.5133684502638145, "Pearson_r": 0.5935166488262105, "R2": 0.3521006631547885, "MAE": 0.15724697567302404, "MSE": 0.055467995523048916, "poisson_deviance_explained": 0.3422281331789294}, "19": {"AUC": NaN, "kappa": NaN, "f1": NaN, "precision": NaN, "recall": NaN, "average_precision": NaN, "Spearman_r": 0.48895695646225745, "Pearson_r": 0.5770320318906057, "R2": 0.33177391971342507, "MAE": 0.1534582886036975, "MSE": 0.05383185303371734, "poisson_deviance_explained": 0.3208070807217911}, "20": {"AUC": NaN, "kappa": NaN, "f1": NaN, "precision": NaN, "recall": NaN, "average_precision": NaN, "Spearman_r": 0.49302326802074714, "Pearson_r": 0.5714512821757007, "R2": 0.3257414797384739, "MAE": 0.16278015876056615, "MSE": 0.058174165776413926, "poisson_deviance_explained": 0.31010093969805075}, "21": {"AUC": NaN, "kappa": NaN, "f1": NaN, "precision": NaN, "recall": NaN, "average_precision": NaN, "Spearman_r": 0.5423286373347151, "Pearson_r": 0.6048319173667459, "R2": 0.36544020714353775, "MAE": 0.1730357776879757, "MSE": 0.0618694032958623, "poisson_deviance_explained": 0.3431597714089867}, "22": {"AUC": NaN, "kappa": NaN, "f1": NaN, "precision": NaN, "recall": NaN, "average_precision": NaN, "Spearman_r": 0.5624625444058825, "Pearson_r": 0.6109514299838439, "R2": 0.37315425374496225, "MAE": 0.18465120889086192, "MSE": 0.06984151545881395, "poisson_deviance_explained": 0.35977599041624053}, "23": {"AUC": NaN, "kappa": NaN, "f1": NaN, "precision": NaN, "recall": NaN, "average_precision": NaN, "Spearman_r": 0.5853590067437305, "Pearson_r": 0.6286928657283017, "R2": 0.39487164451509627, "MAE": 0.18603631783221355, "MSE": 0.06958615148757744, "poisson_deviance_explained": 0.3830383682938403}, "24": {"AUC": NaN, "kappa": NaN, "f1": NaN, "precision": NaN, "recall": NaN, "average_precision": NaN, "Spearman_r": 0.5864944560606471, "Pearson_r": 0.6442837631356368, "R2": 0.41329784967570693, "MAE": 0.1781236712304686, "MSE": 0.06431574067089632, "poisson_deviance_explained": 0.39285931602779145}, "25": {"AUC": NaN, "kappa": NaN, "f1": NaN, "precision": NaN, "recall": NaN, "average_precision": NaN, "Spearman_r": 0.5481610419836601, "Pearson_r": 0.5972553127080709, "R2": 0.35627394526910394, "MAE": 0.20780292806361889, "MSE": 0.0814439764835881, "poisson_deviance_explained": 0.32831116198444}, "26": {"AUC": NaN, "kappa": NaN, "f1": NaN, "precision": NaN, "recall": NaN, "average_precision": NaN, "Spearman_r": 0.5512517084006817, "Pearson_r": 0.6088338600977485, "R2": 0.36969870074798616, "MAE": 0.1989017862140682, "MSE": 0.08021604205480465, "poisson_deviance_explained": 0.34618234736293085}, "27": {"AUC": NaN, "kappa": NaN, "f1": NaN, "precision": NaN, "recall": NaN, "average_precision": NaN,