{"1": {"AUC": NaN, "kappa": NaN, "f1": NaN, "precision": NaN, "recall": NaN, "average_precision": NaN, "Spearman_r": 0.5453064316719034, "Pearson_r": 0.6182266302805204, "R2": 0.37716695150702995, "MAE": 0.17509528048221615, "MSE": 0.06588352782247647, "poisson_deviance_explained": 0.3801454779840585}, "2": {"AUC": NaN, "kappa": NaN, "f1": NaN, "precision": NaN, "recall": NaN, "average_precision": NaN, "Spearman_r": 0.5572611285114084, "Pearson_r": 0.6484718641778995, "R2": 0.413215664778559, "MAE": 0.16227264626923105, "MSE": 0.06119160882174638, "poisson_deviance_explained": 0.417195812992466}, "3": {"AUC": NaN, "kappa": NaN, "f1": NaN, "precision": NaN, "recall": NaN, "average_precision": NaN, "Spearman_r": 0.5773233110067281, "Pearson_r": 0.6484854784794056, "R2": 0.41297661137055686, "MAE": 0.1827297775687203, "MSE": 0.06975050441592703, "poisson_deviance_explained": 0.4048826840644232}, "4": {"AUC": NaN, "kappa": NaN, "f1": NaN, "precision": NaN, "recall": NaN, "average_precision": NaN, "Spearman_r": 0.5622515683372894, "Pearson_r": 0.6449293267137017, "R2": 0.4116633617627756, "MAE": 0.17264481135810913, "MSE": 0.06472230750236782, "poisson_deviance_explained": 0.39855811760221216}, "5": {"AUC": NaN, "kappa": NaN, "f1": NaN, "precision": NaN, "recall": NaN, "average_precision": NaN, "Spearman_r": 0.6279062142278128, "Pearson_r": 0.6592185875972307, "R2": 0.42545190472670646, "MAE": 0.20816822222059184, "MSE": 0.07767639973087151, "poisson_deviance_explained": 0.4024230022910067}, "6": {"AUC": NaN, "kappa": NaN, "f1": NaN, "precision": NaN, "recall": NaN, "average_precision": NaN, "Spearman_r": 0.6108259117017248, "Pearson_r": 0.6757172610922226, "R2": 0.44744162338809834, "MAE": 0.1808631801249675, "MSE": 0.06572028839470569, "poisson_deviance_explained": 0.4272557466985717}, "7": {"AUC": NaN, "kappa": NaN, "f1": NaN, "precision": NaN, "recall": NaN, "average_precision": NaN, "Spearman_r": 0.6332194376307111, "Pearson_r": 0.6564063150283466, "R2": 0.420869186114298, "MAE": 0.2127853390476577, "MSE": 0.07841860124569236, "poisson_deviance_explained": 0.3993306297138767}, "8": {"AUC": NaN, "kappa": NaN, "f1": NaN, "precision": NaN, "recall": NaN, "average_precision": NaN, "Spearman_r": 0.6275053751306626, "Pearson_r": 0.6530300985522923, "R2": 0.4180732700175961, "MAE": 0.2184057918847387, "MSE": 0.07892371644838751, "poisson_deviance_explained": 0.3793245364262523}, "9": {"AUC": NaN, "kappa": NaN, "f1": NaN, "precision": NaN, "recall": NaN, "average_precision": NaN, "Spearman_r": 0.6134239627622738, "Pearson_r": 0.6412000329190516, "R2": 0.4046998786635846, "MAE": 0.2113323498222124, "MSE": 0.07566570783657774, "poisson_deviance_explained": 0.3736602858213085}, "10": {"AUC": NaN, "kappa": NaN, "f1": NaN, "precision": NaN, "recall": NaN, "average_precision": NaN, "Spearman_r": 0.6097576229175974, "Pearson_r": 0.6422168452209447, "R2": 0.407715806040407, "MAE": 0.2032672044155489, "MSE": 0.07131857580599517, "poisson_deviance_explained": 0.3732066463724908}, "11": {"AUC": NaN, "kappa": NaN, "f1": NaN, "precision": NaN, "recall": NaN, "average_precision": NaN, "Spearman_r": 0.5768544753393584, "Pearson_r": 0.6108863379754913, "R2": 0.3651612108309935, "MAE": 0.2115883902104976, "MSE": 0.07289908374229692, "poisson_deviance_explained": 0.33658384709931777}, "12": {"AUC": NaN, "kappa": NaN, "f1": NaN, "precision": NaN, "recall": NaN, "average_precision": NaN, "Spearman_r": 0.5558412763458479, "Pearson_r": 0.5978594869967474, "R2": 0.3520244109428945, "MAE": 0.19747205650217375, "MSE": 0.06798552896727682, "poisson_deviance_explained": 0.3371167797143274}, "13": {"AUC": NaN, "kappa": NaN, "f1": NaN, "precision": NaN, "recall": NaN, "average_precision": NaN, "Spearman_r": 0.49881257517309047, "Pearson_r": 0.5809047092440348, "R2": 0.32993602939943345, "MAE": 0.1591445881981852, "MSE": 0.05510029417925835, "poisson_deviance_explained": 0.33498140257103004}, "14": {"AUC": NaN, "kappa": NaN, "f1": NaN, "precision": NaN, "recall": NaN, "average_precision": NaN, "Spearman_r": 0.4664879800961177, "Pearson_r": 0.5968056768160717, "R2": 0.34855049914812697, "MAE": 0.13510040802388032, "MSE": 0.04579121899825054, "poisson_deviance_explained": 0.34897341998954723}, "15": {"AUC": NaN, "kappa": NaN, "f1": NaN, "precision": NaN, "recall": NaN, "average_precision": NaN, "Spearman_r": 0.4702604360996136, "Pearson_r": 0.5904470141177959, "R2": 0.3434594296248603, "MAE": 0.12993180005875563, "MSE": 0.043660040944301634, "poisson_deviance_explained": 0.3563513313978375}, "16": {"AUC": NaN, "kappa": NaN, "f1": NaN, "precision": NaN, "recall": NaN, "average_precision": NaN, "Spearman_r": 0.48753279159460855, "Pearson_r": 0.6010135458282331, "R2": 0.35156861149698004, "MAE": 0.13682369735496028, "MSE": 0.04579045607994008, "poisson_deviance_explained": 0.3650763665917689}, "17": {"AUC": NaN, "kappa": NaN, "f1": NaN, "precision": NaN, "recall": NaN, "average_precision": NaN, "Spearman_r": 0.5222975568393591, "Pearson_r": 0.6027652841505983, "R2": 0.353101266597711, "MAE": 0.15828113572349312, "MSE": 0.05310197188238326, "poisson_deviance_explained": 0.3569535721838102}, "18": {"AUC": NaN, "kappa": NaN, "f1": NaN, "precision": NaN, "recall": NaN, "average_precision": NaN, "Spearman_r": 0.5057099726514521, "Pearson_r": 0.5946032334686329, "R2": 0.34744789030126866, "MAE": 0.1511856733164986, "MSE": 0.050862994395190694, "poisson_deviance_explained": 0.3565816238883578}, "19": {"AUC": NaN, "kappa": NaN, "f1": NaN, "precision": NaN, "recall": NaN, "average_precision": NaN, "Spearman_r": 0.5079257004209625, "Pearson_r": 0.5991735381634636, "R2": 0.35125619020838106, "MAE": 0.1582140323957733, "MSE": 0.053353144195820816, "poisson_deviance_explained": 0.3466972545311062}, "20": {"AUC": NaN, "kappa": NaN, "f1": NaN, "precision": NaN, "recall": NaN, "average_precision": NaN, "Spearman_r": 0.5442913103237407, "Pearson_r": 0.6027373326328747, "R2": 0.35703150328514643, "MAE": 0.17711590622513954, "MSE": 0.06002309578458203, "poisson_deviance_explained": 0.35132340253436756}, "21": {"AUC": NaN, "kappa": NaN, "f1": NaN, "precision": NaN, "recall": NaN, "average_precision": NaN, "Spearman_r": 0.5498077961850794, "Pearson_r": 0.6186731024215125, "R2": 0.377504308315159, "MAE": 0.1680814485878923, "MSE": 0.06006532653003037, "poisson_deviance_explained": 0.3722208189148952}, "22": {"AUC": NaN, "kappa": NaN, "f1": NaN, "precision": NaN, "recall": NaN, "average_precision": NaN, "Spearman_r": 0.5779720563949743, "Pearson_r": 0.625800480395458, "R2": 0.3875634681593437, "MAE": 0.18975039252369139, "MSE": 0.06795931451799488, "poisson_deviance_explained": 0.36302764832461376}, "23": {"AUC": NaN, "kappa": NaN, "f1": NaN, "precision": NaN, "recall": NaN, "average_precision": NaN, "Spearman_r": 0.5962715375195198, "Pearson_r": 0.6447166324981656, "R2": 0.40872757270987015, "MAE": 0.19274366374723298, "MSE": 0.06925061830645766, "poisson_deviance_explained": 0.382640750709646}, "24": {"AUC": NaN, "kappa": NaN, "f1": NaN, "precision": NaN, "recall": NaN, "average_precision": NaN, "Spearman_r": 0.5617422751145048, "Pearson_r": 0.6187159631659718, "R2": 0.37797884474093435, "MAE": 0.19127734654632475, "MSE": 0.07055597097588642, "poisson_deviance_explained": 0.3644226838958653}, "25": {"AUC": NaN, "kappa": NaN, "f1": NaN, "precision": NaN, "recall": NaN, "average_precision": NaN, "Spearman_r": 0.5694323886499402, "Pearson_r": 0.6345491602050699, "R2": 0.3919970325436076, "MAE": 0.1942439286690979, "MSE": 0.07185449434334515, "poisson_deviance_explained": 0.37983141026023737}, "26": {"AUC": NaN, "kappa": NaN, "f1": NaN, "precision": NaN, "recall": NaN, "average_precision": NaN, "Spearman_r": 0.5682095312242004, "Pearson_r": 0.6397045900351738, "R2": 0.4007917173719694, "MAE": 0.19173856385996604, "MSE": 0.0734288976869644, "poisson_deviance_explained": 0.3908948903582167}, "27": {"AUC": NaN, "kappa": NaN, "f1": NaN, "precision": NaN, "recall": NaN, "average_precision": NaN,