{"1": {"AUC": NaN, "kappa": NaN, "f1": NaN, "precision": NaN, "recall": NaN, "average_precision": NaN, "Spearman_r": 0.5058651941220322, "Pearson_r": 0.5980577362816585, "R2": 0.3515464227926335, "MAE": 0.17431993095316717, "MSE": 0.07106135708819428, "poisson_deviance_explained": 0.3618802784099512}, "2": {"AUC": NaN, "kappa": NaN, "f1": NaN, "precision": NaN, "recall": NaN, "average_precision": NaN, "Spearman_r": 0.5358269542578119, "Pearson_r": 0.6296832623179363, "R2": 0.3900627429020903, "MAE": 0.1657451876788861, "MSE": 0.0637520751602472, "poisson_deviance_explained": 0.4033299396719884}, "3": {"AUC": NaN, "kappa": NaN, "f1": NaN, "precision": NaN, "recall": NaN, "average_precision": NaN, "Spearman_r": 0.5432027555393457, "Pearson_r": 0.626747603049858, "R2": 0.38711967013720683, "MAE": 0.16495660984815808, "MSE": 0.06279297913410326, "poisson_deviance_explained": 0.40404671959900507}, "4": {"AUC": NaN, "kappa": NaN, "f1": NaN, "precision": NaN, "recall": NaN, "average_precision": NaN, "Spearman_r": 0.47042020230753695, "Pearson_r": 0.6025816256444549, "R2": 0.3600753009172878, "MAE": 0.12732458135242128, "MSE": 0.04640993212713922, "poisson_deviance_explained": 0.3772930488306576}, "5": {"AUC": NaN, "kappa": NaN, "f1": NaN, "precision": NaN, "recall": NaN, "average_precision": NaN, "Spearman_r": 0.5855460291192611, "Pearson_r": 0.6426660714039808, "R2": 0.40271225643440745, "MAE": 0.19588939892701615, "MSE": 0.0742620896907122, "poisson_deviance_explained": 0.39516314995774615}, "6": {"AUC": NaN, "kappa": NaN, "f1": NaN, "precision": NaN, "recall": NaN, "average_precision": NaN, "Spearman_r": 0.6049362052532758, "Pearson_r": 0.6250711079147233, "R2": 0.38194129559818446, "MAE": 0.22456862497514152, "MSE": 0.08438840492528132, "poisson_deviance_explained": 0.3598893309994715}, "7": {"AUC": NaN, "kappa": NaN, "f1": NaN, "precision": NaN, "recall": NaN, "average_precision": NaN, "Spearman_r": 0.6178810069482041, "Pearson_r": 0.6438878992624645, "R2": 0.4069132284448884, "MAE": 0.21285629418766436, "MSE": 0.07790911776600078, "poisson_deviance_explained": 0.3911436508794204}, "8": {"AUC": NaN, "kappa": NaN, "f1": NaN, "precision": NaN, "recall": NaN, "average_precision": NaN, "Spearman_r": 0.5956457989812963, "Pearson_r": 0.6033178829738826, "R2": 0.3551367224903663, "MAE": 0.2506070913843602, "MSE": 0.09125801892614463, "poisson_deviance_explained": 0.3162732661151212}, "9": {"AUC": NaN, "kappa": NaN, "f1": NaN, "precision": NaN, "recall": NaN, "average_precision": NaN, "Spearman_r": 0.5963220832783273, "Pearson_r": 0.6080358117039519, "R2": 0.3642724638694278, "MAE": 0.2309829005552041, "MSE": 0.08233210112007301, "poisson_deviance_explained": 0.32890555262140586}, "10": {"AUC": NaN, "kappa": NaN, "f1": NaN, "precision": NaN, "recall": NaN, "average_precision": NaN, "Spearman_r": 0.5814519912962162, "Pearson_r": 0.6020930747025486, "R2": 0.35710149628357224, "MAE": 0.22195374299793472, "MSE": 0.07742066627717299, "poisson_deviance_explained": 0.3243868575833544}, "11": {"AUC": NaN, "kappa": NaN, "f1": NaN, "precision": NaN, "recall": NaN, "average_precision": NaN, "Spearman_r": 0.5539524064854852, "Pearson_r": 0.5877671634953382, "R2": 0.3409251927422311, "MAE": 0.21976859173530547, "MSE": 0.07723500288987308, "poisson_deviance_explained": 0.30983225162453887}, "12": {"AUC": NaN, "kappa": NaN, "f1": NaN, "precision": NaN, "recall": NaN, "average_precision": NaN, "Spearman_r": 0.532787242028286, "Pearson_r": 0.5792707526695551, "R2": 0.33064283747355394, "MAE": 0.2018902460710594, "MSE": 0.07059038472726556, "poisson_deviance_explained": 0.3066022026677959}, "13": {"AUC": NaN, "kappa": NaN, "f1": NaN, "precision": NaN, "recall": NaN, "average_precision": NaN, "Spearman_r": 0.49342066214358266, "Pearson_r": 0.5794644129793227, "R2": 0.3325460231764342, "MAE": 0.15945376086505378, "MSE": 0.056293078193760046, "poisson_deviance_explained": 0.32860195245781776}, "14": {"AUC": NaN, "kappa": NaN, "f1": NaN, "precision": NaN, "recall": NaN, "average_precision": NaN, "Spearman_r": 0.4573850481665998, "Pearson_r": 0.5833701951793738, "R2": 0.33398713280098424, "MAE": 0.13028253304176002, "MSE": 0.04421370365362812, "poisson_deviance_explained": 0.3460302534874461}, "15": {"AUC": NaN, "kappa": NaN, "f1": NaN, "precision": NaN, "recall": NaN, "average_precision": NaN, "Spearman_r": 0.45390534180636444, "Pearson_r": 0.5606716179311465, "R2": 0.31115436126316254, "MAE": 0.13317227997579079, "MSE": 0.045050792584405405, "poisson_deviance_explained": 0.31968944262624255}, "16": {"AUC": NaN, "kappa": NaN, "f1": NaN, "precision": NaN, "recall": NaN, "average_precision": NaN, "Spearman_r": 0.47937489007442574, "Pearson_r": 0.580131449062556, "R2": 0.33067287534452816, "MAE": 0.1439143758873314, "MSE": 0.04837710486799611, "poisson_deviance_explained": 0.33374105432486556}, "17": {"AUC": NaN, "kappa": NaN, "f1": NaN, "precision": NaN, "recall": NaN, "average_precision": NaN, "Spearman_r": 0.49942640099360386, "Pearson_r": 0.5934859433836998, "R2": 0.34619953884065746, "MAE": 0.1503619436908388, "MSE": 0.05043574194450806, "poisson_deviance_explained": 0.3585712489212364}, "18": {"AUC": NaN, "kappa": NaN, "f1": NaN, "precision": NaN, "recall": NaN, "average_precision": NaN, "Spearman_r": 0.4901194739281705, "Pearson_r": 0.5849928076346683, "R2": 0.33958077010015786, "MAE": 0.1493552914825497, "MSE": 0.04994918077097335, "poisson_deviance_explained": 0.3390924369767724}, "19": {"AUC": NaN, "kappa": NaN, "f1": NaN, "precision": NaN, "recall": NaN, "average_precision": NaN, "Spearman_r": 0.49184655505697916, "Pearson_r": 0.5806855604933445, "R2": 0.3346394782871096, "MAE": 0.15689424430217377, "MSE": 0.05285539721389472, "poisson_deviance_explained": 0.3378896839272143}, "20": {"AUC": NaN, "kappa": NaN, "f1": NaN, "precision": NaN, "recall": NaN, "average_precision": NaN, "Spearman_r": 0.5062991740877538, "Pearson_r": 0.5896681751008528, "R2": 0.3456849939413412, "MAE": 0.16975125707639843, "MSE": 0.05957908601113122, "poisson_deviance_explained": 0.3289950841559205}, "21": {"AUC": NaN, "kappa": NaN, "f1": NaN, "precision": NaN, "recall": NaN, "average_precision": NaN, "Spearman_r": 0.5306868587612112, "Pearson_r": 0.5854218003087501, "R2": 0.33938113475766174, "MAE": 0.18427061936162756, "MSE": 0.06435151110017479, "poisson_deviance_explained": 0.3287148285040583}, "22": {"AUC": NaN, "kappa": NaN, "f1": NaN, "precision": NaN, "recall": NaN, "average_precision": NaN, "Spearman_r": 0.5420939565012786, "Pearson_r": 0.5962525046209257, "R2": 0.35215095047323963, "MAE": 0.19984385228499957, "MSE": 0.07315771362950797, "poisson_deviance_explained": 0.33942273923138544}, "23": {"AUC": NaN, "kappa": NaN, "f1": NaN, "precision": NaN, "recall": NaN, "average_precision": NaN, "Spearman_r": 0.5443059109225998, "Pearson_r": 0.5929363944503295, "R2": 0.348110286329415, "MAE": 0.1946681281200824, "MSE": 0.07104602205196266, "poisson_deviance_explained": 0.3432026517593435}, "24": {"AUC": NaN, "kappa": NaN, "f1": NaN, "precision": NaN, "recall": NaN, "average_precision": NaN, "Spearman_r": 0.5782383323856267, "Pearson_r": 0.6213965819221815, "R2": 0.3803300004120669, "MAE": 0.20794335267328054, "MSE": 0.07788527485796991, "poisson_deviance_explained": 0.35663329097128127}, "25": {"AUC": NaN, "kappa": NaN, "f1": NaN, "precision": NaN, "recall": NaN, "average_precision": NaN, "Spearman_r": 0.5350929346149432, "Pearson_r": 0.5936187435193685, "R2": 0.34799489424120056, "MAE": 0.19673654213276714, "MSE": 0.07471999718634685, "poisson_deviance_explained": 0.34125608716635725}, "26": {"AUC": NaN, "kappa": NaN, "f1": NaN, "precision": NaN, "recall": NaN, "average_precision": NaN, "Spearman_r": 0.5509308479020998, "Pearson_r": 0.6074824799946699, "R2": 0.364193223686027, "MAE": 0.1877797346993179, "MSE": 0.07356549079945601, "poisson_deviance_explained": 0.37622950930953336}, "27": {"AUC": NaN, "kappa": NaN, "f1": NaN, "precision": NaN, "recall": NaN, "average_precision": NaN,