{"1": {"AUC": NaN, "kappa": NaN, "f1": NaN, "precision": NaN, "recall": NaN, "average_precision": NaN, "Spearman_r": 0.5414966090573263, "Pearson_r": 0.6354481169674241, "R2": 0.4020263642931472, "MAE": 0.1616680641731115, "MSE": 0.06298588297817487, "poisson_deviance_explained": 0.3919770723066427}, "2": {"AUC": NaN, "kappa": NaN, "f1": NaN, "precision": NaN, "recall": NaN, "average_precision": NaN, "Spearman_r": 0.5831986422841198, "Pearson_r": 0.6700652397844096, "R2": 0.44695809184212687, "MAE": 0.1660371280074989, "MSE": 0.06322597232826817, "poisson_deviance_explained": 0.4287385306111029}, "3": {"AUC": NaN, "kappa": NaN, "f1": NaN, "precision": NaN, "recall": NaN, "average_precision": NaN, "Spearman_r": 0.5930720620405033, "Pearson_r": 0.6777470065731627, "R2": 0.45667675448210265, "MAE": 0.1634556454996666, "MSE": 0.06314671470848246, "poisson_deviance_explained": 0.44901675723855283}, "4": {"AUC": NaN, "kappa": NaN, "f1": NaN, "precision": NaN, "recall": NaN, "average_precision": NaN, "Spearman_r": 0.5774643746992217, "Pearson_r": 0.6584290319148145, "R2": 0.4315273491587287, "MAE": 0.16835029911643873, "MSE": 0.06357146606686581, "poisson_deviance_explained": 0.4179946537987763}, "5": {"AUC": NaN, "kappa": NaN, "f1": NaN, "precision": NaN, "recall": NaN, "average_precision": NaN, "Spearman_r": 0.6413429997491831, "Pearson_r": 0.6694930271698969, "R2": 0.4442609810356247, "MAE": 0.2022724509958989, "MSE": 0.07490304319593373, "poisson_deviance_explained": 0.41184665701481693}, "6": {"AUC": NaN, "kappa": NaN, "f1": NaN, "precision": NaN, "recall": NaN, "average_precision": NaN, "Spearman_r": 0.6295829525542299, "Pearson_r": 0.6830724618059003, "R2": 0.4637066270125846, "MAE": 0.17708266561630728, "MSE": 0.0660956567297114, "poisson_deviance_explained": 0.4344786184275181}, "7": {"AUC": NaN, "kappa": NaN, "f1": NaN, "precision": NaN, "recall": NaN, "average_precision": NaN, "Spearman_r": 0.6450859286589626, "Pearson_r": 0.6647281085701606, "R2": 0.4388734399518611, "MAE": 0.2067252399250451, "MSE": 0.07663045938125422, "poisson_deviance_explained": 0.40297216283147375}, "8": {"AUC": NaN, "kappa": NaN, "f1": NaN, "precision": NaN, "recall": NaN, "average_precision": NaN, "Spearman_r": 0.6487180335607783, "Pearson_r": 0.6780948667291004, "R2": 0.4571431091952902, "MAE": 0.1943294519470938, "MSE": 0.06912889427284016, "poisson_deviance_explained": 0.41375265050634213}, "9": {"AUC": NaN, "kappa": NaN, "f1": NaN, "precision": NaN, "recall": NaN, "average_precision": NaN, "Spearman_r": 0.6464805516607804, "Pearson_r": 0.6635300819237047, "R2": 0.4370533838004328, "MAE": 0.21101223560669155, "MSE": 0.07521576260578564, "poisson_deviance_explained": 0.3822457709068502}, "10": {"AUC": NaN, "kappa": NaN, "f1": NaN, "precision": NaN, "recall": NaN, "average_precision": NaN, "Spearman_r": 0.620160311442933, "Pearson_r": 0.6429857097606796, "R2": 0.4111434804864734, "MAE": 0.20560139476605932, "MSE": 0.07193680695363373, "poisson_deviance_explained": 0.3697825936208494}, "11": {"AUC": NaN, "kappa": NaN, "f1": NaN, "precision": NaN, "recall": NaN, "average_precision": NaN, "Spearman_r": 0.5965066374192992, "Pearson_r": 0.626536662648467, "R2": 0.3883662158096428, "MAE": 0.20367410907439684, "MSE": 0.0710052013184503, "poisson_deviance_explained": 0.354369043002435}, "12": {"AUC": NaN, "kappa": NaN, "f1": NaN, "precision": NaN, "recall": NaN, "average_precision": NaN, "Spearman_r": 0.5680927417685953, "Pearson_r": 0.6234050104057515, "R2": 0.3871712064688304, "MAE": 0.1862409975246327, "MSE": 0.0654305259142633, "poisson_deviance_explained": 0.3626506514936517}, "13": {"AUC": NaN, "kappa": NaN, "f1": NaN, "precision": NaN, "recall": NaN, "average_precision": NaN, "Spearman_r": 0.4915694867549955, "Pearson_r": 0.5858573029402012, "R2": 0.34178622690269067, "MAE": 0.14846224722097662, "MSE": 0.051199762577874335, "poisson_deviance_explained": 0.34390379270788085}, "14": {"AUC": NaN, "kappa": NaN, "f1": NaN, "precision": NaN, "recall": NaN, "average_precision": NaN, "Spearman_r": 0.439226398965437, "Pearson_r": 0.5783593882584243, "R2": 0.3337595386195509, "MAE": 0.12094114377071981, "MSE": 0.042289588247331804, "poisson_deviance_explained": 0.33949605010069495}, "15": {"AUC": NaN, "kappa": NaN, "f1": NaN, "precision": NaN, "recall": NaN, "average_precision": NaN, "Spearman_r": 0.46224624812370063, "Pearson_r": 0.5969009086261932, "R2": 0.35524475839159364, "MAE": 0.1229268688444026, "MSE": 0.04219971910696879, "poisson_deviance_explained": 0.36259370328493634}, "16": {"AUC": NaN, "kappa": NaN, "f1": NaN, "precision": NaN, "recall": NaN, "average_precision": NaN, "Spearman_r": 0.48886465657894534, "Pearson_r": 0.6149929461872254, "R2": 0.37591146874799797, "MAE": 0.13217153646319535, "MSE": 0.04433075319586592, "poisson_deviance_explained": 0.3806806926407258}, "17": {"AUC": NaN, "kappa": NaN, "f1": NaN, "precision": NaN, "recall": NaN, "average_precision": NaN, "Spearman_r": 0.5013083200087669, "Pearson_r": 0.6042399068138896, "R2": 0.3645850027998978, "MAE": 0.13871522314996654, "MSE": 0.048188210035684784, "poisson_deviance_explained": 0.370140833444369}, "18": {"AUC": NaN, "kappa": NaN, "f1": NaN, "precision": NaN, "recall": NaN, "average_precision": NaN, "Spearman_r": 0.5267306026489306, "Pearson_r": 0.6169983534158048, "R2": 0.37968326457262325, "MAE": 0.15403751159733411, "MSE": 0.053067935172345086, "poisson_deviance_explained": 0.3661298464188568}, "19": {"AUC": NaN, "kappa": NaN, "f1": NaN, "precision": NaN, "recall": NaN, "average_precision": NaN, "Spearman_r": 0.4940804346555683, "Pearson_r": 0.5964279665633005, "R2": 0.3554366767030468, "MAE": 0.1459657621665481, "MSE": 0.0513780255487259, "poisson_deviance_explained": 0.34061173287964563}, "20": {"AUC": NaN, "kappa": NaN, "f1": NaN, "precision": NaN, "recall": NaN, "average_precision": NaN, "Spearman_r": 0.5473836837594885, "Pearson_r": 0.6153433763253693, "R2": 0.3783665483692974, "MAE": 0.16170390962339362, "MSE": 0.057641771718527024, "poisson_deviance_explained": 0.3651604215024745}, "21": {"AUC": NaN, "kappa": NaN, "f1": NaN, "precision": NaN, "recall": NaN, "average_precision": NaN, "Spearman_r": 0.528528377312526, "Pearson_r": 0.6088349231939476, "R2": 0.36975541669289214, "MAE": 0.16049767681357516, "MSE": 0.057653068133112606, "poisson_deviance_explained": 0.3613054293180513}, "22": {"AUC": NaN, "kappa": NaN, "f1": NaN, "precision": NaN, "recall": NaN, "average_precision": NaN, "Spearman_r": 0.5648988704668252, "Pearson_r": 0.6286740497955409, "R2": 0.3945496868990822, "MAE": 0.17448153125282184, "MSE": 0.063174407858269, "poisson_deviance_explained": 0.36986810862484176}, "23": {"AUC": NaN, "kappa": NaN, "f1": NaN, "precision": NaN, "recall": NaN, "average_precision": NaN, "Spearman_r": 0.5751681278554825, "Pearson_r": 0.6450402977087991, "R2": 0.41570321935441956, "MAE": 0.17317933298708588, "MSE": 0.06590369297486673, "poisson_deviance_explained": 0.3917802999786886}, "24": {"AUC": NaN, "kappa": NaN, "f1": NaN, "precision": NaN, "recall": NaN, "average_precision": NaN, "Spearman_r": 0.6007056901350661, "Pearson_r": 0.6649109599120827, "R2": 0.44055658718016855, "MAE": 0.18208254005802427, "MSE": 0.06876647499813553, "poisson_deviance_explained": 0.41407043121862963}, "25": {"AUC": NaN, "kappa": NaN, "f1": NaN, "precision": NaN, "recall": NaN, "average_precision": NaN, "Spearman_r": 0.5798053412254903, "Pearson_r": 0.654027752366634, "R2": 0.42579750094546676, "MAE": 0.18026479898402314, "MSE": 0.06879278634488269, "poisson_deviance_explained": 0.3985341503194956}, "26": {"AUC": NaN, "kappa": NaN, "f1": NaN, "precision": NaN, "recall": NaN, "average_precision": NaN, "Spearman_r": 0.5829249814392505, "Pearson_r": 0.6582712025501415, "R2": 0.4312048668804369, "MAE": 0.18039145072070534, "MSE": 0.06899149874593855, "poisson_deviance_explained": 0.4061230135545242}, "27": {"AUC": NaN, "kappa": NaN, "f1": NaN, "precision": NaN, "recall": NaN, "average_precision": NaN,