{"1": {"AUC": NaN, "kappa": NaN, "f1": NaN, "precision": NaN, "recall": NaN, "average_precision": NaN, "Spearman_r": 0.544815283552385, "Pearson_r": 0.6018457767300232, "R2": 0.3578941210264476, "MAE": 0.18461232450857956, "MSE": 0.07013477230903763, "poisson_deviance_explained": 0.36529794468955545}, "2": {"AUC": NaN, "kappa": NaN, "f1": NaN, "precision": NaN, "recall": NaN, "average_precision": NaN, "Spearman_r": 0.5325227429743822, "Pearson_r": 0.6247451566401889, "R2": 0.3851369388024478, "MAE": 0.15553588028235948, "MSE": 0.0569290017788073, "poisson_deviance_explained": 0.39715413884433404}, "3": {"AUC": NaN, "kappa": NaN, "f1": NaN, "precision": NaN, "recall": NaN, "average_precision": NaN, "Spearman_r": 0.589460490317222, "Pearson_r": 0.6738653133762016, "R2": 0.4438340435669592, "MAE": 0.16755676893647817, "MSE": 0.0633482751634054, "poisson_deviance_explained": 0.4416676621657477}, "4": {"AUC": NaN, "kappa": NaN, "f1": NaN, "precision": NaN, "recall": NaN, "average_precision": NaN, "Spearman_r": 0.5337360739421779, "Pearson_r": 0.6398015296616947, "R2": 0.4034097575116413, "MAE": 0.15090390625872213, "MSE": 0.05382886689201547, "poisson_deviance_explained": 0.40465701074137694}, "5": {"AUC": NaN, "kappa": NaN, "f1": NaN, "precision": NaN, "recall": NaN, "average_precision": NaN, "Spearman_r": 0.6077347111193002, "Pearson_r": 0.669322402498313, "R2": 0.43852122610717104, "MAE": 0.17792716988722876, "MSE": 0.06310436302389742, "poisson_deviance_explained": 0.4283537399790317}, "6": {"AUC": NaN, "kappa": NaN, "f1": NaN, "precision": NaN, "recall": NaN, "average_precision": NaN, "Spearman_r": 0.6279286679730701, "Pearson_r": 0.6697606617780352, "R2": 0.4395901016630662, "MAE": 0.19229763727779317, "MSE": 0.0693813162197853, "poisson_deviance_explained": 0.42713613951340246}, "7": {"AUC": NaN, "kappa": NaN, "f1": NaN, "precision": NaN, "recall": NaN, "average_precision": NaN, "Spearman_r": 0.6257665046077009, "Pearson_r": 0.670276034192723, "R2": 0.44109202240831324, "MAE": 0.1906884823693084, "MSE": 0.06714768138013653, "poisson_deviance_explained": 0.41246455723255604}, "8": {"AUC": NaN, "kappa": NaN, "f1": NaN, "precision": NaN, "recall": NaN, "average_precision": NaN, "Spearman_r": 0.6293881585524937, "Pearson_r": 0.6657162466762918, "R2": 0.4345118475869497, "MAE": 0.19092466484413656, "MSE": 0.06542087658689824, "poisson_deviance_explained": 0.40665175100050044}, "9": {"AUC": NaN, "kappa": NaN, "f1": NaN, "precision": NaN, "recall": NaN, "average_precision": NaN, "Spearman_r": 0.62807439983954, "Pearson_r": 0.6629683042838425, "R2": 0.4303757053313597, "MAE": 0.1973886714795292, "MSE": 0.06935321068884637, "poisson_deviance_explained": 0.4001088195911172}, "10": {"AUC": NaN, "kappa": NaN, "f1": NaN, "precision": NaN, "recall": NaN, "average_precision": NaN, "Spearman_r": 0.6213149822320522, "Pearson_r": 0.642010538001085, "R2": 0.40472833540858577, "MAE": 0.21545204165342263, "MSE": 0.07514078297434172, "poisson_deviance_explained": 0.36214074082362424}, "11": {"AUC": NaN, "kappa": NaN, "f1": NaN, "precision": NaN, "recall": NaN, "average_precision": NaN, "Spearman_r": 0.5887100159883298, "Pearson_r": 0.6217175086038165, "R2": 0.3813887267397237, "MAE": 0.2040359413130758, "MSE": 0.07148795791489931, "poisson_deviance_explained": 0.35304098107930937}, "12": {"AUC": NaN, "kappa": NaN, "f1": NaN, "precision": NaN, "recall": NaN, "average_precision": NaN, "Spearman_r": 0.5544196750591147, "Pearson_r": 0.6042221953008794, "R2": 0.3586527389858055, "MAE": 0.19090055703128625, "MSE": 0.06549593817914212, "poisson_deviance_explained": 0.3442248913679745}, "13": {"AUC": NaN, "kappa": NaN, "f1": NaN, "precision": NaN, "recall": NaN, "average_precision": NaN, "Spearman_r": 0.5117194034950375, "Pearson_r": 0.5945450597833642, "R2": 0.3429529716400981, "MAE": 0.158031880896225, "MSE": 0.053089924960576684, "poisson_deviance_explained": 0.34857964146650655}, "14": {"AUC": NaN, "kappa": NaN, "f1": NaN, "precision": NaN, "recall": NaN, "average_precision": NaN, "Spearman_r": 0.46300685344117853, "Pearson_r": 0.5976388696920399, "R2": 0.34801376870142764, "MAE": 0.12255614024048839, "MSE": 0.041053826041736304, "poisson_deviance_explained": 0.3606833860281242}, "15": {"AUC": NaN, "kappa": NaN, "f1": NaN, "precision": NaN, "recall": NaN, "average_precision": NaN, "Spearman_r": 0.45125014913855166, "Pearson_r": 0.5805498932008732, "R2": 0.32972752034576447, "MAE": 0.11936011708486768, "MSE": 0.03971890146719988, "poisson_deviance_explained": 0.34793456841668147}, "16": {"AUC": NaN, "kappa": NaN, "f1": NaN, "precision": NaN, "recall": NaN, "average_precision": NaN, "Spearman_r": 0.47981489200653415, "Pearson_r": 0.6037367062152678, "R2": 0.3503298784779204, "MAE": 0.1313648923761161, "MSE": 0.04289115625579855, "poisson_deviance_explained": 0.36763253988317657}, "17": {"AUC": NaN, "kappa": NaN, "f1": NaN, "precision": NaN, "recall": NaN, "average_precision": NaN, "Spearman_r": 0.4974557920865005, "Pearson_r": 0.6027927648516883, "R2": 0.3535500476182736, "MAE": 0.14403766064958035, "MSE": 0.04763662645849675, "poisson_deviance_explained": 0.3659399982818836}, "18": {"AUC": NaN, "kappa": NaN, "f1": NaN, "precision": NaN, "recall": NaN, "average_precision": NaN, "Spearman_r": 0.5224445519131945, "Pearson_r": 0.6201990586760459, "R2": 0.37409128540675796, "MAE": 0.15064489863076663, "MSE": 0.049842700263407556, "poisson_deviance_explained": 0.37893701612712016}, "19": {"AUC": NaN, "kappa": NaN, "f1": NaN, "precision": NaN, "recall": NaN, "average_precision": NaN, "Spearman_r": 0.506303703375323, "Pearson_r": 0.6064562644601387, "R2": 0.36026808598266624, "MAE": 0.14871025408641475, "MSE": 0.04951328803721286, "poisson_deviance_explained": 0.36275797282260824}, "20": {"AUC": NaN, "kappa": NaN, "f1": NaN, "precision": NaN, "recall": NaN, "average_precision": NaN, "Spearman_r": 0.5055729174415495, "Pearson_r": 0.5958977840617173, "R2": 0.34674233311809677, "MAE": 0.15346404449745393, "MSE": 0.0522217949093838, "poisson_deviance_explained": 0.3541924457993705}, "21": {"AUC": NaN, "kappa": NaN, "f1": NaN, "precision": NaN, "recall": NaN, "average_precision": NaN, "Spearman_r": 0.545331409191361, "Pearson_r": 0.6070526439805422, "R2": 0.36207570497362584, "MAE": 0.1744570723822075, "MSE": 0.060766635118616755, "poisson_deviance_explained": 0.3575004399045215}, "22": {"AUC": NaN, "kappa": NaN, "f1": NaN, "precision": NaN, "recall": NaN, "average_precision": NaN, "Spearman_r": 0.5609666657287999, "Pearson_r": 0.6154533604742511, "R2": 0.37095888386704357, "MAE": 0.186983044972376, "MSE": 0.06621189245364328, "poisson_deviance_explained": 0.3587121235735492}, "23": {"AUC": NaN, "kappa": NaN, "f1": NaN, "precision": NaN, "recall": NaN, "average_precision": NaN, "Spearman_r": 0.5613822976797057, "Pearson_r": 0.6216751746509319, "R2": 0.37756191811081685, "MAE": 0.18711963707638543, "MSE": 0.06850724412643433, "poisson_deviance_explained": 0.3691890910872557}, "24": {"AUC": NaN, "kappa": NaN, "f1": NaN, "precision": NaN, "recall": NaN, "average_precision": NaN, "Spearman_r": 0.5668022966194266, "Pearson_r": 0.6328762477942806, "R2": 0.3900350581401544, "MAE": 0.18807522468582735, "MSE": 0.06877632577356245, "poisson_deviance_explained": 0.3802713288748526}, "25": {"AUC": NaN, "kappa": NaN, "f1": NaN, "precision": NaN, "recall": NaN, "average_precision": NaN, "Spearman_r": 0.5522084755084053, "Pearson_r": 0.632368355075653, "R2": 0.39331909793789177, "MAE": 0.17681957879666788, "MSE": 0.06445777207009126, "poisson_deviance_explained": 0.38737872429413267}, "26": {"AUC": NaN, "kappa": NaN, "f1": NaN, "precision": NaN, "recall": NaN, "average_precision": NaN, "Spearman_r": 0.5566154113587785, "Pearson_r": 0.6372522024911762, "R2": 0.39701406076026524, "MAE": 0.1793549033469919, "MSE": 0.06785456849218902, "poisson_deviance_explained": 0.39301610585190283}, "27": {"AUC": NaN, "kappa": NaN, "f1": NaN, "precision": NaN, "recall": NaN, "average_precision": NaN,