{"1": {"AUC": NaN, "kappa": NaN, "f1": NaN, "precision": NaN, "recall": NaN, "average_precision": NaN, "Spearman_r": 0.5419198437782446, "Pearson_r": 0.5980237616439242, "R2": 0.35232388810667425, "MAE": 0.19407846967498932, "MSE": 0.07716516881441543, "poisson_deviance_explained": 0.3469333511862609}, "2": {"AUC": NaN, "kappa": NaN, "f1": NaN, "precision": NaN, "recall": NaN, "average_precision": NaN, "Spearman_r": 0.5439021881719125, "Pearson_r": 0.6244082629330563, "R2": 0.3846854064922671, "MAE": 0.16983531281813993, "MSE": 0.06775063545684369, "poisson_deviance_explained": 0.39281487586270214}, "3": {"AUC": NaN, "kappa": NaN, "f1": NaN, "precision": NaN, "recall": NaN, "average_precision": NaN, "Spearman_r": 0.5593143652941288, "Pearson_r": 0.5971340437370674, "R2": 0.3527841845389743, "MAE": 0.2041272850261775, "MSE": 0.07810759818732467, "poisson_deviance_explained": 0.3416217259198282}, "4": {"AUC": NaN, "kappa": NaN, "f1": NaN, "precision": NaN, "recall": NaN, "average_precision": NaN, "Spearman_r": 0.5797650171649471, "Pearson_r": 0.6307923300795989, "R2": 0.392154479038175, "MAE": 0.1953590971744826, "MSE": 0.0763538856542635, "poisson_deviance_explained": 0.3766918724559766}, "5": {"AUC": NaN, "kappa": NaN, "f1": NaN, "precision": NaN, "recall": NaN, "average_precision": NaN, "Spearman_r": 0.6173705825684405, "Pearson_r": 0.6347610122002911, "R2": 0.39384784650559157, "MAE": 0.2297586635824118, "MSE": 0.08714377966430369, "poisson_deviance_explained": 0.3642742782116787}, "6": {"AUC": NaN, "kappa": NaN, "f1": NaN, "precision": NaN, "recall": NaN, "average_precision": NaN, "Spearman_r": 0.6158512902347635, "Pearson_r": 0.6361817827141193, "R2": 0.3982995755686456, "MAE": 0.2208077487947248, "MSE": 0.08377081095274953, "poisson_deviance_explained": 0.3784292102960771}, "7": {"AUC": NaN, "kappa": NaN, "f1": NaN, "precision": NaN, "recall": NaN, "average_precision": NaN, "Spearman_r": 0.6018432370869785, "Pearson_r": 0.6221016360510951, "R2": 0.38248378420650897, "MAE": 0.2173565682553675, "MSE": 0.08094433951558579, "poisson_deviance_explained": 0.3614864381923759}, "8": {"AUC": NaN, "kappa": NaN, "f1": NaN, "precision": NaN, "recall": NaN, "average_precision": NaN, "Spearman_r": 0.6274752115711306, "Pearson_r": 0.6484217084719134, "R2": 0.4114852093309488, "MAE": 0.2161529134839037, "MSE": 0.07646295457894214, "poisson_deviance_explained": 0.37298009296428314}, "9": {"AUC": NaN, "kappa": NaN, "f1": NaN, "precision": NaN, "recall": NaN, "average_precision": NaN, "Spearman_r": 0.6165172475040621, "Pearson_r": 0.6376143607032649, "R2": 0.4003147081804814, "MAE": 0.2219315036879359, "MSE": 0.0780541991435638, "poisson_deviance_explained": 0.36393732794080813}, "10": {"AUC": NaN, "kappa": NaN, "f1": NaN, "precision": NaN, "recall": NaN, "average_precision": NaN, "Spearman_r": 0.6012892961587218, "Pearson_r": 0.6255903832032726, "R2": 0.38449644663137383, "MAE": 0.21291894619452145, "MSE": 0.07479158244893719, "poisson_deviance_explained": 0.3533672406673377}, "11": {"AUC": NaN, "kappa": NaN, "f1": NaN, "precision": NaN, "recall": NaN, "average_precision": NaN, "Spearman_r": 0.5848622999249329, "Pearson_r": 0.6148646726134203, "R2": 0.374353477455741, "MAE": 0.2089126271148176, "MSE": 0.07436300018377344, "poisson_deviance_explained": 0.3455087619366224}, "12": {"AUC": NaN, "kappa": NaN, "f1": NaN, "precision": NaN, "recall": NaN, "average_precision": NaN, "Spearman_r": 0.5344310498957204, "Pearson_r": 0.5879696212666606, "R2": 0.34204372183623855, "MAE": 0.18772875972744452, "MSE": 0.06516870642742534, "poisson_deviance_explained": 0.32630488047283146}, "13": {"AUC": NaN, "kappa": NaN, "f1": NaN, "precision": NaN, "recall": NaN, "average_precision": NaN, "Spearman_r": 0.48435968067079344, "Pearson_r": 0.5763170436441198, "R2": 0.3270510610747658, "MAE": 0.15830863887422847, "MSE": 0.05314702789685742, "poisson_deviance_explained": 0.3225256672680914}, "14": {"AUC": NaN, "kappa": NaN, "f1": NaN, "precision": NaN, "recall": NaN, "average_precision": NaN, "Spearman_r": 0.4537899001568856, "Pearson_r": 0.5885621477311787, "R2": 0.34127549617373965, "MAE": 0.13045958088873544, "MSE": 0.04399513630095805, "poisson_deviance_explained": 0.3345046769067713}, "15": {"AUC": NaN, "kappa": NaN, "f1": NaN, "precision": NaN, "recall": NaN, "average_precision": NaN, "Spearman_r": 0.4345524763020035, "Pearson_r": 0.5475783852708634, "R2": 0.29850582328749065, "MAE": 0.12951063686259526, "MSE": 0.04387342130946507, "poisson_deviance_explained": 0.3062026376584772}, "16": {"AUC": NaN, "kappa": NaN, "f1": NaN, "precision": NaN, "recall": NaN, "average_precision": NaN, "Spearman_r": 0.4890932289484498, "Pearson_r": 0.5905304921253094, "R2": 0.3448645203179972, "MAE": 0.14012652011745375, "MSE": 0.04683417225637563, "poisson_deviance_explained": 0.355916399225613}, "17": {"AUC": NaN, "kappa": NaN, "f1": NaN, "precision": NaN, "recall": NaN, "average_precision": NaN, "Spearman_r": 0.5188257865508948, "Pearson_r": 0.6012741655274297, "R2": 0.35826115711354245, "MAE": 0.15864430392963197, "MSE": 0.05423271579580286, "poisson_deviance_explained": 0.35926944355908075}, "18": {"AUC": NaN, "kappa": NaN, "f1": NaN, "precision": NaN, "recall": NaN, "average_precision": NaN, "Spearman_r": 0.5207069390075811, "Pearson_r": 0.6001842442733352, "R2": 0.3573615967165237, "MAE": 0.16297256221114967, "MSE": 0.055481340903941516, "poisson_deviance_explained": 0.35759677615137775}, "19": {"AUC": NaN, "kappa": NaN, "f1": NaN, "precision": NaN, "recall": NaN, "average_precision": NaN, "Spearman_r": 0.5135856254191318, "Pearson_r": 0.6073056273268932, "R2": 0.3650151981709929, "MAE": 0.1525766687539713, "MSE": 0.05199854279162086, "poisson_deviance_explained": 0.3577878178285189}, "20": {"AUC": NaN, "kappa": NaN, "f1": NaN, "precision": NaN, "recall": NaN, "average_precision": NaN, "Spearman_r": 0.4826512690783677, "Pearson_r": 0.5549788305342693, "R2": 0.3075949215582896, "MAE": 0.16397018817539974, "MSE": 0.057256325941927075, "poisson_deviance_explained": 0.3019287224095957}, "21": {"AUC": NaN, "kappa": NaN, "f1": NaN, "precision": NaN, "recall": NaN, "average_precision": NaN, "Spearman_r": 0.5308340600830835, "Pearson_r": 0.5992168136867685, "R2": 0.3563984704946416, "MAE": 0.17594815751584628, "MSE": 0.060465099349242185, "poisson_deviance_explained": 0.3489166370585389}, "22": {"AUC": NaN, "kappa": NaN, "f1": NaN, "precision": NaN, "recall": NaN, "average_precision": NaN, "Spearman_r": 0.541945687431131, "Pearson_r": 0.5913297440279268, "R2": 0.3450061824390924, "MAE": 0.19767579308272018, "MSE": 0.07098387101995352, "poisson_deviance_explained": 0.3222650691499598}, "23": {"AUC": NaN, "kappa": NaN, "f1": NaN, "precision": NaN, "recall": NaN, "average_precision": NaN, "Spearman_r": 0.5750906923371167, "Pearson_r": 0.6006735490778908, "R2": 0.35638449040347153, "MAE": 0.21104625491651918, "MSE": 0.07735051676426595, "poisson_deviance_explained": 0.34228669199052675}, "24": {"AUC": NaN, "kappa": NaN, "f1": NaN, "precision": NaN, "recall": NaN, "average_precision": NaN, "Spearman_r": 0.5425464285415289, "Pearson_r": 0.5855205926015608, "R2": 0.3406945187526599, "MAE": 0.20514881714081665, "MSE": 0.07703908643302342, "poisson_deviance_explained": 0.3274395493338432}, "25": {"AUC": NaN, "kappa": NaN, "f1": NaN, "precision": NaN, "recall": NaN, "average_precision": NaN, "Spearman_r": 0.5316219189953736, "Pearson_r": 0.5922786024621346, "R2": 0.3473022773726183, "MAE": 0.2121111130664509, "MSE": 0.08193122274200704, "poisson_deviance_explained": 0.3275412399719998}, "26": {"AUC": NaN, "kappa": NaN, "f1": NaN, "precision": NaN, "recall": NaN, "average_precision": NaN, "Spearman_r": 0.5531958496945735, "Pearson_r": 0.6143318478667662, "R2": 0.3741984044981974, "MAE": 0.21392312564618018, "MSE": 0.08539461028987667, "poisson_deviance_explained": 0.3535797756546756}, "27": {"AUC": NaN, "kappa": NaN, "f1": NaN, "precision": NaN, "recall": NaN, "average_precision": NaN,