{"1": {"AUC": NaN, "kappa": NaN, "f1": NaN, "precision": NaN, "recall": NaN, "average_precision": NaN, "Spearman_r": 0.5423543093607228, "Pearson_r": 0.6027323665812148, "R2": 0.3624653932830836, "MAE": 0.19923712007653654, "MSE": 0.07917533599035148, "poisson_deviance_explained": 0.34219435335923376}, "2": {"AUC": NaN, "kappa": NaN, "f1": NaN, "precision": NaN, "recall": NaN, "average_precision": NaN, "Spearman_r": 0.5757725067497812, "Pearson_r": 0.6503355569411515, "R2": 0.4215493842177035, "MAE": 0.17211025398926405, "MSE": 0.06599821623252279, "poisson_deviance_explained": 0.40273014786845274}, "3": {"AUC": NaN, "kappa": NaN, "f1": NaN, "precision": NaN, "recall": NaN, "average_precision": NaN, "Spearman_r": 0.5920415067975893, "Pearson_r": 0.6529871599910229, "R2": 0.42558027715419566, "MAE": 0.18619963110521986, "MSE": 0.07448865942365614, "poisson_deviance_explained": 0.4131720251319273}, "4": {"AUC": NaN, "kappa": NaN, "f1": NaN, "precision": NaN, "recall": NaN, "average_precision": NaN, "Spearman_r": 0.5230654665639994, "Pearson_r": 0.6326972731769211, "R2": 0.3986906631725887, "MAE": 0.1473784680381102, "MSE": 0.05610725789786649, "poisson_deviance_explained": 0.4005247263998357}, "5": {"AUC": NaN, "kappa": NaN, "f1": NaN, "precision": NaN, "recall": NaN, "average_precision": NaN, "Spearman_r": 0.6205184463336286, "Pearson_r": 0.6725660750340196, "R2": 0.44921952439262003, "MAE": 0.19097576574692668, "MSE": 0.0717352928373912, "poisson_deviance_explained": 0.4154761192390817}, "6": {"AUC": NaN, "kappa": NaN, "f1": NaN, "precision": NaN, "recall": NaN, "average_precision": NaN, "Spearman_r": 0.6510254055864023, "Pearson_r": 0.6813486459701898, "R2": 0.46195081201092236, "MAE": 0.19097141596400585, "MSE": 0.07045681884105531, "poisson_deviance_explained": 0.4317028169166378}, "7": {"AUC": NaN, "kappa": NaN, "f1": NaN, "precision": NaN, "recall": NaN, "average_precision": NaN, "Spearman_r": 0.6483235847106175, "Pearson_r": 0.6681595609539535, "R2": 0.4436350475003975, "MAE": 0.20081880510163982, "MSE": 0.0720930624406641, "poisson_deviance_explained": 0.4035172951660362}, "8": {"AUC": NaN, "kappa": NaN, "f1": NaN, "precision": NaN, "recall": NaN, "average_precision": NaN, "Spearman_r": 0.6375175168595855, "Pearson_r": 0.6568964873126077, "R2": 0.42870731689209884, "MAE": 0.20894635212467505, "MSE": 0.0753049500727628, "poisson_deviance_explained": 0.3778328361916913}, "9": {"AUC": NaN, "kappa": NaN, "f1": NaN, "precision": NaN, "recall": NaN, "average_precision": NaN, "Spearman_r": 0.6494601600594634, "Pearson_r": 0.6725634857715099, "R2": 0.4491214994659106, "MAE": 0.19995572941194148, "MSE": 0.07051836647214918, "poisson_deviance_explained": 0.40321187618341003}, "10": {"AUC": NaN, "kappa": NaN, "f1": NaN, "precision": NaN, "recall": NaN, "average_precision": NaN, "Spearman_r": 0.627347658161439, "Pearson_r": 0.654305957790369, "R2": 0.42640370605033684, "MAE": 0.2061829835697877, "MSE": 0.07368399121788213, "poisson_deviance_explained": 0.3812855080340559}, "11": {"AUC": NaN, "kappa": NaN, "f1": NaN, "precision": NaN, "recall": NaN, "average_precision": NaN, "Spearman_r": 0.5875307598221413, "Pearson_r": 0.6280840945586127, "R2": 0.392662010950778, "MAE": 0.19380443341354345, "MSE": 0.06883849287720917, "poisson_deviance_explained": 0.36249023008679093}, "12": {"AUC": NaN, "kappa": NaN, "f1": NaN, "precision": NaN, "recall": NaN, "average_precision": NaN, "Spearman_r": 0.5433021107875704, "Pearson_r": 0.5852699421382607, "R2": 0.3413722403560836, "MAE": 0.20069609784645076, "MSE": 0.0708495625014439, "poisson_deviance_explained": 0.31052032426427967}, "13": {"AUC": NaN, "kappa": NaN, "f1": NaN, "precision": NaN, "recall": NaN, "average_precision": NaN, "Spearman_r": 0.49263358006587005, "Pearson_r": 0.5851805531048534, "R2": 0.3412965741046292, "MAE": 0.15616956414800393, "MSE": 0.05405203784014266, "poisson_deviance_explained": 0.34004991653958005}, "14": {"AUC": NaN, "kappa": NaN, "f1": NaN, "precision": NaN, "recall": NaN, "average_precision": NaN, "Spearman_r": 0.48106229502495745, "Pearson_r": 0.6164548451108851, "R2": 0.3795005653168462, "MAE": 0.13143220299982727, "MSE": 0.04583491799286916, "poisson_deviance_explained": 0.3578617138033694}, "15": {"AUC": NaN, "kappa": NaN, "f1": NaN, "precision": NaN, "recall": NaN, "average_precision": NaN, "Spearman_r": 0.46680834999208487, "Pearson_r": 0.5919618987614101, "R2": 0.3493865638915369, "MAE": 0.12385964169187767, "MSE": 0.04187560395641754, "poisson_deviance_explained": 0.35796977089972093}, "16": {"AUC": NaN, "kappa": NaN, "f1": NaN, "precision": NaN, "recall": NaN, "average_precision": NaN, "Spearman_r": 0.4957873555029962, "Pearson_r": 0.6131101223403591, "R2": 0.37480464811450964, "MAE": 0.13492394363274587, "MSE": 0.04572551255589325, "poisson_deviance_explained": 0.3687157909024631}, "17": {"AUC": NaN, "kappa": NaN, "f1": NaN, "precision": NaN, "recall": NaN, "average_precision": NaN, "Spearman_r": 0.5355058762983456, "Pearson_r": 0.6189099521492988, "R2": 0.3822572774110503, "MAE": 0.1550609443284398, "MSE": 0.053671877644588195, "poisson_deviance_explained": 0.37039742460723235}, "18": {"AUC": NaN, "kappa": NaN, "f1": NaN, "precision": NaN, "recall": NaN, "average_precision": NaN, "Spearman_r": 0.5368981557077743, "Pearson_r": 0.624210343825111, "R2": 0.3885418856103433, "MAE": 0.15315793257756938, "MSE": 0.05251105838760078, "poisson_deviance_explained": 0.38250125354046394}, "19": {"AUC": NaN, "kappa": NaN, "f1": NaN, "precision": NaN, "recall": NaN, "average_precision": NaN, "Spearman_r": 0.5368356280934802, "Pearson_r": 0.6156971704687567, "R2": 0.37868693873674586, "MAE": 0.1512855543524617, "MSE": 0.05316694302235253, "poisson_deviance_explained": 0.3797755977818362}, "20": {"AUC": NaN, "kappa": NaN, "f1": NaN, "precision": NaN, "recall": NaN, "average_precision": NaN, "Spearman_r": 0.5251659896059522, "Pearson_r": 0.6003057002398127, "R2": 0.3598897892472219, "MAE": 0.1579983897071412, "MSE": 0.05516210541935965, "poisson_deviance_explained": 0.3501629231809896}, "21": {"AUC": NaN, "kappa": NaN, "f1": NaN, "precision": NaN, "recall": NaN, "average_precision": NaN, "Spearman_r": 0.5626266569703894, "Pearson_r": 0.6199677603649548, "R2": 0.3841071904469203, "MAE": 0.17401072172674728, "MSE": 0.06330485734792544, "poisson_deviance_explained": 0.36523218386013134}, "22": {"AUC": NaN, "kappa": NaN, "f1": NaN, "precision": NaN, "recall": NaN, "average_precision": NaN, "Spearman_r": 0.5466080657035338, "Pearson_r": 0.6189648418812856, "R2": 0.382511713568078, "MAE": 0.1806970827848771, "MSE": 0.06568725683701748, "poisson_deviance_explained": 0.3429757185565494}, "23": {"AUC": NaN, "kappa": NaN, "f1": NaN, "precision": NaN, "recall": NaN, "average_precision": NaN, "Spearman_r": 0.5831013217625155, "Pearson_r": 0.6419620127931557, "R2": 0.4116544905444115, "MAE": 0.18030927319237994, "MSE": 0.06852344099799323, "poisson_deviance_explained": 0.3929460649376325}, "24": {"AUC": NaN, "kappa": NaN, "f1": NaN, "precision": NaN, "recall": NaN, "average_precision": NaN, "Spearman_r": 0.5993736189098472, "Pearson_r": 0.6518645902722563, "R2": 0.4230072840901602, "MAE": 0.19161003932706025, "MSE": 0.07254792551630602, "poisson_deviance_explained": 0.3891525464720782}, "25": {"AUC": NaN, "kappa": NaN, "f1": NaN, "precision": NaN, "recall": NaN, "average_precision": NaN, "Spearman_r": 0.6016856413398475, "Pearson_r": 0.6574576608840925, "R2": 0.43022168535697747, "MAE": 0.18614217418346563, "MSE": 0.0697792144662122, "poisson_deviance_explained": 0.39907276679192083}, "26": {"AUC": NaN, "kappa": NaN, "f1": NaN, "precision": NaN, "recall": NaN, "average_precision": NaN, "Spearman_r": 0.5761970314095378, "Pearson_r": 0.6507470333740756, "R2": 0.4214086699453734, "MAE": 0.17274724086076992, "MSE": 0.06539364451330128, "poisson_deviance_explained": 0.4118472677776107}, "27": {"AUC": NaN, "kappa": NaN, "f1": NaN, "precision": NaN, "recall": NaN, "average_precision": NaN,