{"AUC": NaN, "kappa": NaN, "f1": NaN, "precision": NaN, "recall": NaN, "average_precision": NaN, "Spearman_r": 0.549902963303676, "Pearson_r": 0.629282800577762, "R2": 0.3946032732614334, "MAE": 0.16623400794439275, "MSE": 0.06287430943904004, "poisson_deviance_explained": 0.3870564596314986}
