{"1": {"AUC": NaN, "kappa": NaN, "f1": NaN, "precision": NaN, "recall": NaN, "average_precision": NaN, "Spearman_r": 0.47333127527970775, "Pearson_r": 0.6079067985045836, "R2": 0.36301534124302803, "MAE": 0.11294387217108601, "MSE": 0.04725828237445322, "poisson_deviance_explained": 0.43069060880134036}, "2": {"AUC": NaN, "kappa": NaN, "f1": NaN, "precision": NaN, "recall": NaN, "average_precision": NaN, "Spearman_r": 0.5335839488443718, "Pearson_r": 0.6496823218472374, "R2": 0.4220211499166806, "MAE": 0.13158166522049905, "MSE": 0.05445839419248238, "poisson_deviance_explained": 0.4568464045806422}, "3": {"AUC": NaN, "kappa": NaN, "f1": NaN, "precision": NaN, "recall": NaN, "average_precision": NaN, "Spearman_r": 0.5025090133528576, "Pearson_r": 0.637232974812895, "R2": 0.4049568355864933, "MAE": 0.11947261030035, "MSE": 0.05011352261386279, "poisson_deviance_explained": 0.44366315438056525}, "4": {"AUC": NaN, "kappa": NaN, "f1": NaN, "precision": NaN, "recall": NaN, "average_precision": NaN, "Spearman_r": 0.4754336791126061, "Pearson_r": 0.6302711437841227, "R2": 0.39596925172237163, "MAE": 0.11494974616092025, "MSE": 0.04753244011719292, "poisson_deviance_explained": 0.4317106107480624}, "5": {"AUC": NaN, "kappa": NaN, "f1": NaN, "precision": NaN, "recall": NaN, "average_precision": NaN, "Spearman_r": 0.5259950470656375, "Pearson_r": 0.6291194806163516, "R2": 0.3955102180981863, "MAE": 0.14525146142671413, "MSE": 0.058592238331099285, "poisson_deviance_explained": 0.41359644240285176}, "6": {"AUC": NaN, "kappa": NaN, "f1": NaN, "precision": NaN, "recall": NaN, "average_precision": NaN, "Spearman_r": 0.5455051987531574, "Pearson_r": 0.6315190975999762, "R2": 0.39872735290656003, "MAE": 0.160989823167686, "MSE": 0.0650163411258722, "poisson_deviance_explained": 0.39386739365816614}, "7": {"AUC": NaN, "kappa": NaN, "f1": NaN, "precision": NaN, "recall": NaN, "average_precision": NaN, "Spearman_r": 0.5115498589671761, "Pearson_r": 0.5933852346654253, "R2": 0.351705179982599, "MAE": 0.16928577949880771, "MSE": 0.064404696849643, "poisson_deviance_explained": 0.34219027372974853}, "8": {"AUC": NaN, "kappa": NaN, "f1": NaN, "precision": NaN, "recall": NaN, "average_precision": NaN, "Spearman_r": 0.5336566403762218, "Pearson_r": 0.5888127393654008, "R2": 0.3465794984793149, "MAE": 0.19924097575977126, "MSE": 0.07654057815147652, "poisson_deviance_explained": 0.3269625916245059}, "9": {"AUC": NaN, "kappa": NaN, "f1": NaN, "precision": NaN, "recall": NaN, "average_precision": NaN, "Spearman_r": 0.5140696544202584, "Pearson_r": 0.5739528704623014, "R2": 0.3291113481302196, "MAE": 0.1929713294329885, "MSE": 0.07282788172650824, "poisson_deviance_explained": 0.31241818894934215}, "10": {"AUC": NaN, "kappa": NaN, "f1": NaN, "precision": NaN, "recall": NaN, "average_precision": NaN, "Spearman_r": 0.5232671598504144, "Pearson_r": 0.5794471521594917, "R2": 0.335473469960619, "MAE": 0.1943471938869082, "MSE": 0.0743299684346693, "poisson_deviance_explained": 0.3147039513412735}, "11": {"AUC": NaN, "kappa": NaN, "f1": NaN, "precision": NaN, "recall": NaN, "average_precision": NaN, "Spearman_r": 0.4832779218130282, "Pearson_r": 0.5405814047829418, "R2": 0.29175935943726805, "MAE": 0.18048232512841986, "MSE": 0.06708659068279764, "poisson_deviance_explained": 0.2886388247988355}, "12": {"AUC": NaN, "kappa": NaN, "f1": NaN, "precision": NaN, "recall": NaN, "average_precision": NaN, "Spearman_r": 0.5016245041798938, "Pearson_r": 0.567029580593028, "R2": 0.32072260309519995, "MAE": 0.178544290343171, "MSE": 0.06807396860895314, "poisson_deviance_explained": 0.30560123847326337}, "13": {"AUC": NaN, "kappa": NaN, "f1": NaN, "precision": NaN, "recall": NaN, "average_precision": NaN, "Spearman_r": 0.4857866574154035, "Pearson_r": 0.5633734851470988, "R2": 0.3166133151464998, "MAE": 0.15869536262318104, "MSE": 0.05810171294995296, "poisson_deviance_explained": 0.32033283767954646}, "14": {"AUC": NaN, "kappa": NaN, "f1": NaN, "precision": NaN, "recall": NaN, "average_precision": NaN, "Spearman_r": 0.46035121318064404, "Pearson_r": 0.5313788089527833, "R2": 0.27913008769918335, "MAE": 0.16742085194935372, "MSE": 0.06129213703958349, "poisson_deviance_explained": 0.29063610823341646}, "15": {"AUC": NaN, "kappa": NaN, "f1": NaN, "precision": NaN, "recall": NaN, "average_precision": NaN, "Spearman_r": 0.5089797389048482, "Pearson_r": 0.580440205848292, "R2": 0.3360386473066277, "MAE": 0.16731274138195557, "MSE": 0.06377955343804104, "poisson_deviance_explained": 0.343254904755223}, "16": {"AUC": NaN, "kappa": NaN, "f1": NaN, "precision": NaN, "recall": NaN, "average_precision": NaN, "Spearman_r": 0.47644621078276717, "Pearson_r": 0.5532135677922652, "R2": 0.3003611113249868, "MAE": 0.15808723452121595, "MSE": 0.060074978072280766, "poisson_deviance_explained": 0.31188473963398955}, "17": {"AUC": NaN, "kappa": NaN, "f1": NaN, "precision": NaN, "recall": NaN, "average_precision": NaN, "Spearman_r": 0.5015313488943546, "Pearson_r": 0.5746894876015869, "R2": 0.3297418641588329, "MAE": 0.1670267277546102, "MSE": 0.06270624267056808, "poisson_deviance_explained": 0.3182283196606892}, "18": {"AUC": NaN, "kappa": NaN, "f1": NaN, "precision": NaN, "recall": NaN, "average_precision": NaN, "Spearman_r": 0.513910287940203, "Pearson_r": 0.5797965970953987, "R2": 0.3360979861449589, "MAE": 0.17534109332100667, "MSE": 0.06602563391478873, "poisson_deviance_explained": 0.3158030552792619}, "19": {"AUC": NaN, "kappa": NaN, "f1": NaN, "precision": NaN, "recall": NaN, "average_precision": NaN, "Spearman_r": 0.5303938429605778, "Pearson_r": 0.6018323125161534, "R2": 0.3620388535133563, "MAE": 0.16766770912395576, "MSE": 0.06272623558562265, "poisson_deviance_explained": 0.3554044713440274}, "20": {"AUC": NaN, "kappa": NaN, "f1": NaN, "precision": NaN, "recall": NaN, "average_precision": NaN, "Spearman_r": 0.5362820343267725, "Pearson_r": 0.6069544756495509, "R2": 0.36822254080695604, "MAE": 0.16605217897355817, "MSE": 0.060766269796084876, "poisson_deviance_explained": 0.34101899463785845}, "21": {"AUC": NaN, "kappa": NaN, "f1": NaN, "precision": NaN, "recall": NaN, "average_precision": NaN, "Spearman_r": 0.5383927087318227, "Pearson_r": 0.6225052277683384, "R2": 0.3872650044066709, "MAE": 0.1744302099003684, "MSE": 0.06704515294034873, "poisson_deviance_explained": 0.3629497767964691}, "22": {"AUC": NaN, "kappa": NaN, "f1": NaN, "precision": NaN, "recall": NaN, "average_precision": NaN, "Spearman_r": 0.525722634684983, "Pearson_r": 0.5955395801356868, "R2": 0.35369676154317287, "MAE": 0.17865283956759778, "MSE": 0.06714715039391894, "poisson_deviance_explained": 0.33281806012935056}, "23": {"AUC": NaN, "kappa": NaN, "f1": NaN, "precision": NaN, "recall": NaN, "average_precision": NaN, "Spearman_r": 0.5324928440535309, "Pearson_r": 0.6165382415746485, "R2": 0.3795664910146205, "MAE": 0.1674516145743408, "MSE": 0.0625407783061633, "poisson_deviance_explained": 0.3580172854218937}, "24": {"AUC": NaN, "kappa": NaN, "f1": NaN, "precision": NaN, "recall": NaN, "average_precision": NaN, "Spearman_r": 0.5256035198484788, "Pearson_r": 0.6608734870330826, "R2": 0.43605921150869453, "MAE": 0.13916700673476776, "MSE": 0.05272530934916227, "poisson_deviance_explained": 0.42651299618691085}, "25": {"AUC": NaN, "kappa": NaN, "f1": NaN, "precision": NaN, "recall": NaN, "average_precision": NaN, "Spearman_r": 0.5297980095611249, "Pearson_r": 0.6436381874371486, "R2": 0.40980309817285443, "MAE": 0.13901469413006004, "MSE": 0.05440994310504602, "poisson_deviance_explained": 0.43146811395563633}, "26": {"AUC": NaN, "kappa": NaN, "f1": NaN, "precision": NaN, "recall": NaN, "average_precision": NaN, "Spearman_r": 0.5582405934253174, "Pearson_r": 0.6680874278763597, "R2": 0.44610898916601116, "MAE": 0.13394218463949967, "MSE": 0.05452447592460001, "poisson_deviance_explained": 0.4693329237863654}, "27": {"AUC": NaN, "kappa": NaN, "f1": NaN, "precision": NaN, "recall": NaN, "average_precision": NaN,