{"1": {"AUC": NaN, "kappa": NaN, "f1": NaN, "precision": NaN, "recall": NaN, "average_precision": NaN, "Spearman_r": 0.5299460479114934, "Pearson_r": 0.6564769189992294, "R2": 0.4302704056178378, "MAE": 0.13115997812564395, "MSE": 0.0524885108856582, "poisson_deviance_explained": 0.4452208756693784}, "2": {"AUC": NaN, "kappa": NaN, "f1": NaN, "precision": NaN, "recall": NaN, "average_precision": NaN, "Spearman_r": 0.5678973068550914, "Pearson_r": 0.692170818612233, "R2": 0.4784038042211659, "MAE": 0.13232510130417433, "MSE": 0.05372837232108047, "poisson_deviance_explained": 0.5010477473805557}, "3": {"AUC": NaN, "kappa": NaN, "f1": NaN, "precision": NaN, "recall": NaN, "average_precision": NaN, "Spearman_r": 0.5592894709076482, "Pearson_r": 0.6863446107593337, "R2": 0.46934685676090937, "MAE": 0.129330288886752, "MSE": 0.05196233026049569, "poisson_deviance_explained": 0.4837099843941186}, "4": {"AUC": NaN, "kappa": NaN, "f1": NaN, "precision": NaN, "recall": NaN, "average_precision": NaN, "Spearman_r": 0.5410673601743253, "Pearson_r": 0.6482378015752598, "R2": 0.4191867696068262, "MAE": 0.13864987117698097, "MSE": 0.05535440610066644, "poisson_deviance_explained": 0.4256106136007132}, "5": {"AUC": NaN, "kappa": NaN, "f1": NaN, "precision": NaN, "recall": NaN, "average_precision": NaN, "Spearman_r": 0.5702093526044978, "Pearson_r": 0.6669609205964115, "R2": 0.44313227169675595, "MAE": 0.15833790182330829, "MSE": 0.06274057435883755, "poisson_deviance_explained": 0.4331545597279215}, "6": {"AUC": NaN, "kappa": NaN, "f1": NaN, "precision": NaN, "recall": NaN, "average_precision": NaN, "Spearman_r": 0.5628130230818338, "Pearson_r": 0.6765065547398259, "R2": 0.4546111656829087, "MAE": 0.14743484285139882, "MSE": 0.05544597338763877, "poisson_deviance_explained": 0.4495775537280501}, "7": {"AUC": NaN, "kappa": NaN, "f1": NaN, "precision": NaN, "recall": NaN, "average_precision": NaN, "Spearman_r": 0.5442561957528236, "Pearson_r": 0.6343818286806481, "R2": 0.4013589124531731, "MAE": 0.17126173495312688, "MSE": 0.0652988165890554, "poisson_deviance_explained": 0.38856249071732685}, "8": {"AUC": NaN, "kappa": NaN, "f1": NaN, "precision": NaN, "recall": NaN, "average_precision": NaN, "Spearman_r": 0.536801880161581, "Pearson_r": 0.6015793505757736, "R2": 0.3593653542219316, "MAE": 0.19394210253563662, "MSE": 0.07004897154505957, "poisson_deviance_explained": 0.33924941264724606}, "9": {"AUC": NaN, "kappa": NaN, "f1": NaN, "precision": NaN, "recall": NaN, "average_precision": NaN, "Spearman_r": 0.5270559479075819, "Pearson_r": 0.5992417373036274, "R2": 0.35721860834739627, "MAE": 0.18262670849658094, "MSE": 0.06746252056777675, "poisson_deviance_explained": 0.3445146242191861}, "10": {"AUC": NaN, "kappa": NaN, "f1": NaN, "precision": NaN, "recall": NaN, "average_precision": NaN, "Spearman_r": 0.5496782052238924, "Pearson_r": 0.6008741722743567, "R2": 0.3598611185769147, "MAE": 0.1999046634608411, "MSE": 0.07555536303506027, "poisson_deviance_explained": 0.3409962981161534}, "11": {"AUC": NaN, "kappa": NaN, "f1": NaN, "precision": NaN, "recall": NaN, "average_precision": NaN, "Spearman_r": 0.4973436162178138, "Pearson_r": 0.5641382615383138, "R2": 0.3165667719134788, "MAE": 0.18028749558512927, "MSE": 0.06508021840558254, "poisson_deviance_explained": 0.3023747254148176}, "12": {"AUC": NaN, "kappa": NaN, "f1": NaN, "precision": NaN, "recall": NaN, "average_precision": NaN, "Spearman_r": 0.4988861339809855, "Pearson_r": 0.5864966176449775, "R2": 0.34117132320550203, "MAE": 0.1638460476880171, "MSE": 0.0597459848674312, "poisson_deviance_explained": 0.33024794940245306}, "13": {"AUC": NaN, "kappa": NaN, "f1": NaN, "precision": NaN, "recall": NaN, "average_precision": NaN, "Spearman_r": 0.5004405096129778, "Pearson_r": 0.5936878660976872, "R2": 0.3506840885776614, "MAE": 0.15641759800069324, "MSE": 0.05729928070820101, "poisson_deviance_explained": 0.3475056791743767}, "14": {"AUC": NaN, "kappa": NaN, "f1": NaN, "precision": NaN, "recall": NaN, "average_precision": NaN, "Spearman_r": 0.5097706048102614, "Pearson_r": 0.5943709762493548, "R2": 0.35136238438705913, "MAE": 0.16028489852877412, "MSE": 0.058536342802464836, "poisson_deviance_explained": 0.3519004497003826}, "15": {"AUC": NaN, "kappa": NaN, "f1": NaN, "precision": NaN, "recall": NaN, "average_precision": NaN, "Spearman_r": 0.5085700074282885, "Pearson_r": 0.6020035265371184, "R2": 0.36055002652458423, "MAE": 0.15275718321334514, "MSE": 0.055367483406979175, "poisson_deviance_explained": 0.36123692077071945}, "16": {"AUC": NaN, "kappa": NaN, "f1": NaN, "precision": NaN, "recall": NaN, "average_precision": NaN, "Spearman_r": 0.5119909594820957, "Pearson_r": 0.599260806735681, "R2": 0.35765801572578804, "MAE": 0.16019536296071382, "MSE": 0.05949358413397984, "poisson_deviance_explained": 0.3538550693496666}, "17": {"AUC": NaN, "kappa": NaN, "f1": NaN, "precision": NaN, "recall": NaN, "average_precision": NaN, "Spearman_r": 0.5075615601226918, "Pearson_r": 0.5926798225228823, "R2": 0.3500353428898709, "MAE": 0.16002723338851677, "MSE": 0.058250730140539296, "poisson_deviance_explained": 0.34771225475331}, "18": {"AUC": NaN, "kappa": NaN, "f1": NaN, "precision": NaN, "recall": NaN, "average_precision": NaN, "Spearman_r": 0.5265278081868149, "Pearson_r": 0.6103182417565333, "R2": 0.3716924508857987, "MAE": 0.15651990805987115, "MSE": 0.0581098148597875, "poisson_deviance_explained": 0.3652880810272594}, "19": {"AUC": NaN, "kappa": NaN, "f1": NaN, "precision": NaN, "recall": NaN, "average_precision": NaN, "Spearman_r": 0.5495644370431084, "Pearson_r": 0.633736716800249, "R2": 0.3983597528066313, "MAE": 0.1661430095611703, "MSE": 0.06357144873974646, "poisson_deviance_explained": 0.3952927470617329}, "20": {"AUC": NaN, "kappa": NaN, "f1": NaN, "precision": NaN, "recall": NaN, "average_precision": NaN, "Spearman_r": 0.5222200533300152, "Pearson_r": 0.6003607503644499, "R2": 0.35776663827348676, "MAE": 0.1707327599654673, "MSE": 0.062482720981940104, "poisson_deviance_explained": 0.3493131597036918}, "21": {"AUC": NaN, "kappa": NaN, "f1": NaN, "precision": NaN, "recall": NaN, "average_precision": NaN, "Spearman_r": 0.5456673772138144, "Pearson_r": 0.6187960259611562, "R2": 0.3806443748003445, "MAE": 0.1703855259066553, "MSE": 0.06074411365164924, "poisson_deviance_explained": 0.36739621054823446}, "22": {"AUC": NaN, "kappa": NaN, "f1": NaN, "precision": NaN, "recall": NaN, "average_precision": NaN, "Spearman_r": 0.5257195754964413, "Pearson_r": 0.6163302271558092, "R2": 0.3769318879923069, "MAE": 0.15949692482237546, "MSE": 0.05634866894461488, "poisson_deviance_explained": 0.37292059104940456}, "23": {"AUC": NaN, "kappa": NaN, "f1": NaN, "precision": NaN, "recall": NaN, "average_precision": NaN, "Spearman_r": 0.5493500844455269, "Pearson_r": 0.6250047717970203, "R2": 0.3892222129203682, "MAE": 0.1699907509679644, "MSE": 0.06366430891839596, "poisson_deviance_explained": 0.38354550940939924}, "24": {"AUC": NaN, "kappa": NaN, "f1": NaN, "precision": NaN, "recall": NaN, "average_precision": NaN, "Spearman_r": 0.5469059048134856, "Pearson_r": 0.663698215271669, "R2": 0.4387836982387635, "MAE": 0.13944103844454778, "MSE": 0.053530168079506876, "poisson_deviance_explained": 0.44000129217357953}, "25": {"AUC": NaN, "kappa": NaN, "f1": NaN, "precision": NaN, "recall": NaN, "average_precision": NaN, "Spearman_r": 0.5403817270934087, "Pearson_r": 0.6754175729734517, "R2": 0.45464073223521484, "MAE": 0.1324518826659915, "MSE": 0.051630169463359084, "poisson_deviance_explained": 0.46576424145360906}, "26": {"AUC": NaN, "kappa": NaN, "f1": NaN, "precision": NaN, "recall": NaN, "average_precision": NaN, "Spearman_r": 0.5456591962267832, "Pearson_r": 0.6844686157364677, "R2": 0.46731845705289854, "MAE": 0.12596612671276386, "MSE": 0.04954483769422549, "poisson_deviance_explained": 0.48134600464454913}, "27": {"AUC": NaN, "kappa": NaN, "f1": NaN, "precision": NaN, "recall": NaN, "average_precision": NaN,