{"AUC": NaN, "kappa": NaN, "f1": NaN, "precision": NaN, "recall": NaN, "average_precision": NaN, "Spearman_r": 0.5218921993023707, "Pearson_r": 0.6104528527256537, "R2": 0.3718750461301684, "MAE": 0.1615629135229217, "MSE": 0.061973254784348016, "poisson_deviance_explained": 0.36870297974695854}
