{"1": {"AUC": NaN, "kappa": NaN, "f1": NaN, "precision": NaN, "recall": NaN, "average_precision": NaN, "Spearman_r": 0.5035346405083023, "Pearson_r": 0.6026434983859615, "R2": 0.36294614532872893, "MAE": 0.13519877823282914, "MSE": 0.0557189808501215, "poisson_deviance_explained": 0.40055057874670774}, "2": {"AUC": NaN, "kappa": NaN, "f1": NaN, "precision": NaN, "recall": NaN, "average_precision": NaN, "Spearman_r": 0.5015149286118827, "Pearson_r": 0.6364859089675746, "R2": 0.4041155411510631, "MAE": 0.11715169814173929, "MSE": 0.045843838625317275, "poisson_deviance_explained": 0.4499873531360514}, "3": {"AUC": NaN, "kappa": NaN, "f1": NaN, "precision": NaN, "recall": NaN, "average_precision": NaN, "Spearman_r": 0.5247277657930401, "Pearson_r": 0.6478224488499132, "R2": 0.41890457853282825, "MAE": 0.12967237784615912, "MSE": 0.051194838725028585, "poisson_deviance_explained": 0.44012319008788514}, "4": {"AUC": NaN, "kappa": NaN, "f1": NaN, "precision": NaN, "recall": NaN, "average_precision": NaN, "Spearman_r": 0.4773416476742264, "Pearson_r": 0.6088154940608842, "R2": 0.3700802410725994, "MAE": 0.11718067879919795, "MSE": 0.045483011761653466, "poisson_deviance_explained": 0.40476674828572534}, "5": {"AUC": NaN, "kappa": NaN, "f1": NaN, "precision": NaN, "recall": NaN, "average_precision": NaN, "Spearman_r": 0.5597072149331775, "Pearson_r": 0.6660400577857772, "R2": 0.44105174126976776, "MAE": 0.14854561906045785, "MSE": 0.058255495690245004, "poisson_deviance_explained": 0.4493738803256425}, "6": {"AUC": NaN, "kappa": NaN, "f1": NaN, "precision": NaN, "recall": NaN, "average_precision": NaN, "Spearman_r": 0.5484874094028668, "Pearson_r": 0.6237369593732794, "R2": 0.38777608568511823, "MAE": 0.17736252743070507, "MSE": 0.06970753817901201, "poisson_deviance_explained": 0.38375074004175924}, "7": {"AUC": NaN, "kappa": NaN, "f1": NaN, "precision": NaN, "recall": NaN, "average_precision": NaN, "Spearman_r": 0.5510188240491315, "Pearson_r": 0.6187654299282964, "R2": 0.3799091676959805, "MAE": 0.18988033579703284, "MSE": 0.07129166595646506, "poisson_deviance_explained": 0.3646640835499422}, "8": {"AUC": NaN, "kappa": NaN, "f1": NaN, "precision": NaN, "recall": NaN, "average_precision": NaN, "Spearman_r": 0.5549511181547809, "Pearson_r": 0.6146830510752572, "R2": 0.3730058690453598, "MAE": 0.20154351615250324, "MSE": 0.07428781710896702, "poisson_deviance_explained": 0.349676784715228}, "9": {"AUC": NaN, "kappa": NaN, "f1": NaN, "precision": NaN, "recall": NaN, "average_precision": NaN, "Spearman_r": 0.5332609845514171, "Pearson_r": 0.5859915907843831, "R2": 0.3408313734816236, "MAE": 0.20116747381195527, "MSE": 0.07441979343868688, "poisson_deviance_explained": 0.32701711948480894}, "10": {"AUC": NaN, "kappa": NaN, "f1": NaN, "precision": NaN, "recall": NaN, "average_precision": NaN, "Spearman_r": 0.5297356448138094, "Pearson_r": 0.577289093849895, "R2": 0.3301888128935465, "MAE": 0.2105572627109893, "MSE": 0.0802078360871708, "poisson_deviance_explained": 0.30949667168224826}, "11": {"AUC": NaN, "kappa": NaN, "f1": NaN, "precision": NaN, "recall": NaN, "average_precision": NaN, "Spearman_r": 0.4998973631858186, "Pearson_r": 0.5510831576782562, "R2": 0.302564850892706, "MAE": 0.20247598284529067, "MSE": 0.07654832092191545, "poisson_deviance_explained": 0.2881524548439919}, "12": {"AUC": NaN, "kappa": NaN, "f1": NaN, "precision": NaN, "recall": NaN, "average_precision": NaN, "Spearman_r": 0.503950195965437, "Pearson_r": 0.5711372900218753, "R2": 0.32394670783490453, "MAE": 0.1809723355785174, "MSE": 0.06701669562349806, "poisson_deviance_explained": 0.31541324108679103}, "13": {"AUC": NaN, "kappa": NaN, "f1": NaN, "precision": NaN, "recall": NaN, "average_precision": NaN, "Spearman_r": 0.49816428173485855, "Pearson_r": 0.5823369050347138, "R2": 0.3370202816447554, "MAE": 0.16490909138104431, "MSE": 0.05983631600366201, "poisson_deviance_explained": 0.3240243338889115}, "14": {"AUC": NaN, "kappa": NaN, "f1": NaN, "precision": NaN, "recall": NaN, "average_precision": NaN, "Spearman_r": 0.5018580791534134, "Pearson_r": 0.5778489455164144, "R2": 0.3322996711533751, "MAE": 0.16548295667710253, "MSE": 0.05844176101759068, "poisson_deviance_explained": 0.3300783161610501}, "15": {"AUC": NaN, "kappa": NaN, "f1": NaN, "precision": NaN, "recall": NaN, "average_precision": NaN, "Spearman_r": 0.4991821900712304, "Pearson_r": 0.5697519563355103, "R2": 0.32225049268298034, "MAE": 0.17105960968170522, "MSE": 0.06310560174403228, "poisson_deviance_explained": 0.3189480947794975}, "16": {"AUC": NaN, "kappa": NaN, "f1": NaN, "precision": NaN, "recall": NaN, "average_precision": NaN, "Spearman_r": 0.512058430390716, "Pearson_r": 0.5934569476894646, "R2": 0.34803338138236384, "MAE": 0.1561356321033723, "MSE": 0.05746176885840361, "poisson_deviance_explained": 0.3370173878588586}, "17": {"AUC": NaN, "kappa": NaN, "f1": NaN, "precision": NaN, "recall": NaN, "average_precision": NaN, "Spearman_r": 0.49186313927686875, "Pearson_r": 0.5704063491946457, "R2": 0.32388575414084575, "MAE": 0.16486864633085604, "MSE": 0.059811803188305264, "poisson_deviance_explained": 0.3206482260214343}, "18": {"AUC": NaN, "kappa": NaN, "f1": NaN, "precision": NaN, "recall": NaN, "average_precision": NaN, "Spearman_r": 0.5418441937649839, "Pearson_r": 0.5972559324071036, "R2": 0.35056388315728815, "MAE": 0.174182426225932, "MSE": 0.0661161470580745, "poisson_deviance_explained": 0.34089621825101335}, "19": {"AUC": NaN, "kappa": NaN, "f1": NaN, "precision": NaN, "recall": NaN, "average_precision": NaN, "Spearman_r": 0.49914289025813163, "Pearson_r": 0.6055694444673713, "R2": 0.36485102518595036, "MAE": 0.1617703060471253, "MSE": 0.059029492561397494, "poisson_deviance_explained": 0.3398167019752004}, "20": {"AUC": NaN, "kappa": NaN, "f1": NaN, "precision": NaN, "recall": NaN, "average_precision": NaN, "Spearman_r": 0.5116571453837415, "Pearson_r": 0.5918717547944252, "R2": 0.3484220170741962, "MAE": 0.18000951989979624, "MSE": 0.06710375210734064, "poisson_deviance_explained": 0.32697967295244224}, "21": {"AUC": NaN, "kappa": NaN, "f1": NaN, "precision": NaN, "recall": NaN, "average_precision": NaN, "Spearman_r": 0.5352764935046348, "Pearson_r": 0.5995043180373587, "R2": 0.3570851818197548, "MAE": 0.19791025015402483, "MSE": 0.07562996468798741, "poisson_deviance_explained": 0.3275851009821381}, "22": {"AUC": NaN, "kappa": NaN, "f1": NaN, "precision": NaN, "recall": NaN, "average_precision": NaN, "Spearman_r": 0.524417092316051, "Pearson_r": 0.5985863214980264, "R2": 0.3551409529630888, "MAE": 0.17901666699084431, "MSE": 0.06492316362841573, "poisson_deviance_explained": 0.33458168434186863}, "23": {"AUC": NaN, "kappa": NaN, "f1": NaN, "precision": NaN, "recall": NaN, "average_precision": NaN, "Spearman_r": 0.5149835175450592, "Pearson_r": 0.5982473473034673, "R2": 0.355643207925724, "MAE": 0.162896506101589, "MSE": 0.06228732728679846, "poisson_deviance_explained": 0.3564981390475447}, "24": {"AUC": NaN, "kappa": NaN, "f1": NaN, "precision": NaN, "recall": NaN, "average_precision": NaN, "Spearman_r": 0.5321900288567453, "Pearson_r": 0.628607303521681, "R2": 0.3930447935561183, "MAE": 0.16779387167385196, "MSE": 0.06376674675668473, "poisson_deviance_explained": 0.38358237612121293}, "25": {"AUC": NaN, "kappa": NaN, "f1": NaN, "precision": NaN, "recall": NaN, "average_precision": NaN, "Spearman_r": 0.5546700566475945, "Pearson_r": 0.6576220522265414, "R2": 0.42738496520778924, "MAE": 0.15233044898591908, "MSE": 0.05826329135544801, "poisson_deviance_explained": 0.42912444546327166}, "26": {"AUC": NaN, "kappa": NaN, "f1": NaN, "precision": NaN, "recall": NaN, "average_precision": NaN, "Spearman_r": 0.5235695158921945, "Pearson_r": 0.6611330889338187, "R2": 0.435771835606254, "MAE": 0.1253702100687415, "MSE": 0.04870235655711045, "poisson_deviance_explained": 0.463166440017137}, "27": {"AUC": NaN, "kappa": NaN, "f1": NaN, "precision": NaN, "recall": NaN, "average_precision": NaN,