{"1": {"AUC": NaN, "kappa": NaN, "f1": NaN, "precision": NaN, "recall": NaN, "average_precision": NaN, "Spearman_r": 0.5429602123746123, "Pearson_r": 0.6305442675181834, "R2": 0.39666413868791284, "MAE": 0.14229725488579018, "MSE": 0.060107497703675475, "poisson_deviance_explained": 0.4362983543854475}, "2": {"AUC": NaN, "kappa": NaN, "f1": NaN, "precision": NaN, "recall": NaN, "average_precision": NaN, "Spearman_r": 0.5319956391194326, "Pearson_r": 0.6626930869505765, "R2": 0.4390019444472357, "MAE": 0.11834327206471824, "MSE": 0.048708186648644645, "poisson_deviance_explained": 0.5020891474640352}, "3": {"AUC": NaN, "kappa": NaN, "f1": NaN, "precision": NaN, "recall": NaN, "average_precision": NaN, "Spearman_r": 0.5515524514465318, "Pearson_r": 0.652924826637319, "R2": 0.4251750299791307, "MAE": 0.13656938767794802, "MSE": 0.05727804294027266, "poisson_deviance_explained": 0.4827872683850787}, "4": {"AUC": NaN, "kappa": NaN, "f1": NaN, "precision": NaN, "recall": NaN, "average_precision": NaN, "Spearman_r": 0.4915539656511184, "Pearson_r": 0.6421472717427662, "R2": 0.4122702875339951, "MAE": 0.10929066495192921, "MSE": 0.04449708750541653, "poisson_deviance_explained": 0.45035674800220293}, "5": {"AUC": NaN, "kappa": NaN, "f1": NaN, "precision": NaN, "recall": NaN, "average_precision": NaN, "Spearman_r": 0.5543725949563748, "Pearson_r": 0.6568590721810467, "R2": 0.4312247920130886, "MAE": 0.13973354028175872, "MSE": 0.05811741049115087, "poisson_deviance_explained": 0.4373359781118037}, "6": {"AUC": NaN, "kappa": NaN, "f1": NaN, "precision": NaN, "recall": NaN, "average_precision": NaN, "Spearman_r": 0.5261526881968857, "Pearson_r": 0.6282064485268148, "R2": 0.3936129711551093, "MAE": 0.14251314473554685, "MSE": 0.05463465018008704, "poisson_deviance_explained": 0.4088075159221123}, "7": {"AUC": NaN, "kappa": NaN, "f1": NaN, "precision": NaN, "recall": NaN, "average_precision": NaN, "Spearman_r": 0.526205945503941, "Pearson_r": 0.6158981256780387, "R2": 0.37835784800137384, "MAE": 0.16561438944370296, "MSE": 0.0628250512098749, "poisson_deviance_explained": 0.3682351645559713}, "8": {"AUC": NaN, "kappa": NaN, "f1": NaN, "precision": NaN, "recall": NaN, "average_precision": NaN, "Spearman_r": 0.5165702444380106, "Pearson_r": 0.576218251779385, "R2": 0.331321295357473, "MAE": 0.20108297070886202, "MSE": 0.07459029844248932, "poisson_deviance_explained": 0.30969544646457237}, "9": {"AUC": NaN, "kappa": NaN, "f1": NaN, "precision": NaN, "recall": NaN, "average_precision": NaN, "Spearman_r": 0.5435360828978654, "Pearson_r": 0.5913265669464589, "R2": 0.34926189655315476, "MAE": 0.20208672088833188, "MSE": 0.07731816408641719, "poisson_deviance_explained": 0.3269278414262662}, "10": {"AUC": NaN, "kappa": NaN, "f1": NaN, "precision": NaN, "recall": NaN, "average_precision": NaN, "Spearman_r": 0.5436342760973891, "Pearson_r": 0.6051002765585302, "R2": 0.3652075784839477, "MAE": 0.1897338442895285, "MSE": 0.07120178653247959, "poisson_deviance_explained": 0.340422687014706}, "11": {"AUC": NaN, "kappa": NaN, "f1": NaN, "precision": NaN, "recall": NaN, "average_precision": NaN, "Spearman_r": 0.4770995488013204, "Pearson_r": 0.5386104567323684, "R2": 0.2888345489653332, "MAE": 0.17658663656995, "MSE": 0.06500475574322488, "poisson_deviance_explained": 0.28681455956358437}, "12": {"AUC": NaN, "kappa": NaN, "f1": NaN, "precision": NaN, "recall": NaN, "average_precision": NaN, "Spearman_r": 0.5112494373020161, "Pearson_r": 0.5746055200145131, "R2": 0.32998579932921024, "MAE": 0.17448329160121118, "MSE": 0.06496684038538435, "poisson_deviance_explained": 0.32158132059762057}, "13": {"AUC": NaN, "kappa": NaN, "f1": NaN, "precision": NaN, "recall": NaN, "average_precision": NaN, "Spearman_r": 0.49752601054314316, "Pearson_r": 0.5646468853141509, "R2": 0.31850763760249423, "MAE": 0.16835384507770093, "MSE": 0.061958336780171215, "poisson_deviance_explained": 0.312186172627573}, "14": {"AUC": NaN, "kappa": NaN, "f1": NaN, "precision": NaN, "recall": NaN, "average_precision": NaN, "Spearman_r": 0.49130275633427617, "Pearson_r": 0.563271635095063, "R2": 0.3170653480156078, "MAE": 0.16305225819519295, "MSE": 0.06255573413596444, "poisson_deviance_explained": 0.31290869250742837}, "15": {"AUC": NaN, "kappa": NaN, "f1": NaN, "precision": NaN, "recall": NaN, "average_precision": NaN, "Spearman_r": 0.48601720641393253, "Pearson_r": 0.549225406346261, "R2": 0.29969028079779125, "MAE": 0.16064221330468498, "MSE": 0.0591639193598808, "poisson_deviance_explained": 0.31077783991783614}, "16": {"AUC": NaN, "kappa": NaN, "f1": NaN, "precision": NaN, "recall": NaN, "average_precision": NaN, "Spearman_r": 0.5111611143630388, "Pearson_r": 0.5872098846203718, "R2": 0.3445948237947657, "MAE": 0.16406494811973174, "MSE": 0.0623407258847736, "poisson_deviance_explained": 0.3402543458980527}, "17": {"AUC": NaN, "kappa": NaN, "f1": NaN, "precision": NaN, "recall": NaN, "average_precision": NaN, "Spearman_r": 0.49795495370202625, "Pearson_r": 0.5696665928169031, "R2": 0.32379955666648486, "MAE": 0.165982609313701, "MSE": 0.06352642915721311, "poisson_deviance_explained": 0.3196019559669516}, "18": {"AUC": NaN, "kappa": NaN, "f1": NaN, "precision": NaN, "recall": NaN, "average_precision": NaN, "Spearman_r": 0.5254148249088225, "Pearson_r": 0.5994290699412015, "R2": 0.35898115009370923, "MAE": 0.17449553385679742, "MSE": 0.06644779691375544, "poisson_deviance_explained": 0.33597100529793}, "19": {"AUC": NaN, "kappa": NaN, "f1": NaN, "precision": NaN, "recall": NaN, "average_precision": NaN, "Spearman_r": 0.5171446217028058, "Pearson_r": 0.5959278695045734, "R2": 0.35500173470627716, "MAE": 0.1658701620357389, "MSE": 0.06303775329593043, "poisson_deviance_explained": 0.3358393336704212}, "20": {"AUC": NaN, "kappa": NaN, "f1": NaN, "precision": NaN, "recall": NaN, "average_precision": NaN, "Spearman_r": 0.5336263052009843, "Pearson_r": 0.6212479276988665, "R2": 0.38508964390890277, "MAE": 0.162869076090576, "MSE": 0.06087618146575152, "poisson_deviance_explained": 0.37077282097801545}, "21": {"AUC": NaN, "kappa": NaN, "f1": NaN, "precision": NaN, "recall": NaN, "average_precision": NaN, "Spearman_r": 0.544861363795129, "Pearson_r": 0.6121525083990117, "R2": 0.37464797887072765, "MAE": 0.17965689705607488, "MSE": 0.0684426118090586, "poisson_deviance_explained": 0.3516760477519719}, "22": {"AUC": NaN, "kappa": NaN, "f1": NaN, "precision": NaN, "recall": NaN, "average_precision": NaN, "Spearman_r": 0.5373187184568543, "Pearson_r": 0.60335074421583, "R2": 0.36373021040830456, "MAE": 0.16931151868601924, "MSE": 0.06219318637339905, "poisson_deviance_explained": 0.34986138880583106}, "23": {"AUC": NaN, "kappa": NaN, "f1": NaN, "precision": NaN, "recall": NaN, "average_precision": NaN, "Spearman_r": 0.5496380646314433, "Pearson_r": 0.6326608104102525, "R2": 0.4000428534235756, "MAE": 0.16368043069428992, "MSE": 0.06160742992028279, "poisson_deviance_explained": 0.385375521948648}, "24": {"AUC": NaN, "kappa": NaN, "f1": NaN, "precision": NaN, "recall": NaN, "average_precision": NaN, "Spearman_r": 0.5653074760595541, "Pearson_r": 0.6697911759657189, "R2": 0.44775712288852, "MAE": 0.1502331815282243, "MSE": 0.057086053312842, "poisson_deviance_explained": 0.43004672910311614}, "25": {"AUC": NaN, "kappa": NaN, "f1": NaN, "precision": NaN, "recall": NaN, "average_precision": NaN, "Spearman_r": 0.5724639011879001, "Pearson_r": 0.6755166279104178, "R2": 0.45615641888474034, "MAE": 0.14212785811889125, "MSE": 0.05758826173428816, "poisson_deviance_explained": 0.4629600250943159}, "26": {"AUC": NaN, "kappa": NaN, "f1": NaN, "precision": NaN, "recall": NaN, "average_precision": NaN, "Spearman_r": 0.5763476044123181, "Pearson_r": 0.6956810384410538, "R2": 0.48322872462966504, "MAE": 0.13073748487401346, "MSE": 0.05277498802183323, "poisson_deviance_explained": 0.4968810107983376}, "27": {"AUC": NaN, "kappa": NaN, "f1": NaN, "precision": NaN, "recall": NaN, "average_precision": NaN,