{"1": {"AUC": NaN, "kappa": NaN, "f1": NaN, "precision": NaN, "recall": NaN, "average_precision": NaN, "Spearman_r": 0.5003617450744667, "Pearson_r": 0.6355605429926273, "R2": 0.4012844716810331, "MAE": 0.11315838854450577, "MSE": 0.047795617060837146, "poisson_deviance_explained": 0.4584043752216219}, "2": {"AUC": NaN, "kappa": NaN, "f1": NaN, "precision": NaN, "recall": NaN, "average_precision": NaN, "Spearman_r": 0.5217230420627085, "Pearson_r": 0.6324062320699572, "R2": 0.39967111867128857, "MAE": 0.13428254681270096, "MSE": 0.055424405012201354, "poisson_deviance_explained": 0.4351088860913668}, "3": {"AUC": NaN, "kappa": NaN, "f1": NaN, "precision": NaN, "recall": NaN, "average_precision": NaN, "Spearman_r": 0.5658677697232898, "Pearson_r": 0.6538811533485999, "R2": 0.4271909045930983, "MAE": 0.1551112695409491, "MSE": 0.06499547365891983, "poisson_deviance_explained": 0.43033687203334303}, "4": {"AUC": NaN, "kappa": NaN, "f1": NaN, "precision": NaN, "recall": NaN, "average_precision": NaN, "Spearman_r": 0.4622428963459737, "Pearson_r": 0.6087502369401, "R2": 0.369365212118014, "MAE": 0.11570588695129075, "MSE": 0.04711022744259504, "poisson_deviance_explained": 0.4126256317576412}, "5": {"AUC": NaN, "kappa": NaN, "f1": NaN, "precision": NaN, "recall": NaN, "average_precision": NaN, "Spearman_r": 0.5535366028725247, "Pearson_r": 0.6847945525177905, "R2": 0.4665277576530493, "MAE": 0.13377918425350138, "MSE": 0.05415864336532491, "poisson_deviance_explained": 0.47803988467646275}, "6": {"AUC": NaN, "kappa": NaN, "f1": NaN, "precision": NaN, "recall": NaN, "average_precision": NaN, "Spearman_r": 0.5562437457265186, "Pearson_r": 0.6458571626064036, "R2": 0.41700759525088416, "MAE": 0.16281209407795816, "MSE": 0.06568380799951554, "poisson_deviance_explained": 0.41231235949565737}, "7": {"AUC": NaN, "kappa": NaN, "f1": NaN, "precision": NaN, "recall": NaN, "average_precision": NaN, "Spearman_r": 0.4963358214420729, "Pearson_r": 0.5833541550421233, "R2": 0.3399782593077838, "MAE": 0.17482258920549062, "MSE": 0.06667069000728544, "poisson_deviance_explained": 0.3275841993449944}, "8": {"AUC": NaN, "kappa": NaN, "f1": NaN, "precision": NaN, "recall": NaN, "average_precision": NaN, "Spearman_r": 0.5264613256900874, "Pearson_r": 0.587860713946228, "R2": 0.3454838134077213, "MAE": 0.19704195303612856, "MSE": 0.0761079573763282, "poisson_deviance_explained": 0.3190276880887749}, "9": {"AUC": NaN, "kappa": NaN, "f1": NaN, "precision": NaN, "recall": NaN, "average_precision": NaN, "Spearman_r": 0.5253751055327057, "Pearson_r": 0.5767212542649955, "R2": 0.3323888473220349, "MAE": 0.19635022197299842, "MSE": 0.07489711274398732, "poisson_deviance_explained": 0.3190994788341398}, "10": {"AUC": NaN, "kappa": NaN, "f1": NaN, "precision": NaN, "recall": NaN, "average_precision": NaN, "Spearman_r": 0.5258225781362719, "Pearson_r": 0.5774821344778828, "R2": 0.33297416405221303, "MAE": 0.19344385374346967, "MSE": 0.07522855425279923, "poisson_deviance_explained": 0.3113270964996693}, "11": {"AUC": NaN, "kappa": NaN, "f1": NaN, "precision": NaN, "recall": NaN, "average_precision": NaN, "Spearman_r": 0.49879262360897464, "Pearson_r": 0.5581699117446792, "R2": 0.3115176951655044, "MAE": 0.19025042861705874, "MSE": 0.07278129070986582, "poisson_deviance_explained": 0.28681204982852604}, "12": {"AUC": NaN, "kappa": NaN, "f1": NaN, "precision": NaN, "recall": NaN, "average_precision": NaN, "Spearman_r": 0.4741928009773972, "Pearson_r": 0.5478150485732304, "R2": 0.2999930483817199, "MAE": 0.15989592641016692, "MSE": 0.05848023773131414, "poisson_deviance_explained": 0.30600986047268386}, "13": {"AUC": NaN, "kappa": NaN, "f1": NaN, "precision": NaN, "recall": NaN, "average_precision": NaN, "Spearman_r": 0.5129917259381301, "Pearson_r": 0.568689251255312, "R2": 0.32273886613298375, "MAE": 0.1752756807996908, "MSE": 0.06506533648543307, "poisson_deviance_explained": 0.3348498392587417}, "14": {"AUC": NaN, "kappa": NaN, "f1": NaN, "precision": NaN, "recall": NaN, "average_precision": NaN, "Spearman_r": 0.4766840757913872, "Pearson_r": 0.5592983456429036, "R2": 0.3123030153808344, "MAE": 0.16922220317761513, "MSE": 0.06377622279996757, "poisson_deviance_explained": 0.30191870828450773}, "15": {"AUC": NaN, "kappa": NaN, "f1": NaN, "precision": NaN, "recall": NaN, "average_precision": NaN, "Spearman_r": 0.5135150418298424, "Pearson_r": 0.6141996806484272, "R2": 0.3761976425285516, "MAE": 0.1532902154723386, "MSE": 0.05722025380884967, "poisson_deviance_explained": 0.37620175262897826}, "16": {"AUC": NaN, "kappa": NaN, "f1": NaN, "precision": NaN, "recall": NaN, "average_precision": NaN, "Spearman_r": 0.4972832006668369, "Pearson_r": 0.593861336691984, "R2": 0.3521591222292141, "MAE": 0.16143020629339302, "MSE": 0.061729213439800534, "poisson_deviance_explained": 0.33439446353557256}, "17": {"AUC": NaN, "kappa": NaN, "f1": NaN, "precision": NaN, "recall": NaN, "average_precision": NaN, "Spearman_r": 0.48590730868237153, "Pearson_r": 0.5601031083534518, "R2": 0.31355806702995326, "MAE": 0.1677847461340597, "MSE": 0.06503500068373018, "poisson_deviance_explained": 0.30140176873124847}, "18": {"AUC": NaN, "kappa": NaN, "f1": NaN, "precision": NaN, "recall": NaN, "average_precision": NaN, "Spearman_r": 0.49326049776644837, "Pearson_r": 0.5735626382302667, "R2": 0.3272021309014943, "MAE": 0.15478219293502055, "MSE": 0.05880474472642406, "poisson_deviance_explained": 0.3293955611482734}, "19": {"AUC": NaN, "kappa": NaN, "f1": NaN, "precision": NaN, "recall": NaN, "average_precision": NaN, "Spearman_r": 0.48819397789394875, "Pearson_r": 0.5714934477537837, "R2": 0.32567321493434565, "MAE": 0.1681378596954501, "MSE": 0.06544772419921686, "poisson_deviance_explained": 0.306554589360564}, "20": {"AUC": NaN, "kappa": NaN, "f1": NaN, "precision": NaN, "recall": NaN, "average_precision": NaN, "Spearman_r": 0.5164741497777118, "Pearson_r": 0.5896964454836088, "R2": 0.3476225559613363, "MAE": 0.1692124324059763, "MSE": 0.0628552600115664, "poisson_deviance_explained": 0.3256944702677117}, "21": {"AUC": NaN, "kappa": NaN, "f1": NaN, "precision": NaN, "recall": NaN, "average_precision": NaN, "Spearman_r": 0.5311391047947479, "Pearson_r": 0.601733321470282, "R2": 0.36172950150258165, "MAE": 0.18815084012881514, "MSE": 0.07211366422338017, "poisson_deviance_explained": 0.3349605019937636}, "22": {"AUC": NaN, "kappa": NaN, "f1": NaN, "precision": NaN, "recall": NaN, "average_precision": NaN, "Spearman_r": 0.5553154875390335, "Pearson_r": 0.6321085159929983, "R2": 0.3993183964850481, "MAE": 0.1809620030792795, "MSE": 0.07096768651612972, "poisson_deviance_explained": 0.36182069392137717}, "23": {"AUC": NaN, "kappa": NaN, "f1": NaN, "precision": NaN, "recall": NaN, "average_precision": NaN, "Spearman_r": 0.5410736696053149, "Pearson_r": 0.6226657103975813, "R2": 0.3876905935603373, "MAE": 0.17665909782090872, "MSE": 0.07099114021219993, "poisson_deviance_explained": 0.36113208710597644}, "24": {"AUC": NaN, "kappa": NaN, "f1": NaN, "precision": NaN, "recall": NaN, "average_precision": NaN, "Spearman_r": 0.5386413109956245, "Pearson_r": 0.633293309621682, "R2": 0.40010139839134984, "MAE": 0.16060283313569648, "MSE": 0.06160887397222472, "poisson_deviance_explained": 0.3960491974791105}, "25": {"AUC": NaN, "kappa": NaN, "f1": NaN, "precision": NaN, "recall": NaN, "average_precision": NaN, "Spearman_r": 0.5571194687316411, "Pearson_r": 0.658864820908784, "R2": 0.4331403593659837, "MAE": 0.14444527715225355, "MSE": 0.058119895553525834, "poisson_deviance_explained": 0.44770570830831935}, "26": {"AUC": NaN, "kappa": NaN, "f1": NaN, "precision": NaN, "recall": NaN, "average_precision": NaN, "Spearman_r": 0.5322939850255676, "Pearson_r": 0.6311963707659011, "R2": 0.3983864338260801, "MAE": 0.14049725530742552, "MSE": 0.057506419486769295, "poisson_deviance_explained": 0.4125041766347738}, "27": {"AUC": NaN, "kappa": NaN, "f1": NaN, "precision": NaN, "recall": NaN, "average_precision": NaN,