{"1": {"AUC": NaN, "kappa": NaN, "f1": NaN, "precision": NaN, "recall": NaN, "average_precision": NaN, "Spearman_r": 0.49115543421178715, "Pearson_r": 0.6430433473911099, "R2": 0.4132520904881213, "MAE": 0.10639984046653403, "MSE": 0.04295021077640117, "poisson_deviance_explained": 0.4581751004490675}, "2": {"AUC": NaN, "kappa": NaN, "f1": NaN, "precision": NaN, "recall": NaN, "average_precision": NaN, "Spearman_r": 0.556535034973534, "Pearson_r": 0.6547958550755868, "R2": 0.42773582080146344, "MAE": 0.14895711325439592, "MSE": 0.0593623549926521, "poisson_deviance_explained": 0.4303019522421083}, "3": {"AUC": NaN, "kappa": NaN, "f1": NaN, "precision": NaN, "recall": NaN, "average_precision": NaN, "Spearman_r": 0.5719444086345212, "Pearson_r": 0.6841978281387197, "R2": 0.46735333140935054, "MAE": 0.1380685439523349, "MSE": 0.0545072976492851, "poisson_deviance_explained": 0.4787301933076331}, "4": {"AUC": NaN, "kappa": NaN, "f1": NaN, "precision": NaN, "recall": NaN, "average_precision": NaN, "Spearman_r": 0.5612046986962422, "Pearson_r": 0.6750195446952234, "R2": 0.4548261115752752, "MAE": 0.14376971888246212, "MSE": 0.05726588255369719, "poisson_deviance_explained": 0.45262960426785837}, "5": {"AUC": NaN, "kappa": NaN, "f1": NaN, "precision": NaN, "recall": NaN, "average_precision": NaN, "Spearman_r": 0.5432385767294898, "Pearson_r": 0.6835319299989154, "R2": 0.465024088516688, "MAE": 0.1330297435575997, "MSE": 0.0500106410828999, "poisson_deviance_explained": 0.470670864862348}, "6": {"AUC": NaN, "kappa": NaN, "f1": NaN, "precision": NaN, "recall": NaN, "average_precision": NaN, "Spearman_r": 0.5728322136534176, "Pearson_r": 0.665631203434553, "R2": 0.4413259844486366, "MAE": 0.15843021476130664, "MSE": 0.06037215825093686, "poisson_deviance_explained": 0.4296857353060052}, "7": {"AUC": NaN, "kappa": NaN, "f1": NaN, "precision": NaN, "recall": NaN, "average_precision": NaN, "Spearman_r": 0.5360337066924286, "Pearson_r": 0.6251855757209551, "R2": 0.38910458254531444, "MAE": 0.1653917251789952, "MSE": 0.061518023267156524, "poisson_deviance_explained": 0.38188744968884913}, "8": {"AUC": NaN, "kappa": NaN, "f1": NaN, "precision": NaN, "recall": NaN, "average_precision": NaN, "Spearman_r": 0.5541977163052811, "Pearson_r": 0.612010265101423, "R2": 0.3724630431938215, "MAE": 0.19874049353984632, "MSE": 0.07409846359252675, "poisson_deviance_explained": 0.35503604022649293}, "9": {"AUC": NaN, "kappa": NaN, "f1": NaN, "precision": NaN, "recall": NaN, "average_precision": NaN, "Spearman_r": 0.5518943654358133, "Pearson_r": 0.6132201052021863, "R2": 0.373403205736791, "MAE": 0.19227627727106647, "MSE": 0.07089779471756673, "poisson_deviance_explained": 0.35231240663413566}, "10": {"AUC": NaN, "kappa": NaN, "f1": NaN, "precision": NaN, "recall": NaN, "average_precision": NaN, "Spearman_r": 0.5267469245699965, "Pearson_r": 0.5913473320111541, "R2": 0.3470298918273732, "MAE": 0.18987874874681773, "MSE": 0.07157655649396118, "poisson_deviance_explained": 0.33601835574604644}, "11": {"AUC": NaN, "kappa": NaN, "f1": NaN, "precision": NaN, "recall": NaN, "average_precision": NaN, "Spearman_r": 0.5191179645002518, "Pearson_r": 0.5817315691894207, "R2": 0.3363652678068675, "MAE": 0.18607511366076812, "MSE": 0.06852268153882429, "poisson_deviance_explained": 0.3171873546404379}, "12": {"AUC": NaN, "kappa": NaN, "f1": NaN, "precision": NaN, "recall": NaN, "average_precision": NaN, "Spearman_r": 0.49853739199037234, "Pearson_r": 0.5596026034018887, "R2": 0.31206755543084486, "MAE": 0.17606950582194977, "MSE": 0.06186070265985566, "poisson_deviance_explained": 0.30354567261675425}, "13": {"AUC": NaN, "kappa": NaN, "f1": NaN, "precision": NaN, "recall": NaN, "average_precision": NaN, "Spearman_r": 0.521395181246685, "Pearson_r": 0.5897932503217833, "R2": 0.34645454900024963, "MAE": 0.1699875590182877, "MSE": 0.06193293332449798, "poisson_deviance_explained": 0.3446287399671827}, "14": {"AUC": NaN, "kappa": NaN, "f1": NaN, "precision": NaN, "recall": NaN, "average_precision": NaN, "Spearman_r": 0.5168100034045114, "Pearson_r": 0.5825324778005601, "R2": 0.33775726696672115, "MAE": 0.17464674446544953, "MSE": 0.06405322929723677, "poisson_deviance_explained": 0.33313863696757284}, "15": {"AUC": NaN, "kappa": NaN, "f1": NaN, "precision": NaN, "recall": NaN, "average_precision": NaN, "Spearman_r": 0.5093624633786685, "Pearson_r": 0.5814935705823823, "R2": 0.3366157943792508, "MAE": 0.16939655021301206, "MSE": 0.061662142000660634, "poisson_deviance_explained": 0.3314329079433229}, "16": {"AUC": NaN, "kappa": NaN, "f1": NaN, "precision": NaN, "recall": NaN, "average_precision": NaN, "Spearman_r": 0.5022646008378918, "Pearson_r": 0.6078687607309449, "R2": 0.36744159908566243, "MAE": 0.14694183461573943, "MSE": 0.05244491508554017, "poisson_deviance_explained": 0.36408256040468634}, "17": {"AUC": NaN, "kappa": NaN, "f1": NaN, "precision": NaN, "recall": NaN, "average_precision": NaN, "Spearman_r": 0.5210445489687621, "Pearson_r": 0.5965251239541484, "R2": 0.3541520681187583, "MAE": 0.16950323055102975, "MSE": 0.06114959012965762, "poisson_deviance_explained": 0.34150587699311385}, "18": {"AUC": NaN, "kappa": NaN, "f1": NaN, "precision": NaN, "recall": NaN, "average_precision": NaN, "Spearman_r": 0.51557696469376, "Pearson_r": 0.6171414826121864, "R2": 0.378808993613738, "MAE": 0.1523346811937501, "MSE": 0.05460472338963814, "poisson_deviance_explained": 0.3669124435965134}, "19": {"AUC": NaN, "kappa": NaN, "f1": NaN, "precision": NaN, "recall": NaN, "average_precision": NaN, "Spearman_r": 0.5408703330776425, "Pearson_r": 0.6085164468924186, "R2": 0.36771609451386444, "MAE": 0.16984906677433462, "MSE": 0.06153365839130099, "poisson_deviance_explained": 0.3586732351518175}, "20": {"AUC": NaN, "kappa": NaN, "f1": NaN, "precision": NaN, "recall": NaN, "average_precision": NaN, "Spearman_r": 0.5475275485422778, "Pearson_r": 0.6263534783760989, "R2": 0.3897553802431941, "MAE": 0.17262242546753825, "MSE": 0.062401560208194144, "poisson_deviance_explained": 0.37011106445842257}, "21": {"AUC": NaN, "kappa": NaN, "f1": NaN, "precision": NaN, "recall": NaN, "average_precision": NaN, "Spearman_r": 0.5417714588360891, "Pearson_r": 0.6072941110007372, "R2": 0.36677593031302824, "MAE": 0.17689300598714924, "MSE": 0.0644617744472784, "poisson_deviance_explained": 0.3554487488925331}, "22": {"AUC": NaN, "kappa": NaN, "f1": NaN, "precision": NaN, "recall": NaN, "average_precision": NaN, "Spearman_r": 0.5507418295396002, "Pearson_r": 0.6184133274791812, "R2": 0.37805078139542436, "MAE": 0.1768581414572635, "MSE": 0.06271220052917152, "poisson_deviance_explained": 0.3606355893060271}, "23": {"AUC": NaN, "kappa": NaN, "f1": NaN, "precision": NaN, "recall": NaN, "average_precision": NaN, "Spearman_r": 0.5560188087985412, "Pearson_r": 0.646529918501587, "R2": 0.41609599445823287, "MAE": 0.15849980863587226, "MSE": 0.05819334024415691, "poisson_deviance_explained": 0.41004918976236115}, "24": {"AUC": NaN, "kappa": NaN, "f1": NaN, "precision": NaN, "recall": NaN, "average_precision": NaN, "Spearman_r": 0.5619688777797649, "Pearson_r": 0.6506301023989194, "R2": 0.42090799107025234, "MAE": 0.15658821826009123, "MSE": 0.05782255538593779, "poisson_deviance_explained": 0.41776537938634195}, "25": {"AUC": NaN, "kappa": NaN, "f1": NaN, "precision": NaN, "recall": NaN, "average_precision": NaN, "Spearman_r": 0.5067815850078842, "Pearson_r": 0.6523028530461941, "R2": 0.4249409166666457, "MAE": 0.12053731114650193, "MSE": 0.04587840885205614, "poisson_deviance_explained": 0.4376797661889975}, "26": {"AUC": NaN, "kappa": NaN, "f1": NaN, "precision": NaN, "recall": NaN, "average_precision": NaN, "Spearman_r": 0.5588074771174139, "Pearson_r": 0.6893905929516299, "R2": 0.47426574555692824, "MAE": 0.13027452023786193, "MSE": 0.05229834516419083, "poisson_deviance_explained": 0.49173064571544356}, "27": {"AUC": NaN, "kappa": NaN, "f1": NaN, "precision": NaN, "recall": NaN, "average_precision": NaN,