{"1": {"AUC": NaN, "kappa": NaN, "f1": NaN, "precision": NaN, "recall": NaN, "average_precision": NaN, "Spearman_r": 0.5156872665540906, "Pearson_r": 0.6644759202815069, "R2": 0.4413165562766077, "MAE": 0.11039353786703958, "MSE": 0.044751580838162816, "poisson_deviance_explained": 0.4966849728637789}, "2": {"AUC": NaN, "kappa": NaN, "f1": NaN, "precision": NaN, "recall": NaN, "average_precision": NaN, "Spearman_r": 0.5779673892145979, "Pearson_r": 0.697170206191537, "R2": 0.485971003430281, "MAE": 0.1349041018201111, "MSE": 0.05581121341978431, "poisson_deviance_explained": 0.493888320674859}, "3": {"AUC": NaN, "kappa": NaN, "f1": NaN, "precision": NaN, "recall": NaN, "average_precision": NaN, "Spearman_r": 0.563047539875645, "Pearson_r": 0.6788361642885279, "R2": 0.46063162559029613, "MAE": 0.13450649534608383, "MSE": 0.05510675885451431, "poisson_deviance_explained": 0.4733079179889059}, "4": {"AUC": NaN, "kappa": NaN, "f1": NaN, "precision": NaN, "recall": NaN, "average_precision": NaN, "Spearman_r": 0.542787720886311, "Pearson_r": 0.6704953965635849, "R2": 0.4490368050619761, "MAE": 0.12577425454902086, "MSE": 0.05077908315304005, "poisson_deviance_explained": 0.47068293617472134}, "5": {"AUC": NaN, "kappa": NaN, "f1": NaN, "precision": NaN, "recall": NaN, "average_precision": NaN, "Spearman_r": 0.5586290013283843, "Pearson_r": 0.6600248231836118, "R2": 0.4353539092573041, "MAE": 0.14283963659282, "MSE": 0.05855718691464449, "poisson_deviance_explained": 0.44033250859931905}, "6": {"AUC": NaN, "kappa": NaN, "f1": NaN, "precision": NaN, "recall": NaN, "average_precision": NaN, "Spearman_r": 0.5514203481024689, "Pearson_r": 0.6650011212070961, "R2": 0.4417633930274425, "MAE": 0.14113240733732288, "MSE": 0.05502736280239551, "poisson_deviance_explained": 0.4414193293139407}, "7": {"AUC": NaN, "kappa": NaN, "f1": NaN, "precision": NaN, "recall": NaN, "average_precision": NaN, "Spearman_r": 0.5550256481075319, "Pearson_r": 0.6440032395906723, "R2": 0.4142583051224691, "MAE": 0.16817234469086026, "MSE": 0.06435191881373646, "poisson_deviance_explained": 0.3912452565088016}, "8": {"AUC": NaN, "kappa": NaN, "f1": NaN, "precision": NaN, "recall": NaN, "average_precision": NaN, "Spearman_r": 0.5414057528021203, "Pearson_r": 0.6203427541327363, "R2": 0.384240803748484, "MAE": 0.17785967280565942, "MSE": 0.0671343762173533, "poisson_deviance_explained": 0.3619323877174442}, "9": {"AUC": NaN, "kappa": NaN, "f1": NaN, "precision": NaN, "recall": NaN, "average_precision": NaN, "Spearman_r": 0.5511037567796715, "Pearson_r": 0.6160849636178827, "R2": 0.3790301951786207, "MAE": 0.18637280652810784, "MSE": 0.07163174161272172, "poisson_deviance_explained": 0.35710569714293927}, "10": {"AUC": NaN, "kappa": NaN, "f1": NaN, "precision": NaN, "recall": NaN, "average_precision": NaN, "Spearman_r": 0.5323770425788329, "Pearson_r": 0.6010551977611162, "R2": 0.3607186965566457, "MAE": 0.18414383858339628, "MSE": 0.07118935298275718, "poisson_deviance_explained": 0.34267225668197054}, "11": {"AUC": NaN, "kappa": NaN, "f1": NaN, "precision": NaN, "recall": NaN, "average_precision": NaN, "Spearman_r": 0.5383567147202876, "Pearson_r": 0.609477501240848, "R2": 0.3705482174162781, "MAE": 0.16881551001298656, "MSE": 0.06177806200385179, "poisson_deviance_explained": 0.3540662049523343}, "12": {"AUC": NaN, "kappa": NaN, "f1": NaN, "precision": NaN, "recall": NaN, "average_precision": NaN, "Spearman_r": 0.5224665905380061, "Pearson_r": 0.5887768203293021, "R2": 0.34595113131937605, "MAE": 0.1701973154739438, "MSE": 0.06314941353444647, "poisson_deviance_explained": 0.3385874122677781}, "13": {"AUC": NaN, "kappa": NaN, "f1": NaN, "precision": NaN, "recall": NaN, "average_precision": NaN, "Spearman_r": 0.5128353164817463, "Pearson_r": 0.5867831763205102, "R2": 0.34387315728064416, "MAE": 0.15851306987188468, "MSE": 0.058624397665098193, "poisson_deviance_explained": 0.34726599945070746}, "14": {"AUC": NaN, "kappa": NaN, "f1": NaN, "precision": NaN, "recall": NaN, "average_precision": NaN, "Spearman_r": 0.5193453097039282, "Pearson_r": 0.6019351052283497, "R2": 0.36194341759624815, "MAE": 0.15732751897204125, "MSE": 0.05885465409411524, "poisson_deviance_explained": 0.3637508441428401}, "15": {"AUC": NaN, "kappa": NaN, "f1": NaN, "precision": NaN, "recall": NaN, "average_precision": NaN, "Spearman_r": 0.49962204858600373, "Pearson_r": 0.5724382315620226, "R2": 0.3274349246097775, "MAE": 0.15758519949882088, "MSE": 0.05917720603537276, "poisson_deviance_explained": 0.32785028469032007}, "16": {"AUC": NaN, "kappa": NaN, "f1": NaN, "precision": NaN, "recall": NaN, "average_precision": NaN, "Spearman_r": 0.5198270192299611, "Pearson_r": 0.5938985611763289, "R2": 0.3525514088622014, "MAE": 0.16095550442301176, "MSE": 0.0624750243265045, "poisson_deviance_explained": 0.35395720110787077}, "17": {"AUC": NaN, "kappa": NaN, "f1": NaN, "precision": NaN, "recall": NaN, "average_precision": NaN, "Spearman_r": 0.5246614245613465, "Pearson_r": 0.6073075994932553, "R2": 0.36857372437161373, "MAE": 0.1595664551059051, "MSE": 0.06048167521789296, "poisson_deviance_explained": 0.3626344499071551}, "18": {"AUC": NaN, "kappa": NaN, "f1": NaN, "precision": NaN, "recall": NaN, "average_precision": NaN, "Spearman_r": 0.5233506829857384, "Pearson_r": 0.6153750297050034, "R2": 0.37831716475792754, "MAE": 0.14910157977904767, "MSE": 0.05574886652280986, "poisson_deviance_explained": 0.37261590340967365}, "19": {"AUC": NaN, "kappa": NaN, "f1": NaN, "precision": NaN, "recall": NaN, "average_precision": NaN, "Spearman_r": 0.5310115576759931, "Pearson_r": 0.6118168176562567, "R2": 0.3733199022966146, "MAE": 0.15809978049072787, "MSE": 0.06034549688552064, "poisson_deviance_explained": 0.36985853860655316}, "20": {"AUC": NaN, "kappa": NaN, "f1": NaN, "precision": NaN, "recall": NaN, "average_precision": NaN, "Spearman_r": 0.5412423752646304, "Pearson_r": 0.6228914105479681, "R2": 0.38737735505886917, "MAE": 0.16266469605224396, "MSE": 0.061463266022506326, "poisson_deviance_explained": 0.37457012922749544}, "21": {"AUC": NaN, "kappa": NaN, "f1": NaN, "precision": NaN, "recall": NaN, "average_precision": NaN, "Spearman_r": 0.5464971380300137, "Pearson_r": 0.6289694610088038, "R2": 0.39525232603858207, "MAE": 0.1636599659715839, "MSE": 0.06126047689763252, "poisson_deviance_explained": 0.3760970826783553}, "22": {"AUC": NaN, "kappa": NaN, "f1": NaN, "precision": NaN, "recall": NaN, "average_precision": NaN, "Spearman_r": 0.5511604589757555, "Pearson_r": 0.62682904124334, "R2": 0.3926203098904105, "MAE": 0.16673203095341657, "MSE": 0.061590825553830754, "poisson_deviance_explained": 0.3710821046747913}, "23": {"AUC": NaN, "kappa": NaN, "f1": NaN, "precision": NaN, "recall": NaN, "average_precision": NaN, "Spearman_r": 0.5533111910885222, "Pearson_r": 0.6255954405028988, "R2": 0.3901064845004768, "MAE": 0.17071156912374183, "MSE": 0.06506875518998848, "poisson_deviance_explained": 0.38488052447289745}, "24": {"AUC": NaN, "kappa": NaN, "f1": NaN, "precision": NaN, "recall": NaN, "average_precision": NaN, "Spearman_r": 0.5481987236324815, "Pearson_r": 0.6507461130892452, "R2": 0.4229230546805596, "MAE": 0.14685252815369434, "MSE": 0.05901823269559338, "poisson_deviance_explained": 0.42667575755056286}, "25": {"AUC": NaN, "kappa": NaN, "f1": NaN, "precision": NaN, "recall": NaN, "average_precision": NaN, "Spearman_r": 0.5326352930019544, "Pearson_r": 0.675813136674571, "R2": 0.45641235479436637, "MAE": 0.11689327135037068, "MSE": 0.04671924794477357, "poisson_deviance_explained": 0.48087206224419143}, "26": {"AUC": NaN, "kappa": NaN, "f1": NaN, "precision": NaN, "recall": NaN, "average_precision": NaN, "Spearman_r": 0.5650911501909233, "Pearson_r": 0.6797244941374834, "R2": 0.461597671204361, "MAE": 0.13371220942238446, "MSE": 0.053652716932169595, "poisson_deviance_explained": 0.4757280315125392}, "27": {"AUC": NaN, "kappa": NaN, "f1": NaN, "precision": NaN, "recall": NaN, "average_precision": NaN,