{"1": {"AUC": NaN, "kappa": NaN, "f1": NaN, "precision": NaN, "recall": NaN, "average_precision": NaN, "Spearman_r": 0.5138366654067839, "Pearson_r": 0.6627985178980776, "R2": 0.4384272622096391, "MAE": 0.1105271039502236, "MSE": 0.04452261027809131, "poisson_deviance_explained": 0.49345166688093}, "2": {"AUC": NaN, "kappa": NaN, "f1": NaN, "precision": NaN, "recall": NaN, "average_precision": NaN, "Spearman_r": 0.5647885745374609, "Pearson_r": 0.6804146547006484, "R2": 0.4626138475647126, "MAE": 0.13458805020796324, "MSE": 0.05491521003400084, "poisson_deviance_explained": 0.47529581221696593}, "3": {"AUC": NaN, "kappa": NaN, "f1": NaN, "precision": NaN, "recall": NaN, "average_precision": NaN, "Spearman_r": 0.5484930717747947, "Pearson_r": 0.6749917560610753, "R2": 0.4552685199552836, "MAE": 0.1277847834723463, "MSE": 0.05192059923454965, "poisson_deviance_explained": 0.4975638257146182}, "4": {"AUC": NaN, "kappa": NaN, "f1": NaN, "precision": NaN, "recall": NaN, "average_precision": NaN, "Spearman_r": 0.5418838673927309, "Pearson_r": 0.6868742520864329, "R2": 0.47165370622572755, "MAE": 0.1159114634785501, "MSE": 0.046603697876255686, "poisson_deviance_explained": 0.4826826679969761}, "5": {"AUC": NaN, "kappa": NaN, "f1": NaN, "precision": NaN, "recall": NaN, "average_precision": NaN, "Spearman_r": 0.552331155950887, "Pearson_r": 0.6667605070174902, "R2": 0.4445135089260812, "MAE": 0.13987399171447112, "MSE": 0.056153129824935054, "poisson_deviance_explained": 0.4496813887964851}, "6": {"AUC": NaN, "kappa": NaN, "f1": NaN, "precision": NaN, "recall": NaN, "average_precision": NaN, "Spearman_r": 0.5585584806129534, "Pearson_r": 0.636479642481333, "R2": 0.40508367844505666, "MAE": 0.169952828072934, "MSE": 0.06809438361087593, "poisson_deviance_explained": 0.3991201307353699}, "7": {"AUC": NaN, "kappa": NaN, "f1": NaN, "precision": NaN, "recall": NaN, "average_precision": NaN, "Spearman_r": 0.5527444583392882, "Pearson_r": 0.6247067163285509, "R2": 0.3901271076678715, "MAE": 0.18393988778834297, "MSE": 0.07275025010099441, "poisson_deviance_explained": 0.37473894365056504}, "8": {"AUC": NaN, "kappa": NaN, "f1": NaN, "precision": NaN, "recall": NaN, "average_precision": NaN, "Spearman_r": 0.545540551915987, "Pearson_r": 0.5994532871226672, "R2": 0.3589826948903264, "MAE": 0.20426991845710246, "MSE": 0.07891540093340572, "poisson_deviance_explained": 0.3356784916671699}, "9": {"AUC": NaN, "kappa": NaN, "f1": NaN, "precision": NaN, "recall": NaN, "average_precision": NaN, "Spearman_r": 0.5530858128882042, "Pearson_r": 0.6051148938484965, "R2": 0.3660242167252037, "MAE": 0.19437416334077207, "MSE": 0.07418522993136376, "poisson_deviance_explained": 0.34431989672920227}, "10": {"AUC": NaN, "kappa": NaN, "f1": NaN, "precision": NaN, "recall": NaN, "average_precision": NaN, "Spearman_r": 0.5151086773763465, "Pearson_r": 0.5667601972783913, "R2": 0.32084506632691734, "MAE": 0.19648929041058483, "MSE": 0.07418929646244575, "poisson_deviance_explained": 0.29992914948364013}, "11": {"AUC": NaN, "kappa": NaN, "f1": NaN, "precision": NaN, "recall": NaN, "average_precision": NaN, "Spearman_r": 0.5260692841311051, "Pearson_r": 0.5855940328958351, "R2": 0.3427442190217066, "MAE": 0.18314633550266832, "MSE": 0.06842219854691572, "poisson_deviance_explained": 0.33037732647682505}, "12": {"AUC": NaN, "kappa": NaN, "f1": NaN, "precision": NaN, "recall": NaN, "average_precision": NaN, "Spearman_r": 0.514565403781673, "Pearson_r": 0.5770424317995239, "R2": 0.3322202206563918, "MAE": 0.17475509942770467, "MSE": 0.06477022778139556, "poisson_deviance_explained": 0.32377798199466346}, "13": {"AUC": NaN, "kappa": NaN, "f1": NaN, "precision": NaN, "recall": NaN, "average_precision": NaN, "Spearman_r": 0.48845651958873776, "Pearson_r": 0.5657663138665439, "R2": 0.31889043799904915, "MAE": 0.15736079186781407, "MSE": 0.05581565515063191, "poisson_deviance_explained": 0.32216391154735724}, "14": {"AUC": NaN, "kappa": NaN, "f1": NaN, "precision": NaN, "recall": NaN, "average_precision": NaN, "Spearman_r": 0.5019707884150442, "Pearson_r": 0.582161826512873, "R2": 0.33838009674322167, "MAE": 0.1552448692132879, "MSE": 0.05734225276439401, "poisson_deviance_explained": 0.341459017298295}, "15": {"AUC": NaN, "kappa": NaN, "f1": NaN, "precision": NaN, "recall": NaN, "average_precision": NaN, "Spearman_r": 0.5064085817745171, "Pearson_r": 0.5810695777313275, "R2": 0.3369547957169189, "MAE": 0.16368193219183907, "MSE": 0.0605883853558536, "poisson_deviance_explained": 0.33175713596723655}, "16": {"AUC": NaN, "kappa": NaN, "f1": NaN, "precision": NaN, "recall": NaN, "average_precision": NaN, "Spearman_r": 0.5051203851666769, "Pearson_r": 0.5890067753328283, "R2": 0.34672811254088876, "MAE": 0.1621067554688419, "MSE": 0.06104563893265273, "poisson_deviance_explained": 0.3403188803808037}, "17": {"AUC": NaN, "kappa": NaN, "f1": NaN, "precision": NaN, "recall": NaN, "average_precision": NaN, "Spearman_r": 0.497367260600857, "Pearson_r": 0.5730943633222315, "R2": 0.3267158544411539, "MAE": 0.15724089647015602, "MSE": 0.060288740277248704, "poisson_deviance_explained": 0.3248904422814407}, "18": {"AUC": NaN, "kappa": NaN, "f1": NaN, "precision": NaN, "recall": NaN, "average_precision": NaN, "Spearman_r": 0.5010413448297032, "Pearson_r": 0.5719569564615081, "R2": 0.32255214089615636, "MAE": 0.16456238520787483, "MSE": 0.06162104284071817, "poisson_deviance_explained": 0.32480310506826815}, "19": {"AUC": NaN, "kappa": NaN, "f1": NaN, "precision": NaN, "recall": NaN, "average_precision": NaN, "Spearman_r": 0.5254126550397377, "Pearson_r": 0.5900571641404142, "R2": 0.34698161284683904, "MAE": 0.16465776543157376, "MSE": 0.06192477897143111, "poisson_deviance_explained": 0.3527054706216086}, "20": {"AUC": NaN, "kappa": NaN, "f1": NaN, "precision": NaN, "recall": NaN, "average_precision": NaN, "Spearman_r": 0.5538702904902577, "Pearson_r": 0.6188033716146407, "R2": 0.38231509341871606, "MAE": 0.1750766004042672, "MSE": 0.06621989664345956, "poisson_deviance_explained": 0.36088970808348697}, "21": {"AUC": NaN, "kappa": NaN, "f1": NaN, "precision": NaN, "recall": NaN, "average_precision": NaN, "Spearman_r": 0.547668425765857, "Pearson_r": 0.6232632813654881, "R2": 0.388034450704718, "MAE": 0.16669455971482225, "MSE": 0.06258191597689783, "poisson_deviance_explained": 0.37723306223488984}, "22": {"AUC": NaN, "kappa": NaN, "f1": NaN, "precision": NaN, "recall": NaN, "average_precision": NaN, "Spearman_r": 0.551715772913262, "Pearson_r": 0.6186335546792485, "R2": 0.38147960756556243, "MAE": 0.1882491022699046, "MSE": 0.07050188309547067, "poisson_deviance_explained": 0.35215489963026403}, "23": {"AUC": NaN, "kappa": NaN, "f1": NaN, "precision": NaN, "recall": NaN, "average_precision": NaN, "Spearman_r": 0.5582418709690188, "Pearson_r": 0.6376337122953836, "R2": 0.4056072029298178, "MAE": 0.17197215853535722, "MSE": 0.06425300307743925, "poisson_deviance_explained": 0.3855341745198827}, "24": {"AUC": NaN, "kappa": NaN, "f1": NaN, "precision": NaN, "recall": NaN, "average_precision": NaN, "Spearman_r": 0.5431879183084409, "Pearson_r": 0.6790744926098286, "R2": 0.4598468180363565, "MAE": 0.13599502043332623, "MSE": 0.051778383668883494, "poisson_deviance_explained": 0.4589181434236991}, "25": {"AUC": NaN, "kappa": NaN, "f1": NaN, "precision": NaN, "recall": NaN, "average_precision": NaN, "Spearman_r": 0.572371924500894, "Pearson_r": 0.6854969802469475, "R2": 0.4697400666259809, "MAE": 0.1414910240972014, "MSE": 0.056952801111033395, "poisson_deviance_explained": 0.47346314754061014}, "26": {"AUC": NaN, "kappa": NaN, "f1": NaN, "precision": NaN, "recall": NaN, "average_precision": NaN, "Spearman_r": 0.5687686818648598, "Pearson_r": 0.6823211374153606, "R2": 0.4655068615654454, "MAE": 0.1350373062814873, "MSE": 0.054678363752947094, "poisson_deviance_explained": 0.481205593618494}, "27": {"AUC": NaN, "kappa": NaN, "f1": NaN, "precision": NaN, "recall": NaN, "average_precision": NaN,