{"1": {"AUC": NaN, "kappa": NaN, "f1": NaN, "precision": NaN, "recall": NaN, "average_precision": NaN, "Spearman_r": 0.5198531048460958, "Pearson_r": 0.6276578922473988, "R2": 0.3936998848562009, "MAE": 0.1335675574896158, "MSE": 0.05454809376417477, "poisson_deviance_explained": 0.4251805288478443}, "2": {"AUC": NaN, "kappa": NaN, "f1": NaN, "precision": NaN, "recall": NaN, "average_precision": NaN, "Spearman_r": 0.5347367974769127, "Pearson_r": 0.6191576307274878, "R2": 0.3829718025444667, "MAE": 0.15093915671862626, "MSE": 0.05937854600107185, "poisson_deviance_explained": 0.4022230116262919}, "3": {"AUC": NaN, "kappa": NaN, "f1": NaN, "precision": NaN, "recall": NaN, "average_precision": NaN, "Spearman_r": 0.5304291550685913, "Pearson_r": 0.6615132080096535, "R2": 0.4370849159897561, "MAE": 0.1257495077318506, "MSE": 0.050936635878280144, "poisson_deviance_explained": 0.45706688878940227}, "4": {"AUC": NaN, "kappa": NaN, "f1": NaN, "precision": NaN, "recall": NaN, "average_precision": NaN, "Spearman_r": 0.46987708426137864, "Pearson_r": 0.6113204319124033, "R2": 0.3722259904392484, "MAE": 0.11285143148283477, "MSE": 0.04429615983197015, "poisson_deviance_explained": 0.40295605685820246}, "5": {"AUC": NaN, "kappa": NaN, "f1": NaN, "precision": NaN, "recall": NaN, "average_precision": NaN, "Spearman_r": 0.527282679835542, "Pearson_r": 0.6375620868716712, "R2": 0.40498048569005485, "MAE": 0.13761236650602351, "MSE": 0.05413622540068878, "poisson_deviance_explained": 0.4242360544003172}, "6": {"AUC": NaN, "kappa": NaN, "f1": NaN, "precision": NaN, "recall": NaN, "average_precision": NaN, "Spearman_r": 0.5602820407061294, "Pearson_r": 0.6245568677543593, "R2": 0.38722908958615776, "MAE": 0.18699313629902198, "MSE": 0.07331515902327834, "poisson_deviance_explained": 0.3757622731130844}, "7": {"AUC": NaN, "kappa": NaN, "f1": NaN, "precision": NaN, "recall": NaN, "average_precision": NaN, "Spearman_r": 0.5326291715840523, "Pearson_r": 0.6195748499627423, "R2": 0.3816925773478228, "MAE": 0.1805317347038876, "MSE": 0.06794532409241077, "poisson_deviance_explained": 0.3652807839273192}, "8": {"AUC": NaN, "kappa": NaN, "f1": NaN, "precision": NaN, "recall": NaN, "average_precision": NaN, "Spearman_r": 0.5162771875954472, "Pearson_r": 0.5767356611784592, "R2": 0.33050874276862185, "MAE": 0.18874383554205157, "MSE": 0.06710064119606694, "poisson_deviance_explained": 0.31510159186137443}, "9": {"AUC": NaN, "kappa": NaN, "f1": NaN, "precision": NaN, "recall": NaN, "average_precision": NaN, "Spearman_r": 0.5463869194789305, "Pearson_r": 0.5985279412389363, "R2": 0.35490685761696283, "MAE": 0.20757418307669054, "MSE": 0.07688504380221974, "poisson_deviance_explained": 0.33311709358812724}, "10": {"AUC": NaN, "kappa": NaN, "f1": NaN, "precision": NaN, "recall": NaN, "average_precision": NaN, "Spearman_r": 0.5220305282277918, "Pearson_r": 0.5686152203866569, "R2": 0.32215536231527675, "MAE": 0.21840203838438463, "MSE": 0.08368626625779711, "poisson_deviance_explained": 0.293272191502441}, "11": {"AUC": NaN, "kappa": NaN, "f1": NaN, "precision": NaN, "recall": NaN, "average_precision": NaN, "Spearman_r": 0.5105940518444771, "Pearson_r": 0.568242340566826, "R2": 0.321663844266628, "MAE": 0.19307192588483468, "MSE": 0.07171409902419734, "poisson_deviance_explained": 0.3072398062229582}, "12": {"AUC": NaN, "kappa": NaN, "f1": NaN, "precision": NaN, "recall": NaN, "average_precision": NaN, "Spearman_r": 0.5082467713448349, "Pearson_r": 0.5777647579736478, "R2": 0.3326917491494318, "MAE": 0.17230187014742732, "MSE": 0.06276836535771958, "poisson_deviance_explained": 0.32800223829394237}, "13": {"AUC": NaN, "kappa": NaN, "f1": NaN, "precision": NaN, "recall": NaN, "average_precision": NaN, "Spearman_r": 0.4774500822211752, "Pearson_r": 0.5526701095935415, "R2": 0.30482694082833184, "MAE": 0.1693826009006232, "MSE": 0.061925438732919655, "poisson_deviance_explained": 0.30165456908661537}, "14": {"AUC": NaN, "kappa": NaN, "f1": NaN, "precision": NaN, "recall": NaN, "average_precision": NaN, "Spearman_r": 0.484298106456171, "Pearson_r": 0.5741964598512934, "R2": 0.32829414181507466, "MAE": 0.1553951937367652, "MSE": 0.05635675023428125, "poisson_deviance_explained": 0.33474891688377795}, "15": {"AUC": NaN, "kappa": NaN, "f1": NaN, "precision": NaN, "recall": NaN, "average_precision": NaN, "Spearman_r": 0.4975228220645124, "Pearson_r": 0.5772614541616382, "R2": 0.33194015735389903, "MAE": 0.16779405232668315, "MSE": 0.06212276914136489, "poisson_deviance_explained": 0.33251999086852213}, "16": {"AUC": NaN, "kappa": NaN, "f1": NaN, "precision": NaN, "recall": NaN, "average_precision": NaN, "Spearman_r": 0.5020630236059603, "Pearson_r": 0.5874649647101843, "R2": 0.34277338847219285, "MAE": 0.1593041610849808, "MSE": 0.05735378424184268, "poisson_deviance_explained": 0.34221215291402407}, "17": {"AUC": NaN, "kappa": NaN, "f1": NaN, "precision": NaN, "recall": NaN, "average_precision": NaN, "Spearman_r": 0.48772564881846514, "Pearson_r": 0.5552147524731095, "R2": 0.30771355850782567, "MAE": 0.17119908360421246, "MSE": 0.0622891188216243, "poisson_deviance_explained": 0.3006222355508119}, "18": {"AUC": NaN, "kappa": NaN, "f1": NaN, "precision": NaN, "recall": NaN, "average_precision": NaN, "Spearman_r": 0.5075662768180109, "Pearson_r": 0.5942930598578537, "R2": 0.35000540779757805, "MAE": 0.16130664558044566, "MSE": 0.05714039579295111, "poisson_deviance_explained": 0.34399270543451677}, "19": {"AUC": NaN, "kappa": NaN, "f1": NaN, "precision": NaN, "recall": NaN, "average_precision": NaN, "Spearman_r": 0.4818201942256716, "Pearson_r": 0.5651658888268262, "R2": 0.3175944303758804, "MAE": 0.1574444051863245, "MSE": 0.05578660714939684, "poisson_deviance_explained": 0.31674194188417093}, "20": {"AUC": NaN, "kappa": NaN, "f1": NaN, "precision": NaN, "recall": NaN, "average_precision": NaN, "Spearman_r": 0.5297623633114064, "Pearson_r": 0.6023185108314414, "R2": 0.36074396245709384, "MAE": 0.18010369970278206, "MSE": 0.06617513418133567, "poisson_deviance_explained": 0.33983945162879114}, "21": {"AUC": NaN, "kappa": NaN, "f1": NaN, "precision": NaN, "recall": NaN, "average_precision": NaN, "Spearman_r": 0.5459941367826856, "Pearson_r": 0.6057048876346887, "R2": 0.36321080356960456, "MAE": 0.19017689051253844, "MSE": 0.06860759827074396, "poisson_deviance_explained": 0.3401269400778768}, "22": {"AUC": NaN, "kappa": NaN, "f1": NaN, "precision": NaN, "recall": NaN, "average_precision": NaN, "Spearman_r": 0.5121454226593245, "Pearson_r": 0.5898499815354787, "R2": 0.3460183530678167, "MAE": 0.17854865912292298, "MSE": 0.0639827249117487, "poisson_deviance_explained": 0.3324953926365195}, "23": {"AUC": NaN, "kappa": NaN, "f1": NaN, "precision": NaN, "recall": NaN, "average_precision": NaN, "Spearman_r": 0.5398377951633634, "Pearson_r": 0.6159424739385564, "R2": 0.37786494328142617, "MAE": 0.1745112863311986, "MSE": 0.06480047453026765, "poisson_deviance_explained": 0.36658559331287677}, "24": {"AUC": NaN, "kappa": NaN, "f1": NaN, "precision": NaN, "recall": NaN, "average_precision": NaN, "Spearman_r": 0.5566652805315612, "Pearson_r": 0.6768705300039644, "R2": 0.45397709050562873, "MAE": 0.15186058735804056, "MSE": 0.056889185458772744, "poisson_deviance_explained": 0.4375219744329102}, "25": {"AUC": NaN, "kappa": NaN, "f1": NaN, "precision": NaN, "recall": NaN, "average_precision": NaN, "Spearman_r": 0.5782817569521735, "Pearson_r": 0.673386766976709, "R2": 0.45197979817816814, "MAE": 0.15026924657831298, "MSE": 0.05980875570449155, "poisson_deviance_explained": 0.4586607039400884}, "26": {"AUC": NaN, "kappa": NaN, "f1": NaN, "precision": NaN, "recall": NaN, "average_precision": NaN, "Spearman_r": 0.5305973513900711, "Pearson_r": 0.6694253042384969, "R2": 0.44680750013156745, "MAE": 0.12137795440421642, "MSE": 0.0485070794478196, "poisson_deviance_explained": 0.4661951578991115}, "27": {"AUC": NaN, "kappa": NaN, "f1": NaN, "precision": NaN, "recall": NaN, "average_precision": NaN,