{"1": {"AUC": NaN, "kappa": NaN, "f1": NaN, "precision": NaN, "recall": NaN, "average_precision": NaN, "Spearman_r": 0.5045985841248692, "Pearson_r": 0.6207387758837801, "R2": 0.38452581082825543, "MAE": 0.12862869292510318, "MSE": 0.04949035460082554, "poisson_deviance_explained": 0.4149443059819379}, "2": {"AUC": NaN, "kappa": NaN, "f1": NaN, "precision": NaN, "recall": NaN, "average_precision": NaN, "Spearman_r": 0.5188684768898412, "Pearson_r": 0.6019391480715539, "R2": 0.36190080885506015, "MAE": 0.16032352376110773, "MSE": 0.06638888691343829, "poisson_deviance_explained": 0.3595796050727633}, "3": {"AUC": NaN, "kappa": NaN, "f1": NaN, "precision": NaN, "recall": NaN, "average_precision": NaN, "Spearman_r": 0.5468654870385541, "Pearson_r": 0.6232460719432308, "R2": 0.38647557207275873, "MAE": 0.1683791429778297, "MSE": 0.06573055816826891, "poisson_deviance_explained": 0.38973385528030724}, "4": {"AUC": NaN, "kappa": NaN, "f1": NaN, "precision": NaN, "recall": NaN, "average_precision": NaN, "Spearman_r": 0.5400733713233119, "Pearson_r": 0.6532595804728637, "R2": 0.4249913163191166, "MAE": 0.14087926882529428, "MSE": 0.057315765331739876, "poisson_deviance_explained": 0.43216801120308135}, "5": {"AUC": NaN, "kappa": NaN, "f1": NaN, "precision": NaN, "recall": NaN, "average_precision": NaN, "Spearman_r": 0.5362424961373324, "Pearson_r": 0.6266594108979184, "R2": 0.3917653749049812, "MAE": 0.15306402448061449, "MSE": 0.058787708252392316, "poisson_deviance_explained": 0.38841949342042403}, "6": {"AUC": NaN, "kappa": NaN, "f1": NaN, "precision": NaN, "recall": NaN, "average_precision": NaN, "Spearman_r": 0.5212455929886197, "Pearson_r": 0.5940553343059016, "R2": 0.3513870706097083, "MAE": 0.18029203233740948, "MSE": 0.06874247271720674, "poisson_deviance_explained": 0.34879222999725357}, "7": {"AUC": NaN, "kappa": NaN, "f1": NaN, "precision": NaN, "recall": NaN, "average_precision": NaN, "Spearman_r": 0.5318091832869954, "Pearson_r": 0.5920166503790998, "R2": 0.3479539115298437, "MAE": 0.20374567399713528, "MSE": 0.08028866882490635, "poisson_deviance_explained": 0.31710872326441275}, "8": {"AUC": NaN, "kappa": NaN, "f1": NaN, "precision": NaN, "recall": NaN, "average_precision": NaN, "Spearman_r": 0.5218750796882566, "Pearson_r": 0.5938929716654082, "R2": 0.3486255039468562, "MAE": 0.19602742322057176, "MSE": 0.07164320406804237, "poisson_deviance_explained": 0.3324419557232815}, "9": {"AUC": NaN, "kappa": NaN, "f1": NaN, "precision": NaN, "recall": NaN, "average_precision": NaN, "Spearman_r": 0.5156385796667771, "Pearson_r": 0.5809689852374517, "R2": 0.3345845802619205, "MAE": 0.19983445569350294, "MSE": 0.0734588367528886, "poisson_deviance_explained": 0.31554299580116607}, "10": {"AUC": NaN, "kappa": NaN, "f1": NaN, "precision": NaN, "recall": NaN, "average_precision": NaN, "Spearman_r": 0.5088444294628669, "Pearson_r": 0.5631154389800457, "R2": 0.314820614138145, "MAE": 0.19615228111785965, "MSE": 0.07243950200938701, "poisson_deviance_explained": 0.2994095133296343}, "11": {"AUC": NaN, "kappa": NaN, "f1": NaN, "precision": NaN, "recall": NaN, "average_precision": NaN, "Spearman_r": 0.5136901472494834, "Pearson_r": 0.5747710721647609, "R2": 0.3264372069418534, "MAE": 0.19694969857735184, "MSE": 0.07214159107126963, "poisson_deviance_explained": 0.29587081072610444}, "12": {"AUC": NaN, "kappa": NaN, "f1": NaN, "precision": NaN, "recall": NaN, "average_precision": NaN, "Spearman_r": 0.506803475593247, "Pearson_r": 0.5753017762400522, "R2": 0.33046167416551786, "MAE": 0.18304007653635104, "MSE": 0.06827851900571065, "poisson_deviance_explained": 0.31335396469499643}, "13": {"AUC": NaN, "kappa": NaN, "f1": NaN, "precision": NaN, "recall": NaN, "average_precision": NaN, "Spearman_r": 0.47583371556299375, "Pearson_r": 0.5499024416716104, "R2": 0.30046908080736556, "MAE": 0.16616811189024602, "MSE": 0.06104173397073383, "poisson_deviance_explained": 0.2969533848021454}, "14": {"AUC": NaN, "kappa": NaN, "f1": NaN, "precision": NaN, "recall": NaN, "average_precision": NaN, "Spearman_r": 0.4921780629456479, "Pearson_r": 0.5780319150536747, "R2": 0.3307218339983553, "MAE": 0.1617730429540914, "MSE": 0.05753641185886325, "poisson_deviance_explained": 0.31458790995839725}, "15": {"AUC": NaN, "kappa": NaN, "f1": NaN, "precision": NaN, "recall": NaN, "average_precision": NaN, "Spearman_r": 0.45849344685232973, "Pearson_r": 0.5562306440842134, "R2": 0.30749779119944254, "MAE": 0.15569125866616204, "MSE": 0.05470601491643577, "poisson_deviance_explained": 0.3079221937970087}, "16": {"AUC": NaN, "kappa": NaN, "f1": NaN, "precision": NaN, "recall": NaN, "average_precision": NaN, "Spearman_r": 0.488226463152634, "Pearson_r": 0.5947190594608965, "R2": 0.3499717056885391, "MAE": 0.15365965667043782, "MSE": 0.054020198877798284, "poisson_deviance_explained": 0.3473591872818451}, "17": {"AUC": NaN, "kappa": NaN, "f1": NaN, "precision": NaN, "recall": NaN, "average_precision": NaN, "Spearman_r": 0.4832035800500122, "Pearson_r": 0.556383310508847, "R2": 0.3092189040752039, "MAE": 0.16885655464967889, "MSE": 0.062498356378531024, "poisson_deviance_explained": 0.29698156957017396}, "18": {"AUC": NaN, "kappa": NaN, "f1": NaN, "precision": NaN, "recall": NaN, "average_precision": NaN, "Spearman_r": 0.47649305741975423, "Pearson_r": 0.5650855231756791, "R2": 0.3179754737625, "MAE": 0.15335060723542399, "MSE": 0.056719656913671194, "poisson_deviance_explained": 0.3223409874285251}, "19": {"AUC": NaN, "kappa": NaN, "f1": NaN, "precision": NaN, "recall": NaN, "average_precision": NaN, "Spearman_r": 0.5080593495437448, "Pearson_r": 0.5962766538022558, "R2": 0.3521608739873323, "MAE": 0.16860065409781658, "MSE": 0.06167730961992533, "poisson_deviance_explained": 0.3326592579415395}, "20": {"AUC": NaN, "kappa": NaN, "f1": NaN, "precision": NaN, "recall": NaN, "average_precision": NaN, "Spearman_r": 0.519159823097062, "Pearson_r": 0.5890567580538829, "R2": 0.34529864939973387, "MAE": 0.17935418358221406, "MSE": 0.06636383335711468, "poisson_deviance_explained": 0.33788105406842706}, "21": {"AUC": NaN, "kappa": NaN, "f1": NaN, "precision": NaN, "recall": NaN, "average_precision": NaN, "Spearman_r": 0.5138363837720881, "Pearson_r": 0.5933910574701914, "R2": 0.3509955241121113, "MAE": 0.1836371572597984, "MSE": 0.06789891653666563, "poisson_deviance_explained": 0.33034513865413195}, "22": {"AUC": NaN, "kappa": NaN, "f1": NaN, "precision": NaN, "recall": NaN, "average_precision": NaN, "Spearman_r": 0.5280240027262664, "Pearson_r": 0.6089192079958192, "R2": 0.36733841654195365, "MAE": 0.18351010539180634, "MSE": 0.06701375275225999, "poisson_deviance_explained": 0.33970753129853903}, "23": {"AUC": NaN, "kappa": NaN, "f1": NaN, "precision": NaN, "recall": NaN, "average_precision": NaN, "Spearman_r": 0.5120976786982963, "Pearson_r": 0.6097672248201996, "R2": 0.3702828426578192, "MAE": 0.16234879268137814, "MSE": 0.059622528474361766, "poisson_deviance_explained": 0.36799547085748374}, "24": {"AUC": NaN, "kappa": NaN, "f1": NaN, "precision": NaN, "recall": NaN, "average_precision": NaN, "Spearman_r": 0.5194984840216217, "Pearson_r": 0.6220046444473524, "R2": 0.3862086226726179, "MAE": 0.15737530069713174, "MSE": 0.061242574251838766, "poisson_deviance_explained": 0.37852012671187973}, "25": {"AUC": NaN, "kappa": NaN, "f1": NaN, "precision": NaN, "recall": NaN, "average_precision": NaN, "Spearman_r": 0.547009959603288, "Pearson_r": 0.6555487265091902, "R2": 0.42807211548043345, "MAE": 0.14800464587340706, "MSE": 0.05845440349121977, "poisson_deviance_explained": 0.4307869656290526}, "26": {"AUC": NaN, "kappa": NaN, "f1": NaN, "precision": NaN, "recall": NaN, "average_precision": NaN, "Spearman_r": 0.5512598958063868, "Pearson_r": 0.6888302399489568, "R2": 0.4737137721080543, "MAE": 0.1272747830214079, "MSE": 0.05133523925131701, "poisson_deviance_explained": 0.4812488501837304}, "27": {"AUC": NaN, "kappa": NaN, "f1": NaN, "precision": NaN, "recall": NaN, "average_precision": NaN,