{"1": {"AUC": NaN, "kappa": NaN, "f1": NaN, "precision": NaN, "recall": NaN, "average_precision": NaN, "Spearman_r": 0.5253354903974575, "Pearson_r": 0.6269242814110978, "R2": 0.39266519412441214, "MAE": 0.144113055656721, "MSE": 0.06181855963227483, "poisson_deviance_explained": 0.4203150806266033}, "2": {"AUC": NaN, "kappa": NaN, "f1": NaN, "precision": NaN, "recall": NaN, "average_precision": NaN, "Spearman_r": 0.5267535929017622, "Pearson_r": 0.6189178129239119, "R2": 0.38210119559529687, "MAE": 0.1586397069935931, "MSE": 0.06754818911150066, "poisson_deviance_explained": 0.39869081293322606}, "3": {"AUC": NaN, "kappa": NaN, "f1": NaN, "precision": NaN, "recall": NaN, "average_precision": NaN, "Spearman_r": 0.5105042727690451, "Pearson_r": 0.6302898980030427, "R2": 0.39231083958261226, "MAE": 0.12768103654020388, "MSE": 0.053870818339968325, "poisson_deviance_explained": 0.4363302604718565}, "4": {"AUC": NaN, "kappa": NaN, "f1": NaN, "precision": NaN, "recall": NaN, "average_precision": NaN, "Spearman_r": 0.5372180441888299, "Pearson_r": 0.6740818127249218, "R2": 0.45432411998960476, "MAE": 0.12060918221647714, "MSE": 0.04986581913485819, "poisson_deviance_explained": 0.4685486029742385}, "5": {"AUC": NaN, "kappa": NaN, "f1": NaN, "precision": NaN, "recall": NaN, "average_precision": NaN, "Spearman_r": 0.545279298308521, "Pearson_r": 0.6714118736466969, "R2": 0.44839133711298407, "MAE": 0.1311636696974332, "MSE": 0.05212647693416345, "poisson_deviance_explained": 0.4758112536866004}, "6": {"AUC": NaN, "kappa": NaN, "f1": NaN, "precision": NaN, "recall": NaN, "average_precision": NaN, "Spearman_r": 0.4855595851142212, "Pearson_r": 0.6164861575559676, "R2": 0.3797290333470268, "MAE": 0.1292421259712907, "MSE": 0.05009781906880037, "poisson_deviance_explained": 0.39698719556286344}, "7": {"AUC": NaN, "kappa": NaN, "f1": NaN, "precision": NaN, "recall": NaN, "average_precision": NaN, "Spearman_r": 0.5029593957739759, "Pearson_r": 0.5913482120882181, "R2": 0.3486889835847645, "MAE": 0.1745057374858046, "MSE": 0.06840843555565908, "poisson_deviance_explained": 0.3484111246391921}, "8": {"AUC": NaN, "kappa": NaN, "f1": NaN, "precision": NaN, "recall": NaN, "average_precision": NaN, "Spearman_r": 0.5178083930292925, "Pearson_r": 0.5863990148400042, "R2": 0.34368305124768606, "MAE": 0.18453253978640696, "MSE": 0.07286669907595064, "poisson_deviance_explained": 0.3294147609638979}, "9": {"AUC": NaN, "kappa": NaN, "f1": NaN, "precision": NaN, "recall": NaN, "average_precision": NaN, "Spearman_r": 0.4892227960656098, "Pearson_r": 0.5530275822977747, "R2": 0.303199180024306, "MAE": 0.1864858497535731, "MSE": 0.07156507147562997, "poisson_deviance_explained": 0.28493712670708127}, "10": {"AUC": NaN, "kappa": NaN, "f1": NaN, "precision": NaN, "recall": NaN, "average_precision": NaN, "Spearman_r": 0.5281766212635102, "Pearson_r": 0.5776234458944419, "R2": 0.3317871522520466, "MAE": 0.18728723815526768, "MSE": 0.07166682621581712, "poisson_deviance_explained": 0.31700413573840747}, "11": {"AUC": NaN, "kappa": NaN, "f1": NaN, "precision": NaN, "recall": NaN, "average_precision": NaN, "Spearman_r": 0.48249730503588467, "Pearson_r": 0.5531497802655158, "R2": 0.3051868327487638, "MAE": 0.1885704345138109, "MSE": 0.07426484104133073, "poisson_deviance_explained": 0.26901052710698603}, "12": {"AUC": NaN, "kappa": NaN, "f1": NaN, "precision": NaN, "recall": NaN, "average_precision": NaN, "Spearman_r": 0.48587859055185634, "Pearson_r": 0.550893961356281, "R2": 0.3030049366569486, "MAE": 0.17651090958060084, "MSE": 0.06909732216210837, "poisson_deviance_explained": 0.29602708681843204}, "13": {"AUC": NaN, "kappa": NaN, "f1": NaN, "precision": NaN, "recall": NaN, "average_precision": NaN, "Spearman_r": 0.47090043124946146, "Pearson_r": 0.586091103707341, "R2": 0.342779183004562, "MAE": 0.14754774978699947, "MSE": 0.054978101088580325, "poisson_deviance_explained": 0.3355597512425992}, "14": {"AUC": NaN, "kappa": NaN, "f1": NaN, "precision": NaN, "recall": NaN, "average_precision": NaN, "Spearman_r": 0.47269141001320175, "Pearson_r": 0.5493127750777499, "R2": 0.30024520606610505, "MAE": 0.15403480633447297, "MSE": 0.05659250526093166, "poisson_deviance_explained": 0.30780650652621533}, "15": {"AUC": NaN, "kappa": NaN, "f1": NaN, "precision": NaN, "recall": NaN, "average_precision": NaN, "Spearman_r": 0.4364545086917359, "Pearson_r": 0.5230458390686614, "R2": 0.2684424457709923, "MAE": 0.14827988552598065, "MSE": 0.055979041848379735, "poisson_deviance_explained": 0.2815981074842744}, "16": {"AUC": NaN, "kappa": NaN, "f1": NaN, "precision": NaN, "recall": NaN, "average_precision": NaN, "Spearman_r": 0.46815418573612844, "Pearson_r": 0.5709048057741384, "R2": 0.32410941912136515, "MAE": 0.1485203579083518, "MSE": 0.057845409449260726, "poisson_deviance_explained": 0.325697392474506}, "17": {"AUC": NaN, "kappa": NaN, "f1": NaN, "precision": NaN, "recall": NaN, "average_precision": NaN, "Spearman_r": 0.4596672105217138, "Pearson_r": 0.5668452757589629, "R2": 0.3184680870380603, "MAE": 0.14113964144975572, "MSE": 0.054426196437756605, "poisson_deviance_explained": 0.3399474521207718}, "18": {"AUC": NaN, "kappa": NaN, "f1": NaN, "precision": NaN, "recall": NaN, "average_precision": NaN, "Spearman_r": 0.46799009075532705, "Pearson_r": 0.5580898986183087, "R2": 0.3068776407862208, "MAE": 0.15684924002845765, "MSE": 0.06239510491492675, "poisson_deviance_explained": 0.29273322356877596}, "19": {"AUC": NaN, "kappa": NaN, "f1": NaN, "precision": NaN, "recall": NaN, "average_precision": NaN, "Spearman_r": 0.4938391386312836, "Pearson_r": 0.5538609981881457, "R2": 0.305095812694119, "MAE": 0.16999684096467169, "MSE": 0.06548132885408493, "poisson_deviance_explained": 0.27919859180073736}, "20": {"AUC": NaN, "kappa": NaN, "f1": NaN, "precision": NaN, "recall": NaN, "average_precision": NaN, "Spearman_r": 0.5253435762308281, "Pearson_r": 0.5868351904010548, "R2": 0.343982927863725, "MAE": 0.18818953270017083, "MSE": 0.07508229190810384, "poisson_deviance_explained": 0.31471750263280585}, "21": {"AUC": NaN, "kappa": NaN, "f1": NaN, "precision": NaN, "recall": NaN, "average_precision": NaN, "Spearman_r": 0.5446647174739468, "Pearson_r": 0.6061519527040473, "R2": 0.3673944357672493, "MAE": 0.1918900712259555, "MSE": 0.07551093027601558, "poisson_deviance_explained": 0.34936318471034744}, "22": {"AUC": NaN, "kappa": NaN, "f1": NaN, "precision": NaN, "recall": NaN, "average_precision": NaN, "Spearman_r": 0.494212252091112, "Pearson_r": 0.5598155631174845, "R2": 0.3123239371051063, "MAE": 0.17336396797789064, "MSE": 0.06803257155004966, "poisson_deviance_explained": 0.2946965731810709}, "23": {"AUC": NaN, "kappa": NaN, "f1": NaN, "precision": NaN, "recall": NaN, "average_precision": NaN, "Spearman_r": 0.5525113017854211, "Pearson_r": 0.635739705963213, "R2": 0.40331042571269016, "MAE": 0.16583498451606551, "MSE": 0.06359370543845842, "poisson_deviance_explained": 0.39058662691574286}, "24": {"AUC": NaN, "kappa": NaN, "f1": NaN, "precision": NaN, "recall": NaN, "average_precision": NaN, "Spearman_r": 0.5557753449109878, "Pearson_r": 0.6566894323927603, "R2": 0.43064074197098823, "MAE": 0.16235202303713595, "MSE": 0.06413562284439994, "poisson_deviance_explained": 0.41161609938570354}, "25": {"AUC": NaN, "kappa": NaN, "f1": NaN, "precision": NaN, "recall": NaN, "average_precision": NaN, "Spearman_r": 0.5534791495044104, "Pearson_r": 0.6425025164211441, "R2": 0.41256440292748253, "MAE": 0.15116303152296445, "MSE": 0.06234329234902689, "poisson_deviance_explained": 0.42114171886705654}, "26": {"AUC": NaN, "kappa": NaN, "f1": NaN, "precision": NaN, "recall": NaN, "average_precision": NaN, "Spearman_r": 0.5116937170783583, "Pearson_r": 0.6316364520869443, "R2": 0.3973892238225267, "MAE": 0.12799137685794107, "MSE": 0.0538384990212156, "poisson_deviance_explained": 0.4333467676667384}, "27": {"AUC": NaN, "kappa": NaN, "f1": NaN, "precision": NaN, "recall": NaN, "average_precision": NaN,