{"1": {"AUC": NaN, "kappa": NaN, "f1": NaN, "precision": NaN, "recall": NaN, "average_precision": NaN, "Spearman_r": 0.5275350695654506, "Pearson_r": 0.6102157606303821, "R2": 0.3712508577881338, "MAE": 0.15192960571042247, "MSE": 0.06327369990207445, "poisson_deviance_explained": 0.39808555428909254}, "2": {"AUC": NaN, "kappa": NaN, "f1": NaN, "precision": NaN, "recall": NaN, "average_precision": NaN, "Spearman_r": 0.5210431518529497, "Pearson_r": 0.6018465410533709, "R2": 0.3581125195744673, "MAE": 0.14525452407121883, "MSE": 0.06131529077303546, "poisson_deviance_explained": 0.3796739160863125}, "3": {"AUC": NaN, "kappa": NaN, "f1": NaN, "precision": NaN, "recall": NaN, "average_precision": NaN, "Spearman_r": 0.5187029336496214, "Pearson_r": 0.6367828366574031, "R2": 0.4050858259649187, "MAE": 0.1261359731202237, "MSE": 0.052568885827734495, "poisson_deviance_explained": 0.43241313644334634}, "4": {"AUC": NaN, "kappa": NaN, "f1": NaN, "precision": NaN, "recall": NaN, "average_precision": NaN, "Spearman_r": 0.5046216873060841, "Pearson_r": 0.63134427158898, "R2": 0.3968462968491939, "MAE": 0.1256534630774731, "MSE": 0.05093622362304446, "poisson_deviance_explained": 0.42518552272346744}, "5": {"AUC": NaN, "kappa": NaN, "f1": NaN, "precision": NaN, "recall": NaN, "average_precision": NaN, "Spearman_r": 0.5137484332338569, "Pearson_r": 0.6206841305372475, "R2": 0.38436624739145686, "MAE": 0.14352062349680553, "MSE": 0.05745798217199933, "poisson_deviance_explained": 0.3839839824910418}, "6": {"AUC": NaN, "kappa": NaN, "f1": NaN, "precision": NaN, "recall": NaN, "average_precision": NaN, "Spearman_r": 0.5532936568216307, "Pearson_r": 0.6269451386341114, "R2": 0.3923989539931737, "MAE": 0.18013785806526317, "MSE": 0.07104272318670853, "poisson_deviance_explained": 0.38318910571697506}, "7": {"AUC": NaN, "kappa": NaN, "f1": NaN, "precision": NaN, "recall": NaN, "average_precision": NaN, "Spearman_r": 0.5296508396778844, "Pearson_r": 0.6091811736339311, "R2": 0.3708691318035008, "MAE": 0.1850328687214037, "MSE": 0.07190609711376163, "poisson_deviance_explained": 0.3440434004171411}, "8": {"AUC": NaN, "kappa": NaN, "f1": NaN, "precision": NaN, "recall": NaN, "average_precision": NaN, "Spearman_r": 0.5397948745508344, "Pearson_r": 0.5783248334863903, "R2": 0.33422765621757333, "MAE": 0.22576132780788624, "MSE": 0.08877167009287894, "poisson_deviance_explained": 0.3010174059541455}, "9": {"AUC": NaN, "kappa": NaN, "f1": NaN, "precision": NaN, "recall": NaN, "average_precision": NaN, "Spearman_r": 0.5051680993870231, "Pearson_r": 0.5684972023721637, "R2": 0.3225448030728535, "MAE": 0.18921219264895286, "MSE": 0.07231543445440201, "poisson_deviance_explained": 0.3057476917012454}, "10": {"AUC": NaN, "kappa": NaN, "f1": NaN, "precision": NaN, "recall": NaN, "average_precision": NaN, "Spearman_r": 0.504776962571089, "Pearson_r": 0.5644600649408351, "R2": 0.3182293799846383, "MAE": 0.20117695344525868, "MSE": 0.07744616303122048, "poisson_deviance_explained": 0.2933788373824072}, "11": {"AUC": NaN, "kappa": NaN, "f1": NaN, "precision": NaN, "recall": NaN, "average_precision": NaN, "Spearman_r": 0.5009772079196114, "Pearson_r": 0.557806204569653, "R2": 0.31100020032337194, "MAE": 0.19483299297298562, "MSE": 0.07318923735939509, "poisson_deviance_explained": 0.28273180515305496}, "12": {"AUC": NaN, "kappa": NaN, "f1": NaN, "precision": NaN, "recall": NaN, "average_precision": NaN, "Spearman_r": 0.4735378821947868, "Pearson_r": 0.5291642802085146, "R2": 0.27661247949711665, "MAE": 0.18048876742446615, "MSE": 0.06640411764242338, "poisson_deviance_explained": 0.26377119831722096}, "13": {"AUC": NaN, "kappa": NaN, "f1": NaN, "precision": NaN, "recall": NaN, "average_precision": NaN, "Spearman_r": 0.5088329436255431, "Pearson_r": 0.575047600999722, "R2": 0.3302615821451098, "MAE": 0.17409249893489226, "MSE": 0.06636322598848436, "poisson_deviance_explained": 0.3122842238543446}, "14": {"AUC": NaN, "kappa": NaN, "f1": NaN, "precision": NaN, "recall": NaN, "average_precision": NaN, "Spearman_r": 0.49024367377049316, "Pearson_r": 0.5642285378036758, "R2": 0.3172682709893053, "MAE": 0.1686638879228716, "MSE": 0.06520444188505853, "poisson_deviance_explained": 0.310304169692312}, "15": {"AUC": NaN, "kappa": NaN, "f1": NaN, "precision": NaN, "recall": NaN, "average_precision": NaN, "Spearman_r": 0.47088599286020716, "Pearson_r": 0.5386289996890842, "R2": 0.288468736002646, "MAE": 0.1661625445164269, "MSE": 0.06439240333497337, "poisson_deviance_explained": 0.28772102126347876}, "16": {"AUC": NaN, "kappa": NaN, "f1": NaN, "precision": NaN, "recall": NaN, "average_precision": NaN, "Spearman_r": 0.4531807704024234, "Pearson_r": 0.5382022871724406, "R2": 0.28582049694492806, "MAE": 0.1481976347978746, "MSE": 0.054448197335127756, "poisson_deviance_explained": 0.29739611510679864}, "17": {"AUC": NaN, "kappa": NaN, "f1": NaN, "precision": NaN, "recall": NaN, "average_precision": NaN, "Spearman_r": 0.47261536867128445, "Pearson_r": 0.5425116324696612, "R2": 0.2925224868454658, "MAE": 0.16485233888003012, "MSE": 0.06349963270806228, "poisson_deviance_explained": 0.28854875582396544}, "18": {"AUC": NaN, "kappa": NaN, "f1": NaN, "precision": NaN, "recall": NaN, "average_precision": NaN, "Spearman_r": 0.49785607716656494, "Pearson_r": 0.5678775493397108, "R2": 0.3222856373393338, "MAE": 0.16767203354423574, "MSE": 0.06430392901243735, "poisson_deviance_explained": 0.3162094407074624}, "19": {"AUC": NaN, "kappa": NaN, "f1": NaN, "precision": NaN, "recall": NaN, "average_precision": NaN, "Spearman_r": 0.5213159556576187, "Pearson_r": 0.5945299219022415, "R2": 0.3533022075668928, "MAE": 0.17136937117513107, "MSE": 0.0669490935657996, "poisson_deviance_explained": 0.3321935064388103}, "20": {"AUC": NaN, "kappa": NaN, "f1": NaN, "precision": NaN, "recall": NaN, "average_precision": NaN, "Spearman_r": 0.5068936439356093, "Pearson_r": 0.5814903793419866, "R2": 0.3367250142867687, "MAE": 0.17812779654902933, "MSE": 0.06820708625787213, "poisson_deviance_explained": 0.3175677681832262}, "21": {"AUC": NaN, "kappa": NaN, "f1": NaN, "precision": NaN, "recall": NaN, "average_precision": NaN, "Spearman_r": 0.5372395099793466, "Pearson_r": 0.5932946347064768, "R2": 0.3515249473617842, "MAE": 0.19438176117051542, "MSE": 0.07371651861509584, "poisson_deviance_explained": 0.3289566209977415}, "22": {"AUC": NaN, "kappa": NaN, "f1": NaN, "precision": NaN, "recall": NaN, "average_precision": NaN, "Spearman_r": 0.5357592796968808, "Pearson_r": 0.604405326720311, "R2": 0.36431979092592925, "MAE": 0.18285721745077252, "MSE": 0.0689859906970369, "poisson_deviance_explained": 0.342657570866884}, "23": {"AUC": NaN, "kappa": NaN, "f1": NaN, "precision": NaN, "recall": NaN, "average_precision": NaN, "Spearman_r": 0.5324183624533512, "Pearson_r": 0.5960050641923462, "R2": 0.35490858800469083, "MAE": 0.1807588348910087, "MSE": 0.070805807022451, "poisson_deviance_explained": 0.34140762143229153}, "24": {"AUC": NaN, "kappa": NaN, "f1": NaN, "precision": NaN, "recall": NaN, "average_precision": NaN, "Spearman_r": 0.5259398447281726, "Pearson_r": 0.6076741624776669, "R2": 0.3669595605919388, "MAE": 0.15986399993727277, "MSE": 0.06332429750233108, "poisson_deviance_explained": 0.3641015140484004}, "25": {"AUC": NaN, "kappa": NaN, "f1": NaN, "precision": NaN, "recall": NaN, "average_precision": NaN, "Spearman_r": 0.5761702117882219, "Pearson_r": 0.6773812838513097, "R2": 0.45858289703239663, "MAE": 0.145871379467997, "MSE": 0.06064402199492156, "poisson_deviance_explained": 0.4628254288247876}, "26": {"AUC": NaN, "kappa": NaN, "f1": NaN, "precision": NaN, "recall": NaN, "average_precision": NaN, "Spearman_r": 0.5452223429794448, "Pearson_r": 0.6618902830285538, "R2": 0.4376672381759744, "MAE": 0.1298969542547657, "MSE": 0.053156651377137126, "poisson_deviance_explained": 0.4673899161261954}, "27": {"AUC": NaN, "kappa": NaN, "f1": NaN, "precision": NaN, "recall": NaN, "average_precision": NaN,