{"1": {"AUC": NaN, "kappa": NaN, "f1": NaN, "precision": NaN, "recall": NaN, "average_precision": NaN, "Spearman_r": 0.5252299335120608, "Pearson_r": 0.6335772873395646, "R2": 0.4005454860312695, "MAE": 0.1319025300238409, "MSE": 0.05333857651318881, "poisson_deviance_explained": 0.4306785502858318}, "2": {"AUC": NaN, "kappa": NaN, "f1": NaN, "precision": NaN, "recall": NaN, "average_precision": NaN, "Spearman_r": 0.5227138588843667, "Pearson_r": 0.6424720425147541, "R2": 0.41206970205864046, "MAE": 0.12997960327604158, "MSE": 0.05366282678498911, "poisson_deviance_explained": 0.45019490379471794}, "3": {"AUC": NaN, "kappa": NaN, "f1": NaN, "precision": NaN, "recall": NaN, "average_precision": NaN, "Spearman_r": 0.5440657883793861, "Pearson_r": 0.6695709253335184, "R2": 0.4460643150827043, "MAE": 0.13001753334811658, "MSE": 0.05078045576201294, "poisson_deviance_explained": 0.4748159772082434}, "4": {"AUC": NaN, "kappa": NaN, "f1": NaN, "precision": NaN, "recall": NaN, "average_precision": NaN, "Spearman_r": 0.5121120997760674, "Pearson_r": 0.6582681077117565, "R2": 0.43221207317930155, "MAE": 0.1133763722343826, "MSE": 0.04607168583477073, "poisson_deviance_explained": 0.4602403958656148}, "5": {"AUC": NaN, "kappa": NaN, "f1": NaN, "precision": NaN, "recall": NaN, "average_precision": NaN, "Spearman_r": 0.5369667423399527, "Pearson_r": 0.6563874208214467, "R2": 0.4286929342788647, "MAE": 0.12551550567135694, "MSE": 0.05070856720212774, "poisson_deviance_explained": 0.4429218436712775}, "6": {"AUC": NaN, "kappa": NaN, "f1": NaN, "precision": NaN, "recall": NaN, "average_precision": NaN, "Spearman_r": 0.5205879254051252, "Pearson_r": 0.6381123679745401, "R2": 0.4037237578228411, "MAE": 0.14032084416245044, "MSE": 0.05397081683529779, "poisson_deviance_explained": 0.42246754366378736}, "7": {"AUC": NaN, "kappa": NaN, "f1": NaN, "precision": NaN, "recall": NaN, "average_precision": NaN, "Spearman_r": 0.5440420015166955, "Pearson_r": 0.6215770081523173, "R2": 0.38315218744489143, "MAE": 0.18196091332136266, "MSE": 0.0688466432030527, "poisson_deviance_explained": 0.3717534198000292}, "8": {"AUC": NaN, "kappa": NaN, "f1": NaN, "precision": NaN, "recall": NaN, "average_precision": NaN, "Spearman_r": 0.5444357789553014, "Pearson_r": 0.5983646789437297, "R2": 0.3533620974868077, "MAE": 0.2049600076010702, "MSE": 0.07668953317642742, "poisson_deviance_explained": 0.3331606807855091}, "9": {"AUC": NaN, "kappa": NaN, "f1": NaN, "precision": NaN, "recall": NaN, "average_precision": NaN, "Spearman_r": 0.5376605420417052, "Pearson_r": 0.5826008132720866, "R2": 0.33630986957564357, "MAE": 0.20791578037076194, "MSE": 0.07775811998181614, "poisson_deviance_explained": 0.3187069356707425}, "10": {"AUC": NaN, "kappa": NaN, "f1": NaN, "precision": NaN, "recall": NaN, "average_precision": NaN, "Spearman_r": 0.528729558616111, "Pearson_r": 0.5769809740820431, "R2": 0.3297709150100049, "MAE": 0.204336120515864, "MSE": 0.07492197250190033, "poisson_deviance_explained": 0.3093019303710878}, "11": {"AUC": NaN, "kappa": NaN, "f1": NaN, "precision": NaN, "recall": NaN, "average_precision": NaN, "Spearman_r": 0.5039309411884737, "Pearson_r": 0.5622229646015826, "R2": 0.3138890374058264, "MAE": 0.188287776113573, "MSE": 0.0701129031863179, "poisson_deviance_explained": 0.3002436001788007}, "12": {"AUC": NaN, "kappa": NaN, "f1": NaN, "precision": NaN, "recall": NaN, "average_precision": NaN, "Spearman_r": 0.5180525058489821, "Pearson_r": 0.5825560907359087, "R2": 0.3373943046952439, "MAE": 0.1785005732614993, "MSE": 0.06478481353652252, "poisson_deviance_explained": 0.32119901516274885}, "13": {"AUC": NaN, "kappa": NaN, "f1": NaN, "precision": NaN, "recall": NaN, "average_precision": NaN, "Spearman_r": 0.5036806219768101, "Pearson_r": 0.5740476903945614, "R2": 0.327608571106607, "MAE": 0.17156221792068824, "MSE": 0.0640578965350255, "poisson_deviance_explained": 0.3159839560949288}, "14": {"AUC": NaN, "kappa": NaN, "f1": NaN, "precision": NaN, "recall": NaN, "average_precision": NaN, "Spearman_r": 0.4968279562668573, "Pearson_r": 0.5719663259121305, "R2": 0.3265923667367694, "MAE": 0.167131262421936, "MSE": 0.062409585916956806, "poisson_deviance_explained": 0.3294285119682685}, "15": {"AUC": NaN, "kappa": NaN, "f1": NaN, "precision": NaN, "recall": NaN, "average_precision": NaN, "Spearman_r": 0.48387646581605254, "Pearson_r": 0.5685281175847563, "R2": 0.3210511053500853, "MAE": 0.15269787547976643, "MSE": 0.05474814729354648, "poisson_deviance_explained": 0.3332797772406896}, "16": {"AUC": NaN, "kappa": NaN, "f1": NaN, "precision": NaN, "recall": NaN, "average_precision": NaN, "Spearman_r": 0.5189441937473606, "Pearson_r": 0.6040860559954804, "R2": 0.36204570101223077, "MAE": 0.15960391789478084, "MSE": 0.05838912689062384, "poisson_deviance_explained": 0.36043539583538076}, "17": {"AUC": NaN, "kappa": NaN, "f1": NaN, "precision": NaN, "recall": NaN, "average_precision": NaN, "Spearman_r": 0.5092258237509066, "Pearson_r": 0.5759226547593714, "R2": 0.3304576980637711, "MAE": 0.1699456547943878, "MSE": 0.062386833213399155, "poisson_deviance_explained": 0.3356075399101428}, "18": {"AUC": NaN, "kappa": NaN, "f1": NaN, "precision": NaN, "recall": NaN, "average_precision": NaN, "Spearman_r": 0.5165024058039812, "Pearson_r": 0.5973649846101279, "R2": 0.3555118941416522, "MAE": 0.1685992016444243, "MSE": 0.06085362391124435, "poisson_deviance_explained": 0.33511587764515394}, "19": {"AUC": NaN, "kappa": NaN, "f1": NaN, "precision": NaN, "recall": NaN, "average_precision": NaN, "Spearman_r": 0.5262177153236067, "Pearson_r": 0.6203879122321166, "R2": 0.38197476661544194, "MAE": 0.16134134943288786, "MSE": 0.05918041319976944, "poisson_deviance_explained": 0.3707383213025134}, "20": {"AUC": NaN, "kappa": NaN, "f1": NaN, "precision": NaN, "recall": NaN, "average_precision": NaN, "Spearman_r": 0.5472386750350103, "Pearson_r": 0.623535367570101, "R2": 0.3846144641050794, "MAE": 0.17320677346737132, "MSE": 0.06394850007548938, "poisson_deviance_explained": 0.36283582738167564}, "21": {"AUC": NaN, "kappa": NaN, "f1": NaN, "precision": NaN, "recall": NaN, "average_precision": NaN, "Spearman_r": 0.5472331141459184, "Pearson_r": 0.6076472462773522, "R2": 0.36484056922605645, "MAE": 0.18051790694726785, "MSE": 0.06651813281086146, "poisson_deviance_explained": 0.3494422650936817}, "22": {"AUC": NaN, "kappa": NaN, "f1": NaN, "precision": NaN, "recall": NaN, "average_precision": NaN, "Spearman_r": 0.5691177686470253, "Pearson_r": 0.6312407517443116, "R2": 0.3931859440868334, "MAE": 0.19011468254916178, "MSE": 0.07066094811650286, "poisson_deviance_explained": 0.369298328379453}, "23": {"AUC": NaN, "kappa": NaN, "f1": NaN, "precision": NaN, "recall": NaN, "average_precision": NaN, "Spearman_r": 0.5810183520154738, "Pearson_r": 0.6405026540667084, "R2": 0.4067134939315271, "MAE": 0.1953075299641668, "MSE": 0.07428090098453648, "poisson_deviance_explained": 0.3879469948659171}, "24": {"AUC": NaN, "kappa": NaN, "f1": NaN, "precision": NaN, "recall": NaN, "average_precision": NaN, "Spearman_r": 0.5451904702731803, "Pearson_r": 0.6543783777001794, "R2": 0.42562110167965117, "MAE": 0.14467553552789814, "MSE": 0.0546323222755385, "poisson_deviance_explained": 0.4220721673905785}, "25": {"AUC": NaN, "kappa": NaN, "f1": NaN, "precision": NaN, "recall": NaN, "average_precision": NaN, "Spearman_r": 0.5589707624354476, "Pearson_r": 0.6733674470048604, "R2": 0.45216437537919296, "MAE": 0.14137831373403598, "MSE": 0.0545070577003534, "poisson_deviance_explained": 0.4520185521917949}, "26": {"AUC": NaN, "kappa": NaN, "f1": NaN, "precision": NaN, "recall": NaN, "average_precision": NaN, "Spearman_r": 0.5958813439581082, "Pearson_r": 0.691178922205418, "R2": 0.47504316236783095, "MAE": 0.15237314945554453, "MSE": 0.061621888326475034, "poisson_deviance_explained": 0.47709958577207645}, "27": {"AUC": NaN, "kappa": NaN, "f1": NaN, "precision": NaN, "recall": NaN, "average_precision": NaN,