{"1": {"AUC": NaN, "kappa": NaN, "f1": NaN, "precision": NaN, "recall": NaN, "average_precision": NaN, "Spearman_r": 0.5344190037889525, "Pearson_r": 0.682794363720562, "R2": 0.4657722857921839, "MAE": 0.11448822119310453, "MSE": 0.045581107132575155, "poisson_deviance_explained": 0.500958707764162}, "2": {"AUC": NaN, "kappa": NaN, "f1": NaN, "precision": NaN, "recall": NaN, "average_precision": NaN, "Spearman_r": 0.5573564079782164, "Pearson_r": 0.6473441814619706, "R2": 0.4184445650086682, "MAE": 0.15618636598218957, "MSE": 0.06454840333001906, "poisson_deviance_explained": 0.42330929331506384}, "3": {"AUC": NaN, "kappa": NaN, "f1": NaN, "precision": NaN, "recall": NaN, "average_precision": NaN, "Spearman_r": 0.5721588982104837, "Pearson_r": 0.6690332134574593, "R2": 0.4451110279095096, "MAE": 0.15505653322920426, "MSE": 0.06224394230047679, "poisson_deviance_explained": 0.457061613819579}, "4": {"AUC": NaN, "kappa": NaN, "f1": NaN, "precision": NaN, "recall": NaN, "average_precision": NaN, "Spearman_r": 0.5712881662816932, "Pearson_r": 0.6830059941775367, "R2": 0.46397805578043083, "MAE": 0.13757448730703914, "MSE": 0.05620219852643551, "poisson_deviance_explained": 0.4595687369545375}, "5": {"AUC": NaN, "kappa": NaN, "f1": NaN, "precision": NaN, "recall": NaN, "average_precision": NaN, "Spearman_r": 0.5646186485997289, "Pearson_r": 0.6507523297775721, "R2": 0.4217071217297208, "MAE": 0.1564165502696885, "MSE": 0.061597927569629715, "poisson_deviance_explained": 0.4274322078711751}, "6": {"AUC": NaN, "kappa": NaN, "f1": NaN, "precision": NaN, "recall": NaN, "average_precision": NaN, "Spearman_r": 0.5379043160464023, "Pearson_r": 0.6472997064541759, "R2": 0.41734266224481353, "MAE": 0.1529004017863598, "MSE": 0.058489734536909394, "poisson_deviance_explained": 0.41612380786330805}, "7": {"AUC": NaN, "kappa": NaN, "f1": NaN, "precision": NaN, "recall": NaN, "average_precision": NaN, "Spearman_r": 0.5501604051207669, "Pearson_r": 0.6138871676936184, "R2": 0.3746425296651651, "MAE": 0.19664930325627794, "MSE": 0.07390470591674259, "poisson_deviance_explained": 0.35654325989308455}, "8": {"AUC": NaN, "kappa": NaN, "f1": NaN, "precision": NaN, "recall": NaN, "average_precision": NaN, "Spearman_r": 0.5386990389583337, "Pearson_r": 0.6041494160325798, "R2": 0.362942505331315, "MAE": 0.19221699654792115, "MSE": 0.07103924088183444, "poisson_deviance_explained": 0.34886153295978817}, "9": {"AUC": NaN, "kappa": NaN, "f1": NaN, "precision": NaN, "recall": NaN, "average_precision": NaN, "Spearman_r": 0.5469511369735739, "Pearson_r": 0.5922992481469073, "R2": 0.34962582067506354, "MAE": 0.2043080705960701, "MSE": 0.07579284243448134, "poisson_deviance_explained": 0.3275185389283598}, "10": {"AUC": NaN, "kappa": NaN, "f1": NaN, "precision": NaN, "recall": NaN, "average_precision": NaN, "Spearman_r": 0.5422968389705719, "Pearson_r": 0.5856360336698391, "R2": 0.3412232032984891, "MAE": 0.20525596026715331, "MSE": 0.07717491285185707, "poisson_deviance_explained": 0.31946205928923055}, "11": {"AUC": NaN, "kappa": NaN, "f1": NaN, "precision": NaN, "recall": NaN, "average_precision": NaN, "Spearman_r": 0.5347592998619658, "Pearson_r": 0.5858900144229946, "R2": 0.34103450235966093, "MAE": 0.198572777918336, "MSE": 0.07377891030229833, "poisson_deviance_explained": 0.3297087857529294}, "12": {"AUC": NaN, "kappa": NaN, "f1": NaN, "precision": NaN, "recall": NaN, "average_precision": NaN, "Spearman_r": 0.5251737314960397, "Pearson_r": 0.5847650088268928, "R2": 0.34015929429537306, "MAE": 0.18430597809801838, "MSE": 0.06759395673930131, "poisson_deviance_explained": 0.3216680572878191}, "13": {"AUC": NaN, "kappa": NaN, "f1": NaN, "precision": NaN, "recall": NaN, "average_precision": NaN, "Spearman_r": 0.51246007705265, "Pearson_r": 0.5726316134897365, "R2": 0.32631161053764945, "MAE": 0.1755448955124915, "MSE": 0.06365372050670286, "poisson_deviance_explained": 0.3226254090879169}, "14": {"AUC": NaN, "kappa": NaN, "f1": NaN, "precision": NaN, "recall": NaN, "average_precision": NaN, "Spearman_r": 0.5182010992245561, "Pearson_r": 0.5977281848158706, "R2": 0.3541593905151075, "MAE": 0.16643032043016528, "MSE": 0.060726723091277676, "poisson_deviance_explained": 0.3506550623869533}, "15": {"AUC": NaN, "kappa": NaN, "f1": NaN, "precision": NaN, "recall": NaN, "average_precision": NaN, "Spearman_r": 0.5051577276327953, "Pearson_r": 0.5775660876133537, "R2": 0.33222252579222555, "MAE": 0.17283060598162392, "MSE": 0.06286788414340816, "poisson_deviance_explained": 0.3242532080177033}, "16": {"AUC": NaN, "kappa": NaN, "f1": NaN, "precision": NaN, "recall": NaN, "average_precision": NaN, "Spearman_r": 0.5221129182887246, "Pearson_r": 0.598330536471269, "R2": 0.35611078927509665, "MAE": 0.16557732822211316, "MSE": 0.06078306719615739, "poisson_deviance_explained": 0.3437764058793402}, "17": {"AUC": NaN, "kappa": NaN, "f1": NaN, "precision": NaN, "recall": NaN, "average_precision": NaN, "Spearman_r": 0.4931758217804848, "Pearson_r": 0.578396003434873, "R2": 0.33326951127371784, "MAE": 0.15770311728206157, "MSE": 0.057656637175917035, "poisson_deviance_explained": 0.3342960484950346}, "18": {"AUC": NaN, "kappa": NaN, "f1": NaN, "precision": NaN, "recall": NaN, "average_precision": NaN, "Spearman_r": 0.5233645401691569, "Pearson_r": 0.61226008814837, "R2": 0.3728571360012649, "MAE": 0.15318986545282767, "MSE": 0.05489257533540102, "poisson_deviance_explained": 0.3714579042970164}, "19": {"AUC": NaN, "kappa": NaN, "f1": NaN, "precision": NaN, "recall": NaN, "average_precision": NaN, "Spearman_r": 0.5383811528269903, "Pearson_r": 0.604654623134052, "R2": 0.364108014333834, "MAE": 0.17220979606557316, "MSE": 0.06332780475642358, "poisson_deviance_explained": 0.35422687676270004}, "20": {"AUC": NaN, "kappa": NaN, "f1": NaN, "precision": NaN, "recall": NaN, "average_precision": NaN, "Spearman_r": 0.5393618921163452, "Pearson_r": 0.6091799167439829, "R2": 0.36919751419230795, "MAE": 0.1714607807646163, "MSE": 0.061625236850926725, "poisson_deviance_explained": 0.36357533584222623}, "21": {"AUC": NaN, "kappa": NaN, "f1": NaN, "precision": NaN, "recall": NaN, "average_precision": NaN, "Spearman_r": 0.5326328164464519, "Pearson_r": 0.5961911470794266, "R2": 0.3535604431086189, "MAE": 0.17754820339080793, "MSE": 0.06375543286773827, "poisson_deviance_explained": 0.3466846560281144}, "22": {"AUC": NaN, "kappa": NaN, "f1": NaN, "precision": NaN, "recall": NaN, "average_precision": NaN, "Spearman_r": 0.5310469886274518, "Pearson_r": 0.6004013723195095, "R2": 0.3593620869962928, "MAE": 0.17797073121171914, "MSE": 0.06549100593871245, "poisson_deviance_explained": 0.35033199269295}, "23": {"AUC": NaN, "kappa": NaN, "f1": NaN, "precision": NaN, "recall": NaN, "average_precision": NaN, "Spearman_r": 0.5551000384267913, "Pearson_r": 0.6155959177179295, "R2": 0.3772951730590748, "MAE": 0.17439199512235473, "MSE": 0.06431026098478135, "poisson_deviance_explained": 0.3721623557058158}, "24": {"AUC": NaN, "kappa": NaN, "f1": NaN, "precision": NaN, "recall": NaN, "average_precision": NaN, "Spearman_r": 0.5817919136725542, "Pearson_r": 0.6831709003242893, "R2": 0.46437470138897363, "MAE": 0.15463495904452074, "MSE": 0.05960489655271663, "poisson_deviance_explained": 0.45523494254351526}, "25": {"AUC": NaN, "kappa": NaN, "f1": NaN, "precision": NaN, "recall": NaN, "average_precision": NaN, "Spearman_r": 0.557947730030576, "Pearson_r": 0.6871935739839146, "R2": 0.4705402273886501, "MAE": 0.13799840833204577, "MSE": 0.053336498657418234, "poisson_deviance_explained": 0.47438552194767614}, "26": {"AUC": NaN, "kappa": NaN, "f1": NaN, "precision": NaN, "recall": NaN, "average_precision": NaN, "Spearman_r": 0.5553821552764405, "Pearson_r": 0.6865783460177752, "R2": 0.4696571568616654, "MAE": 0.12594956449606287, "MSE": 0.050411009699917346, "poisson_deviance_explained": 0.47507150282568}, "27": {"AUC": NaN, "kappa": NaN, "f1": NaN, "precision": NaN, "recall": NaN, "average_precision": NaN,