{"1": {"AUC": NaN, "kappa": NaN, "f1": NaN, "precision": NaN, "recall": NaN, "average_precision": NaN, "Spearman_r": 0.46051490181449306, "Pearson_r": 0.5771619575038455, "R2": 0.32661347490813086, "MAE": 0.11541796181249077, "MSE": 0.04966009774600547, "poisson_deviance_explained": 0.40264684615228474}, "2": {"AUC": NaN, "kappa": NaN, "f1": NaN, "precision": NaN, "recall": NaN, "average_precision": NaN, "Spearman_r": 0.48784765552826903, "Pearson_r": 0.6195988011236259, "R2": 0.37758732363476954, "MAE": 0.12314154260340673, "MSE": 0.05243168267467813, "poisson_deviance_explained": 0.4192844762675847}, "3": {"AUC": NaN, "kappa": NaN, "f1": NaN, "precision": NaN, "recall": NaN, "average_precision": NaN, "Spearman_r": 0.5094113515012868, "Pearson_r": 0.6169359310615745, "R2": 0.3769551927889577, "MAE": 0.12851860431337264, "MSE": 0.0527737401155755, "poisson_deviance_explained": 0.4075542229730973}, "4": {"AUC": NaN, "kappa": NaN, "f1": NaN, "precision": NaN, "recall": NaN, "average_precision": NaN, "Spearman_r": 0.5249448657691161, "Pearson_r": 0.6414515482852399, "R2": 0.40853313072621, "MAE": 0.1369743357708444, "MSE": 0.058457376156459157, "poisson_deviance_explained": 0.4319555901297508}, "5": {"AUC": NaN, "kappa": NaN, "f1": NaN, "precision": NaN, "recall": NaN, "average_precision": NaN, "Spearman_r": 0.5600033057234531, "Pearson_r": 0.6246089324391075, "R2": 0.3901243172274893, "MAE": 0.17730500068414387, "MSE": 0.07209259019066372, "poisson_deviance_explained": 0.36764514281565985}, "6": {"AUC": NaN, "kappa": NaN, "f1": NaN, "precision": NaN, "recall": NaN, "average_precision": NaN, "Spearman_r": 0.5229532264024391, "Pearson_r": 0.6261232859219032, "R2": 0.3910315791466573, "MAE": 0.16263939505190378, "MSE": 0.06520033176986813, "poisson_deviance_explained": 0.3991973500632149}, "7": {"AUC": NaN, "kappa": NaN, "f1": NaN, "precision": NaN, "recall": NaN, "average_precision": NaN, "Spearman_r": 0.5055793071556914, "Pearson_r": 0.5808843220879449, "R2": 0.33663335432801067, "MAE": 0.18001778257361498, "MSE": 0.07104321432330929, "poisson_deviance_explained": 0.3284578557911626}, "8": {"AUC": NaN, "kappa": NaN, "f1": NaN, "precision": NaN, "recall": NaN, "average_precision": NaN, "Spearman_r": 0.534168732218208, "Pearson_r": 0.6005394270293917, "R2": 0.3605400683938863, "MAE": 0.19714011374339108, "MSE": 0.07635286569927754, "poisson_deviance_explained": 0.3310091774414933}, "9": {"AUC": NaN, "kappa": NaN, "f1": NaN, "precision": NaN, "recall": NaN, "average_precision": NaN, "Spearman_r": 0.5321218408381118, "Pearson_r": 0.5911762042568665, "R2": 0.34834049543956, "MAE": 0.19582684123592842, "MSE": 0.0770519731386019, "poisson_deviance_explained": 0.3256862750243785}, "10": {"AUC": NaN, "kappa": NaN, "f1": NaN, "precision": NaN, "recall": NaN, "average_precision": NaN, "Spearman_r": 0.5135325359021365, "Pearson_r": 0.5630889884809661, "R2": 0.3161863924341972, "MAE": 0.20159269722621626, "MSE": 0.07796387288239762, "poisson_deviance_explained": 0.2965188641224793}, "11": {"AUC": NaN, "kappa": NaN, "f1": NaN, "precision": NaN, "recall": NaN, "average_precision": NaN, "Spearman_r": 0.4956557230353985, "Pearson_r": 0.5628273489316682, "R2": 0.316038687183683, "MAE": 0.1717888596395371, "MSE": 0.06559846866758436, "poisson_deviance_explained": 0.30890769565663256}, "12": {"AUC": NaN, "kappa": NaN, "f1": NaN, "precision": NaN, "recall": NaN, "average_precision": NaN, "Spearman_r": 0.46507687095615874, "Pearson_r": 0.5598848772317031, "R2": 0.31269927059044456, "MAE": 0.1515464032575029, "MSE": 0.055319885725014596, "poisson_deviance_explained": 0.2996564689354029}, "13": {"AUC": NaN, "kappa": NaN, "f1": NaN, "precision": NaN, "recall": NaN, "average_precision": NaN, "Spearman_r": 0.4446973321965303, "Pearson_r": 0.5251850074797701, "R2": 0.2714846035990378, "MAE": 0.1591465500057556, "MSE": 0.06106824471449101, "poisson_deviance_explained": 0.26384027946100685}, "14": {"AUC": NaN, "kappa": NaN, "f1": NaN, "precision": NaN, "recall": NaN, "average_precision": NaN, "Spearman_r": 0.4644180198474737, "Pearson_r": 0.5383783325577081, "R2": 0.2867166459398839, "MAE": 0.15962077359982188, "MSE": 0.06181913137238895, "poisson_deviance_explained": 0.29677822767736606}, "15": {"AUC": NaN, "kappa": NaN, "f1": NaN, "precision": NaN, "recall": NaN, "average_precision": NaN, "Spearman_r": 0.4787492185392589, "Pearson_r": 0.5739000193525522, "R2": 0.32811195808008387, "MAE": 0.15474447640123118, "MSE": 0.060213209106410516, "poisson_deviance_explained": 0.3245049421390641}, "16": {"AUC": NaN, "kappa": NaN, "f1": NaN, "precision": NaN, "recall": NaN, "average_precision": NaN, "Spearman_r": 0.4666720034365288, "Pearson_r": 0.5438507334705506, "R2": 0.2940728215414804, "MAE": 0.15291746705081594, "MSE": 0.06197069345376584, "poisson_deviance_explained": 0.2978107742009223}, "17": {"AUC": NaN, "kappa": NaN, "f1": NaN, "precision": NaN, "recall": NaN, "average_precision": NaN, "Spearman_r": 0.4993596550065131, "Pearson_r": 0.5915069707915477, "R2": 0.34986944757225436, "MAE": 0.1668556669352165, "MSE": 0.06514166483296592, "poisson_deviance_explained": 0.31823973949429496}, "18": {"AUC": NaN, "kappa": NaN, "f1": NaN, "precision": NaN, "recall": NaN, "average_precision": NaN, "Spearman_r": 0.47501913398160694, "Pearson_r": 0.5843578077739303, "R2": 0.34100063537842507, "MAE": 0.13930985729957848, "MSE": 0.05174716575214845, "poisson_deviance_explained": 0.33116530599866856}, "19": {"AUC": NaN, "kappa": NaN, "f1": NaN, "precision": NaN, "recall": NaN, "average_precision": NaN, "Spearman_r": 0.46734474643550544, "Pearson_r": 0.5666305040795759, "R2": 0.31665529222879896, "MAE": 0.1614277956273838, "MSE": 0.06240642300556594, "poisson_deviance_explained": 0.2966409441756128}, "20": {"AUC": NaN, "kappa": NaN, "f1": NaN, "precision": NaN, "recall": NaN, "average_precision": NaN, "Spearman_r": 0.48930386151752303, "Pearson_r": 0.5731405633580406, "R2": 0.328487003878852, "MAE": 0.16819414418590065, "MSE": 0.06557681990881722, "poisson_deviance_explained": 0.31539453269079554}, "21": {"AUC": NaN, "kappa": NaN, "f1": NaN, "precision": NaN, "recall": NaN, "average_precision": NaN, "Spearman_r": 0.5205338504867627, "Pearson_r": 0.5969901568509104, "R2": 0.3556493740676816, "MAE": 0.17295405831140892, "MSE": 0.06487917151878812, "poisson_deviance_explained": 0.3316437583085162}, "22": {"AUC": NaN, "kappa": NaN, "f1": NaN, "precision": NaN, "recall": NaN, "average_precision": NaN, "Spearman_r": 0.536803542565981, "Pearson_r": 0.6130882955567543, "R2": 0.3758065788553725, "MAE": 0.17763111693437877, "MSE": 0.06811292310687812, "poisson_deviance_explained": 0.3328038248188395}, "23": {"AUC": NaN, "kappa": NaN, "f1": NaN, "precision": NaN, "recall": NaN, "average_precision": NaN, "Spearman_r": 0.5001051245815054, "Pearson_r": 0.5765026149474864, "R2": 0.3318101120190363, "MAE": 0.16370782225246655, "MSE": 0.061881611303684365, "poisson_deviance_explained": 0.3405404889726844}, "24": {"AUC": NaN, "kappa": NaN, "f1": NaN, "precision": NaN, "recall": NaN, "average_precision": NaN, "Spearman_r": 0.5398843900961039, "Pearson_r": 0.6360507294214237, "R2": 0.40350945726597764, "MAE": 0.15180896018096862, "MSE": 0.06350613714031621, "poisson_deviance_explained": 0.3958509641480652}, "25": {"AUC": NaN, "kappa": NaN, "f1": NaN, "precision": NaN, "recall": NaN, "average_precision": NaN, "Spearman_r": 0.5566007825661995, "Pearson_r": 0.6686167017554466, "R2": 0.44671930716010333, "MAE": 0.1349588109450053, "MSE": 0.05644594346603407, "poisson_deviance_explained": 0.45914364005921116}, "26": {"AUC": NaN, "kappa": NaN, "f1": NaN, "precision": NaN, "recall": NaN, "average_precision": NaN, "Spearman_r": 0.5145961719617586, "Pearson_r": 0.6272351638949045, "R2": 0.39299235251478004, "MAE": 0.13662257432958608, "MSE": 0.05589427976766075, "poisson_deviance_explained": 0.41002130986024954}, "27": {"AUC": NaN, "kappa": NaN, "f1": NaN, "precision": NaN, "recall": NaN, "average_precision": NaN,