{"1": {"AUC": NaN, "kappa": NaN, "f1": NaN, "precision": NaN, "recall": NaN, "average_precision": NaN, "Spearman_r": 0.5695718982855981, "Pearson_r": 0.6888592517068951, "R2": 0.47443901908708674, "MAE": 0.1325290736066495, "MSE": 0.055301937859703415, "poisson_deviance_explained": 0.5012283145912166}, "2": {"AUC": NaN, "kappa": NaN, "f1": NaN, "precision": NaN, "recall": NaN, "average_precision": NaN, "Spearman_r": 0.5338460968580864, "Pearson_r": 0.6632028464555029, "R2": 0.4388384428424257, "MAE": 0.11870672068922163, "MSE": 0.0478394958069104, "poisson_deviance_explained": 0.47182222289822373}, "3": {"AUC": NaN, "kappa": NaN, "f1": NaN, "precision": NaN, "recall": NaN, "average_precision": NaN, "Spearman_r": 0.5551597650574869, "Pearson_r": 0.6680448274048452, "R2": 0.44618264848465417, "MAE": 0.1264872915768445, "MSE": 0.05128525610342463, "poisson_deviance_explained": 0.4772424404370862}, "4": {"AUC": NaN, "kappa": NaN, "f1": NaN, "precision": NaN, "recall": NaN, "average_precision": NaN, "Spearman_r": 0.5186273442604565, "Pearson_r": 0.6476837988404163, "R2": 0.41936785839705903, "MAE": 0.12280332454148439, "MSE": 0.04897932480325091, "poisson_deviance_explained": 0.4409609766765151}, "5": {"AUC": NaN, "kappa": NaN, "f1": NaN, "precision": NaN, "recall": NaN, "average_precision": NaN, "Spearman_r": 0.572156476990662, "Pearson_r": 0.6913687020243773, "R2": 0.47778321778941, "MAE": 0.13511222689382374, "MSE": 0.053420431692427196, "poisson_deviance_explained": 0.4770678284061769}, "6": {"AUC": NaN, "kappa": NaN, "f1": NaN, "precision": NaN, "recall": NaN, "average_precision": NaN, "Spearman_r": 0.5714775799358084, "Pearson_r": 0.6814917830599195, "R2": 0.4639414584816096, "MAE": 0.1495795417841471, "MSE": 0.059575980318181176, "poisson_deviance_explained": 0.45724186726334026}, "7": {"AUC": NaN, "kappa": NaN, "f1": NaN, "precision": NaN, "recall": NaN, "average_precision": NaN, "Spearman_r": 0.5631966702629028, "Pearson_r": 0.6540252910552508, "R2": 0.42609534597924226, "MAE": 0.15973713880041435, "MSE": 0.05960854844315997, "poisson_deviance_explained": 0.40495684288804823}, "8": {"AUC": NaN, "kappa": NaN, "f1": NaN, "precision": NaN, "recall": NaN, "average_precision": NaN, "Spearman_r": 0.550181808514266, "Pearson_r": 0.6264646082754954, "R2": 0.39126956173865324, "MAE": 0.17019536554206507, "MSE": 0.06116047278016285, "poisson_deviance_explained": 0.3701314964695971}, "9": {"AUC": NaN, "kappa": NaN, "f1": NaN, "precision": NaN, "recall": NaN, "average_precision": NaN, "Spearman_r": 0.5795563698755718, "Pearson_r": 0.6483810587101676, "R2": 0.4190645796535102, "MAE": 0.18034206049398113, "MSE": 0.06729582914047924, "poisson_deviance_explained": 0.38618572193133216}, "10": {"AUC": NaN, "kappa": NaN, "f1": NaN, "precision": NaN, "recall": NaN, "average_precision": NaN, "Spearman_r": 0.5512185755375766, "Pearson_r": 0.6115470881885632, "R2": 0.3728355547240165, "MAE": 0.17877635600618014, "MSE": 0.06463298651426423, "poisson_deviance_explained": 0.35195680966348974}, "11": {"AUC": NaN, "kappa": NaN, "f1": NaN, "precision": NaN, "recall": NaN, "average_precision": NaN, "Spearman_r": 0.5427198597262375, "Pearson_r": 0.605991830220171, "R2": 0.36637316110662865, "MAE": 0.17988384576841487, "MSE": 0.06683179464425541, "poisson_deviance_explained": 0.34741655226754853}, "12": {"AUC": NaN, "kappa": NaN, "f1": NaN, "precision": NaN, "recall": NaN, "average_precision": NaN, "Spearman_r": 0.5105339210360998, "Pearson_r": 0.591557908580188, "R2": 0.349014411003867, "MAE": 0.15845551554409537, "MSE": 0.056457621652007614, "poisson_deviance_explained": 0.3433942331412756}, "13": {"AUC": NaN, "kappa": NaN, "f1": NaN, "precision": NaN, "recall": NaN, "average_precision": NaN, "Spearman_r": 0.53620802166382, "Pearson_r": 0.6156772691572442, "R2": 0.3783206826022739, "MAE": 0.15809787595262184, "MSE": 0.0581726872453711, "poisson_deviance_explained": 0.37417588180449823}, "14": {"AUC": NaN, "kappa": NaN, "f1": NaN, "precision": NaN, "recall": NaN, "average_precision": NaN, "Spearman_r": 0.5058381023713003, "Pearson_r": 0.6028949393506697, "R2": 0.36264214504396575, "MAE": 0.14499626834336174, "MSE": 0.05219288440758283, "poisson_deviance_explained": 0.3605219231657195}, "15": {"AUC": NaN, "kappa": NaN, "f1": NaN, "precision": NaN, "recall": NaN, "average_precision": NaN, "Spearman_r": 0.5263605678110098, "Pearson_r": 0.614109202995169, "R2": 0.37655554704619887, "MAE": 0.1567058049114169, "MSE": 0.057932509320758926, "poisson_deviance_explained": 0.3612552614329443}, "16": {"AUC": NaN, "kappa": NaN, "f1": NaN, "precision": NaN, "recall": NaN, "average_precision": NaN, "Spearman_r": 0.5176803084229178, "Pearson_r": 0.6154085725266749, "R2": 0.3782861976424573, "MAE": 0.14728042651723533, "MSE": 0.054824619608609584, "poisson_deviance_explained": 0.37894216305074646}, "17": {"AUC": NaN, "kappa": NaN, "f1": NaN, "precision": NaN, "recall": NaN, "average_precision": NaN, "Spearman_r": 0.5074579693459111, "Pearson_r": 0.6021769479597571, "R2": 0.36193310958977876, "MAE": 0.14476587205191502, "MSE": 0.05354617735143336, "poisson_deviance_explained": 0.3622967235932101}, "18": {"AUC": NaN, "kappa": NaN, "f1": NaN, "precision": NaN, "recall": NaN, "average_precision": NaN, "Spearman_r": 0.5177638961966807, "Pearson_r": 0.6272161543404547, "R2": 0.39274977237914865, "MAE": 0.13870127764819093, "MSE": 0.05131113669271725, "poisson_deviance_explained": 0.38739918871395174}, "19": {"AUC": NaN, "kappa": NaN, "f1": NaN, "precision": NaN, "recall": NaN, "average_precision": NaN, "Spearman_r": 0.5269050701103257, "Pearson_r": 0.6313583718504429, "R2": 0.39830023931238945, "MAE": 0.14838952738813724, "MSE": 0.05688862758003148, "poisson_deviance_explained": 0.38521642306073656}, "20": {"AUC": NaN, "kappa": NaN, "f1": NaN, "precision": NaN, "recall": NaN, "average_precision": NaN, "Spearman_r": 0.5331731537219442, "Pearson_r": 0.6168175359867754, "R2": 0.3793666429649625, "MAE": 0.1604084103039268, "MSE": 0.05851070020063504, "poisson_deviance_explained": 0.3741671242058595}, "21": {"AUC": NaN, "kappa": NaN, "f1": NaN, "precision": NaN, "recall": NaN, "average_precision": NaN, "Spearman_r": 0.5640875531976777, "Pearson_r": 0.630981515612056, "R2": 0.39664423799812, "MAE": 0.16944033701013628, "MSE": 0.06250829349443689, "poisson_deviance_explained": 0.37944839705944844}, "22": {"AUC": NaN, "kappa": NaN, "f1": NaN, "precision": NaN, "recall": NaN, "average_precision": NaN, "Spearman_r": 0.5319337334875284, "Pearson_r": 0.6146157534192781, "R2": 0.3771215336141521, "MAE": 0.16065384749663061, "MSE": 0.05794569198158936, "poisson_deviance_explained": 0.36113536219616527}, "23": {"AUC": NaN, "kappa": NaN, "f1": NaN, "precision": NaN, "recall": NaN, "average_precision": NaN, "Spearman_r": 0.5543114528134304, "Pearson_r": 0.6428985740374703, "R2": 0.41268506820649253, "MAE": 0.15627855249644823, "MSE": 0.058993444546942886, "poisson_deviance_explained": 0.4106582680943568}, "24": {"AUC": NaN, "kappa": NaN, "f1": NaN, "precision": NaN, "recall": NaN, "average_precision": NaN, "Spearman_r": 0.5255791276910311, "Pearson_r": 0.6354856892801968, "R2": 0.4035859105995454, "MAE": 0.13091703827581852, "MSE": 0.05051851655595774, "poisson_deviance_explained": 0.4216019654014843}, "25": {"AUC": NaN, "kappa": NaN, "f1": NaN, "precision": NaN, "recall": NaN, "average_precision": NaN, "Spearman_r": 0.5531975079721991, "Pearson_r": 0.6912111289568907, "R2": 0.4768994678275402, "MAE": 0.12218088628195187, "MSE": 0.04629436809269854, "poisson_deviance_explained": 0.48327931481229247}, "26": {"AUC": NaN, "kappa": NaN, "f1": NaN, "precision": NaN, "recall": NaN, "average_precision": NaN, "Spearman_r": 0.5618784851394772, "Pearson_r": 0.7052578392721139, "R2": 0.4969101804975492, "MAE": 0.11945451571168302, "MSE": 0.04703269746723023, "poisson_deviance_explained": 0.5155937477636583}, "27": {"AUC": NaN, "kappa": NaN, "f1": NaN, "precision": NaN, "recall": NaN, "average_precision": NaN,