{"1": {"AUC": NaN, "kappa": NaN, "f1": NaN, "precision": NaN, "recall": NaN, "average_precision": NaN, "Spearman_r": 0.5585250060472853, "Pearson_r": 0.6745222402340447, "R2": 0.454468497140582, "MAE": 0.13664402945338194, "MSE": 0.05674474567366425, "poisson_deviance_explained": 0.46387069720283436}, "2": {"AUC": NaN, "kappa": NaN, "f1": NaN, "precision": NaN, "recall": NaN, "average_precision": NaN, "Spearman_r": 0.5650690442884411, "Pearson_r": 0.6921056312037376, "R2": 0.478632244669159, "MAE": 0.1264385668879691, "MSE": 0.051741913682348144, "poisson_deviance_explained": 0.49837974899827575}, "3": {"AUC": NaN, "kappa": NaN, "f1": NaN, "precision": NaN, "recall": NaN, "average_precision": NaN, "Spearman_r": 0.5309678572806235, "Pearson_r": 0.677298825416509, "R2": 0.4586023406559441, "MAE": 0.1131796420220474, "MSE": 0.045906975270858526, "poisson_deviance_explained": 0.5018663383609052}, "4": {"AUC": NaN, "kappa": NaN, "f1": NaN, "precision": NaN, "recall": NaN, "average_precision": NaN, "Spearman_r": 0.5719912446193984, "Pearson_r": 0.6758111951181663, "R2": 0.4565430262344812, "MAE": 0.14159281790385805, "MSE": 0.058816303486688516, "poisson_deviance_explained": 0.46557484225948764}, "5": {"AUC": NaN, "kappa": NaN, "f1": NaN, "precision": NaN, "recall": NaN, "average_precision": NaN, "Spearman_r": 0.5782786435894741, "Pearson_r": 0.6761980369615519, "R2": 0.45706189943695674, "MAE": 0.15442873493450818, "MSE": 0.06297415129543057, "poisson_deviance_explained": 0.4532058419853193}, "6": {"AUC": NaN, "kappa": NaN, "f1": NaN, "precision": NaN, "recall": NaN, "average_precision": NaN, "Spearman_r": 0.5872388476242986, "Pearson_r": 0.6723084191246207, "R2": 0.45151254125332385, "MAE": 0.16599096716959266, "MSE": 0.06837232424613815, "poisson_deviance_explained": 0.44183806913574963}, "7": {"AUC": NaN, "kappa": NaN, "f1": NaN, "precision": NaN, "recall": NaN, "average_precision": NaN, "Spearman_r": 0.5543729253559899, "Pearson_r": 0.648999227434632, "R2": 0.4205585678475262, "MAE": 0.16135605602125494, "MSE": 0.06271838475884796, "poisson_deviance_explained": 0.4053693905373217}, "8": {"AUC": NaN, "kappa": NaN, "f1": NaN, "precision": NaN, "recall": NaN, "average_precision": NaN, "Spearman_r": 0.5514368551297367, "Pearson_r": 0.6123523394059528, "R2": 0.3743911676403625, "MAE": 0.19327966908801802, "MSE": 0.07248850316082098, "poisson_deviance_explained": 0.348226530026855}, "9": {"AUC": NaN, "kappa": NaN, "f1": NaN, "precision": NaN, "recall": NaN, "average_precision": NaN, "Spearman_r": 0.5283480781736182, "Pearson_r": 0.5983187213112448, "R2": 0.35721312335578137, "MAE": 0.18574899931604724, "MSE": 0.0679642088869078, "poisson_deviance_explained": 0.32833726569588506}, "10": {"AUC": NaN, "kappa": NaN, "f1": NaN, "precision": NaN, "recall": NaN, "average_precision": NaN, "Spearman_r": 0.5322263423422746, "Pearson_r": 0.5891568016010053, "R2": 0.34683435648482586, "MAE": 0.18985238674729074, "MSE": 0.0720913732246289, "poisson_deviance_explained": 0.32701525111807506}, "11": {"AUC": NaN, "kappa": NaN, "f1": NaN, "precision": NaN, "recall": NaN, "average_precision": NaN, "Spearman_r": 0.5305002310759575, "Pearson_r": 0.5938268894838837, "R2": 0.35210436720451566, "MAE": 0.17398834775772185, "MSE": 0.06334574052224362, "poisson_deviance_explained": 0.3372925935474549}, "12": {"AUC": NaN, "kappa": NaN, "f1": NaN, "precision": NaN, "recall": NaN, "average_precision": NaN, "Spearman_r": 0.5158845138149609, "Pearson_r": 0.5940266450408666, "R2": 0.35255012829437526, "MAE": 0.16162876106449892, "MSE": 0.05945741612393538, "poisson_deviance_explained": 0.3437726174412702}, "13": {"AUC": NaN, "kappa": NaN, "f1": NaN, "precision": NaN, "recall": NaN, "average_precision": NaN, "Spearman_r": 0.5176321509140828, "Pearson_r": 0.5856860226486547, "R2": 0.34286191567683333, "MAE": 0.1693858014886396, "MSE": 0.06349215229800113, "poisson_deviance_explained": 0.3418144339693634}, "14": {"AUC": NaN, "kappa": NaN, "f1": NaN, "precision": NaN, "recall": NaN, "average_precision": NaN, "Spearman_r": 0.5240518789296807, "Pearson_r": 0.6067581529701709, "R2": 0.36733240792558, "MAE": 0.1610992256578695, "MSE": 0.05914996513437992, "poisson_deviance_explained": 0.35854610460615666}, "15": {"AUC": NaN, "kappa": NaN, "f1": NaN, "precision": NaN, "recall": NaN, "average_precision": NaN, "Spearman_r": 0.527057171496818, "Pearson_r": 0.6016390616649756, "R2": 0.3616013001476718, "MAE": 0.15984455145066487, "MSE": 0.06081180799104002, "poisson_deviance_explained": 0.36193520432157456}, "16": {"AUC": NaN, "kappa": NaN, "f1": NaN, "precision": NaN, "recall": NaN, "average_precision": NaN, "Spearman_r": 0.49311470638486427, "Pearson_r": 0.5872951302212979, "R2": 0.3447791417350283, "MAE": 0.1472141537573707, "MSE": 0.054875667957668246, "poisson_deviance_explained": 0.3428816171219796}, "17": {"AUC": NaN, "kappa": NaN, "f1": NaN, "precision": NaN, "recall": NaN, "average_precision": NaN, "Spearman_r": 0.5007919273961202, "Pearson_r": 0.5941252037329909, "R2": 0.35248652354482934, "MAE": 0.15063735420545013, "MSE": 0.05685255751585053, "poisson_deviance_explained": 0.35592321082742995}, "18": {"AUC": NaN, "kappa": NaN, "f1": NaN, "precision": NaN, "recall": NaN, "average_precision": NaN, "Spearman_r": 0.5270735898100223, "Pearson_r": 0.6109382477864849, "R2": 0.3731726805351627, "MAE": 0.15530192075130594, "MSE": 0.059782201331548525, "poisson_deviance_explained": 0.36933495987235165}, "19": {"AUC": NaN, "kappa": NaN, "f1": NaN, "precision": NaN, "recall": NaN, "average_precision": NaN, "Spearman_r": 0.5336426067737826, "Pearson_r": 0.6212762516734819, "R2": 0.38594537119926164, "MAE": 0.1533722488466958, "MSE": 0.05857300546555033, "poisson_deviance_explained": 0.38349829076022734}, "20": {"AUC": NaN, "kappa": NaN, "f1": NaN, "precision": NaN, "recall": NaN, "average_precision": NaN, "Spearman_r": 0.539105244747937, "Pearson_r": 0.6190522497436635, "R2": 0.3830084856337289, "MAE": 0.1569404314281606, "MSE": 0.05786669023610232, "poisson_deviance_explained": 0.3739278194399962}, "21": {"AUC": NaN, "kappa": NaN, "f1": NaN, "precision": NaN, "recall": NaN, "average_precision": NaN, "Spearman_r": 0.5343157005191239, "Pearson_r": 0.6157338494850736, "R2": 0.3786377470056763, "MAE": 0.16125739501759895, "MSE": 0.059056649933220164, "poisson_deviance_explained": 0.3680129860947513}, "22": {"AUC": NaN, "kappa": NaN, "f1": NaN, "precision": NaN, "recall": NaN, "average_precision": NaN, "Spearman_r": 0.5512282173152584, "Pearson_r": 0.6293253298630487, "R2": 0.39516554608909726, "MAE": 0.1674638364000867, "MSE": 0.06243002625509532, "poisson_deviance_explained": 0.37494449698984655}, "23": {"AUC": NaN, "kappa": NaN, "f1": NaN, "precision": NaN, "recall": NaN, "average_precision": NaN, "Spearman_r": 0.5399073601185642, "Pearson_r": 0.6167839442997922, "R2": 0.3802426929215508, "MAE": 0.16646211046959597, "MSE": 0.0645020182411183, "poisson_deviance_explained": 0.3708081170052706}, "24": {"AUC": NaN, "kappa": NaN, "f1": NaN, "precision": NaN, "recall": NaN, "average_precision": NaN, "Spearman_r": 0.5581072013391879, "Pearson_r": 0.6656920561078566, "R2": 0.4421147012118315, "MAE": 0.14845505380884688, "MSE": 0.056715184251209916, "poisson_deviance_explained": 0.4442847549824297}, "25": {"AUC": NaN, "kappa": NaN, "f1": NaN, "precision": NaN, "recall": NaN, "average_precision": NaN, "Spearman_r": 0.5718150146387655, "Pearson_r": 0.6680725521098742, "R2": 0.44594897849426907, "MAE": 0.15190184415806732, "MSE": 0.06224564676184168, "poisson_deviance_explained": 0.4518938426250617}, "26": {"AUC": NaN, "kappa": NaN, "f1": NaN, "precision": NaN, "recall": NaN, "average_precision": NaN, "Spearman_r": 0.5414028829133503, "Pearson_r": 0.6620881369283863, "R2": 0.43820641248299363, "MAE": 0.12993171304715184, "MSE": 0.052764554351178966, "poisson_deviance_explained": 0.4662969846867343}, "27": {"AUC": NaN, "kappa": NaN, "f1": NaN, "precision": NaN, "recall": NaN, "average_precision": NaN,