{"1": {"AUC": NaN, "kappa": NaN, "f1": NaN, "precision": NaN, "recall": NaN, "average_precision": NaN, "Spearman_r": 0.4835704684300408, "Pearson_r": 0.5966268798237846, "R2": 0.35353621721924544, "MAE": 0.13333106973443448, "MSE": 0.052865044127443805, "poisson_deviance_explained": 0.3904098112219535}, "2": {"AUC": NaN, "kappa": NaN, "f1": NaN, "precision": NaN, "recall": NaN, "average_precision": NaN, "Spearman_r": 0.530824882360456, "Pearson_r": 0.6496522715943815, "R2": 0.41939483842624403, "MAE": 0.1372687162349545, "MSE": 0.05699027717603212, "poisson_deviance_explained": 0.43112748318928384}, "3": {"AUC": NaN, "kappa": NaN, "f1": NaN, "precision": NaN, "recall": NaN, "average_precision": NaN, "Spearman_r": 0.5039254504621781, "Pearson_r": 0.6380244427721443, "R2": 0.4065451411234495, "MAE": 0.11357248922882075, "MSE": 0.04639883575175247, "poisson_deviance_explained": 0.42946530133836935}, "4": {"AUC": NaN, "kappa": NaN, "f1": NaN, "precision": NaN, "recall": NaN, "average_precision": NaN, "Spearman_r": 0.5287603282035872, "Pearson_r": 0.6243182812847353, "R2": 0.38832820819687264, "MAE": 0.13777040370716295, "MSE": 0.05748489238583939, "poisson_deviance_explained": 0.40518136527281845}, "5": {"AUC": NaN, "kappa": NaN, "f1": NaN, "precision": NaN, "recall": NaN, "average_precision": NaN, "Spearman_r": 0.5661624910446847, "Pearson_r": 0.6888260461106968, "R2": 0.46847821357863917, "MAE": 0.1388477490978419, "MSE": 0.05337544977432978, "poisson_deviance_explained": 0.46648260417843235}, "6": {"AUC": NaN, "kappa": NaN, "f1": NaN, "precision": NaN, "recall": NaN, "average_precision": NaN, "Spearman_r": 0.5678487792802612, "Pearson_r": 0.6428126887073227, "R2": 0.409176417101045, "MAE": 0.17321796402261794, "MSE": 0.0705611573758598, "poisson_deviance_explained": 0.41049572369079423}, "7": {"AUC": NaN, "kappa": NaN, "f1": NaN, "precision": NaN, "recall": NaN, "average_precision": NaN, "Spearman_r": 0.5045345395783633, "Pearson_r": 0.5808105081290459, "R2": 0.3356162682160312, "MAE": 0.1901996511977304, "MSE": 0.07150230450926898, "poisson_deviance_explained": 0.3145367194187457}, "8": {"AUC": NaN, "kappa": NaN, "f1": NaN, "precision": NaN, "recall": NaN, "average_precision": NaN, "Spearman_r": 0.5292203945515533, "Pearson_r": 0.5695483081721116, "R2": 0.3233466479929209, "MAE": 0.22187118883074378, "MSE": 0.0882899927163047, "poisson_deviance_explained": 0.3107398563631615}, "9": {"AUC": NaN, "kappa": NaN, "f1": NaN, "precision": NaN, "recall": NaN, "average_precision": NaN, "Spearman_r": 0.5122212577572338, "Pearson_r": 0.5678356185301839, "R2": 0.3212142118933985, "MAE": 0.1944128436773001, "MSE": 0.07371393691288096, "poisson_deviance_explained": 0.3088543209234319}, "10": {"AUC": NaN, "kappa": NaN, "f1": NaN, "precision": NaN, "recall": NaN, "average_precision": NaN, "Spearman_r": 0.522469103012679, "Pearson_r": 0.5891523616095111, "R2": 0.34517844006607523, "MAE": 0.1904201702730543, "MSE": 0.06958973080558138, "poisson_deviance_explained": 0.31949456623865624}, "11": {"AUC": NaN, "kappa": NaN, "f1": NaN, "precision": NaN, "recall": NaN, "average_precision": NaN, "Spearman_r": 0.4412211575246827, "Pearson_r": 0.5132581873223684, "R2": 0.26216400023182296, "MAE": 0.170320645698531, "MSE": 0.062058187801691915, "poisson_deviance_explained": 0.2544861979442863}, "12": {"AUC": NaN, "kappa": NaN, "f1": NaN, "precision": NaN, "recall": NaN, "average_precision": NaN, "Spearman_r": 0.4720493628364664, "Pearson_r": 0.5490322278741699, "R2": 0.300200998569751, "MAE": 0.161103334348746, "MSE": 0.05926325323716575, "poisson_deviance_explained": 0.29354768153304833}, "13": {"AUC": NaN, "kappa": NaN, "f1": NaN, "precision": NaN, "recall": NaN, "average_precision": NaN, "Spearman_r": 0.4984420277550383, "Pearson_r": 0.5820402793791379, "R2": 0.33561578985332696, "MAE": 0.1484535113826217, "MSE": 0.0548451552739575, "poisson_deviance_explained": 0.3400670340319979}, "14": {"AUC": NaN, "kappa": NaN, "f1": NaN, "precision": NaN, "recall": NaN, "average_precision": NaN, "Spearman_r": 0.4884009907925605, "Pearson_r": 0.5669288586306033, "R2": 0.3202774166444966, "MAE": 0.1550354724514252, "MSE": 0.05669756530879299, "poisson_deviance_explained": 0.33949454927635037}, "15": {"AUC": NaN, "kappa": NaN, "f1": NaN, "precision": NaN, "recall": NaN, "average_precision": NaN, "Spearman_r": 0.510664616925933, "Pearson_r": 0.6142138756412394, "R2": 0.375472509241669, "MAE": 0.15028485442098946, "MSE": 0.05420083907339595, "poisson_deviance_explained": 0.36425430320895513}, "16": {"AUC": NaN, "kappa": NaN, "f1": NaN, "precision": NaN, "recall": NaN, "average_precision": NaN, "Spearman_r": 0.4891753374988119, "Pearson_r": 0.5883356529233588, "R2": 0.3451520864755485, "MAE": 0.14685320146080005, "MSE": 0.053512998957055254, "poisson_deviance_explained": 0.34567418706273345}, "17": {"AUC": NaN, "kappa": NaN, "f1": NaN, "precision": NaN, "recall": NaN, "average_precision": NaN, "Spearman_r": 0.5080658517151433, "Pearson_r": 0.5987310607209663, "R2": 0.35377780393547875, "MAE": 0.15663777008956506, "MSE": 0.06028701011631205, "poisson_deviance_explained": 0.35646090216009174}, "18": {"AUC": NaN, "kappa": NaN, "f1": NaN, "precision": NaN, "recall": NaN, "average_precision": NaN, "Spearman_r": 0.47874158861291966, "Pearson_r": 0.5701924164254695, "R2": 0.3239468175618877, "MAE": 0.15036522046645853, "MSE": 0.054387347360479295, "poisson_deviance_explained": 0.3276306909883706}, "19": {"AUC": NaN, "kappa": NaN, "f1": NaN, "precision": NaN, "recall": NaN, "average_precision": NaN, "Spearman_r": 0.4808577157927078, "Pearson_r": 0.5645520918321504, "R2": 0.3174096872834219, "MAE": 0.15810149737230908, "MSE": 0.05724679623566872, "poisson_deviance_explained": 0.31588509365095985}, "20": {"AUC": NaN, "kappa": NaN, "f1": NaN, "precision": NaN, "recall": NaN, "average_precision": NaN, "Spearman_r": 0.5124564808211852, "Pearson_r": 0.5846935817636777, "R2": 0.3404967400611949, "MAE": 0.18297745274843985, "MSE": 0.07113148075898622, "poisson_deviance_explained": 0.31417042859091426}, "21": {"AUC": NaN, "kappa": NaN, "f1": NaN, "precision": NaN, "recall": NaN, "average_precision": NaN, "Spearman_r": 0.5317937562669427, "Pearson_r": 0.585171428848226, "R2": 0.3418350644142738, "MAE": 0.1953709872847311, "MSE": 0.07435604731358032, "poisson_deviance_explained": 0.32976024208819765}, "22": {"AUC": NaN, "kappa": NaN, "f1": NaN, "precision": NaN, "recall": NaN, "average_precision": NaN, "Spearman_r": 0.49310980535724547, "Pearson_r": 0.5792716039196902, "R2": 0.33374229519828247, "MAE": 0.17242602461871379, "MSE": 0.06356819883326705, "poisson_deviance_explained": 0.3251092329084213}, "23": {"AUC": NaN, "kappa": NaN, "f1": NaN, "precision": NaN, "recall": NaN, "average_precision": NaN, "Spearman_r": 0.5251593028967988, "Pearson_r": 0.6298874597414571, "R2": 0.39235866214001625, "MAE": 0.16624676721389478, "MSE": 0.06066745783485614, "poisson_deviance_explained": 0.3769264538209016}, "24": {"AUC": NaN, "kappa": NaN, "f1": NaN, "precision": NaN, "recall": NaN, "average_precision": NaN, "Spearman_r": 0.581790949925944, "Pearson_r": 0.6864542221296147, "R2": 0.4675866442811979, "MAE": 0.15418753535559426, "MSE": 0.05854576325153166, "poisson_deviance_explained": 0.4382663261439247}, "25": {"AUC": NaN, "kappa": NaN, "f1": NaN, "precision": NaN, "recall": NaN, "average_precision": NaN, "Spearman_r": 0.4857111384875863, "Pearson_r": 0.6254901570357272, "R2": 0.3885395306517797, "MAE": 0.12725647549003968, "MSE": 0.04859765984901461, "poisson_deviance_explained": 0.40626905668167}, "26": {"AUC": NaN, "kappa": NaN, "f1": NaN, "precision": NaN, "recall": NaN, "average_precision": NaN, "Spearman_r": 0.5310068326321291, "Pearson_r": 0.6150202026229419, "R2": 0.3762191355675043, "MAE": 0.15118804954287282, "MSE": 0.06369903076657359, "poisson_deviance_explained": 0.3659960615203032}, "27": {"AUC": NaN, "kappa": NaN, "f1": NaN, "precision": NaN, "recall": NaN, "average_precision": NaN,