{"1": {"AUC": NaN, "kappa": NaN, "f1": NaN, "precision": NaN, "recall": NaN, "average_precision": NaN, "Spearman_r": 0.5311315316788848, "Pearson_r": 0.661141347082346, "R2": 0.43696431810897596, "MAE": 0.12411180824548987, "MSE": 0.05088780962493217, "poisson_deviance_explained": 0.4685957938002242}, "2": {"AUC": NaN, "kappa": NaN, "f1": NaN, "precision": NaN, "recall": NaN, "average_precision": NaN, "Spearman_r": 0.5691569255943728, "Pearson_r": 0.6883200316069342, "R2": 0.4733524124078603, "MAE": 0.133613922350486, "MSE": 0.05456926355160235, "poisson_deviance_explained": 0.492666751795366}, "3": {"AUC": NaN, "kappa": NaN, "f1": NaN, "precision": NaN, "recall": NaN, "average_precision": NaN, "Spearman_r": 0.5408471236804067, "Pearson_r": 0.6827955435929639, "R2": 0.4658603278145006, "MAE": 0.1220884566234752, "MSE": 0.04938206199080331, "poisson_deviance_explained": 0.4952730022161117}, "4": {"AUC": NaN, "kappa": NaN, "f1": NaN, "precision": NaN, "recall": NaN, "average_precision": NaN, "Spearman_r": 0.5723542747508134, "Pearson_r": 0.6904061005047553, "R2": 0.47627026345034607, "MAE": 0.13761512694752698, "MSE": 0.05593809049078994, "poisson_deviance_explained": 0.4779887030198665}, "5": {"AUC": NaN, "kappa": NaN, "f1": NaN, "precision": NaN, "recall": NaN, "average_precision": NaN, "Spearman_r": 0.5560405321202916, "Pearson_r": 0.6820693426095518, "R2": 0.4642721841142845, "MAE": 0.13568803026119552, "MSE": 0.05313919946186694, "poisson_deviance_explained": 0.4788229096619703}, "6": {"AUC": NaN, "kappa": NaN, "f1": NaN, "precision": NaN, "recall": NaN, "average_precision": NaN, "Spearman_r": 0.5924537326045135, "Pearson_r": 0.6782925190831471, "R2": 0.4595328182900399, "MAE": 0.16579401648274542, "MSE": 0.06685168423097236, "poisson_deviance_explained": 0.44424791490199045}, "7": {"AUC": NaN, "kappa": NaN, "f1": NaN, "precision": NaN, "recall": NaN, "average_precision": NaN, "Spearman_r": 0.5587643498291756, "Pearson_r": 0.6342240584717601, "R2": 0.40177136170801375, "MAE": 0.16812779797694297, "MSE": 0.06282599515595202, "poisson_deviance_explained": 0.3893004452171762}, "8": {"AUC": NaN, "kappa": NaN, "f1": NaN, "precision": NaN, "recall": NaN, "average_precision": NaN, "Spearman_r": 0.5485806432285504, "Pearson_r": 0.6111203612322021, "R2": 0.3727947324476104, "MAE": 0.189309482708172, "MSE": 0.06985129721599624, "poisson_deviance_explained": 0.34954210285343945}, "9": {"AUC": NaN, "kappa": NaN, "f1": NaN, "precision": NaN, "recall": NaN, "average_precision": NaN, "Spearman_r": 0.5237692567571013, "Pearson_r": 0.575589889600516, "R2": 0.330827733806384, "MAE": 0.1891248028224836, "MSE": 0.07089582141650068, "poisson_deviance_explained": 0.3182061308443488}, "10": {"AUC": NaN, "kappa": NaN, "f1": NaN, "precision": NaN, "recall": NaN, "average_precision": NaN, "Spearman_r": 0.5234868750256879, "Pearson_r": 0.5859872313548684, "R2": 0.34257844254697223, "MAE": 0.17871709224871601, "MSE": 0.06457624951763762, "poisson_deviance_explained": 0.3298002433123287}, "11": {"AUC": NaN, "kappa": NaN, "f1": NaN, "precision": NaN, "recall": NaN, "average_precision": NaN, "Spearman_r": 0.5143153641707806, "Pearson_r": 0.572725569857954, "R2": 0.3276482062142573, "MAE": 0.18004703354554635, "MSE": 0.06782544067435947, "poisson_deviance_explained": 0.3194310868392898}, "12": {"AUC": NaN, "kappa": NaN, "f1": NaN, "precision": NaN, "recall": NaN, "average_precision": NaN, "Spearman_r": 0.514958535283283, "Pearson_r": 0.590867391526049, "R2": 0.3482413325572947, "MAE": 0.17598122638527966, "MSE": 0.06625453191213133, "poisson_deviance_explained": 0.3329255256198508}, "13": {"AUC": NaN, "kappa": NaN, "f1": NaN, "precision": NaN, "recall": NaN, "average_precision": NaN, "Spearman_r": 0.515364715381889, "Pearson_r": 0.5975985289321186, "R2": 0.35699651653468367, "MAE": 0.15972652558963693, "MSE": 0.060282158377732056, "poisson_deviance_explained": 0.3473566501126121}, "14": {"AUC": NaN, "kappa": NaN, "f1": NaN, "precision": NaN, "recall": NaN, "average_precision": NaN, "Spearman_r": 0.5136476807514505, "Pearson_r": 0.5929247272463068, "R2": 0.3511097751516633, "MAE": 0.15731961456215093, "MSE": 0.05835900104640502, "poisson_deviance_explained": 0.3547427294096197}, "15": {"AUC": NaN, "kappa": NaN, "f1": NaN, "precision": NaN, "recall": NaN, "average_precision": NaN, "Spearman_r": 0.5169037333349948, "Pearson_r": 0.5835134595847572, "R2": 0.34031617852831, "MAE": 0.17455354782032076, "MSE": 0.06687749561997473, "poisson_deviance_explained": 0.33555071655964497}, "16": {"AUC": NaN, "kappa": NaN, "f1": NaN, "precision": NaN, "recall": NaN, "average_precision": NaN, "Spearman_r": 0.498238104908895, "Pearson_r": 0.5972159596074564, "R2": 0.3548000562057546, "MAE": 0.1492592360852324, "MSE": 0.05515788093561338, "poisson_deviance_explained": 0.35176196224345513}, "17": {"AUC": NaN, "kappa": NaN, "f1": NaN, "precision": NaN, "recall": NaN, "average_precision": NaN, "Spearman_r": 0.4978366702527747, "Pearson_r": 0.5954460073317476, "R2": 0.35413042813519535, "MAE": 0.14915025290569275, "MSE": 0.05702987953570333, "poisson_deviance_explained": 0.3516299132591325}, "18": {"AUC": NaN, "kappa": NaN, "f1": NaN, "precision": NaN, "recall": NaN, "average_precision": NaN, "Spearman_r": 0.5288141731606452, "Pearson_r": 0.6171228615092234, "R2": 0.38064079541344387, "MAE": 0.1563731319105013, "MSE": 0.05900490935527259, "poisson_deviance_explained": 0.37116044790495784}, "19": {"AUC": NaN, "kappa": NaN, "f1": NaN, "precision": NaN, "recall": NaN, "average_precision": NaN, "Spearman_r": 0.5220489880879536, "Pearson_r": 0.5907151385985359, "R2": 0.34830336116702554, "MAE": 0.1698902080997163, "MSE": 0.0643020658218986, "poisson_deviance_explained": 0.34219875900841423}, "20": {"AUC": NaN, "kappa": NaN, "f1": NaN, "precision": NaN, "recall": NaN, "average_precision": NaN, "Spearman_r": 0.5364849696875688, "Pearson_r": 0.6011443626073806, "R2": 0.36051107036779684, "MAE": 0.17677477821274468, "MSE": 0.06626009774066845, "poisson_deviance_explained": 0.3417962588819907}, "21": {"AUC": NaN, "kappa": NaN, "f1": NaN, "precision": NaN, "recall": NaN, "average_precision": NaN, "Spearman_r": 0.5617805703177888, "Pearson_r": 0.6453692167084107, "R2": 0.4158707379190333, "MAE": 0.17050139426802158, "MSE": 0.06332252380568862, "poisson_deviance_explained": 0.38570017744353957}, "22": {"AUC": NaN, "kappa": NaN, "f1": NaN, "precision": NaN, "recall": NaN, "average_precision": NaN, "Spearman_r": 0.5672939064470025, "Pearson_r": 0.6357315858020882, "R2": 0.404058293227723, "MAE": 0.17324185314267673, "MSE": 0.06649170778818049, "poisson_deviance_explained": 0.3848157940602519}, "23": {"AUC": NaN, "kappa": NaN, "f1": NaN, "precision": NaN, "recall": NaN, "average_precision": NaN, "Spearman_r": 0.5618275899793838, "Pearson_r": 0.6389410870561272, "R2": 0.4077437832005776, "MAE": 0.16736674528556456, "MSE": 0.06361886339132987, "poisson_deviance_explained": 0.39096587117371473}, "24": {"AUC": NaN, "kappa": NaN, "f1": NaN, "precision": NaN, "recall": NaN, "average_precision": NaN, "Spearman_r": 0.5661389997596562, "Pearson_r": 0.6659366402199475, "R2": 0.4426080657912188, "MAE": 0.15432264083538486, "MSE": 0.059273702970041385, "poisson_deviance_explained": 0.44127567842073523}, "25": {"AUC": NaN, "kappa": NaN, "f1": NaN, "precision": NaN, "recall": NaN, "average_precision": NaN, "Spearman_r": 0.516566189933607, "Pearson_r": 0.651529456079606, "R2": 0.424300963536164, "MAE": 0.1216561223729986, "MSE": 0.04901531386930151, "poisson_deviance_explained": 0.4481520020474289}, "26": {"AUC": NaN, "kappa": NaN, "f1": NaN, "precision": NaN, "recall": NaN, "average_precision": NaN, "Spearman_r": 0.5403311038338735, "Pearson_r": 0.694796909516779, "R2": 0.4825103626452456, "MAE": 0.11687007129387, "MSE": 0.04787005073458116, "poisson_deviance_explained": 0.5141157644868453}, "27": {"AUC": NaN, "kappa": NaN, "f1": NaN, "precision": NaN, "recall": NaN, "average_precision": NaN, "Spearman_r": 0.5714425917024333,