{"1": {"AUC": NaN, "kappa": NaN, "f1": NaN, "precision": NaN, "recall": NaN, "average_precision": NaN, "Spearman_r": 0.4866155048692503, "Pearson_r": 0.603680749784598, "R2": 0.36383877462044845, "MAE": 0.12840551747332743, "MSE": 0.05378708149160117, "poisson_deviance_explained": 0.402808872967339}, "2": {"AUC": NaN, "kappa": NaN, "f1": NaN, "precision": NaN, "recall": NaN, "average_precision": NaN, "Spearman_r": 0.4994305034271961, "Pearson_r": 0.6057107545931891, "R2": 0.36234348558611684, "MAE": 0.1355285679653698, "MSE": 0.055612810338902544, "poisson_deviance_explained": 0.39330321390083445}, "3": {"AUC": NaN, "kappa": NaN, "f1": NaN, "precision": NaN, "recall": NaN, "average_precision": NaN, "Spearman_r": 0.4949170882783657, "Pearson_r": 0.5989507081023782, "R2": 0.3555916326156727, "MAE": 0.1334017981925386, "MSE": 0.0523333300375119, "poisson_deviance_explained": 0.3770903244802978}, "4": {"AUC": NaN, "kappa": NaN, "f1": NaN, "precision": NaN, "recall": NaN, "average_precision": NaN, "Spearman_r": 0.546682450044669, "Pearson_r": 0.6555040270532914, "R2": 0.42612532576564144, "MAE": 0.14242348966774915, "MSE": 0.05797174436789582, "poisson_deviance_explained": 0.436029674787651}, "5": {"AUC": NaN, "kappa": NaN, "f1": NaN, "precision": NaN, "recall": NaN, "average_precision": NaN, "Spearman_r": 0.5274342451584867, "Pearson_r": 0.6260947854391483, "R2": 0.38939393527416544, "MAE": 0.15099595833062962, "MSE": 0.05780400131612804, "poisson_deviance_explained": 0.40922517715729123}, "6": {"AUC": NaN, "kappa": NaN, "f1": NaN, "precision": NaN, "recall": NaN, "average_precision": NaN, "Spearman_r": 0.5678950980508726, "Pearson_r": 0.6456173182681232, "R2": 0.4138489025321034, "MAE": 0.18131723738857197, "MSE": 0.07207998417271587, "poisson_deviance_explained": 0.3968535366036703}, "7": {"AUC": NaN, "kappa": NaN, "f1": NaN, "precision": NaN, "recall": NaN, "average_precision": NaN, "Spearman_r": 0.5304409879165882, "Pearson_r": 0.5996353634950806, "R2": 0.3581179806019036, "MAE": 0.19105936803245158, "MSE": 0.07387448493372793, "poisson_deviance_explained": 0.35307132918232786}, "8": {"AUC": NaN, "kappa": NaN, "f1": NaN, "precision": NaN, "recall": NaN, "average_precision": NaN, "Spearman_r": 0.5330728206557291, "Pearson_r": 0.6194566983870979, "R2": 0.37924695357459215, "MAE": 0.1907925253347548, "MSE": 0.0701497537880094, "poisson_deviance_explained": 0.3520779596254372}, "9": {"AUC": NaN, "kappa": NaN, "f1": NaN, "precision": NaN, "recall": NaN, "average_precision": NaN, "Spearman_r": 0.5280036496160465, "Pearson_r": 0.5879042192801537, "R2": 0.34309461534944274, "MAE": 0.19536569322915115, "MSE": 0.0752301809734144, "poisson_deviance_explained": 0.336561810809307}, "10": {"AUC": NaN, "kappa": NaN, "f1": NaN, "precision": NaN, "recall": NaN, "average_precision": NaN, "Spearman_r": 0.5189913391009096, "Pearson_r": 0.5610834994237623, "R2": 0.3144061804819621, "MAE": 0.20621974630653425, "MSE": 0.07921216327351811, "poisson_deviance_explained": 0.303293646398181}, "11": {"AUC": NaN, "kappa": NaN, "f1": NaN, "precision": NaN, "recall": NaN, "average_precision": NaN, "Spearman_r": 0.4820658877774539, "Pearson_r": 0.5534643957741257, "R2": 0.3053149533592111, "MAE": 0.1707851869489953, "MSE": 0.06232271362781198, "poisson_deviance_explained": 0.3041824436614736}, "12": {"AUC": NaN, "kappa": NaN, "f1": NaN, "precision": NaN, "recall": NaN, "average_precision": NaN, "Spearman_r": 0.4815547254535606, "Pearson_r": 0.5510977416133769, "R2": 0.3028090433087923, "MAE": 0.17156344072196025, "MSE": 0.06269731838401787, "poisson_deviance_explained": 0.3014514463886466}, "13": {"AUC": NaN, "kappa": NaN, "f1": NaN, "precision": NaN, "recall": NaN, "average_precision": NaN, "Spearman_r": 0.482947813135886, "Pearson_r": 0.5703556370025875, "R2": 0.3245485249916288, "MAE": 0.1605267456934718, "MSE": 0.05889062221076212, "poisson_deviance_explained": 0.32650625637582475}, "14": {"AUC": NaN, "kappa": NaN, "f1": NaN, "precision": NaN, "recall": NaN, "average_precision": NaN, "Spearman_r": 0.5184311909284439, "Pearson_r": 0.6003767303946169, "R2": 0.3584961720570029, "MAE": 0.16629137543896141, "MSE": 0.06262296565045039, "poisson_deviance_explained": 0.35621347932003244}, "15": {"AUC": NaN, "kappa": NaN, "f1": NaN, "precision": NaN, "recall": NaN, "average_precision": NaN, "Spearman_r": 0.5295989726394491, "Pearson_r": 0.6316270962961018, "R2": 0.39483424931028877, "MAE": 0.15617080760492752, "MSE": 0.055391980920715594, "poisson_deviance_explained": 0.3893804143421359}, "16": {"AUC": NaN, "kappa": NaN, "f1": NaN, "precision": NaN, "recall": NaN, "average_precision": NaN, "Spearman_r": 0.4741517939786118, "Pearson_r": 0.5858268671229079, "R2": 0.34062740306190054, "MAE": 0.14697695337307684, "MSE": 0.052218183596935745, "poisson_deviance_explained": 0.3455900023973463}, "17": {"AUC": NaN, "kappa": NaN, "f1": NaN, "precision": NaN, "recall": NaN, "average_precision": NaN, "Spearman_r": 0.48850644752989475, "Pearson_r": 0.5760110187263296, "R2": 0.3307953707009885, "MAE": 0.15609152603677906, "MSE": 0.05805538711135673, "poisson_deviance_explained": 0.3441478524273791}, "18": {"AUC": NaN, "kappa": NaN, "f1": NaN, "precision": NaN, "recall": NaN, "average_precision": NaN, "Spearman_r": 0.4989803608939222, "Pearson_r": 0.5931361369508494, "R2": 0.3485331122321733, "MAE": 0.15355667972208525, "MSE": 0.05766625800697368, "poisson_deviance_explained": 0.3428274540674072}, "19": {"AUC": NaN, "kappa": NaN, "f1": NaN, "precision": NaN, "recall": NaN, "average_precision": NaN, "Spearman_r": 0.5088156080248689, "Pearson_r": 0.5664892375672662, "R2": 0.32087652090519414, "MAE": 0.1736296309632494, "MSE": 0.06747011193037014, "poisson_deviance_explained": 0.3190939853006596}, "20": {"AUC": NaN, "kappa": NaN, "f1": NaN, "precision": NaN, "recall": NaN, "average_precision": NaN, "Spearman_r": 0.5108958292536563, "Pearson_r": 0.5846482163317317, "R2": 0.3403546350403015, "MAE": 0.17397243778121302, "MSE": 0.06709531109653706, "poisson_deviance_explained": 0.3329611023374477}, "21": {"AUC": NaN, "kappa": NaN, "f1": NaN, "precision": NaN, "recall": NaN, "average_precision": NaN, "Spearman_r": 0.5380120350731602, "Pearson_r": 0.6183148349020985, "R2": 0.37630896973201977, "MAE": 0.18475046244330698, "MSE": 0.06788937700719098, "poisson_deviance_explained": 0.3555607388959181}, "22": {"AUC": NaN, "kappa": NaN, "f1": NaN, "precision": NaN, "recall": NaN, "average_precision": NaN, "Spearman_r": 0.5460014527918431, "Pearson_r": 0.6156611301338469, "R2": 0.3772226613375197, "MAE": 0.19655138904875102, "MSE": 0.07520424186257917, "poisson_deviance_explained": 0.3504537802594663}, "23": {"AUC": NaN, "kappa": NaN, "f1": NaN, "precision": NaN, "recall": NaN, "average_precision": NaN, "Spearman_r": 0.5190880274022901, "Pearson_r": 0.6000074434124316, "R2": 0.3583901692457354, "MAE": 0.17343786076459886, "MSE": 0.06400351646226167, "poisson_deviance_explained": 0.34805879794660255}, "24": {"AUC": NaN, "kappa": NaN, "f1": NaN, "precision": NaN, "recall": NaN, "average_precision": NaN, "Spearman_r": 0.5113194435935001, "Pearson_r": 0.6047746162895871, "R2": 0.36567002879798827, "MAE": 0.16602891012032645, "MSE": 0.065002759456087, "poisson_deviance_explained": 0.3335874628581059}, "25": {"AUC": NaN, "kappa": NaN, "f1": NaN, "precision": NaN, "recall": NaN, "average_precision": NaN, "Spearman_r": 0.5941831964282617, "Pearson_r": 0.6905504820617819, "R2": 0.47283537116291663, "MAE": 0.1608237262182248, "MSE": 0.0644012868933328, "poisson_deviance_explained": 0.45692529779756197}, "26": {"AUC": NaN, "kappa": NaN, "f1": NaN, "precision": NaN, "recall": NaN, "average_precision": NaN, "Spearman_r": 0.5064773119597569, "Pearson_r": 0.6256249370522637, "R2": 0.3898424081270798, "MAE": 0.13365747515372145, "MSE": 0.053452453326455686, "poisson_deviance_explained": 0.39789209397441494}, "27": {"AUC": NaN, "kappa": NaN, "f1": NaN, "precision": NaN, "recall": NaN, "average_precision": NaN,