{"1": {"AUC": NaN, "kappa": NaN, "f1": NaN, "precision": NaN, "recall": NaN, "average_precision": NaN, "Spearman_r": 0.5591727883981432, "Pearson_r": 0.680758454227351, "R2": 0.46285431163769686, "MAE": 0.12657966413426106, "MSE": 0.05030267463825371, "poisson_deviance_explained": 0.49066551478528786}, "2": {"AUC": NaN, "kappa": NaN, "f1": NaN, "precision": NaN, "recall": NaN, "average_precision": NaN, "Spearman_r": 0.5405416770491648, "Pearson_r": 0.6857809241599685, "R2": 0.46926053499298204, "MAE": 0.11529269754180108, "MSE": 0.04574154684864605, "poisson_deviance_explained": 0.4922844111461324}, "3": {"AUC": NaN, "kappa": NaN, "f1": NaN, "precision": NaN, "recall": NaN, "average_precision": NaN, "Spearman_r": 0.5613055724775206, "Pearson_r": 0.6804182939846442, "R2": 0.46159177593730505, "MAE": 0.13305458172445406, "MSE": 0.05332243259476516, "poisson_deviance_explained": 0.4719923727910552}, "4": {"AUC": NaN, "kappa": NaN, "f1": NaN, "precision": NaN, "recall": NaN, "average_precision": NaN, "Spearman_r": 0.5207531699703386, "Pearson_r": 0.6522762828224526, "R2": 0.42454330531974893, "MAE": 0.12511908175645664, "MSE": 0.048442027910218656, "poisson_deviance_explained": 0.4428027145744644}, "5": {"AUC": NaN, "kappa": NaN, "f1": NaN, "precision": NaN, "recall": NaN, "average_precision": NaN, "Spearman_r": 0.5817131299987717, "Pearson_r": 0.6914789832937946, "R2": 0.4763571306405703, "MAE": 0.14793174538641235, "MSE": 0.05933477198186509, "poisson_deviance_explained": 0.47438270971282326}, "6": {"AUC": NaN, "kappa": NaN, "f1": NaN, "precision": NaN, "recall": NaN, "average_precision": NaN, "Spearman_r": 0.5515273521644507, "Pearson_r": 0.6682794660451353, "R2": 0.4450043887526527, "MAE": 0.14974341262946533, "MSE": 0.05867541601939487, "poisson_deviance_explained": 0.44216452914234416}, "7": {"AUC": NaN, "kappa": NaN, "f1": NaN, "precision": NaN, "recall": NaN, "average_precision": NaN, "Spearman_r": 0.5382599340812307, "Pearson_r": 0.6346728268902041, "R2": 0.3990456286988391, "MAE": 0.16188310069727077, "MSE": 0.0595289892188502, "poisson_deviance_explained": 0.38833684514843203}, "8": {"AUC": NaN, "kappa": NaN, "f1": NaN, "precision": NaN, "recall": NaN, "average_precision": NaN, "Spearman_r": 0.5645571680543813, "Pearson_r": 0.6180491131672747, "R2": 0.3780493986989306, "MAE": 0.19521364152857076, "MSE": 0.07221045167125005, "poisson_deviance_explained": 0.3552227470890661}, "9": {"AUC": NaN, "kappa": NaN, "f1": NaN, "precision": NaN, "recall": NaN, "average_precision": NaN, "Spearman_r": 0.5786522430519472, "Pearson_r": 0.6287514258778233, "R2": 0.39180840561825925, "MAE": 0.20600643306360547, "MSE": 0.07770499452092995, "poisson_deviance_explained": 0.3586196973349103}, "10": {"AUC": NaN, "kappa": NaN, "f1": NaN, "precision": NaN, "recall": NaN, "average_precision": NaN, "Spearman_r": 0.5514454172373372, "Pearson_r": 0.6113438865766766, "R2": 0.3707233451129567, "MAE": 0.1878729166958142, "MSE": 0.06843767516435971, "poisson_deviance_explained": 0.3487673505401808}, "11": {"AUC": NaN, "kappa": NaN, "f1": NaN, "precision": NaN, "recall": NaN, "average_precision": NaN, "Spearman_r": 0.5308124119361107, "Pearson_r": 0.6027959162109204, "R2": 0.36135820765853255, "MAE": 0.17771556309898318, "MSE": 0.0654037794803756, "poisson_deviance_explained": 0.3452174461384676}, "12": {"AUC": NaN, "kappa": NaN, "f1": NaN, "precision": NaN, "recall": NaN, "average_precision": NaN, "Spearman_r": 0.525600630372099, "Pearson_r": 0.589706324107784, "R2": 0.3455088193478436, "MAE": 0.18180167359227314, "MSE": 0.0666235818713826, "poisson_deviance_explained": 0.33100420913004425}, "13": {"AUC": NaN, "kappa": NaN, "f1": NaN, "precision": NaN, "recall": NaN, "average_precision": NaN, "Spearman_r": 0.522669319536884, "Pearson_r": 0.6033639958387285, "R2": 0.3616427977748903, "MAE": 0.15840095239215218, "MSE": 0.05702517823952808, "poisson_deviance_explained": 0.3608989587839382}, "14": {"AUC": NaN, "kappa": NaN, "f1": NaN, "precision": NaN, "recall": NaN, "average_precision": NaN, "Spearman_r": 0.5256447780931102, "Pearson_r": 0.6096548407566839, "R2": 0.3691000825037124, "MAE": 0.1612140494473648, "MSE": 0.05876394907133627, "poisson_deviance_explained": 0.3639026466314027}, "15": {"AUC": NaN, "kappa": NaN, "f1": NaN, "precision": NaN, "recall": NaN, "average_precision": NaN, "Spearman_r": 0.49829778692408755, "Pearson_r": 0.5862349460149725, "R2": 0.3415431715384871, "MAE": 0.15158022226327794, "MSE": 0.054946263695462155, "poisson_deviance_explained": 0.3459078492802635}, "16": {"AUC": NaN, "kappa": NaN, "f1": NaN, "precision": NaN, "recall": NaN, "average_precision": NaN, "Spearman_r": 0.5254569566472962, "Pearson_r": 0.6149151105659374, "R2": 0.37440208947873166, "MAE": 0.15568863337657912, "MSE": 0.05666099107828416, "poisson_deviance_explained": 0.36744563201474256}, "17": {"AUC": NaN, "kappa": NaN, "f1": NaN, "precision": NaN, "recall": NaN, "average_precision": NaN, "Spearman_r": 0.5109857227083642, "Pearson_r": 0.6035447875117615, "R2": 0.36188386377915016, "MAE": 0.14828673035939408, "MSE": 0.052373376317528295, "poisson_deviance_explained": 0.3597215970799712}, "18": {"AUC": NaN, "kappa": NaN, "f1": NaN, "precision": NaN, "recall": NaN, "average_precision": NaN, "Spearman_r": 0.5143334670333627, "Pearson_r": 0.6101596656278843, "R2": 0.368581663009258, "MAE": 0.1489774117457533, "MSE": 0.053426295807364646, "poisson_deviance_explained": 0.36294226255344675}, "19": {"AUC": NaN, "kappa": NaN, "f1": NaN, "precision": NaN, "recall": NaN, "average_precision": NaN, "Spearman_r": 0.5303991210418456, "Pearson_r": 0.6107087497763681, "R2": 0.369607287789671, "MAE": 0.16203922946908456, "MSE": 0.06059156361258951, "poisson_deviance_explained": 0.3641071343708988}, "20": {"AUC": NaN, "kappa": NaN, "f1": NaN, "precision": NaN, "recall": NaN, "average_precision": NaN, "Spearman_r": 0.5139966020457706, "Pearson_r": 0.5858154914409346, "R2": 0.3408094855030167, "MAE": 0.16796780887233223, "MSE": 0.06083702100163682, "poisson_deviance_explained": 0.33783582105022447}, "21": {"AUC": NaN, "kappa": NaN, "f1": NaN, "precision": NaN, "recall": NaN, "average_precision": NaN, "Spearman_r": 0.5432485296508173, "Pearson_r": 0.6126186179726647, "R2": 0.3695228660903681, "MAE": 0.17752408367747766, "MSE": 0.06323978765182925, "poisson_deviance_explained": 0.35421361757175307}, "22": {"AUC": NaN, "kappa": NaN, "f1": NaN, "precision": NaN, "recall": NaN, "average_precision": NaN, "Spearman_r": 0.5337363932050535, "Pearson_r": 0.6052377847080439, "R2": 0.36269644970927395, "MAE": 0.17777651965918376, "MSE": 0.06422777554420271, "poisson_deviance_explained": 0.3492388487742859}, "23": {"AUC": NaN, "kappa": NaN, "f1": NaN, "precision": NaN, "recall": NaN, "average_precision": NaN, "Spearman_r": 0.5351283432673799, "Pearson_r": 0.6234037240408908, "R2": 0.3856378745836805, "MAE": 0.15658520232198783, "MSE": 0.05687998885860627, "poisson_deviance_explained": 0.3890220957708975}, "24": {"AUC": NaN, "kappa": NaN, "f1": NaN, "precision": NaN, "recall": NaN, "average_precision": NaN, "Spearman_r": 0.5047974140688853, "Pearson_r": 0.6299346791608412, "R2": 0.39540443267823144, "MAE": 0.13087588584487844, "MSE": 0.04808550051415159, "poisson_deviance_explained": 0.4016881925353626}, "25": {"AUC": NaN, "kappa": NaN, "f1": NaN, "precision": NaN, "recall": NaN, "average_precision": NaN, "Spearman_r": 0.5161643287671119, "Pearson_r": 0.684353779447556, "R2": 0.46511720425342673, "MAE": 0.10697306779541009, "MSE": 0.039050663259511745, "poisson_deviance_explained": 0.4825546744758795}, "26": {"AUC": NaN, "kappa": NaN, "f1": NaN, "precision": NaN, "recall": NaN, "average_precision": NaN, "Spearman_r": 0.526774558313116, "Pearson_r": 0.7006487748471494, "R2": 0.48786703838732803, "MAE": 0.10490473750899824, "MSE": 0.039420656016703644, "poisson_deviance_explained": 0.5128238034331274}, "27": {"AUC": NaN, "kappa": NaN, "f1": NaN, "precision": NaN, "recall": NaN, "average_precision": NaN,