{"1": {"AUC": NaN, "kappa": NaN, "f1": NaN, "precision": NaN, "recall": NaN, "average_precision": NaN, "Spearman_r": 0.7332063246772033, "Pearson_r": 0.7457741427381352, "R2": 0.5551821362181438, "MAE": 0.4286185758652629, "MSE": 0.29553506376164324, "poisson_deviance_explained": 0.44632984913229434}, "2": {"AUC": NaN, "kappa": NaN, "f1": NaN, "precision": NaN, "recall": NaN, "average_precision": NaN, "Spearman_r": 0.7360940898396784, "Pearson_r": 0.7449059157840511, "R2": 0.5544526351567645, "MAE": 0.42918520749080963, "MSE": 0.30617529438431595, "poisson_deviance_explained": 0.44604574065497793}, "3": {"AUC": NaN, "kappa": NaN, "f1": NaN, "precision": NaN, "recall": NaN, "average_precision": NaN, "Spearman_r": 0.7598749417257004, "Pearson_r": 0.7648290131739558, "R2": 0.5841364294221625, "MAE": 0.4106493110634646, "MSE": 0.2802605798415289, "poisson_deviance_explained": 0.4678202802946759}, "4": {"AUC": NaN, "kappa": NaN, "f1": NaN, "precision": NaN, "recall": NaN, "average_precision": NaN, "Spearman_r": 0.686194180205385, "Pearson_r": 0.7089202213108976, "R2": 0.500812887400844, "MAE": 0.4750832822566004, "MSE": 0.35182245737851514, "poisson_deviance_explained": 0.3878490538228422}, "5": {"AUC": NaN, "kappa": NaN, "f1": NaN, "precision": NaN, "recall": NaN, "average_precision": NaN, "Spearman_r": 0.7690592734708929, "Pearson_r": 0.7783163185065956, "R2": 0.6045084732825385, "MAE": 0.40468849579154825, "MSE": 0.2712942302976781, "poisson_deviance_explained": 0.484563530459416}, "6": {"AUC": NaN, "kappa": NaN, "f1": NaN, "precision": NaN, "recall": NaN, "average_precision": NaN, "Spearman_r": 0.760923400966262, "Pearson_r": 0.7733614919044096, "R2": 0.5966730573644929, "MAE": 0.4008105490961408, "MSE": 0.2621079584548154, "poisson_deviance_explained": 0.4714551452421055}, "7": {"AUC": NaN, "kappa": NaN, "f1": NaN, "precision": NaN, "recall": NaN, "average_precision": NaN, "Spearman_r": 0.7785400331023382, "Pearson_r": 0.7864064442025389, "R2": 0.6170062647548036, "MAE": 0.40249269916690006, "MSE": 0.2686449068633737, "poisson_deviance_explained": 0.4959507688035064}, "8": {"AUC": NaN, "kappa": NaN, "f1": NaN, "precision": NaN, "recall": NaN, "average_precision": NaN, "Spearman_r": 0.7755742948424528, "Pearson_r": 0.7772817899678882, "R2": 0.6028189909145487, "MAE": 0.40334805730791473, "MSE": 0.2703591531383888, "poisson_deviance_explained": 0.47547158885482854}, "9": {"AUC": NaN, "kappa": NaN, "f1": NaN, "precision": NaN, "recall": NaN, "average_precision": NaN, "Spearman_r": 0.787956271126531, "Pearson_r": 0.7813605368096628, "R2": 0.6097505420962562, "MAE": 0.41057542380917894, "MSE": 0.2910645963366254, "poisson_deviance_explained": 0.48570192019070146}, "10": {"AUC": NaN, "kappa": NaN, "f1": NaN, "precision": NaN, "recall": NaN, "average_precision": NaN, "Spearman_r": 0.8032690207547556, "Pearson_r": 0.7892381215791006, "R2": 0.621498456413774, "MAE": 0.43363551550851837, "MSE": 0.3335821275962252, "poisson_deviance_explained": 0.5070760667867458}, "11": {"AUC": NaN, "kappa": NaN, "f1": NaN, "precision": NaN, "recall": NaN, "average_precision": NaN, "Spearman_r": 0.7884553861077799, "Pearson_r": 0.7741288670057145, "R2": 0.598929301148641, "MAE": 0.4479902124876719, "MSE": 0.369116198133461, "poisson_deviance_explained": 0.4936361382085208}, "12": {"AUC": NaN, "kappa": NaN, "f1": NaN, "precision": NaN, "recall": NaN, "average_precision": NaN, "Spearman_r": 0.8065617322645808, "Pearson_r": 0.794305529254296, "R2": 0.62992419260348, "MAE": 0.42195524531916045, "MSE": 0.32584219829151434, "poisson_deviance_explained": 0.5210940375710638}, "13": {"AUC": NaN, "kappa": NaN, "f1": NaN, "precision": NaN, "recall": NaN, "average_precision": NaN, "Spearman_r": 0.8063940677860811, "Pearson_r": 0.7985775255417928, "R2": 0.635701240196777, "MAE": 0.4098640866445569, "MSE": 0.2973405557539056, "poisson_deviance_explained": 0.5273697732097337}, "14": {"AUC": NaN, "kappa": NaN, "f1": NaN, "precision": NaN, "recall": NaN, "average_precision": NaN, "Spearman_r": 0.8105951195132146, "Pearson_r": 0.8043394709586257, "R2": 0.6465092350519481, "MAE": 0.4074590828702321, "MSE": 0.2972695440104553, "poisson_deviance_explained": 0.5434724548948269}, "15": {"AUC": NaN, "kappa": NaN, "f1": NaN, "precision": NaN, "recall": NaN, "average_precision": NaN, "Spearman_r": 0.7761545670439361, "Pearson_r": 0.7689073345556753, "R2": 0.5910363424486706, "MAE": 0.41098529638121395, "MSE": 0.30264370325654133, "poisson_deviance_explained": 0.48484754598472835}, "16": {"AUC": NaN, "kappa": NaN, "f1": NaN, "precision": NaN, "recall": NaN, "average_precision": NaN, "Spearman_r": 0.795056765773766, "Pearson_r": 0.7871953260397545, "R2": 0.618916173746503, "MAE": 0.4130819843570247, "MSE": 0.29701605728633923, "poisson_deviance_explained": 0.500164016815694}, "17": {"AUC": NaN, "kappa": NaN, "f1": NaN, "precision": NaN, "recall": NaN, "average_precision": NaN, "Spearman_r": 0.7706504692226073, "Pearson_r": 0.7653565779906535, "R2": 0.5852223677201418, "MAE": 0.4297012445012608, "MSE": 0.31760934724763057, "poisson_deviance_explained": 0.4650067738752718}, "18": {"AUC": NaN, "kappa": NaN, "f1": NaN, "precision": NaN, "recall": NaN, "average_precision": NaN, "Spearman_r": 0.7848566625079486, "Pearson_r": 0.7822745416693861, "R2": 0.6116638868933372, "MAE": 0.4185747093535294, "MSE": 0.30068637742806475, "poisson_deviance_explained": 0.492534080968299}, "19": {"AUC": NaN, "kappa": NaN, "f1": NaN, "precision": NaN, "recall": NaN, "average_precision": NaN, "Spearman_r": 0.7884077163088424, "Pearson_r": 0.7859057394215184, "R2": 0.6159740141513477, "MAE": 0.43391205542542016, "MSE": 0.3202399683508031, "poisson_deviance_explained": 0.4930421680040681}, "20": {"AUC": NaN, "kappa": NaN, "f1": NaN, "precision": NaN, "recall": NaN, "average_precision": NaN, "Spearman_r": 0.7992534581314297, "Pearson_r": 0.7973246766050954, "R2": 0.6343012749199518, "MAE": 0.4381856770704012, "MSE": 0.3233855765968177, "poisson_deviance_explained": 0.5132211382662908}, "21": {"AUC": NaN, "kappa": NaN, "f1": NaN, "precision": NaN, "recall": NaN, "average_precision": NaN, "Spearman_r": 0.7892314784062722, "Pearson_r": 0.7871947582143352, "R2": 0.6189776469716255, "MAE": 0.44160411427415247, "MSE": 0.3349582593279812, "poisson_deviance_explained": 0.5005951583221607}, "22": {"AUC": NaN, "kappa": NaN, "f1": NaN, "precision": NaN, "recall": NaN, "average_precision": NaN, "Spearman_r": 0.7922632275702888, "Pearson_r": 0.7908654921956834, "R2": 0.6238788183450814, "MAE": 0.4286324171582042, "MSE": 0.3116944823056018, "poisson_deviance_explained": 0.5029798969653798}, "23": {"AUC": NaN, "kappa": NaN, "f1": NaN, "precision": NaN, "recall": NaN, "average_precision": NaN, "Spearman_r": 0.7875560275749136, "Pearson_r": 0.7890691697136824, "R2": 0.6217326656388455, "MAE": 0.4132459729791433, "MSE": 0.29252591765891284, "poisson_deviance_explained": 0.5060482057128945}, "24": {"AUC": NaN, "kappa": NaN, "f1": NaN, "precision": NaN, "recall": NaN, "average_precision": NaN, "Spearman_r": 0.7649606164419128, "Pearson_r": 0.7685616729130842, "R2": 0.5903717592344377, "MAE": 0.41111524281103307, "MSE": 0.2827380930325518, "poisson_deviance_explained": 0.47605381033112293}, "25": {"AUC": NaN, "kappa": NaN, "f1": NaN, "precision": NaN, "recall": NaN, "average_precision": NaN, "Spearman_r": 0.7843809654036359, "Pearson_r": 0.7874511982511772, "R2": 0.6193465551914963, "MAE": 0.4034730533772173, "MSE": 0.27563758392528875, "poisson_deviance_explained": 0.5014526776271224}, "26": {"AUC": NaN, "kappa": NaN, "f1": NaN, "precision": NaN, "recall": NaN, "average_precision": NaN, "Spearman_r": 0.7838876443101673, "Pearson_r": 0.7920063613451213, "R2": 0.6265293211480867, "MAE": 0.39625479670689234, "MSE": 0.2680211365732315, "poisson_deviance_explained": 0.5014794779678573}, "27": {"AUC": NaN, "kappa": NaN, "f1": NaN, "precision": NaN, "recall": NaN, "average_precision": NaN, "Spearman_r": 0.7860493237912386, "Pearson_r": 0.7959853072564199,