{"1": {"AUC": NaN, "kappa": NaN, "f1": NaN, "precision": NaN, "recall": NaN, "average_precision": NaN, "Spearman_r": 0.7393543269519405, "Pearson_r": 0.7576548912476747, "R2": 0.5717043112413493, "MAE": 0.4262486858485337, "MSE": 0.28380646412492544, "poisson_deviance_explained": 0.4472439477219504}, "2": {"AUC": NaN, "kappa": NaN, "f1": NaN, "precision": NaN, "recall": NaN, "average_precision": NaN, "Spearman_r": 0.7631171584993163, "Pearson_r": 0.7771983126312031, "R2": 0.6025706981336801, "MAE": 0.4225911947675304, "MSE": 0.2882605240457506, "poisson_deviance_explained": 0.48217835449949686}, "3": {"AUC": NaN, "kappa": NaN, "f1": NaN, "precision": NaN, "recall": NaN, "average_precision": NaN, "Spearman_r": 0.7657015987665617, "Pearson_r": 0.7787807452989006, "R2": 0.6037563092519503, "MAE": 0.422390381972431, "MSE": 0.28926804631298275, "poisson_deviance_explained": 0.4899728724301994}, "4": {"AUC": NaN, "kappa": NaN, "f1": NaN, "precision": NaN, "recall": NaN, "average_precision": NaN, "Spearman_r": 0.6832452199021638, "Pearson_r": 0.7187840257446333, "R2": 0.5150566310507667, "MAE": 0.4870095464662015, "MSE": 0.3616693777958045, "poisson_deviance_explained": 0.3936001383026836}, "5": {"AUC": NaN, "kappa": NaN, "f1": NaN, "precision": NaN, "recall": NaN, "average_precision": NaN, "Spearman_r": 0.7713068696552435, "Pearson_r": 0.7840859721551456, "R2": 0.6123682542748552, "MAE": 0.41712413822210104, "MSE": 0.27789851428291423, "poisson_deviance_explained": 0.487148515097251}, "6": {"AUC": NaN, "kappa": NaN, "f1": NaN, "precision": NaN, "recall": NaN, "average_precision": NaN, "Spearman_r": 0.768298157457065, "Pearson_r": 0.7810165937635565, "R2": 0.6086814887128573, "MAE": 0.4072796641042541, "MSE": 0.2723179429511895, "poisson_deviance_explained": 0.4827577874913459}, "7": {"AUC": NaN, "kappa": NaN, "f1": NaN, "precision": NaN, "recall": NaN, "average_precision": NaN, "Spearman_r": 0.7718076826512927, "Pearson_r": 0.7747537470063279, "R2": 0.598459227649132, "MAE": 0.40832172027906527, "MSE": 0.2766219549800773, "poisson_deviance_explained": 0.47700903125530114}, "8": {"AUC": NaN, "kappa": NaN, "f1": NaN, "precision": NaN, "recall": NaN, "average_precision": NaN, "Spearman_r": 0.7707634515696455, "Pearson_r": 0.7714011770356669, "R2": 0.59330961936559, "MAE": 0.4116618607844426, "MSE": 0.28047594772238776, "poisson_deviance_explained": 0.47248141984194536}, "9": {"AUC": NaN, "kappa": NaN, "f1": NaN, "precision": NaN, "recall": NaN, "average_precision": NaN, "Spearman_r": 0.788385668614256, "Pearson_r": 0.7814548924896578, "R2": 0.6085694038454987, "MAE": 0.4103808652247865, "MSE": 0.2851256923209871, "poisson_deviance_explained": 0.49318116198674533}, "10": {"AUC": NaN, "kappa": NaN, "f1": NaN, "precision": NaN, "recall": NaN, "average_precision": NaN, "Spearman_r": 0.7990005824225618, "Pearson_r": 0.7937472374859958, "R2": 0.6263465794502384, "MAE": 0.4247739331363955, "MSE": 0.306206738706001, "poisson_deviance_explained": 0.5160731726610777}, "11": {"AUC": NaN, "kappa": NaN, "f1": NaN, "precision": NaN, "recall": NaN, "average_precision": NaN, "Spearman_r": 0.8036568712070283, "Pearson_r": 0.7899486626188944, "R2": 0.6215642156120817, "MAE": 0.43857141570841607, "MSE": 0.33526813178581233, "poisson_deviance_explained": 0.5156570616891866}, "12": {"AUC": NaN, "kappa": NaN, "f1": NaN, "precision": NaN, "recall": NaN, "average_precision": NaN, "Spearman_r": 0.8000222025548007, "Pearson_r": 0.7853038272630846, "R2": 0.6153052069501492, "MAE": 0.4292575242162274, "MSE": 0.32899160449164094, "poisson_deviance_explained": 0.5108295773415054}, "13": {"AUC": NaN, "kappa": NaN, "f1": NaN, "precision": NaN, "recall": NaN, "average_precision": NaN, "Spearman_r": 0.7945027996080766, "Pearson_r": 0.783538279057198, "R2": 0.6127832767425085, "MAE": 0.41624482556826353, "MSE": 0.3033551300680917, "poisson_deviance_explained": 0.5076571547668203}, "14": {"AUC": NaN, "kappa": NaN, "f1": NaN, "precision": NaN, "recall": NaN, "average_precision": NaN, "Spearman_r": 0.8060482738013347, "Pearson_r": 0.7996899854568399, "R2": 0.6384456644879234, "MAE": 0.403852876868178, "MSE": 0.2844265592830485, "poisson_deviance_explained": 0.5310338843027276}, "15": {"AUC": NaN, "kappa": NaN, "f1": NaN, "precision": NaN, "recall": NaN, "average_precision": NaN, "Spearman_r": 0.7991989202688841, "Pearson_r": 0.789255398299215, "R2": 0.6212749221161175, "MAE": 0.409796460144662, "MSE": 0.29386934936410475, "poisson_deviance_explained": 0.5091182901565356}, "16": {"AUC": NaN, "kappa": NaN, "f1": NaN, "precision": NaN, "recall": NaN, "average_precision": NaN, "Spearman_r": 0.7887213170429607, "Pearson_r": 0.7836886606847208, "R2": 0.6121222860943524, "MAE": 0.41591359328819594, "MSE": 0.29377120272725293, "poisson_deviance_explained": 0.5033533066387609}, "17": {"AUC": NaN, "kappa": NaN, "f1": NaN, "precision": NaN, "recall": NaN, "average_precision": NaN, "Spearman_r": 0.7835820143615632, "Pearson_r": 0.7823029629815875, "R2": 0.6084743987288606, "MAE": 0.4196169873136649, "MSE": 0.2946183020295995, "poisson_deviance_explained": 0.5000983706391647}, "18": {"AUC": NaN, "kappa": NaN, "f1": NaN, "precision": NaN, "recall": NaN, "average_precision": NaN, "Spearman_r": 0.7728320930163658, "Pearson_r": 0.7693216337674751, "R2": 0.5904241106615268, "MAE": 0.43346632682814606, "MSE": 0.31035878259412275, "poisson_deviance_explained": 0.47637862981260326}, "19": {"AUC": NaN, "kappa": NaN, "f1": NaN, "precision": NaN, "recall": NaN, "average_precision": NaN, "Spearman_r": 0.7783760784382352, "Pearson_r": 0.7781705066916336, "R2": 0.6032152594952314, "MAE": 0.44111287324210596, "MSE": 0.3198881014941018, "poisson_deviance_explained": 0.4885592378733904}, "20": {"AUC": NaN, "kappa": NaN, "f1": NaN, "precision": NaN, "recall": NaN, "average_precision": NaN, "Spearman_r": 0.7798426470178493, "Pearson_r": 0.7814482842780132, "R2": 0.6074675236888655, "MAE": 0.45534262469393566, "MSE": 0.33991310135151903, "poisson_deviance_explained": 0.49036365366374635}, "21": {"AUC": NaN, "kappa": NaN, "f1": NaN, "precision": NaN, "recall": NaN, "average_precision": NaN, "Spearman_r": 0.7970372348593343, "Pearson_r": 0.7953539316778331, "R2": 0.6289834646920441, "MAE": 0.4476646766611731, "MSE": 0.328912004955417, "poisson_deviance_explained": 0.5118006883147677}, "22": {"AUC": NaN, "kappa": NaN, "f1": NaN, "precision": NaN, "recall": NaN, "average_precision": NaN, "Spearman_r": 0.7686428494012634, "Pearson_r": 0.7693221545674512, "R2": 0.5903032802256951, "MAE": 0.45042654625034095, "MSE": 0.34303127354984203, "poisson_deviance_explained": 0.47810077718728894}, "23": {"AUC": NaN, "kappa": NaN, "f1": NaN, "precision": NaN, "recall": NaN, "average_precision": NaN, "Spearman_r": 0.7852479885485029, "Pearson_r": 0.7861395351887943, "R2": 0.6160504483056397, "MAE": 0.43313999555829713, "MSE": 0.30925319852116706, "poisson_deviance_explained": 0.4939993059342822}, "24": {"AUC": NaN, "kappa": NaN, "f1": NaN, "precision": NaN, "recall": NaN, "average_precision": NaN, "Spearman_r": 0.7798424284100747, "Pearson_r": 0.7814280139287959, "R2": 0.6082678493593245, "MAE": 0.430385925793445, "MSE": 0.3040909717902789, "poisson_deviance_explained": 0.4868073265075584}, "25": {"AUC": NaN, "kappa": NaN, "f1": NaN, "precision": NaN, "recall": NaN, "average_precision": NaN, "Spearman_r": 0.7918657632908089, "Pearson_r": 0.7989236514913827, "R2": 0.636174811649771, "MAE": 0.4211741712046215, "MSE": 0.29611544041157273, "poisson_deviance_explained": 0.5116277451316831}, "26": {"AUC": NaN, "kappa": NaN, "f1": NaN, "precision": NaN, "recall": NaN, "average_precision": NaN, "Spearman_r": 0.775586488037615, "Pearson_r": 0.7855982125195587, "R2": 0.6151874376121294, "MAE": 0.41390895577239095, "MSE": 0.27693627040957663, "poisson_deviance_explained": 0.4920832904061664}, "27": {"AUC": NaN, "kappa": NaN, "f1": NaN, "precision": NaN, "recall": NaN, "average_precision": NaN, "Spearman_r": 0.768313826895909,