{"AUC": NaN, "kappa": NaN, "f1": NaN, "precision": NaN, "recall": NaN, "average_precision": NaN, "Spearman_r": 0.7957267667191986, "Pearson_r": 0.8008049308805534, "R2": 0.639655728028852, "MAE": 0.42202749095676, "MSE": 0.29182186556966705, "poisson_deviance_explained": 0.5189313226757046}
