{"1": {"AUC": NaN, "kappa": NaN, "f1": NaN, "precision": NaN, "recall": NaN, "average_precision": NaN, "Spearman_r": 0.7439203964470714, "Pearson_r": 0.7629772747939173, "R2": 0.5795574423050436, "MAE": 0.4290755260260479, "MSE": 0.28820223396891625, "poisson_deviance_explained": 0.4601767727385745}, "2": {"AUC": NaN, "kappa": NaN, "f1": NaN, "precision": NaN, "recall": NaN, "average_precision": NaN, "Spearman_r": 0.762537111229881, "Pearson_r": 0.7776596310566446, "R2": 0.6032582864348899, "MAE": 0.41390697630555184, "MSE": 0.27389153931976323, "poisson_deviance_explained": 0.4844033912977773}, "3": {"AUC": NaN, "kappa": NaN, "f1": NaN, "precision": NaN, "recall": NaN, "average_precision": NaN, "Spearman_r": 0.7782563643158668, "Pearson_r": 0.7933331536489447, "R2": 0.6273009553599675, "MAE": 0.41289088833787996, "MSE": 0.27540194277872787, "poisson_deviance_explained": 0.5065172383867379}, "4": {"AUC": NaN, "kappa": NaN, "f1": NaN, "precision": NaN, "recall": NaN, "average_precision": NaN, "Spearman_r": 0.7246463459111534, "Pearson_r": 0.7478515865212613, "R2": 0.5575472872089824, "MAE": 0.4558311809601669, "MSE": 0.3266402071057968, "poisson_deviance_explained": 0.4386128258113102}, "5": {"AUC": NaN, "kappa": NaN, "f1": NaN, "precision": NaN, "recall": NaN, "average_precision": NaN, "Spearman_r": 0.7844015272888278, "Pearson_r": 0.8016119200338091, "R2": 0.6406996253139401, "MAE": 0.4069491531581515, "MSE": 0.2672189566404629, "poisson_deviance_explained": 0.5156122019991416}, "6": {"AUC": NaN, "kappa": NaN, "f1": NaN, "precision": NaN, "recall": NaN, "average_precision": NaN, "Spearman_r": 0.770200898132792, "Pearson_r": 0.7833133751500128, "R2": 0.6113265006234831, "MAE": 0.41661536273713656, "MSE": 0.27601414631969284, "poisson_deviance_explained": 0.4894267983782856}, "7": {"AUC": NaN, "kappa": NaN, "f1": NaN, "precision": NaN, "recall": NaN, "average_precision": NaN, "Spearman_r": 0.7703489397795784, "Pearson_r": 0.7785041265184239, "R2": 0.604303923927868, "MAE": 0.4109807616710624, "MSE": 0.26996610349469796, "poisson_deviance_explained": 0.47898863926810065}, "8": {"AUC": NaN, "kappa": NaN, "f1": NaN, "precision": NaN, "recall": NaN, "average_precision": NaN, "Spearman_r": 0.783446033989567, "Pearson_r": 0.7857587989143424, "R2": 0.6151446202731419, "MAE": 0.42055677517660045, "MSE": 0.28441167361318115, "poisson_deviance_explained": 0.4923204625375971}, "9": {"AUC": NaN, "kappa": NaN, "f1": NaN, "precision": NaN, "recall": NaN, "average_precision": NaN, "Spearman_r": 0.7906272699188268, "Pearson_r": 0.7899622308751096, "R2": 0.6217231406389803, "MAE": 0.4127435228330607, "MSE": 0.28099326236396566, "poisson_deviance_explained": 0.5005462636755571}, "10": {"AUC": NaN, "kappa": NaN, "f1": NaN, "precision": NaN, "recall": NaN, "average_precision": NaN, "Spearman_r": 0.7879322171800651, "Pearson_r": 0.7826737099721494, "R2": 0.6116872607959233, "MAE": 0.4296392057713515, "MSE": 0.31199465438313656, "poisson_deviance_explained": 0.49774759191018225}, "11": {"AUC": NaN, "kappa": NaN, "f1": NaN, "precision": NaN, "recall": NaN, "average_precision": NaN, "Spearman_r": 0.8086939678703571, "Pearson_r": 0.8011709845214515, "R2": 0.6403390915627605, "MAE": 0.42861314908823245, "MSE": 0.3168477223280022, "poisson_deviance_explained": 0.5329332372315401}, "12": {"AUC": NaN, "kappa": NaN, "f1": NaN, "precision": NaN, "recall": NaN, "average_precision": NaN, "Spearman_r": 0.7985069111858901, "Pearson_r": 0.7918079438543979, "R2": 0.6247182758661478, "MAE": 0.4221160948855626, "MSE": 0.30392868018815583, "poisson_deviance_explained": 0.5193634474631923}, "13": {"AUC": NaN, "kappa": NaN, "f1": NaN, "precision": NaN, "recall": NaN, "average_precision": NaN, "Spearman_r": 0.7975859450918279, "Pearson_r": 0.791847462566999, "R2": 0.6253211516695785, "MAE": 0.40774353622608944, "MSE": 0.2857538328471935, "poisson_deviance_explained": 0.5212853454680385}, "14": {"AUC": NaN, "kappa": NaN, "f1": NaN, "precision": NaN, "recall": NaN, "average_precision": NaN, "Spearman_r": 0.8088343681637049, "Pearson_r": 0.8027030708469571, "R2": 0.6419722218594635, "MAE": 0.4014415359597664, "MSE": 0.2756027470581357, "poisson_deviance_explained": 0.5395245358333653}, "15": {"AUC": NaN, "kappa": NaN, "f1": NaN, "precision": NaN, "recall": NaN, "average_precision": NaN, "Spearman_r": 0.7951138332184129, "Pearson_r": 0.7915582980791402, "R2": 0.6250799515369845, "MAE": 0.40838094254469204, "MSE": 0.28288183059903577, "poisson_deviance_explained": 0.5135436378493612}, "16": {"AUC": NaN, "kappa": NaN, "f1": NaN, "precision": NaN, "recall": NaN, "average_precision": NaN, "Spearman_r": 0.794247591036514, "Pearson_r": 0.7914719990278027, "R2": 0.6234966068905796, "MAE": 0.4097519854699756, "MSE": 0.2799193370577157, "poisson_deviance_explained": 0.5104248031895926}, "17": {"AUC": NaN, "kappa": NaN, "f1": NaN, "precision": NaN, "recall": NaN, "average_precision": NaN, "Spearman_r": 0.7852425975377839, "Pearson_r": 0.7853219251187256, "R2": 0.6145043572019931, "MAE": 0.40846285411708233, "MSE": 0.2797296359657636, "poisson_deviance_explained": 0.5039339080728329}, "18": {"AUC": NaN, "kappa": NaN, "f1": NaN, "precision": NaN, "recall": NaN, "average_precision": NaN, "Spearman_r": 0.7724965410713, "Pearson_r": 0.7730059992322447, "R2": 0.5962663643830757, "MAE": 0.42458281700628153, "MSE": 0.29729692993426665, "poisson_deviance_explained": 0.4810439188097879}, "19": {"AUC": NaN, "kappa": NaN, "f1": NaN, "precision": NaN, "recall": NaN, "average_precision": NaN, "Spearman_r": 0.7747422876141606, "Pearson_r": 0.7781588015577273, "R2": 0.6025114620902423, "MAE": 0.4347575871459087, "MSE": 0.3087456810500477, "poisson_deviance_explained": 0.4865463369639056}, "20": {"AUC": NaN, "kappa": NaN, "f1": NaN, "precision": NaN, "recall": NaN, "average_precision": NaN, "Spearman_r": 0.7869109075730413, "Pearson_r": 0.7905385842491719, "R2": 0.6211259010120873, "MAE": 0.44884538339415964, "MSE": 0.3269438685445053, "poisson_deviance_explained": 0.5058360807659703}, "21": {"AUC": NaN, "kappa": NaN, "f1": NaN, "precision": NaN, "recall": NaN, "average_precision": NaN, "Spearman_r": 0.7910445719423791, "Pearson_r": 0.7946635835533572, "R2": 0.6280815216515633, "MAE": 0.4392710317716917, "MSE": 0.3161644560296023, "poisson_deviance_explained": 0.5093169725781534}, "22": {"AUC": NaN, "kappa": NaN, "f1": NaN, "precision": NaN, "recall": NaN, "average_precision": NaN, "Spearman_r": 0.7971209700346569, "Pearson_r": 0.8001529304429691, "R2": 0.6373597190672199, "MAE": 0.42827859504484805, "MSE": 0.29966852758455653, "poisson_deviance_explained": 0.5187950463212436}, "23": {"AUC": NaN, "kappa": NaN, "f1": NaN, "precision": NaN, "recall": NaN, "average_precision": NaN, "Spearman_r": 0.7783469658784289, "Pearson_r": 0.7851138455457153, "R2": 0.614416900753335, "MAE": 0.4333236101574998, "MSE": 0.30819950813086405, "poisson_deviance_explained": 0.49300003458155706}, "24": {"AUC": NaN, "kappa": NaN, "f1": NaN, "precision": NaN, "recall": NaN, "average_precision": NaN, "Spearman_r": 0.7770307151529049, "Pearson_r": 0.7825809685431119, "R2": 0.6111553242305934, "MAE": 0.4176630460487587, "MSE": 0.28673728076578314, "poisson_deviance_explained": 0.4900227573818713}, "25": {"AUC": NaN, "kappa": NaN, "f1": NaN, "precision": NaN, "recall": NaN, "average_precision": NaN, "Spearman_r": 0.7684836508486693, "Pearson_r": 0.7782489486464021, "R2": 0.6033342946184925, "MAE": 0.41913316097568803, "MSE": 0.2822051793011179, "poisson_deviance_explained": 0.4774611825280979}, "26": {"AUC": NaN, "kappa": NaN, "f1": NaN, "precision": NaN, "recall": NaN, "average_precision": NaN, "Spearman_r": 0.760861439434372, "Pearson_r": 0.7741148459109147, "R2": 0.5973204693006382, "MAE": 0.4224800087722754, "MSE": 0.2864981083278393, "poisson_deviance_explained": 0.4759387254368713}, "27": {"AUC": NaN, "kappa": NaN, "f1": NaN, "precision": NaN, "recall": NaN, "average_precision": NaN, "Spearman_r": 0.7605755675674762,