{"1": {"AUC": NaN, "kappa": NaN, "f1": NaN, "precision": NaN, "recall": NaN, "average_precision": NaN, "Spearman_r": 0.7096287270152776, "Pearson_r": 0.715334996938459, "R2": 0.5100206532010552, "MAE": 0.45482960671816736, "MSE": 0.3416677789147539, "poisson_deviance_explained": 0.40957232032865354}, "2": {"AUC": NaN, "kappa": NaN, "f1": NaN, "precision": NaN, "recall": NaN, "average_precision": NaN, "Spearman_r": 0.7474906991936089, "Pearson_r": 0.7530259692721617, "R2": 0.5635053788923687, "MAE": 0.4283751180046284, "MSE": 0.3054357653151755, "poisson_deviance_explained": 0.4642370058209421}, "3": {"AUC": NaN, "kappa": NaN, "f1": NaN, "precision": NaN, "recall": NaN, "average_precision": NaN, "Spearman_r": 0.7323350993260422, "Pearson_r": 0.7447563161899201, "R2": 0.5527760307474363, "MAE": 0.43181881309631165, "MSE": 0.309935286716857, "poisson_deviance_explained": 0.4366628120059828}, "4": {"AUC": NaN, "kappa": NaN, "f1": NaN, "precision": NaN, "recall": NaN, "average_precision": NaN, "Spearman_r": 0.7571227278341098, "Pearson_r": 0.7750022642426786, "R2": 0.597986435280423, "MAE": 0.4079808657078803, "MSE": 0.2772206173125806, "poisson_deviance_explained": 0.4837151439660875}, "5": {"AUC": NaN, "kappa": NaN, "f1": NaN, "precision": NaN, "recall": NaN, "average_precision": NaN, "Spearman_r": 0.7458995377682475, "Pearson_r": 0.7585656707261987, "R2": 0.5735653672879519, "MAE": 0.43415768431498425, "MSE": 0.30880122659733805, "poisson_deviance_explained": 0.45482287868959703}, "6": {"AUC": NaN, "kappa": NaN, "f1": NaN, "precision": NaN, "recall": NaN, "average_precision": NaN, "Spearman_r": 0.7418017680853235, "Pearson_r": 0.7567438977500403, "R2": 0.5704705805603847, "MAE": 0.42935772667953975, "MSE": 0.3075302309291069, "poisson_deviance_explained": 0.4524718390334739}, "7": {"AUC": NaN, "kappa": NaN, "f1": NaN, "precision": NaN, "recall": NaN, "average_precision": NaN, "Spearman_r": 0.7536795133661935, "Pearson_r": 0.7597989137806096, "R2": 0.574921846394062, "MAE": 0.43072804198080206, "MSE": 0.3135301777764855, "poisson_deviance_explained": 0.4564732178767057}, "8": {"AUC": NaN, "kappa": NaN, "f1": NaN, "precision": NaN, "recall": NaN, "average_precision": NaN, "Spearman_r": 0.7638402781519286, "Pearson_r": 0.763706730444269, "R2": 0.5818321902601813, "MAE": 0.42700248974523536, "MSE": 0.31111116012301826, "poisson_deviance_explained": 0.4690804448324274}, "9": {"AUC": NaN, "kappa": NaN, "f1": NaN, "precision": NaN, "recall": NaN, "average_precision": NaN, "Spearman_r": 0.7715508007839577, "Pearson_r": 0.7636608651255166, "R2": 0.5814654710106149, "MAE": 0.44826208835361775, "MSE": 0.3489977967360297, "poisson_deviance_explained": 0.468535818563127}, "10": {"AUC": NaN, "kappa": NaN, "f1": NaN, "precision": NaN, "recall": NaN, "average_precision": NaN, "Spearman_r": 0.7736095605597266, "Pearson_r": 0.7588276393020125, "R2": 0.5730897373080522, "MAE": 0.4782018561262633, "MSE": 0.409463145083487, "poisson_deviance_explained": 0.46196346148749423}, "11": {"AUC": NaN, "kappa": NaN, "f1": NaN, "precision": NaN, "recall": NaN, "average_precision": NaN, "Spearman_r": 0.7738857337542516, "Pearson_r": 0.7569595074218055, "R2": 0.5679643894281883, "MAE": 0.5047092598987314, "MSE": 0.45478545297462375, "poisson_deviance_explained": 0.45036604881287123}, "12": {"AUC": NaN, "kappa": NaN, "f1": NaN, "precision": NaN, "recall": NaN, "average_precision": NaN, "Spearman_r": 0.7596411966191223, "Pearson_r": 0.748555756599349, "R2": 0.556062284225642, "MAE": 0.4989245840683538, "MSE": 0.43724681914228464, "poisson_deviance_explained": 0.4517620603230039}, "13": {"AUC": NaN, "kappa": NaN, "f1": NaN, "precision": NaN, "recall": NaN, "average_precision": NaN, "Spearman_r": 0.7591532090185719, "Pearson_r": 0.7425956214561966, "R2": 0.5497948848817678, "MAE": 0.4615343219507434, "MSE": 0.38918020702112177, "poisson_deviance_explained": 0.43835823948319785}, "14": {"AUC": NaN, "kappa": NaN, "f1": NaN, "precision": NaN, "recall": NaN, "average_precision": NaN, "Spearman_r": 0.772398181622319, "Pearson_r": 0.762479666607827, "R2": 0.5784471063483962, "MAE": 0.4507361086740186, "MSE": 0.366217206441486, "poisson_deviance_explained": 0.4811592731874901}, "15": {"AUC": NaN, "kappa": NaN, "f1": NaN, "precision": NaN, "recall": NaN, "average_precision": NaN, "Spearman_r": 0.7673661227927759, "Pearson_r": 0.7611468296138075, "R2": 0.576803028648375, "MAE": 0.45707513662421584, "MSE": 0.3705149182185449, "poisson_deviance_explained": 0.4529879971415499}, "16": {"AUC": NaN, "kappa": NaN, "f1": NaN, "precision": NaN, "recall": NaN, "average_precision": NaN, "Spearman_r": 0.7851200948454334, "Pearson_r": 0.7779012538944673, "R2": 0.6015784697867751, "MAE": 0.4555851997111709, "MSE": 0.3622142405429637, "poisson_deviance_explained": 0.4842134335659771}, "17": {"AUC": NaN, "kappa": NaN, "f1": NaN, "precision": NaN, "recall": NaN, "average_precision": NaN, "Spearman_r": 0.760420441332922, "Pearson_r": 0.7607522226404276, "R2": 0.5755646213972949, "MAE": 0.4520835979135694, "MSE": 0.3493971296860645, "poisson_deviance_explained": 0.4595143612169241}, "18": {"AUC": NaN, "kappa": NaN, "f1": NaN, "precision": NaN, "recall": NaN, "average_precision": NaN, "Spearman_r": 0.7526969098307124, "Pearson_r": 0.7568145022722422, "R2": 0.5703328476947842, "MAE": 0.4511713210867316, "MSE": 0.3433027359791934, "poisson_deviance_explained": 0.45044735721210183}, "19": {"AUC": NaN, "kappa": NaN, "f1": NaN, "precision": NaN, "recall": NaN, "average_precision": NaN, "Spearman_r": 0.7420762005752838, "Pearson_r": 0.7475783204083711, "R2": 0.5564989028849961, "MAE": 0.4895548701535184, "MSE": 0.39366483483344267, "poisson_deviance_explained": 0.43306631209114943}, "20": {"AUC": NaN, "kappa": NaN, "f1": NaN, "precision": NaN, "recall": NaN, "average_precision": NaN, "Spearman_r": 0.7749072089845849, "Pearson_r": 0.7836851384549886, "R2": 0.6091596169560658, "MAE": 0.4767781258969352, "MSE": 0.3719737416048673, "poisson_deviance_explained": 0.4834776121549892}, "21": {"AUC": NaN, "kappa": NaN, "f1": NaN, "precision": NaN, "recall": NaN, "average_precision": NaN, "Spearman_r": 0.7869161976458763, "Pearson_r": 0.7860465030047175, "R2": 0.6144934455242661, "MAE": 0.4850613024892162, "MSE": 0.40351611341829635, "poisson_deviance_explained": 0.501405021708439}, "22": {"AUC": NaN, "kappa": NaN, "f1": NaN, "precision": NaN, "recall": NaN, "average_precision": NaN, "Spearman_r": 0.7907719420869473, "Pearson_r": 0.7859886451182356, "R2": 0.6159674790993699, "MAE": 0.4565379598416265, "MSE": 0.3549400868364951, "poisson_deviance_explained": 0.500146788684473}, "23": {"AUC": NaN, "kappa": NaN, "f1": NaN, "precision": NaN, "recall": NaN, "average_precision": NaN, "Spearman_r": 0.7755301599390457, "Pearson_r": 0.7779195008724427, "R2": 0.6017270646005684, "MAE": 0.4508028452189491, "MSE": 0.33564349718511244, "poisson_deviance_explained": 0.4825862983142545}, "24": {"AUC": NaN, "kappa": NaN, "f1": NaN, "precision": NaN, "recall": NaN, "average_precision": NaN, "Spearman_r": 0.7654869922049025, "Pearson_r": 0.7633090820166164, "R2": 0.5812019907547454, "MAE": 0.4461707369691452, "MSE": 0.33007946238172386, "poisson_deviance_explained": 0.4551598612889928}, "25": {"AUC": NaN, "kappa": NaN, "f1": NaN, "precision": NaN, "recall": NaN, "average_precision": NaN, "Spearman_r": 0.7528100409129286, "Pearson_r": 0.7584229967692415, "R2": 0.5725590736717748, "MAE": 0.438491923437242, "MSE": 0.31778978742793057, "poisson_deviance_explained": 0.4660389111261217}, "26": {"AUC": NaN, "kappa": NaN, "f1": NaN, "precision": NaN, "recall": NaN, "average_precision": NaN, "Spearman_r": 0.7473552609615163, "Pearson_r": 0.7553562092724404, "R2": 0.5680901897384201, "MAE": 0.43210435353389726, "MSE": 0.30719204379556775, "poisson_deviance_explained": 0.4564948127569888}, "27": {"AUC": NaN, "kappa": NaN, "f1": NaN, "precision": NaN, "recall": NaN, "average_precision": NaN, "Spearman_r": 0.7367423349426014, "Pearson_r": 0.7534332715861876,