{"1": {"AUC": NaN, "kappa": NaN, "f1": NaN, "precision": NaN, "recall": NaN, "average_precision": NaN, "Spearman_r": 0.7310711607232895, "Pearson_r": 0.7508173980568663, "R2": 0.5604823405048744, "MAE": 0.4315502019873579, "MSE": 0.29471409725193703, "poisson_deviance_explained": 0.4512127137466512}, "2": {"AUC": NaN, "kappa": NaN, "f1": NaN, "precision": NaN, "recall": NaN, "average_precision": NaN, "Spearman_r": 0.7320820576813447, "Pearson_r": 0.7417884415797783, "R2": 0.5493372538775152, "MAE": 0.4244909414415708, "MSE": 0.296453434206351, "poisson_deviance_explained": 0.45026388783077587}, "3": {"AUC": NaN, "kappa": NaN, "f1": NaN, "precision": NaN, "recall": NaN, "average_precision": NaN, "Spearman_r": 0.7453594045648633, "Pearson_r": 0.7554386449069475, "R2": 0.5675067306892791, "MAE": 0.43412637318399205, "MSE": 0.3068601886932044, "poisson_deviance_explained": 0.4554978134205413}, "4": {"AUC": NaN, "kappa": NaN, "f1": NaN, "precision": NaN, "recall": NaN, "average_precision": NaN, "Spearman_r": 0.6547894074633424, "Pearson_r": 0.7067372670115514, "R2": 0.4966952736087047, "MAE": 0.4610676440342789, "MSE": 0.327776264974422, "poisson_deviance_explained": 0.384555919900173}, "5": {"AUC": NaN, "kappa": NaN, "f1": NaN, "precision": NaN, "recall": NaN, "average_precision": NaN, "Spearman_r": 0.7326108226923647, "Pearson_r": 0.7482834014596655, "R2": 0.5577680120804922, "MAE": 0.41979367702459647, "MSE": 0.28826335751110593, "poisson_deviance_explained": 0.4457934707454432}, "6": {"AUC": NaN, "kappa": NaN, "f1": NaN, "precision": NaN, "recall": NaN, "average_precision": NaN, "Spearman_r": 0.7393397442285281, "Pearson_r": 0.753213606010401, "R2": 0.5648895222882138, "MAE": 0.43103856372565474, "MSE": 0.2968859231145721, "poisson_deviance_explained": 0.44301778719482454}, "7": {"AUC": NaN, "kappa": NaN, "f1": NaN, "precision": NaN, "recall": NaN, "average_precision": NaN, "Spearman_r": 0.7418357362786139, "Pearson_r": 0.7447699256528789, "R2": 0.553910583699581, "MAE": 0.43503441728502557, "MSE": 0.3168567098277809, "poisson_deviance_explained": 0.4413177805826134}, "8": {"AUC": NaN, "kappa": NaN, "f1": NaN, "precision": NaN, "recall": NaN, "average_precision": NaN, "Spearman_r": 0.7692800713084701, "Pearson_r": 0.7688427540432605, "R2": 0.589222491287172, "MAE": 0.4345882763812138, "MSE": 0.3167882213016751, "poisson_deviance_explained": 0.4696799251496184}, "9": {"AUC": NaN, "kappa": NaN, "f1": NaN, "precision": NaN, "recall": NaN, "average_precision": NaN, "Spearman_r": 0.7767895214802117, "Pearson_r": 0.7728246234006748, "R2": 0.5947666175948524, "MAE": 0.45934154140531225, "MSE": 0.3584599424525068, "poisson_deviance_explained": 0.47388833179975065}, "10": {"AUC": NaN, "kappa": NaN, "f1": NaN, "precision": NaN, "recall": NaN, "average_precision": NaN, "Spearman_r": 0.7787899035155399, "Pearson_r": 0.7687292963862734, "R2": 0.5889644557734224, "MAE": 0.4590724712015567, "MSE": 0.37142217381459985, "poisson_deviance_explained": 0.4736902045720247}, "11": {"AUC": NaN, "kappa": NaN, "f1": NaN, "precision": NaN, "recall": NaN, "average_precision": NaN, "Spearman_r": 0.7720593005534802, "Pearson_r": 0.750059070759147, "R2": 0.559740185490581, "MAE": 0.4940440421731595, "MSE": 0.43813244329754897, "poisson_deviance_explained": 0.4522052718770687}, "12": {"AUC": NaN, "kappa": NaN, "f1": NaN, "precision": NaN, "recall": NaN, "average_precision": NaN, "Spearman_r": 0.7725461708477576, "Pearson_r": 0.7620953193232326, "R2": 0.5785862280212664, "MAE": 0.4772518122426654, "MSE": 0.40123722950224494, "poisson_deviance_explained": 0.4758923955914124}, "13": {"AUC": NaN, "kappa": NaN, "f1": NaN, "precision": NaN, "recall": NaN, "average_precision": NaN, "Spearman_r": 0.7740195813920362, "Pearson_r": 0.76266179932052, "R2": 0.5808144120138007, "MAE": 0.44981939753995553, "MSE": 0.3592072066702734, "poisson_deviance_explained": 0.4718552523724371}, "14": {"AUC": NaN, "kappa": NaN, "f1": NaN, "precision": NaN, "recall": NaN, "average_precision": NaN, "Spearman_r": 0.7802884158717256, "Pearson_r": 0.7691620538933565, "R2": 0.5897504761912831, "MAE": 0.4375102239591223, "MSE": 0.34233128490672304, "poisson_deviance_explained": 0.48952684113665557}, "15": {"AUC": NaN, "kappa": NaN, "f1": NaN, "precision": NaN, "recall": NaN, "average_precision": NaN, "Spearman_r": 0.7733743035251032, "Pearson_r": 0.7679158358717518, "R2": 0.5874106319437911, "MAE": 0.4478605374180332, "MSE": 0.3545670311160129, "poisson_deviance_explained": 0.49003466800873874}, "16": {"AUC": NaN, "kappa": NaN, "f1": NaN, "precision": NaN, "recall": NaN, "average_precision": NaN, "Spearman_r": 0.759723939281617, "Pearson_r": 0.7516818925217417, "R2": 0.5608896244462136, "MAE": 0.46615023587741805, "MSE": 0.37332439693940844, "poisson_deviance_explained": 0.447913278746482}, "17": {"AUC": NaN, "kappa": NaN, "f1": NaN, "precision": NaN, "recall": NaN, "average_precision": NaN, "Spearman_r": 0.7678034568914718, "Pearson_r": 0.7625055180809341, "R2": 0.5802783861599776, "MAE": 0.43440676991438815, "MSE": 0.32422978278358383, "poisson_deviance_explained": 0.46275861330753176}, "18": {"AUC": NaN, "kappa": NaN, "f1": NaN, "precision": NaN, "recall": NaN, "average_precision": NaN, "Spearman_r": 0.7651928558265475, "Pearson_r": 0.7680333440905174, "R2": 0.5872918177646165, "MAE": 0.4435899837911124, "MSE": 0.3300673510313674, "poisson_deviance_explained": 0.4651016233523386}, "19": {"AUC": NaN, "kappa": NaN, "f1": NaN, "precision": NaN, "recall": NaN, "average_precision": NaN, "Spearman_r": 0.7829972131839146, "Pearson_r": 0.7825947688764976, "R2": 0.610760996442455, "MAE": 0.4482729523133263, "MSE": 0.33946244676636445, "poisson_deviance_explained": 0.4932283562578671}, "20": {"AUC": NaN, "kappa": NaN, "f1": NaN, "precision": NaN, "recall": NaN, "average_precision": NaN, "Spearman_r": 0.7749989665070928, "Pearson_r": 0.7783688331315313, "R2": 0.6030925559046123, "MAE": 0.475722976839542, "MSE": 0.3704373359285549, "poisson_deviance_explained": 0.480518953321716}, "21": {"AUC": NaN, "kappa": NaN, "f1": NaN, "precision": NaN, "recall": NaN, "average_precision": NaN, "Spearman_r": 0.7770592057964477, "Pearson_r": 0.7764458635773842, "R2": 0.598572673179408, "MAE": 0.479261085408744, "MSE": 0.38068744522980064, "poisson_deviance_explained": 0.48344897805436216}, "22": {"AUC": NaN, "kappa": NaN, "f1": NaN, "precision": NaN, "recall": NaN, "average_precision": NaN, "Spearman_r": 0.7796739047644493, "Pearson_r": 0.7765070633775517, "R2": 0.6007301621566485, "MAE": 0.45880538220489986, "MSE": 0.35108902194090175, "poisson_deviance_explained": 0.47892304739440794}, "23": {"AUC": NaN, "kappa": NaN, "f1": NaN, "precision": NaN, "recall": NaN, "average_precision": NaN, "Spearman_r": 0.7893580373196842, "Pearson_r": 0.7882083819295166, "R2": 0.61861080803881, "MAE": 0.43638243889615325, "MSE": 0.31970154501408415, "poisson_deviance_explained": 0.5049005409416417}, "24": {"AUC": NaN, "kappa": NaN, "f1": NaN, "precision": NaN, "recall": NaN, "average_precision": NaN, "Spearman_r": 0.7637802487461757, "Pearson_r": 0.7636743606960921, "R2": 0.5792655585919335, "MAE": 0.4470085243274616, "MSE": 0.3228571828153489, "poisson_deviance_explained": 0.4655242311297366}, "25": {"AUC": NaN, "kappa": NaN, "f1": NaN, "precision": NaN, "recall": NaN, "average_precision": NaN, "Spearman_r": 0.7708508441870763, "Pearson_r": 0.7804713217632292, "R2": 0.6065215378871895, "MAE": 0.42441416745055244, "MSE": 0.289818472305808, "poisson_deviance_explained": 0.4800897189670159}, "26": {"AUC": NaN, "kappa": NaN, "f1": NaN, "precision": NaN, "recall": NaN, "average_precision": NaN, "Spearman_r": 0.7489976026554881, "Pearson_r": 0.7627473747937691, "R2": 0.5803827300698705, "MAE": 0.4249768896915313, "MSE": 0.2927667092983653, "poisson_deviance_explained": 0.46408989342547924}, "27": {"AUC": NaN, "kappa": NaN, "f1": NaN, "precision": NaN, "recall": NaN, "average_precision": NaN, "Spearman_r": 0.7359297662818266, "Pearson_r": 0.7493668326983901,