{"1": {"AUC": NaN, "kappa": NaN, "f1": NaN, "precision": NaN, "recall": NaN, "average_precision": NaN, "Spearman_r": 0.7669765847273656, "Pearson_r": 0.7814070790328276, "R2": 0.6098604234640248, "MAE": 0.4123260005841038, "MSE": 0.2787677115137137, "poisson_deviance_explained": 0.4890026118612315}, "2": {"AUC": NaN, "kappa": NaN, "f1": NaN, "precision": NaN, "recall": NaN, "average_precision": NaN, "Spearman_r": 0.7762371344428708, "Pearson_r": 0.7875894039718904, "R2": 0.6196621746012705, "MAE": 0.41045624171156886, "MSE": 0.2769810062460771, "poisson_deviance_explained": 0.5005421558399321}, "3": {"AUC": NaN, "kappa": NaN, "f1": NaN, "precision": NaN, "recall": NaN, "average_precision": NaN, "Spearman_r": 0.7873361722543849, "Pearson_r": 0.7979540120245564, "R2": 0.6358331136113896, "MAE": 0.399614003340399, "MSE": 0.2651304179316845, "poisson_deviance_explained": 0.5140584362918099}, "4": {"AUC": NaN, "kappa": NaN, "f1": NaN, "precision": NaN, "recall": NaN, "average_precision": NaN, "Spearman_r": 0.7377635559782493, "Pearson_r": 0.7576746856180829, "R2": 0.5724450600914663, "MAE": 0.4332123654492649, "MSE": 0.29968907764742225, "poisson_deviance_explained": 0.4469580491489079}, "5": {"AUC": NaN, "kappa": NaN, "f1": NaN, "precision": NaN, "recall": NaN, "average_precision": NaN, "Spearman_r": 0.7892700184224606, "Pearson_r": 0.7974442207265261, "R2": 0.6347641441862637, "MAE": 0.40212410345078814, "MSE": 0.264581107555557, "poisson_deviance_explained": 0.5107425589201855}, "6": {"AUC": NaN, "kappa": NaN, "f1": NaN, "precision": NaN, "recall": NaN, "average_precision": NaN, "Spearman_r": 0.7723310263427706, "Pearson_r": 0.7817007369371584, "R2": 0.610331727458447, "MAE": 0.4034403680383591, "MSE": 0.2660696733559992, "poisson_deviance_explained": 0.4873817246915111}, "7": {"AUC": NaN, "kappa": NaN, "f1": NaN, "precision": NaN, "recall": NaN, "average_precision": NaN, "Spearman_r": 0.788227825884633, "Pearson_r": 0.7904776085195574, "R2": 0.6236448317606008, "MAE": 0.37341394186802324, "MSE": 0.23190146886155466, "poisson_deviance_explained": 0.4988044815005289}, "8": {"AUC": NaN, "kappa": NaN, "f1": NaN, "precision": NaN, "recall": NaN, "average_precision": NaN, "Spearman_r": 0.8118682816052739, "Pearson_r": 0.8076050569634787, "R2": 0.6510103769324078, "MAE": 0.3569070373299174, "MSE": 0.2158424778580804, "poisson_deviance_explained": 0.5257809132896477}, "9": {"AUC": NaN, "kappa": NaN, "f1": NaN, "precision": NaN, "recall": NaN, "average_precision": NaN, "Spearman_r": 0.8195365019212719, "Pearson_r": 0.8151891095108957, "R2": 0.6626643539331828, "MAE": 0.36342103072218623, "MSE": 0.22387129851368842, "poisson_deviance_explained": 0.5391079328841157}, "10": {"AUC": NaN, "kappa": NaN, "f1": NaN, "precision": NaN, "recall": NaN, "average_precision": NaN, "Spearman_r": 0.8243603269463418, "Pearson_r": 0.8159774626992891, "R2": 0.6648704939022416, "MAE": 0.3678568146939925, "MSE": 0.23483509992027213, "poisson_deviance_explained": 0.5525034603220231}, "11": {"AUC": NaN, "kappa": NaN, "f1": NaN, "precision": NaN, "recall": NaN, "average_precision": NaN, "Spearman_r": 0.8354465786277216, "Pearson_r": 0.8260251443885338, "R2": 0.6804882575346705, "MAE": 0.3856158359407123, "MSE": 0.2606414726428763, "poisson_deviance_explained": 0.5688063756405404}, "12": {"AUC": NaN, "kappa": NaN, "f1": NaN, "precision": NaN, "recall": NaN, "average_precision": NaN, "Spearman_r": 0.8314720333948047, "Pearson_r": 0.8217316374735352, "R2": 0.6742168359253502, "MAE": 0.37857167235111416, "MSE": 0.2526919873446524, "poisson_deviance_explained": 0.5711097936249503}, "13": {"AUC": NaN, "kappa": NaN, "f1": NaN, "precision": NaN, "recall": NaN, "average_precision": NaN, "Spearman_r": 0.8173097430579156, "Pearson_r": 0.8074910008484857, "R2": 0.6512868322512859, "MAE": 0.37539545636198124, "MSE": 0.24752378003720982, "poisson_deviance_explained": 0.5438354812439585}, "14": {"AUC": NaN, "kappa": NaN, "f1": NaN, "precision": NaN, "recall": NaN, "average_precision": NaN, "Spearman_r": 0.8206564564362919, "Pearson_r": 0.8133411134759427, "R2": 0.660132561523351, "MAE": 0.3705922337755806, "MSE": 0.24163039010165102, "poisson_deviance_explained": 0.5576050288856067}, "15": {"AUC": NaN, "kappa": NaN, "f1": NaN, "precision": NaN, "recall": NaN, "average_precision": NaN, "Spearman_r": 0.8101201009085962, "Pearson_r": 0.8028230398831219, "R2": 0.6436776848914112, "MAE": 0.37672232997684885, "MSE": 0.24848993343925688, "poisson_deviance_explained": 0.5357950196984161}, "16": {"AUC": NaN, "kappa": NaN, "f1": NaN, "precision": NaN, "recall": NaN, "average_precision": NaN, "Spearman_r": 0.8032599219082994, "Pearson_r": 0.7985941110801998, "R2": 0.6365171453181984, "MAE": 0.3801937911508177, "MSE": 0.2506568331223092, "poisson_deviance_explained": 0.5260496583769997}, "17": {"AUC": NaN, "kappa": NaN, "f1": NaN, "precision": NaN, "recall": NaN, "average_precision": NaN, "Spearman_r": 0.7848681748090766, "Pearson_r": 0.7810484757430162, "R2": 0.6087715189966669, "MAE": 0.39007072303296864, "MSE": 0.2584706711837472, "poisson_deviance_explained": 0.4922739604941514}, "18": {"AUC": NaN, "kappa": NaN, "f1": NaN, "precision": NaN, "recall": NaN, "average_precision": NaN, "Spearman_r": 0.7857130185919392, "Pearson_r": 0.7832741174601741, "R2": 0.6125783614602731, "MAE": 0.4007308500670661, "MSE": 0.2700595686495841, "poisson_deviance_explained": 0.4925711581726019}, "19": {"AUC": NaN, "kappa": NaN, "f1": NaN, "precision": NaN, "recall": NaN, "average_precision": NaN, "Spearman_r": 0.7864928852032829, "Pearson_r": 0.7860777219712894, "R2": 0.6157720761911452, "MAE": 0.41282537311965367, "MSE": 0.28180764786745177, "poisson_deviance_explained": 0.4927070751077516}, "20": {"AUC": NaN, "kappa": NaN, "f1": NaN, "precision": NaN, "recall": NaN, "average_precision": NaN, "Spearman_r": 0.7923262526997599, "Pearson_r": 0.7934353361544018, "R2": 0.6276077790183257, "MAE": 0.4170742587939508, "MSE": 0.2899993814850552, "poisson_deviance_explained": 0.5053785411500741}, "21": {"AUC": NaN, "kappa": NaN, "f1": NaN, "precision": NaN, "recall": NaN, "average_precision": NaN, "Spearman_r": 0.7962715897382803, "Pearson_r": 0.7964911780965988, "R2": 0.6327637562751526, "MAE": 0.4200319125157463, "MSE": 0.29394775525379346, "poisson_deviance_explained": 0.5144764174382369}, "22": {"AUC": NaN, "kappa": NaN, "f1": NaN, "precision": NaN, "recall": NaN, "average_precision": NaN, "Spearman_r": 0.7958791563722882, "Pearson_r": 0.7977107592975906, "R2": 0.6352872032984656, "MAE": 0.4073022348495963, "MSE": 0.276619427411517, "poisson_deviance_explained": 0.5145435946046621}, "23": {"AUC": NaN, "kappa": NaN, "f1": NaN, "precision": NaN, "recall": NaN, "average_precision": NaN, "Spearman_r": 0.7963465216226343, "Pearson_r": 0.7968428439096871, "R2": 0.6338821195035464, "MAE": 0.4003338968282277, "MSE": 0.2711514377612264, "poisson_deviance_explained": 0.5117791616532774}, "24": {"AUC": NaN, "kappa": NaN, "f1": NaN, "precision": NaN, "recall": NaN, "average_precision": NaN, "Spearman_r": 0.7786851610781034, "Pearson_r": 0.7839178743678532, "R2": 0.6140269244484415, "MAE": 0.3895830828763334, "MSE": 0.2531061361886603, "poisson_deviance_explained": 0.48581841103322043}, "25": {"AUC": NaN, "kappa": NaN, "f1": NaN, "precision": NaN, "recall": NaN, "average_precision": NaN, "Spearman_r": 0.7852108970524584, "Pearson_r": 0.7923371835161358, "R2": 0.6266346428216698, "MAE": 0.38939649524438824, "MSE": 0.2517491969562226, "poisson_deviance_explained": 0.5026818488747827}, "26": {"AUC": NaN, "kappa": NaN, "f1": NaN, "precision": NaN, "recall": NaN, "average_precision": NaN, "Spearman_r": 0.7843625321548616, "Pearson_r": 0.7904977725158255, "R2": 0.6237030787050353, "MAE": 0.3910158640502891, "MSE": 0.2523581701254307, "poisson_deviance_explained": 0.4955789669323942}, "27": {"AUC": NaN, "kappa": NaN, "f1": NaN, "precision": NaN, "recall": NaN, "average_precision": NaN, "Spearman_r": 0.782523806949231, "Pearson_r": 0.7911106051329313,