{"1": {"AUC": NaN, "kappa": NaN, "f1": NaN, "precision": NaN, "recall": NaN, "average_precision": NaN, "Spearman_r": 0.7619459234639858, "Pearson_r": 0.7774397335525678, "R2": 0.6023685478409003, "MAE": 0.43183336928748445, "MSE": 0.2976090690678487, "poisson_deviance_explained": 0.4812397296743063}, "2": {"AUC": NaN, "kappa": NaN, "f1": NaN, "precision": NaN, "recall": NaN, "average_precision": NaN, "Spearman_r": 0.7613308837117675, "Pearson_r": 0.7766027266310589, "R2": 0.6016766925312919, "MAE": 0.42726278823308794, "MSE": 0.29171578666894427, "poisson_deviance_explained": 0.4807235724182152}, "3": {"AUC": NaN, "kappa": NaN, "f1": NaN, "precision": NaN, "recall": NaN, "average_precision": NaN, "Spearman_r": 0.7695103720160862, "Pearson_r": 0.7843226615959267, "R2": 0.6132352032494701, "MAE": 0.42750920497894573, "MSE": 0.2937772919395832, "poisson_deviance_explained": 0.49337655147522974}, "4": {"AUC": NaN, "kappa": NaN, "f1": NaN, "precision": NaN, "recall": NaN, "average_precision": NaN, "Spearman_r": 0.7299638273597601, "Pearson_r": 0.7535076467767017, "R2": 0.5654581424716449, "MAE": 0.4464405670006625, "MSE": 0.30791239785164687, "poisson_deviance_explained": 0.44014676081166504}, "5": {"AUC": NaN, "kappa": NaN, "f1": NaN, "precision": NaN, "recall": NaN, "average_precision": NaN, "Spearman_r": 0.7627677694593209, "Pearson_r": 0.7764775482666613, "R2": 0.6012019818048313, "MAE": 0.4214340187617494, "MSE": 0.2835864567876383, "poisson_deviance_explained": 0.4775583610672741}, "6": {"AUC": NaN, "kappa": NaN, "f1": NaN, "precision": NaN, "recall": NaN, "average_precision": NaN, "Spearman_r": 0.7572720003542562, "Pearson_r": 0.7679086266826115, "R2": 0.5875186165167546, "MAE": 0.41828321124954376, "MSE": 0.27654228563792754, "poisson_deviance_explained": 0.4652509376279891}, "7": {"AUC": NaN, "kappa": NaN, "f1": NaN, "precision": NaN, "recall": NaN, "average_precision": NaN, "Spearman_r": 0.7654601805683608, "Pearson_r": 0.7732455238984876, "R2": 0.5953625763020278, "MAE": 0.38843682839140503, "MSE": 0.24291973724312851, "poisson_deviance_explained": 0.4685852227048366}, "8": {"AUC": NaN, "kappa": NaN, "f1": NaN, "precision": NaN, "recall": NaN, "average_precision": NaN, "Spearman_r": 0.7918319531978734, "Pearson_r": 0.7868267522741877, "R2": 0.6165393635366714, "MAE": 0.3772984477094432, "MSE": 0.23523549657148762, "poisson_deviance_explained": 0.492501212043161}, "9": {"AUC": NaN, "kappa": NaN, "f1": NaN, "precision": NaN, "recall": NaN, "average_precision": NaN, "Spearman_r": 0.7979045464206351, "Pearson_r": 0.7928453927235126, "R2": 0.6266392515322471, "MAE": 0.38173831186614593, "MSE": 0.24735019876155181, "poisson_deviance_explained": 0.5051911530269091}, "10": {"AUC": NaN, "kappa": NaN, "f1": NaN, "precision": NaN, "recall": NaN, "average_precision": NaN, "Spearman_r": 0.809168734544151, "Pearson_r": 0.8028241592020079, "R2": 0.6429899858136849, "MAE": 0.3888794233920099, "MSE": 0.2592773431306033, "poisson_deviance_explained": 0.5292749831073703}, "11": {"AUC": NaN, "kappa": NaN, "f1": NaN, "precision": NaN, "recall": NaN, "average_precision": NaN, "Spearman_r": 0.8098563708269149, "Pearson_r": 0.801981207946947, "R2": 0.6406013060041864, "MAE": 0.4129057895109076, "MSE": 0.29274460755045933, "poisson_deviance_explained": 0.5323439083878803}, "12": {"AUC": NaN, "kappa": NaN, "f1": NaN, "precision": NaN, "recall": NaN, "average_precision": NaN, "Spearman_r": 0.8115376582190055, "Pearson_r": 0.8009017133969404, "R2": 0.6396757440188849, "MAE": 0.4012873957153107, "MSE": 0.27867837025629416, "poisson_deviance_explained": 0.5346711343755142}, "13": {"AUC": NaN, "kappa": NaN, "f1": NaN, "precision": NaN, "recall": NaN, "average_precision": NaN, "Spearman_r": 0.8019013073755255, "Pearson_r": 0.7935773852617828, "R2": 0.6279674492489207, "MAE": 0.39319057682852415, "MSE": 0.26630635163377336, "poisson_deviance_explained": 0.5255347445952397}, "14": {"AUC": NaN, "kappa": NaN, "f1": NaN, "precision": NaN, "recall": NaN, "average_precision": NaN, "Spearman_r": 0.7947119468222555, "Pearson_r": 0.7882536958008015, "R2": 0.6196398339285241, "MAE": 0.3949183744771281, "MSE": 0.2683774997787616, "poisson_deviance_explained": 0.5173183325711453}, "15": {"AUC": NaN, "kappa": NaN, "f1": NaN, "precision": NaN, "recall": NaN, "average_precision": NaN, "Spearman_r": 0.7967068716958478, "Pearson_r": 0.7872855999320312, "R2": 0.6174787980567997, "MAE": 0.3933348997960952, "MSE": 0.2651848512408177, "poisson_deviance_explained": 0.5084439494554538}, "16": {"AUC": NaN, "kappa": NaN, "f1": NaN, "precision": NaN, "recall": NaN, "average_precision": NaN, "Spearman_r": 0.7893617651491297, "Pearson_r": 0.783918274690769, "R2": 0.6114292322246033, "MAE": 0.3988528116504696, "MSE": 0.270827720166546, "poisson_deviance_explained": 0.5020087475044828}, "17": {"AUC": NaN, "kappa": NaN, "f1": NaN, "precision": NaN, "recall": NaN, "average_precision": NaN, "Spearman_r": 0.7710533291752965, "Pearson_r": 0.7665152736833659, "R2": 0.5850759891900179, "MAE": 0.4055130085594215, "MSE": 0.2747477619210644, "poisson_deviance_explained": 0.47121495426933646}, "18": {"AUC": NaN, "kappa": NaN, "f1": NaN, "precision": NaN, "recall": NaN, "average_precision": NaN, "Spearman_r": 0.7659906843245602, "Pearson_r": 0.7646267111751814, "R2": 0.5828142474344353, "MAE": 0.41570856983092686, "MSE": 0.284397561010413, "poisson_deviance_explained": 0.46564693643858146}, "19": {"AUC": NaN, "kappa": NaN, "f1": NaN, "precision": NaN, "recall": NaN, "average_precision": NaN, "Spearman_r": 0.7614041188897752, "Pearson_r": 0.7614197627202872, "R2": 0.577214516236201, "MAE": 0.4388933820443682, "MSE": 0.3115733163347048, "poisson_deviance_explained": 0.46095926213534855}, "20": {"AUC": NaN, "kappa": NaN, "f1": NaN, "precision": NaN, "recall": NaN, "average_precision": NaN, "Spearman_r": 0.7684860651478452, "Pearson_r": 0.7688956542557721, "R2": 0.5883520979675931, "MAE": 0.44490533994354625, "MSE": 0.3224821130684455, "poisson_deviance_explained": 0.47454900844521375}, "21": {"AUC": NaN, "kappa": NaN, "f1": NaN, "precision": NaN, "recall": NaN, "average_precision": NaN, "Spearman_r": 0.7850669037808042, "Pearson_r": 0.7855528980537493, "R2": 0.6135335768056771, "MAE": 0.438294707485735, "MSE": 0.31254787438651527, "poisson_deviance_explained": 0.4999274094363836}, "22": {"AUC": NaN, "kappa": NaN, "f1": NaN, "precision": NaN, "recall": NaN, "average_precision": NaN, "Spearman_r": 0.7811435038060272, "Pearson_r": 0.7794526319281526, "R2": 0.6050221241144857, "MAE": 0.4314020803720086, "MSE": 0.3049478585220963, "poisson_deviance_explained": 0.48969781277412483}, "23": {"AUC": NaN, "kappa": NaN, "f1": NaN, "precision": NaN, "recall": NaN, "average_precision": NaN, "Spearman_r": 0.7723855916344016, "Pearson_r": 0.7748960284665648, "R2": 0.5985696542600422, "MAE": 0.4196536284087722, "MSE": 0.2876998381121983, "poisson_deviance_explained": 0.47703630409962017}, "24": {"AUC": NaN, "kappa": NaN, "f1": NaN, "precision": NaN, "recall": NaN, "average_precision": NaN, "Spearman_r": 0.7682382121900975, "Pearson_r": 0.7704212626017417, "R2": 0.5909449193396703, "MAE": 0.4150112224174481, "MSE": 0.2793057082841839, "poisson_deviance_explained": 0.4682548003847442}, "25": {"AUC": NaN, "kappa": NaN, "f1": NaN, "precision": NaN, "recall": NaN, "average_precision": NaN, "Spearman_r": 0.7594969831202961, "Pearson_r": 0.7661755571812817, "R2": 0.5842860211366403, "MAE": 0.4083762175556277, "MSE": 0.2669506933585141, "poisson_deviance_explained": 0.456960692446138}, "26": {"AUC": NaN, "kappa": NaN, "f1": NaN, "precision": NaN, "recall": NaN, "average_precision": NaN, "Spearman_r": 0.768428574510086, "Pearson_r": 0.7752198021059262, "R2": 0.5995319597589969, "MAE": 0.40624439792259903, "MSE": 0.2695631222280604, "poisson_deviance_explained": 0.4706068981162025}, "27": {"AUC": NaN, "kappa": NaN, "f1": NaN, "precision": NaN, "recall": NaN, "average_precision": NaN, "Spearman_r": 0.7654521656151713,