{"1": {"AUC": NaN, "kappa": NaN, "f1": NaN, "precision": NaN, "recall": NaN, "average_precision": NaN, "Spearman_r": 0.7606418784928103, "Pearson_r": 0.7738007898248588, "R2": 0.5976892599480965, "MAE": 0.41249193295717657, "MSE": 0.27378467020709835, "poisson_deviance_explained": 0.4791580873662553}, "2": {"AUC": NaN, "kappa": NaN, "f1": NaN, "precision": NaN, "recall": NaN, "average_precision": NaN, "Spearman_r": 0.7801379371796543, "Pearson_r": 0.7952189048232241, "R2": 0.6316005966161706, "MAE": 0.40436248778297373, "MSE": 0.27013406385642824, "poisson_deviance_explained": 0.5137349607550596}, "3": {"AUC": NaN, "kappa": NaN, "f1": NaN, "precision": NaN, "recall": NaN, "average_precision": NaN, "Spearman_r": 0.7812985057985565, "Pearson_r": 0.7959928271137522, "R2": 0.6314109229500231, "MAE": 0.39735243241600054, "MSE": 0.26041885007226867, "poisson_deviance_explained": 0.5096962926629354}, "4": {"AUC": NaN, "kappa": NaN, "f1": NaN, "precision": NaN, "recall": NaN, "average_precision": NaN, "Spearman_r": 0.7381352387801495, "Pearson_r": 0.7628837494880949, "R2": 0.5810423867337342, "MAE": 0.443025588194, "MSE": 0.31547289519322047, "poisson_deviance_explained": 0.4604284223336522}, "5": {"AUC": NaN, "kappa": NaN, "f1": NaN, "precision": NaN, "recall": NaN, "average_precision": NaN, "Spearman_r": 0.7846580652592111, "Pearson_r": 0.7991248605997823, "R2": 0.6377104368012476, "MAE": 0.3914973919095576, "MSE": 0.25033968348635205, "poisson_deviance_explained": 0.5104439763215051}, "6": {"AUC": NaN, "kappa": NaN, "f1": NaN, "precision": NaN, "recall": NaN, "average_precision": NaN, "Spearman_r": 0.7900321411478808, "Pearson_r": 0.8001839244131623, "R2": 0.6393926252123097, "MAE": 0.39638278231370394, "MSE": 0.2637692139693126, "poisson_deviance_explained": 0.5204408108869298}, "7": {"AUC": NaN, "kappa": NaN, "f1": NaN, "precision": NaN, "recall": NaN, "average_precision": NaN, "Spearman_r": 0.7861363674733512, "Pearson_r": 0.7928705085284246, "R2": 0.6276009052838947, "MAE": 0.39595728604801034, "MSE": 0.2590006343047259, "poisson_deviance_explained": 0.5034260542142912}, "8": {"AUC": NaN, "kappa": NaN, "f1": NaN, "precision": NaN, "recall": NaN, "average_precision": NaN, "Spearman_r": 0.7938229906730683, "Pearson_r": 0.793639106384222, "R2": 0.6284461502510366, "MAE": 0.3939730730956646, "MSE": 0.2585823342613147, "poisson_deviance_explained": 0.5051133393173592}, "9": {"AUC": NaN, "kappa": NaN, "f1": NaN, "precision": NaN, "recall": NaN, "average_precision": NaN, "Spearman_r": 0.7985807693848412, "Pearson_r": 0.7919284354948659, "R2": 0.625758765564828, "MAE": 0.39230719816169823, "MSE": 0.2627905273191417, "poisson_deviance_explained": 0.507214857265963}, "10": {"AUC": NaN, "kappa": NaN, "f1": NaN, "precision": NaN, "recall": NaN, "average_precision": NaN, "Spearman_r": 0.8148814549338186, "Pearson_r": 0.8051828432857746, "R2": 0.647525448582726, "MAE": 0.4067384410001733, "MSE": 0.28997683138122876, "poisson_deviance_explained": 0.5284967861792147}, "11": {"AUC": NaN, "kappa": NaN, "f1": NaN, "precision": NaN, "recall": NaN, "average_precision": NaN, "Spearman_r": 0.8133659092305177, "Pearson_r": 0.8008269567871846, "R2": 0.6402787775005236, "MAE": 0.41391161150655326, "MSE": 0.3052035546906271, "poisson_deviance_explained": 0.5299068777313458}, "12": {"AUC": NaN, "kappa": NaN, "f1": NaN, "precision": NaN, "recall": NaN, "average_precision": NaN, "Spearman_r": 0.8121085938939613, "Pearson_r": 0.7999608781722409, "R2": 0.6393305101405204, "MAE": 0.40447652406470325, "MSE": 0.2922412424942066, "poisson_deviance_explained": 0.5318286129194115}, "13": {"AUC": NaN, "kappa": NaN, "f1": NaN, "precision": NaN, "recall": NaN, "average_precision": NaN, "Spearman_r": 0.8031326052919054, "Pearson_r": 0.7914929400901932, "R2": 0.6260987253662675, "MAE": 0.39919005049978057, "MSE": 0.28142202117678894, "poisson_deviance_explained": 0.5150916928071188}, "14": {"AUC": NaN, "kappa": NaN, "f1": NaN, "precision": NaN, "recall": NaN, "average_precision": NaN, "Spearman_r": 0.7911529111412003, "Pearson_r": 0.7854796646287764, "R2": 0.6165705336600644, "MAE": 0.40659303219626486, "MSE": 0.28499785068583294, "poisson_deviance_explained": 0.5097033172489721}, "15": {"AUC": NaN, "kappa": NaN, "f1": NaN, "precision": NaN, "recall": NaN, "average_precision": NaN, "Spearman_r": 0.8084261797402438, "Pearson_r": 0.801461263121629, "R2": 0.6413843825007877, "MAE": 0.39564672057981204, "MSE": 0.27517814837274907, "poisson_deviance_explained": 0.5287064831048525}, "16": {"AUC": NaN, "kappa": NaN, "f1": NaN, "precision": NaN, "recall": NaN, "average_precision": NaN, "Spearman_r": 0.790996618258489, "Pearson_r": 0.7850101484630528, "R2": 0.6158337067258355, "MAE": 0.4053422074411974, "MSE": 0.28378867788877193, "poisson_deviance_explained": 0.4976637751348888}, "17": {"AUC": NaN, "kappa": NaN, "f1": NaN, "precision": NaN, "recall": NaN, "average_precision": NaN, "Spearman_r": 0.7924294651198716, "Pearson_r": 0.7877085705424307, "R2": 0.6196958613023328, "MAE": 0.4052198356887419, "MSE": 0.2807918836094629, "poisson_deviance_explained": 0.5004881830595089}, "18": {"AUC": NaN, "kappa": NaN, "f1": NaN, "precision": NaN, "recall": NaN, "average_precision": NaN, "Spearman_r": 0.7747448391138957, "Pearson_r": 0.772796632972199, "R2": 0.5970390184713368, "MAE": 0.4227594549244968, "MSE": 0.3020813701792878, "poisson_deviance_explained": 0.4835170369739016}, "19": {"AUC": NaN, "kappa": NaN, "f1": NaN, "precision": NaN, "recall": NaN, "average_precision": NaN, "Spearman_r": 0.7795523348310288, "Pearson_r": 0.7800743520781305, "R2": 0.6078159455848999, "MAE": 0.4321383977444681, "MSE": 0.31269325308903556, "poisson_deviance_explained": 0.4888181329135992}, "20": {"AUC": NaN, "kappa": NaN, "f1": NaN, "precision": NaN, "recall": NaN, "average_precision": NaN, "Spearman_r": 0.7903228766606385, "Pearson_r": 0.7939000084807375, "R2": 0.6289848517589589, "MAE": 0.4374518071042671, "MSE": 0.31883994168051333, "poisson_deviance_explained": 0.506774785584611}, "21": {"AUC": NaN, "kappa": NaN, "f1": NaN, "precision": NaN, "recall": NaN, "average_precision": NaN, "Spearman_r": 0.8031164089278506, "Pearson_r": 0.8035283544851912, "R2": 0.6449607508735102, "MAE": 0.42698667828563996, "MSE": 0.306541779431665, "poisson_deviance_explained": 0.5194878044397364}, "22": {"AUC": NaN, "kappa": NaN, "f1": NaN, "precision": NaN, "recall": NaN, "average_precision": NaN, "Spearman_r": 0.823526463142537, "Pearson_r": 0.820586135855008, "R2": 0.6719818167897502, "MAE": 0.4088124065784775, "MSE": 0.27991426788380513, "poisson_deviance_explained": 0.5495382655788554}, "23": {"AUC": NaN, "kappa": NaN, "f1": NaN, "precision": NaN, "recall": NaN, "average_precision": NaN, "Spearman_r": 0.801852989156394, "Pearson_r": 0.8023782172188052, "R2": 0.6425054945637414, "MAE": 0.4146248921866833, "MSE": 0.2884923115453462, "poisson_deviance_explained": 0.5234400669714605}, "24": {"AUC": NaN, "kappa": NaN, "f1": NaN, "precision": NaN, "recall": NaN, "average_precision": NaN, "Spearman_r": 0.7949732594183253, "Pearson_r": 0.8020656595901029, "R2": 0.6424701429665385, "MAE": 0.4143919590487866, "MSE": 0.28298883846765555, "poisson_deviance_explained": 0.5169303082911578}, "25": {"AUC": NaN, "kappa": NaN, "f1": NaN, "precision": NaN, "recall": NaN, "average_precision": NaN, "Spearman_r": 0.7878493067372384, "Pearson_r": 0.8030340061686394, "R2": 0.6438660758396331, "MAE": 0.4067282054013043, "MSE": 0.272117408608328, "poisson_deviance_explained": 0.5171320561192434}, "26": {"AUC": NaN, "kappa": NaN, "f1": NaN, "precision": NaN, "recall": NaN, "average_precision": NaN, "Spearman_r": 0.7921593582342026, "Pearson_r": 0.8039399637954849, "R2": 0.6454296065982592, "MAE": 0.4054409896606608, "MSE": 0.274885140557327, "poisson_deviance_explained": 0.5214773471794121}, "27": {"AUC": NaN, "kappa": NaN, "f1": NaN, "precision": NaN, "recall": NaN, "average_precision": NaN, "Spearman_r": 0.7925999725201074, "Pearson_r": 0.8030986673174969,