{"1": {"AUC": NaN, "kappa": NaN, "f1": NaN, "precision": NaN, "recall": NaN, "average_precision": NaN, "Spearman_r": 0.7284592603630962, "Pearson_r": 0.7451068461130271, "R2": 0.5523417079704964, "MAE": 0.4452390775666515, "MSE": 0.31581696825901534, "poisson_deviance_explained": 0.4440206758554225}, "2": {"AUC": NaN, "kappa": NaN, "f1": NaN, "precision": NaN, "recall": NaN, "average_precision": NaN, "Spearman_r": 0.7424149837223577, "Pearson_r": 0.7550130771221838, "R2": 0.5663176972863115, "MAE": 0.4337343828637265, "MSE": 0.30248198398049175, "poisson_deviance_explained": 0.4523473665584363}, "3": {"AUC": NaN, "kappa": NaN, "f1": NaN, "precision": NaN, "recall": NaN, "average_precision": NaN, "Spearman_r": 0.7588737756388486, "Pearson_r": 0.7719426947779999, "R2": 0.5924527468128584, "MAE": 0.42952627614980776, "MSE": 0.2968266657220784, "poisson_deviance_explained": 0.4752330807790367}, "4": {"AUC": NaN, "kappa": NaN, "f1": NaN, "precision": NaN, "recall": NaN, "average_precision": NaN, "Spearman_r": 0.6544128707751342, "Pearson_r": 0.700095919160589, "R2": 0.48859314313839197, "MAE": 0.4839226302337901, "MSE": 0.36435009658656536, "poisson_deviance_explained": 0.38048848021021797}, "5": {"AUC": NaN, "kappa": NaN, "f1": NaN, "precision": NaN, "recall": NaN, "average_precision": NaN, "Spearman_r": 0.7423688495872077, "Pearson_r": 0.7564939902576847, "R2": 0.5703167626665657, "MAE": 0.42389930268985254, "MSE": 0.2869617461706793, "poisson_deviance_explained": 0.454538538775214}, "6": {"AUC": NaN, "kappa": NaN, "f1": NaN, "precision": NaN, "recall": NaN, "average_precision": NaN, "Spearman_r": 0.7416026202743153, "Pearson_r": 0.7560436016142633, "R2": 0.5696305662751578, "MAE": 0.4269218883809902, "MSE": 0.29201356904016484, "poisson_deviance_explained": 0.4512122894596985}, "7": {"AUC": NaN, "kappa": NaN, "f1": NaN, "precision": NaN, "recall": NaN, "average_precision": NaN, "Spearman_r": 0.7497043360509767, "Pearson_r": 0.7623933873598936, "R2": 0.5793248834004474, "MAE": 0.42588671654948795, "MSE": 0.29062261756967983, "poisson_deviance_explained": 0.4578257351979145}, "8": {"AUC": NaN, "kappa": NaN, "f1": NaN, "precision": NaN, "recall": NaN, "average_precision": NaN, "Spearman_r": 0.7649039426515436, "Pearson_r": 0.7709476867591857, "R2": 0.59206200660833, "MAE": 0.4231927788058414, "MSE": 0.29437600156939336, "poisson_deviance_explained": 0.46616088764136565}, "9": {"AUC": NaN, "kappa": NaN, "f1": NaN, "precision": NaN, "recall": NaN, "average_precision": NaN, "Spearman_r": 0.7732431117182117, "Pearson_r": 0.7634705648065934, "R2": 0.5812100785406602, "MAE": 0.43825110678360185, "MSE": 0.3258712263540998, "poisson_deviance_explained": 0.4638909572601787}, "10": {"AUC": NaN, "kappa": NaN, "f1": NaN, "precision": NaN, "recall": NaN, "average_precision": NaN, "Spearman_r": 0.7876912600235106, "Pearson_r": 0.7825291561168424, "R2": 0.6104918194427125, "MAE": 0.45442674300458535, "MSE": 0.3568994320800667, "poisson_deviance_explained": 0.4933792082299334}, "11": {"AUC": NaN, "kappa": NaN, "f1": NaN, "precision": NaN, "recall": NaN, "average_precision": NaN, "Spearman_r": 0.7904149666664332, "Pearson_r": 0.7724241211300078, "R2": 0.5936344237832304, "MAE": 0.47436255237683406, "MSE": 0.40189409621971467, "poisson_deviance_explained": 0.48096157629687075}, "12": {"AUC": NaN, "kappa": NaN, "f1": NaN, "precision": NaN, "recall": NaN, "average_precision": NaN, "Spearman_r": 0.7826400775488302, "Pearson_r": 0.7655731689643022, "R2": 0.5840384287957602, "MAE": 0.4570814464255297, "MSE": 0.3715589486510151, "poisson_deviance_explained": 0.4780177254748368}, "13": {"AUC": NaN, "kappa": NaN, "f1": NaN, "precision": NaN, "recall": NaN, "average_precision": NaN, "Spearman_r": 0.786986781896452, "Pearson_r": 0.7758985021685236, "R2": 0.599949464537215, "MAE": 0.43444761023284645, "MSE": 0.3331827706102405, "poisson_deviance_explained": 0.4970297302637767}, "14": {"AUC": NaN, "kappa": NaN, "f1": NaN, "precision": NaN, "recall": NaN, "average_precision": NaN, "Spearman_r": 0.7871261144069389, "Pearson_r": 0.774162205462619, "R2": 0.5981886721392009, "MAE": 0.4302088768771598, "MSE": 0.3285490508047727, "poisson_deviance_explained": 0.4885601067756562}, "15": {"AUC": NaN, "kappa": NaN, "f1": NaN, "precision": NaN, "recall": NaN, "average_precision": NaN, "Spearman_r": 0.7926327031919012, "Pearson_r": 0.7818052385852307, "R2": 0.6085621992281998, "MAE": 0.4287509520566252, "MSE": 0.31744560774099745, "poisson_deviance_explained": 0.49474848611974753}, "16": {"AUC": NaN, "kappa": NaN, "f1": NaN, "precision": NaN, "recall": NaN, "average_precision": NaN, "Spearman_r": 0.7766433996112957, "Pearson_r": 0.7692065234114034, "R2": 0.5899531272512228, "MAE": 0.4364195015811352, "MSE": 0.3233764039098357, "poisson_deviance_explained": 0.4763580319320285}, "17": {"AUC": NaN, "kappa": NaN, "f1": NaN, "precision": NaN, "recall": NaN, "average_precision": NaN, "Spearman_r": 0.7786943873275567, "Pearson_r": 0.7725154527848421, "R2": 0.5948857616249854, "MAE": 0.42806664230409547, "MSE": 0.3079423406696246, "poisson_deviance_explained": 0.4741529227184539}, "18": {"AUC": NaN, "kappa": NaN, "f1": NaN, "precision": NaN, "recall": NaN, "average_precision": NaN, "Spearman_r": 0.7804320580108541, "Pearson_r": 0.7766877187102135, "R2": 0.6019405704100151, "MAE": 0.4371188939431945, "MSE": 0.31897404184363093, "poisson_deviance_explained": 0.4836994782751739}, "19": {"AUC": NaN, "kappa": NaN, "f1": NaN, "precision": NaN, "recall": NaN, "average_precision": NaN, "Spearman_r": 0.7887262547285891, "Pearson_r": 0.7882152729307912, "R2": 0.6186995304266087, "MAE": 0.4450194676702857, "MSE": 0.33134764893897845, "poisson_deviance_explained": 0.49184027041353817}, "20": {"AUC": NaN, "kappa": NaN, "f1": NaN, "precision": NaN, "recall": NaN, "average_precision": NaN, "Spearman_r": 0.7822602890526308, "Pearson_r": 0.7822701090068056, "R2": 0.6087030049255464, "MAE": 0.45639614235543546, "MSE": 0.3463630421316458, "poisson_deviance_explained": 0.4882366708751018}, "21": {"AUC": NaN, "kappa": NaN, "f1": NaN, "precision": NaN, "recall": NaN, "average_precision": NaN, "Spearman_r": 0.782808302889693, "Pearson_r": 0.7795255722480631, "R2": 0.6048427340088598, "MAE": 0.4526842689722537, "MSE": 0.34308408032718596, "poisson_deviance_explained": 0.4901306477597467}, "22": {"AUC": NaN, "kappa": NaN, "f1": NaN, "precision": NaN, "recall": NaN, "average_precision": NaN, "Spearman_r": 0.7853620095297567, "Pearson_r": 0.7852144748271452, "R2": 0.6142669253486539, "MAE": 0.4370034221714113, "MSE": 0.31841690371806675, "poisson_deviance_explained": 0.4939310593611822}, "23": {"AUC": NaN, "kappa": NaN, "f1": NaN, "precision": NaN, "recall": NaN, "average_precision": NaN, "Spearman_r": 0.7802562715611648, "Pearson_r": 0.7783096372741923, "R2": 0.6043122411831963, "MAE": 0.4304092351654706, "MSE": 0.3074301966076151, "poisson_deviance_explained": 0.4845240889614937}, "24": {"AUC": NaN, "kappa": NaN, "f1": NaN, "precision": NaN, "recall": NaN, "average_precision": NaN, "Spearman_r": 0.7805252529637453, "Pearson_r": 0.7786504668596231, "R2": 0.6033259793792307, "MAE": 0.4281297858901217, "MSE": 0.30121612588185087, "poisson_deviance_explained": 0.48548235935186945}, "25": {"AUC": NaN, "kappa": NaN, "f1": NaN, "precision": NaN, "recall": NaN, "average_precision": NaN, "Spearman_r": 0.753906329590627, "Pearson_r": 0.7616009343238688, "R2": 0.5768169557965301, "MAE": 0.4296061056916148, "MSE": 0.2971983982886496, "poisson_deviance_explained": 0.4619611966795313}, "26": {"AUC": NaN, "kappa": NaN, "f1": NaN, "precision": NaN, "recall": NaN, "average_precision": NaN, "Spearman_r": 0.7336541463676578, "Pearson_r": 0.747795107247458, "R2": 0.5577108662683924, "MAE": 0.43511419590924244, "MSE": 0.3080808598465891, "poisson_deviance_explained": 0.4406276289737209}, "27": {"AUC": NaN, "kappa": NaN, "f1": NaN, "precision": NaN, "recall": NaN, "average_precision": NaN, "Spearman_r": 0.7414754387405564,