{"1": {"AUC": NaN, "kappa": NaN, "f1": NaN, "precision": NaN, "recall": NaN, "average_precision": NaN, "Spearman_r": 0.7488313376463138, "Pearson_r": 0.7687731746378096, "R2": 0.5889671759136896, "MAE": 0.42014533799317677, "MSE": 0.2802433032066743, "poisson_deviance_explained": 0.4675732109188885}, "2": {"AUC": NaN, "kappa": NaN, "f1": NaN, "precision": NaN, "recall": NaN, "average_precision": NaN, "Spearman_r": 0.7398768489957127, "Pearson_r": 0.7597472777920246, "R2": 0.5764027081432066, "MAE": 0.42633368505221675, "MSE": 0.29139793356755106, "poisson_deviance_explained": 0.4571587243916404}, "3": {"AUC": NaN, "kappa": NaN, "f1": NaN, "precision": NaN, "recall": NaN, "average_precision": NaN, "Spearman_r": 0.7660864889324533, "Pearson_r": 0.7816135936205866, "R2": 0.6090604260491004, "MAE": 0.4208171668607906, "MSE": 0.284960068192018, "poisson_deviance_explained": 0.49045235844814583}, "4": {"AUC": NaN, "kappa": NaN, "f1": NaN, "precision": NaN, "recall": NaN, "average_precision": NaN, "Spearman_r": 0.7072256520582497, "Pearson_r": 0.7322901669662054, "R2": 0.535313847172521, "MAE": 0.46624201359208345, "MSE": 0.3413041243708478, "poisson_deviance_explained": 0.4166734277415044}, "5": {"AUC": NaN, "kappa": NaN, "f1": NaN, "precision": NaN, "recall": NaN, "average_precision": NaN, "Spearman_r": 0.77428121506646, "Pearson_r": 0.7870139691412139, "R2": 0.6177941056025928, "MAE": 0.4052089102865793, "MSE": 0.2623711780308835, "poisson_deviance_explained": 0.49122991976865726}, "6": {"AUC": NaN, "kappa": NaN, "f1": NaN, "precision": NaN, "recall": NaN, "average_precision": NaN, "Spearman_r": 0.7757172396634002, "Pearson_r": 0.7859879461842829, "R2": 0.6160430192341348, "MAE": 0.4125526064791237, "MSE": 0.2762043922168048, "poisson_deviance_explained": 0.49323781191806615}, "7": {"AUC": NaN, "kappa": NaN, "f1": NaN, "precision": NaN, "recall": NaN, "average_precision": NaN, "Spearman_r": 0.7765798733553637, "Pearson_r": 0.7839596861703438, "R2": 0.6128245867404858, "MAE": 0.41210280558000856, "MSE": 0.2728076202385652, "poisson_deviance_explained": 0.4852651277984752}, "8": {"AUC": NaN, "kappa": NaN, "f1": NaN, "precision": NaN, "recall": NaN, "average_precision": NaN, "Spearman_r": 0.7770486865690955, "Pearson_r": 0.7755699645186084, "R2": 0.5998862196048338, "MAE": 0.4085938604334271, "MSE": 0.2768740442901243, "poisson_deviance_explained": 0.47813191101092567}, "9": {"AUC": NaN, "kappa": NaN, "f1": NaN, "precision": NaN, "recall": NaN, "average_precision": NaN, "Spearman_r": 0.7778352740575405, "Pearson_r": 0.7733785883342709, "R2": 0.597067516328688, "MAE": 0.4153808991639445, "MSE": 0.28715383989334603, "poisson_deviance_explained": 0.48357967371398025}, "10": {"AUC": NaN, "kappa": NaN, "f1": NaN, "precision": NaN, "recall": NaN, "average_precision": NaN, "Spearman_r": 0.8060996123554809, "Pearson_r": 0.7974423267080489, "R2": 0.6346739688044518, "MAE": 0.416671060783851, "MSE": 0.29658078049757935, "poisson_deviance_explained": 0.5201652029259997}, "11": {"AUC": NaN, "kappa": NaN, "f1": NaN, "precision": NaN, "recall": NaN, "average_precision": NaN, "Spearman_r": 0.8043759502260657, "Pearson_r": 0.7932948845708412, "R2": 0.6261921556132498, "MAE": 0.4386454354983528, "MSE": 0.33255312707099294, "poisson_deviance_explained": 0.5207256922034526}, "12": {"AUC": NaN, "kappa": NaN, "f1": NaN, "precision": NaN, "recall": NaN, "average_precision": NaN, "Spearman_r": 0.7992088113890654, "Pearson_r": 0.7918866803979192, "R2": 0.6250486085264804, "MAE": 0.4256328081536358, "MSE": 0.3161927811310707, "poisson_deviance_explained": 0.5217533029027575}, "13": {"AUC": NaN, "kappa": NaN, "f1": NaN, "precision": NaN, "recall": NaN, "average_precision": NaN, "Spearman_r": 0.801182460632761, "Pearson_r": 0.7958510349634345, "R2": 0.6314248973529842, "MAE": 0.4050396728189251, "MSE": 0.2803201883337556, "poisson_deviance_explained": 0.52761927710217}, "14": {"AUC": NaN, "kappa": NaN, "f1": NaN, "precision": NaN, "recall": NaN, "average_precision": NaN, "Spearman_r": 0.7929592354226883, "Pearson_r": 0.7858410164021536, "R2": 0.6154560192088805, "MAE": 0.4104437218211006, "MSE": 0.2891984810600151, "poisson_deviance_explained": 0.5064675558190073}, "15": {"AUC": NaN, "kappa": NaN, "f1": NaN, "precision": NaN, "recall": NaN, "average_precision": NaN, "Spearman_r": 0.7980719792779406, "Pearson_r": 0.79070514526768, "R2": 0.6229153637189238, "MAE": 0.4074153739703674, "MSE": 0.2866163393264561, "poisson_deviance_explained": 0.5175107817240598}, "16": {"AUC": NaN, "kappa": NaN, "f1": NaN, "precision": NaN, "recall": NaN, "average_precision": NaN, "Spearman_r": 0.7869296264428132, "Pearson_r": 0.7798382943223823, "R2": 0.6052811271712368, "MAE": 0.4120169796104644, "MSE": 0.28430043354076695, "poisson_deviance_explained": 0.4915719181338698}, "17": {"AUC": NaN, "kappa": NaN, "f1": NaN, "precision": NaN, "recall": NaN, "average_precision": NaN, "Spearman_r": 0.7812186006629455, "Pearson_r": 0.7791626358511685, "R2": 0.6056982416521763, "MAE": 0.42415968990615854, "MSE": 0.3013244097011917, "poisson_deviance_explained": 0.4883292347929866}, "18": {"AUC": NaN, "kappa": NaN, "f1": NaN, "precision": NaN, "recall": NaN, "average_precision": NaN, "Spearman_r": 0.7629220767254434, "Pearson_r": 0.7622581213065802, "R2": 0.5795917907903714, "MAE": 0.4316777859312039, "MSE": 0.3079727491340281, "poisson_deviance_explained": 0.46617590198106784}, "19": {"AUC": NaN, "kappa": NaN, "f1": NaN, "precision": NaN, "recall": NaN, "average_precision": NaN, "Spearman_r": 0.7617717657363032, "Pearson_r": 0.76754398882276, "R2": 0.5870729582639183, "MAE": 0.44923675600383156, "MSE": 0.3294505408091732, "poisson_deviance_explained": 0.4743658493582912}, "20": {"AUC": NaN, "kappa": NaN, "f1": NaN, "precision": NaN, "recall": NaN, "average_precision": NaN, "Spearman_r": 0.7821521461451376, "Pearson_r": 0.78723890607616, "R2": 0.6163813707386715, "MAE": 0.45514156638035486, "MSE": 0.33639458432961733, "poisson_deviance_explained": 0.4947950113704612}, "21": {"AUC": NaN, "kappa": NaN, "f1": NaN, "precision": NaN, "recall": NaN, "average_precision": NaN, "Spearman_r": 0.7916076572985326, "Pearson_r": 0.7954303842613568, "R2": 0.6306625483613504, "MAE": 0.4408758787859707, "MSE": 0.3202076656681682, "poisson_deviance_explained": 0.511618023847324}, "22": {"AUC": NaN, "kappa": NaN, "f1": NaN, "precision": NaN, "recall": NaN, "average_precision": NaN, "Spearman_r": 0.796564316413037, "Pearson_r": 0.797612474939503, "R2": 0.6331839790724949, "MAE": 0.4286784397062704, "MSE": 0.30024586044699325, "poisson_deviance_explained": 0.5110791016385743}, "23": {"AUC": NaN, "kappa": NaN, "f1": NaN, "precision": NaN, "recall": NaN, "average_precision": NaN, "Spearman_r": 0.7863157385785542, "Pearson_r": 0.7901524579988217, "R2": 0.6223764954188326, "MAE": 0.43364687097903154, "MSE": 0.30748354514049336, "poisson_deviance_explained": 0.5025180392820132}, "24": {"AUC": NaN, "kappa": NaN, "f1": NaN, "precision": NaN, "recall": NaN, "average_precision": NaN, "Spearman_r": 0.7759440034019177, "Pearson_r": 0.7843054594876424, "R2": 0.6135800798227193, "MAE": 0.4268883975272345, "MSE": 0.2933731757155976, "poisson_deviance_explained": 0.4919088440231495}, "25": {"AUC": NaN, "kappa": NaN, "f1": NaN, "precision": NaN, "recall": NaN, "average_precision": NaN, "Spearman_r": 0.7817361087224097, "Pearson_r": 0.7896029738551202, "R2": 0.621871155026102, "MAE": 0.42635207086291904, "MSE": 0.2931129608119161, "poisson_deviance_explained": 0.5005313222383282}, "26": {"AUC": NaN, "kappa": NaN, "f1": NaN, "precision": NaN, "recall": NaN, "average_precision": NaN, "Spearman_r": 0.7683125316872419, "Pearson_r": 0.7822041407135931, "R2": 0.6100833960972862, "MAE": 0.4243750958102202, "MSE": 0.29004908506564814, "poisson_deviance_explained": 0.48170049526301195}, "27": {"AUC": NaN, "kappa": NaN, "f1": NaN, "precision": NaN, "recall": NaN, "average_precision": NaN, "Spearman_r": 0.7773849870972566, "Pearson_r": 0.7899159080900772,