{"AUC": NaN, "kappa": NaN, "f1": NaN, "precision": NaN, "recall": NaN, "average_precision": NaN, "Spearman_r": 0.8132189324247181, "Pearson_r": 0.8146788658847334, "R2": 0.6627281042255625, "MAE": 0.3916240237130215, "MSE": 0.25884604383131743, "poisson_deviance_explained": 0.5393221180939267}
