{"1": {"AUC": NaN, "kappa": NaN, "f1": NaN, "precision": NaN, "recall": NaN, "average_precision": NaN, "Spearman_r": 0.7138972780042947, "Pearson_r": 0.7263844271170575, "R2": 0.5274961825678733, "MAE": 0.45016216245334917, "MSE": 0.3375720229640121, "poisson_deviance_explained": 0.42217088941621117}, "2": {"AUC": NaN, "kappa": NaN, "f1": NaN, "precision": NaN, "recall": NaN, "average_precision": NaN, "Spearman_r": 0.7495619016272641, "Pearson_r": 0.7573612852547228, "R2": 0.5727094679828673, "MAE": 0.42518004996530084, "MSE": 0.3015333983692629, "poisson_deviance_explained": 0.4648129046174869}, "3": {"AUC": NaN, "kappa": NaN, "f1": NaN, "precision": NaN, "recall": NaN, "average_precision": NaN, "Spearman_r": 0.7516837262129635, "Pearson_r": 0.7631140152929347, "R2": 0.5814762919874777, "MAE": 0.40529464470418647, "MSE": 0.27239809574630414, "poisson_deviance_explained": 0.46443786912473994}, "4": {"AUC": NaN, "kappa": NaN, "f1": NaN, "precision": NaN, "recall": NaN, "average_precision": NaN, "Spearman_r": 0.6694439671142375, "Pearson_r": 0.7189914274234126, "R2": 0.5157993469402224, "MAE": 0.4524579190244536, "MSE": 0.32582990785412336, "poisson_deviance_explained": 0.4008703851853427}, "5": {"AUC": NaN, "kappa": NaN, "f1": NaN, "precision": NaN, "recall": NaN, "average_precision": NaN, "Spearman_r": 0.7487554769288773, "Pearson_r": 0.7599372622991857, "R2": 0.5767782439164576, "MAE": 0.41052379034031644, "MSE": 0.2753890404038681, "poisson_deviance_explained": 0.4602298466769923}, "6": {"AUC": NaN, "kappa": NaN, "f1": NaN, "precision": NaN, "recall": NaN, "average_precision": NaN, "Spearman_r": 0.7396067325814016, "Pearson_r": 0.7520190540905827, "R2": 0.5640153907540137, "MAE": 0.4220886259409134, "MSE": 0.29249578878284704, "poisson_deviance_explained": 0.450392336314135}, "7": {"AUC": NaN, "kappa": NaN, "f1": NaN, "precision": NaN, "recall": NaN, "average_precision": NaN, "Spearman_r": 0.7477251452209127, "Pearson_r": 0.7629886207422861, "R2": 0.581426629821028, "MAE": 0.42195243721800624, "MSE": 0.2901957152470333, "poisson_deviance_explained": 0.45284051919323964}, "8": {"AUC": NaN, "kappa": NaN, "f1": NaN, "precision": NaN, "recall": NaN, "average_precision": NaN, "Spearman_r": 0.7632333692499212, "Pearson_r": 0.7726935812592481, "R2": 0.5955092548670728, "MAE": 0.41333042916251056, "MSE": 0.2801185978691149, "poisson_deviance_explained": 0.4670185998533952}, "9": {"AUC": NaN, "kappa": NaN, "f1": NaN, "precision": NaN, "recall": NaN, "average_precision": NaN, "Spearman_r": 0.7776419142078836, "Pearson_r": 0.7746479026607004, "R2": 0.5989949098471354, "MAE": 0.4383625939160977, "MSE": 0.32348179862340914, "poisson_deviance_explained": 0.47739742065948665}, "10": {"AUC": NaN, "kappa": NaN, "f1": NaN, "precision": NaN, "recall": NaN, "average_precision": NaN, "Spearman_r": 0.8015906807753327, "Pearson_r": 0.7948381023199365, "R2": 0.6303226946509715, "MAE": 0.44177576615274083, "MSE": 0.340753715151228, "poisson_deviance_explained": 0.5108705588339566}, "11": {"AUC": NaN, "kappa": NaN, "f1": NaN, "precision": NaN, "recall": NaN, "average_precision": NaN, "Spearman_r": 0.8126734923685132, "Pearson_r": 0.7946038166027631, "R2": 0.6293699056770025, "MAE": 0.4541973341408433, "MSE": 0.37272181586269715, "poisson_deviance_explained": 0.5158600368429983}, "12": {"AUC": NaN, "kappa": NaN, "f1": NaN, "precision": NaN, "recall": NaN, "average_precision": NaN, "Spearman_r": 0.8091473257434285, "Pearson_r": 0.7925425065686623, "R2": 0.627254748320125, "MAE": 0.4372252762427778, "MSE": 0.34873507405648574, "poisson_deviance_explained": 0.5143800819543681}, "13": {"AUC": NaN, "kappa": NaN, "f1": NaN, "precision": NaN, "recall": NaN, "average_precision": NaN, "Spearman_r": 0.7948225665375189, "Pearson_r": 0.7846714755867493, "R2": 0.6148830484874728, "MAE": 0.4199443498044607, "MSE": 0.3143400979557591, "poisson_deviance_explained": 0.5047429071979717}, "14": {"AUC": NaN, "kappa": NaN, "f1": NaN, "precision": NaN, "recall": NaN, "average_precision": NaN, "Spearman_r": 0.8011270111240615, "Pearson_r": 0.7931499200511625, "R2": 0.6282657704219103, "MAE": 0.4175187183384271, "MSE": 0.31114280237768255, "poisson_deviance_explained": 0.5162810566841494}, "15": {"AUC": NaN, "kappa": NaN, "f1": NaN, "precision": NaN, "recall": NaN, "average_precision": NaN, "Spearman_r": 0.7827876665375125, "Pearson_r": 0.7748615411845379, "R2": 0.5997149312514646, "MAE": 0.42877717788026004, "MSE": 0.3306862108453651, "poisson_deviance_explained": 0.48729390209345536}, "16": {"AUC": NaN, "kappa": NaN, "f1": NaN, "precision": NaN, "recall": NaN, "average_precision": NaN, "Spearman_r": 0.7912187527016007, "Pearson_r": 0.7830926617499299, "R2": 0.612570981396118, "MAE": 0.4238370853481085, "MSE": 0.3124692924602217, "poisson_deviance_explained": 0.4985851026678516}, "17": {"AUC": NaN, "kappa": NaN, "f1": NaN, "precision": NaN, "recall": NaN, "average_precision": NaN, "Spearman_r": 0.7841063963084963, "Pearson_r": 0.7789595231156675, "R2": 0.6057492636051992, "MAE": 0.4225781316435262, "MSE": 0.3065196210770534, "poisson_deviance_explained": 0.4843690324675928}, "18": {"AUC": NaN, "kappa": NaN, "f1": NaN, "precision": NaN, "recall": NaN, "average_precision": NaN, "Spearman_r": 0.7728794597242804, "Pearson_r": 0.7677351987172141, "R2": 0.5890100653362076, "MAE": 0.4331595725090786, "MSE": 0.3169391586781081, "poisson_deviance_explained": 0.466513025332428}, "19": {"AUC": NaN, "kappa": NaN, "f1": NaN, "precision": NaN, "recall": NaN, "average_precision": NaN, "Spearman_r": 0.7929334308980684, "Pearson_r": 0.7921569452675411, "R2": 0.626522053533757, "MAE": 0.4408982666784463, "MSE": 0.3260555187276703, "poisson_deviance_explained": 0.5075928169256954}, "20": {"AUC": NaN, "kappa": NaN, "f1": NaN, "precision": NaN, "recall": NaN, "average_precision": NaN, "Spearman_r": 0.7965211802859196, "Pearson_r": 0.7963971563827132, "R2": 0.63201964204643, "MAE": 0.44786081534115707, "MSE": 0.3339582120654472, "poisson_deviance_explained": 0.5078306454566988}, "21": {"AUC": NaN, "kappa": NaN, "f1": NaN, "precision": NaN, "recall": NaN, "average_precision": NaN, "Spearman_r": 0.7919308682754037, "Pearson_r": 0.7899244190056478, "R2": 0.622878519240542, "MAE": 0.4488751821355125, "MSE": 0.340075019370071, "poisson_deviance_explained": 0.5017512164625801}, "22": {"AUC": NaN, "kappa": NaN, "f1": NaN, "precision": NaN, "recall": NaN, "average_precision": NaN, "Spearman_r": 0.7916390977811942, "Pearson_r": 0.7940314051065718, "R2": 0.629698625445767, "MAE": 0.42548380444215095, "MSE": 0.306163153817951, "poisson_deviance_explained": 0.506021595278762}, "23": {"AUC": NaN, "kappa": NaN, "f1": NaN, "precision": NaN, "recall": NaN, "average_precision": NaN, "Spearman_r": 0.7840794384974215, "Pearson_r": 0.7876863309311032, "R2": 0.6196282763965046, "MAE": 0.4192964775058899, "MSE": 0.2922147087510943, "poisson_deviance_explained": 0.4962131652569187}, "24": {"AUC": NaN, "kappa": NaN, "f1": NaN, "precision": NaN, "recall": NaN, "average_precision": NaN, "Spearman_r": 0.7847261062369407, "Pearson_r": 0.7839112851780686, "R2": 0.613528180630796, "MAE": 0.41425066249121456, "MSE": 0.29250755980710164, "poisson_deviance_explained": 0.4954463835440809}, "25": {"AUC": NaN, "kappa": NaN, "f1": NaN, "precision": NaN, "recall": NaN, "average_precision": NaN, "Spearman_r": 0.76139738864601, "Pearson_r": 0.7689902283873784, "R2": 0.5904288821656721, "MAE": 0.41049430295907474, "MSE": 0.2812705009207299, "poisson_deviance_explained": 0.4710526770386605}, "26": {"AUC": NaN, "kappa": NaN, "f1": NaN, "precision": NaN, "recall": NaN, "average_precision": NaN, "Spearman_r": 0.7601250447786698, "Pearson_r": 0.7687433089864731, "R2": 0.5899056708907415, "MAE": 0.40677159156986953, "MSE": 0.27691918528613524, "poisson_deviance_explained": 0.4717785631767324}, "27": {"AUC": NaN, "kappa": NaN, "f1": NaN, "precision": NaN, "recall": NaN, "average_precision": NaN, "Spearman_r": 0.7662949670745585, "Pearson_r": 0.777837485234783,