{"AUC": NaN, "kappa": NaN, "f1": NaN, "precision": NaN, "recall": NaN, "average_precision": NaN, "Spearman_r": 0.7824651053978434, "Pearson_r": 0.78685555306845, "R2": 0.6184198967032284, "MAE": 0.43624374755979317, "MSE": 0.32852974349503417, "poisson_deviance_explained": 0.49826743929652184}