{"1": {"AUC": NaN, "kappa": NaN, "f1": NaN, "precision": NaN, "recall": NaN, "average_precision": NaN, "Spearman_r": 0.7355744347913751, "Pearson_r": 0.7447587119130682, "R2": 0.5534832360293054, "MAE": 0.43583735146569635, "MSE": 0.3206218368323139, "poisson_deviance_explained": 0.44977953216959976}, "2": {"AUC": NaN, "kappa": NaN, "f1": NaN, "precision": NaN, "recall": NaN, "average_precision": NaN, "Spearman_r": 0.7409856810797054, "Pearson_r": 0.7507528633326715, "R2": 0.560147013048872, "MAE": 0.4215679044845631, "MSE": 0.29826896424950683, "poisson_deviance_explained": 0.46409744266688224}, "3": {"AUC": NaN, "kappa": NaN, "f1": NaN, "precision": NaN, "recall": NaN, "average_precision": NaN, "Spearman_r": 0.7603421179108674, "Pearson_r": 0.7802674004912028, "R2": 0.6047917611805983, "MAE": 0.40918865582281655, "MSE": 0.2773463522375428, "poisson_deviance_explained": 0.484692601741759}, "4": {"AUC": NaN, "kappa": NaN, "f1": NaN, "precision": NaN, "recall": NaN, "average_precision": NaN, "Spearman_r": 0.7500479652460018, "Pearson_r": 0.7605493416556858, "R2": 0.5772903241118592, "MAE": 0.4191410211120755, "MSE": 0.30306547053714084, "poisson_deviance_explained": 0.4700033578672117}, "5": {"AUC": NaN, "kappa": NaN, "f1": NaN, "precision": NaN, "recall": NaN, "average_precision": NaN, "Spearman_r": 0.7510208068625533, "Pearson_r": 0.759431693513456, "R2": 0.5737732729879317, "MAE": 0.4153309328035862, "MSE": 0.285173365782507, "poisson_deviance_explained": 0.4670567154568961}, "6": {"AUC": NaN, "kappa": NaN, "f1": NaN, "precision": NaN, "recall": NaN, "average_precision": NaN, "Spearman_r": 0.7459243899489673, "Pearson_r": 0.7628022493847669, "R2": 0.5767257292848145, "MAE": 0.41939316187167963, "MSE": 0.288034598019857, "poisson_deviance_explained": 0.4559874543118978}, "7": {"AUC": NaN, "kappa": NaN, "f1": NaN, "precision": NaN, "recall": NaN, "average_precision": NaN, "Spearman_r": 0.7470106089564034, "Pearson_r": 0.7555876250461082, "R2": 0.5670888858851462, "MAE": 0.44254578789298166, "MSE": 0.32927142842771107, "poisson_deviance_explained": 0.45045850957266165}, "8": {"AUC": NaN, "kappa": NaN, "f1": NaN, "precision": NaN, "recall": NaN, "average_precision": NaN, "Spearman_r": 0.7550465156543307, "Pearson_r": 0.7515377110538304, "R2": 0.5618997365301308, "MAE": 0.4433497018220645, "MSE": 0.3303244649215084, "poisson_deviance_explained": 0.4419168558539771}, "9": {"AUC": NaN, "kappa": NaN, "f1": NaN, "precision": NaN, "recall": NaN, "average_precision": NaN, "Spearman_r": 0.7576938791157558, "Pearson_r": 0.7504160613771521, "R2": 0.5609973594079982, "MAE": 0.4528150776316546, "MSE": 0.3541072558570922, "poisson_deviance_explained": 0.4553841239519071}, "10": {"AUC": NaN, "kappa": NaN, "f1": NaN, "precision": NaN, "recall": NaN, "average_precision": NaN, "Spearman_r": 0.7622462261615529, "Pearson_r": 0.7517167318423995, "R2": 0.5631613445260746, "MAE": 0.47249144615149635, "MSE": 0.40386504800033074, "poisson_deviance_explained": 0.44714896281021654}, "11": {"AUC": NaN, "kappa": NaN, "f1": NaN, "precision": NaN, "recall": NaN, "average_precision": NaN, "Spearman_r": 0.7642671689971557, "Pearson_r": 0.7454133813690791, "R2": 0.5540544362014711, "MAE": 0.511102848442628, "MSE": 0.47366364708471353, "poisson_deviance_explained": 0.44419796467377803}, "12": {"AUC": NaN, "kappa": NaN, "f1": NaN, "precision": NaN, "recall": NaN, "average_precision": NaN, "Spearman_r": 0.7848159907315836, "Pearson_r": 0.7683935829185966, "R2": 0.5857337459889953, "MAE": 0.48758640877375947, "MSE": 0.4262001114777461, "poisson_deviance_explained": 0.46957475175197383}, "13": {"AUC": NaN, "kappa": NaN, "f1": NaN, "precision": NaN, "recall": NaN, "average_precision": NaN, "Spearman_r": 0.7751223800421503, "Pearson_r": 0.7643466761870789, "R2": 0.5811430730789561, "MAE": 0.46652644338931304, "MSE": 0.3829087086239759, "poisson_deviance_explained": 0.4645790614687133}, "14": {"AUC": NaN, "kappa": NaN, "f1": NaN, "precision": NaN, "recall": NaN, "average_precision": NaN, "Spearman_r": 0.7833097199468235, "Pearson_r": 0.7788531741465321, "R2": 0.6024480804851249, "MAE": 0.45644236849304326, "MSE": 0.36302650775345446, "poisson_deviance_explained": 0.5039276917499543}, "15": {"AUC": NaN, "kappa": NaN, "f1": NaN, "precision": NaN, "recall": NaN, "average_precision": NaN, "Spearman_r": 0.7882423612633114, "Pearson_r": 0.7759130602975873, "R2": 0.5976483639547584, "MAE": 0.4530255933144955, "MSE": 0.36285986620150745, "poisson_deviance_explained": 0.47686633849770677}, "16": {"AUC": NaN, "kappa": NaN, "f1": NaN, "precision": NaN, "recall": NaN, "average_precision": NaN, "Spearman_r": 0.7673984998685318, "Pearson_r": 0.7572065093032845, "R2": 0.5702108700896488, "MAE": 0.46033791629226245, "MSE": 0.3696389953970588, "poisson_deviance_explained": 0.45771142278892574}, "17": {"AUC": NaN, "kappa": NaN, "f1": NaN, "precision": NaN, "recall": NaN, "average_precision": NaN, "Spearman_r": 0.7682797254817098, "Pearson_r": 0.7676325554141428, "R2": 0.5880351107386295, "MAE": 0.45450351422664087, "MSE": 0.35243520549967877, "poisson_deviance_explained": 0.47707121991815504}, "18": {"AUC": NaN, "kappa": NaN, "f1": NaN, "precision": NaN, "recall": NaN, "average_precision": NaN, "Spearman_r": 0.7785611700901593, "Pearson_r": 0.7799972082729638, "R2": 0.6060848399896608, "MAE": 0.4470804450578268, "MSE": 0.341784289907709, "poisson_deviance_explained": 0.49432459175930743}, "19": {"AUC": NaN, "kappa": NaN, "f1": NaN, "precision": NaN, "recall": NaN, "average_precision": NaN, "Spearman_r": 0.7687220020715038, "Pearson_r": 0.7753341162152106, "R2": 0.5980602426130399, "MAE": 0.4749514067057307, "MSE": 0.38026086838820583, "poisson_deviance_explained": 0.4846757995418951}, "20": {"AUC": NaN, "kappa": NaN, "f1": NaN, "precision": NaN, "recall": NaN, "average_precision": NaN, "Spearman_r": 0.7961962850069741, "Pearson_r": 0.8000044319460693, "R2": 0.6347775847335942, "MAE": 0.46928461145514944, "MSE": 0.3695920714041817, "poisson_deviance_explained": 0.5126071665367579}, "21": {"AUC": NaN, "kappa": NaN, "f1": NaN, "precision": NaN, "recall": NaN, "average_precision": NaN, "Spearman_r": 0.7759629880714124, "Pearson_r": 0.7766683787520254, "R2": 0.6014776113528189, "MAE": 0.47142975977577756, "MSE": 0.3865091530207132, "poisson_deviance_explained": 0.4942295714770545}, "22": {"AUC": NaN, "kappa": NaN, "f1": NaN, "precision": NaN, "recall": NaN, "average_precision": NaN, "Spearman_r": 0.7777343107671253, "Pearson_r": 0.7780922911898753, "R2": 0.6030529109963694, "MAE": 0.46170181615000455, "MSE": 0.35869568917522326, "poisson_deviance_explained": 0.48141708583158094}, "23": {"AUC": NaN, "kappa": NaN, "f1": NaN, "precision": NaN, "recall": NaN, "average_precision": NaN, "Spearman_r": 0.7758108779216513, "Pearson_r": 0.7760593224907414, "R2": 0.6010580371671037, "MAE": 0.45301056608946333, "MSE": 0.35276780744413405, "poisson_deviance_explained": 0.49235279420653055}, "24": {"AUC": NaN, "kappa": NaN, "f1": NaN, "precision": NaN, "recall": NaN, "average_precision": NaN, "Spearman_r": 0.7592936202713321, "Pearson_r": 0.7661925751166663, "R2": 0.58560371782056, "MAE": 0.4260069385861816, "MSE": 0.30017155598697853, "poisson_deviance_explained": 0.4661445177628918}, "25": {"AUC": NaN, "kappa": NaN, "f1": NaN, "precision": NaN, "recall": NaN, "average_precision": NaN, "Spearman_r": 0.7447792004303737, "Pearson_r": 0.7625797659054537, "R2": 0.5805100667468039, "MAE": 0.42681326121941576, "MSE": 0.3037347008450725, "poisson_deviance_explained": 0.45545762813823765}, "26": {"AUC": NaN, "kappa": NaN, "f1": NaN, "precision": NaN, "recall": NaN, "average_precision": NaN, "Spearman_r": 0.7364502551257208, "Pearson_r": 0.7476389230302499, "R2": 0.5579871523082013, "MAE": 0.4357171314145675, "MSE": 0.3224688287532408, "poisson_deviance_explained": 0.4383442632652972}, "27": {"AUC": NaN, "kappa": NaN, "f1": NaN, "precision": NaN, "recall": NaN, "average_precision": NaN, "Spearman_r": 0.7297382148231493,