{"AUC": NaN, "kappa": NaN, "f1": NaN, "precision": NaN, "recall": NaN, "average_precision": NaN, "Spearman_r": 0.8096324769183589, "Pearson_r": 0.8122500588149512, "R2": 0.65906215076983, "MAE": 0.4084820319650454, "MSE": 0.2817795991593252, "poisson_deviance_explained": 0.5380703964226944}