{"1": {"AUC": NaN, "kappa": NaN, "f1": NaN, "precision": NaN, "recall": NaN, "average_precision": NaN, "Spearman_r": 0.7311842761066792, "Pearson_r": 0.7495761559892017, "R2": 0.5610263147014161, "MAE": 0.43174167454565227, "MSE": 0.3077280046792436, "poisson_deviance_explained": 0.4384026357305202}, "2": {"AUC": NaN, "kappa": NaN, "f1": NaN, "precision": NaN, "recall": NaN, "average_precision": NaN, "Spearman_r": 0.7377369469052578, "Pearson_r": 0.7514979033002592, "R2": 0.5640361962382974, "MAE": 0.41683504629633117, "MSE": 0.29069803990354337, "poisson_deviance_explained": 0.45149317670732503}, "3": {"AUC": NaN, "kappa": NaN, "f1": NaN, "precision": NaN, "recall": NaN, "average_precision": NaN, "Spearman_r": 0.743734827463216, "Pearson_r": 0.7614253057893202, "R2": 0.5784900707806224, "MAE": 0.4010719461511921, "MSE": 0.26894926524677687, "poisson_deviance_explained": 0.4611891040145444}, "4": {"AUC": NaN, "kappa": NaN, "f1": NaN, "precision": NaN, "recall": NaN, "average_precision": NaN, "Spearman_r": 0.7481054711682903, "Pearson_r": 0.7626780894553018, "R2": 0.5800210294877642, "MAE": 0.4052809550457451, "MSE": 0.2758200371289806, "poisson_deviance_explained": 0.46901644888966454}, "5": {"AUC": NaN, "kappa": NaN, "f1": NaN, "precision": NaN, "recall": NaN, "average_precision": NaN, "Spearman_r": 0.7324686346068847, "Pearson_r": 0.746070291368135, "R2": 0.5554444208864341, "MAE": 0.41622857950131203, "MSE": 0.2906607576047861, "poisson_deviance_explained": 0.44120703503388503}, "6": {"AUC": NaN, "kappa": NaN, "f1": NaN, "precision": NaN, "recall": NaN, "average_precision": NaN, "Spearman_r": 0.7515178821164551, "Pearson_r": 0.7595509081068516, "R2": 0.5760045946303827, "MAE": 0.41067221126248254, "MSE": 0.27827879124588895, "poisson_deviance_explained": 0.44881329962291017}, "7": {"AUC": NaN, "kappa": NaN, "f1": NaN, "precision": NaN, "recall": NaN, "average_precision": NaN, "Spearman_r": 0.7449389629878737, "Pearson_r": 0.7456974775524414, "R2": 0.5548378829128868, "MAE": 0.4282124959257037, "MSE": 0.3086960862563422, "poisson_deviance_explained": 0.4370281320913195}, "8": {"AUC": NaN, "kappa": NaN, "f1": NaN, "precision": NaN, "recall": NaN, "average_precision": NaN, "Spearman_r": 0.7700520328537214, "Pearson_r": 0.7634618711166462, "R2": 0.581758739151278, "MAE": 0.429120674992455, "MSE": 0.3161981635969492, "poisson_deviance_explained": 0.4594495989398125}, "9": {"AUC": NaN, "kappa": NaN, "f1": NaN, "precision": NaN, "recall": NaN, "average_precision": NaN, "Spearman_r": 0.7617186311188097, "Pearson_r": 0.7560239326207842, "R2": 0.5706002412924605, "MAE": 0.43791130047903337, "MSE": 0.3284467870374545, "poisson_deviance_explained": 0.45696839887001905}, "10": {"AUC": NaN, "kappa": NaN, "f1": NaN, "precision": NaN, "recall": NaN, "average_precision": NaN, "Spearman_r": 0.7835869113812066, "Pearson_r": 0.7684228832163504, "R2": 0.5894416244184593, "MAE": 0.45903237796984314, "MSE": 0.3815717149122481, "poisson_deviance_explained": 0.4779059485002848}, "11": {"AUC": NaN, "kappa": NaN, "f1": NaN, "precision": NaN, "recall": NaN, "average_precision": NaN, "Spearman_r": 0.7884616396272122, "Pearson_r": 0.7733129369852836, "R2": 0.5962159541598748, "MAE": 0.4630659693066152, "MSE": 0.39532934848904006, "poisson_deviance_explained": 0.4851975021699284}, "12": {"AUC": NaN, "kappa": NaN, "f1": NaN, "precision": NaN, "recall": NaN, "average_precision": NaN, "Spearman_r": 0.7639630387486938, "Pearson_r": 0.7473452575386693, "R2": 0.5575154258117291, "MAE": 0.4766047699401238, "MSE": 0.41425249044358137, "poisson_deviance_explained": 0.4494537662242778}, "13": {"AUC": NaN, "kappa": NaN, "f1": NaN, "precision": NaN, "recall": NaN, "average_precision": NaN, "Spearman_r": 0.7753544011348377, "Pearson_r": 0.7610756474851913, "R2": 0.5787576075460641, "MAE": 0.438679554332389, "MSE": 0.3553081373349951, "poisson_deviance_explained": 0.47374602732337023}, "14": {"AUC": NaN, "kappa": NaN, "f1": NaN, "precision": NaN, "recall": NaN, "average_precision": NaN, "Spearman_r": 0.7841574267634033, "Pearson_r": 0.7667766046466268, "R2": 0.5874086487992025, "MAE": 0.4393112511087743, "MSE": 0.3656108224630157, "poisson_deviance_explained": 0.4785207305222706}, "15": {"AUC": NaN, "kappa": NaN, "f1": NaN, "precision": NaN, "recall": NaN, "average_precision": NaN, "Spearman_r": 0.757578738695296, "Pearson_r": 0.7535729529453066, "R2": 0.5671949758230228, "MAE": 0.43450753236134637, "MSE": 0.33790869013585556, "poisson_deviance_explained": 0.45894951153147345}, "16": {"AUC": NaN, "kappa": NaN, "f1": NaN, "precision": NaN, "recall": NaN, "average_precision": NaN, "Spearman_r": 0.7688443739119983, "Pearson_r": 0.7616400445488339, "R2": 0.5788560389620102, "MAE": 0.4433409724809109, "MSE": 0.34822879856005245, "poisson_deviance_explained": 0.4643721326697433}, "17": {"AUC": NaN, "kappa": NaN, "f1": NaN, "precision": NaN, "recall": NaN, "average_precision": NaN, "Spearman_r": 0.7593765538327274, "Pearson_r": 0.7544681507807652, "R2": 0.5688263865796839, "MAE": 0.44508567622436584, "MSE": 0.33572474747679426, "poisson_deviance_explained": 0.4479659452296988}, "18": {"AUC": NaN, "kappa": NaN, "f1": NaN, "precision": NaN, "recall": NaN, "average_precision": NaN, "Spearman_r": 0.7592863896666667, "Pearson_r": 0.7568257116236418, "R2": 0.5724047943189132, "MAE": 0.44500983094515245, "MSE": 0.33422555496704726, "poisson_deviance_explained": 0.44747035069125074}, "19": {"AUC": NaN, "kappa": NaN, "f1": NaN, "precision": NaN, "recall": NaN, "average_precision": NaN, "Spearman_r": 0.7663653562120072, "Pearson_r": 0.7708297835809045, "R2": 0.5938805481706007, "MAE": 0.4586272727001132, "MSE": 0.35510537732417724, "poisson_deviance_explained": 0.47562477306329354}, "20": {"AUC": NaN, "kappa": NaN, "f1": NaN, "precision": NaN, "recall": NaN, "average_precision": NaN, "Spearman_r": 0.77749472641706, "Pearson_r": 0.7726911857273955, "R2": 0.5959489001616651, "MAE": 0.4684287318567559, "MSE": 0.37598840830433355, "poisson_deviance_explained": 0.4751286367736528}, "21": {"AUC": NaN, "kappa": NaN, "f1": NaN, "precision": NaN, "recall": NaN, "average_precision": NaN, "Spearman_r": 0.7996685211152325, "Pearson_r": 0.7971220790512085, "R2": 0.63321258735186, "MAE": 0.4569004137747266, "MSE": 0.36164391550104946, "poisson_deviance_explained": 0.5061560588726641}, "22": {"AUC": NaN, "kappa": NaN, "f1": NaN, "precision": NaN, "recall": NaN, "average_precision": NaN, "Spearman_r": 0.8040275708134944, "Pearson_r": 0.8009223287773266, "R2": 0.6396139919296859, "MAE": 0.4319292598238333, "MSE": 0.3245672963804215, "poisson_deviance_explained": 0.5278886493849813}, "23": {"AUC": NaN, "kappa": NaN, "f1": NaN, "precision": NaN, "recall": NaN, "average_precision": NaN, "Spearman_r": 0.7761423910206016, "Pearson_r": 0.7731606800531408, "R2": 0.5971102769848307, "MAE": 0.4382982425537035, "MSE": 0.32949670168126377, "poisson_deviance_explained": 0.4767116166353941}, "24": {"AUC": NaN, "kappa": NaN, "f1": NaN, "precision": NaN, "recall": NaN, "average_precision": NaN, "Spearman_r": 0.7689277585501766, "Pearson_r": 0.7678062160483314, "R2": 0.5880506966710004, "MAE": 0.4322856942982128, "MSE": 0.3163115681959421, "poisson_deviance_explained": 0.47167260010909773}, "25": {"AUC": NaN, "kappa": NaN, "f1": NaN, "precision": NaN, "recall": NaN, "average_precision": NaN, "Spearman_r": 0.737470345181622, "Pearson_r": 0.7421512706026224, "R2": 0.5488656188246073, "MAE": 0.43683641160316783, "MSE": 0.3118849371345214, "poisson_deviance_explained": 0.4332616909846704}, "26": {"AUC": NaN, "kappa": NaN, "f1": NaN, "precision": NaN, "recall": NaN, "average_precision": NaN, "Spearman_r": 0.7370379062745043, "Pearson_r": 0.744148784830511, "R2": 0.5534377566644062, "MAE": 0.425730273508203, "MSE": 0.3007785619883349, "poisson_deviance_explained": 0.4381064485398699}, "27": {"AUC": NaN, "kappa": NaN, "f1": NaN, "precision": NaN, "recall": NaN, "average_precision": NaN, "Spearman_r": 0.7705571451027494,