{"1": {"AUC": NaN, "kappa": NaN, "f1": NaN, "precision": NaN, "recall": NaN, "average_precision": NaN, "Spearman_r": 0.7279637121083612, "Pearson_r": 0.7435190188814248, "R2": 0.5507391518445933, "MAE": 0.43447518855785383, "MSE": 0.3038285717992549, "poisson_deviance_explained": 0.4415517709209392}, "2": {"AUC": NaN, "kappa": NaN, "f1": NaN, "precision": NaN, "recall": NaN, "average_precision": NaN, "Spearman_r": 0.7530795251730146, "Pearson_r": 0.7640390020300459, "R2": 0.5808584418145692, "MAE": 0.4266534781601288, "MSE": 0.29354282117759406, "poisson_deviance_explained": 0.4646484969864486}, "3": {"AUC": NaN, "kappa": NaN, "f1": NaN, "precision": NaN, "recall": NaN, "average_precision": NaN, "Spearman_r": 0.7699011625690826, "Pearson_r": 0.7780111735727538, "R2": 0.6015487202125759, "MAE": 0.40792397705657807, "MSE": 0.2694227684707795, "poisson_deviance_explained": 0.4889104985646604}, "4": {"AUC": NaN, "kappa": NaN, "f1": NaN, "precision": NaN, "recall": NaN, "average_precision": NaN, "Spearman_r": 0.683855590392315, "Pearson_r": 0.7079910240367595, "R2": 0.4982242966638706, "MAE": 0.49147476964925, "MSE": 0.36654032246994595, "poisson_deviance_explained": 0.38952182328257634}, "5": {"AUC": NaN, "kappa": NaN, "f1": NaN, "precision": NaN, "recall": NaN, "average_precision": NaN, "Spearman_r": 0.7626141665125905, "Pearson_r": 0.7700332107225276, "R2": 0.5908045134906361, "MAE": 0.4170629702887254, "MSE": 0.28565396609538296, "poisson_deviance_explained": 0.47598041204283725}, "6": {"AUC": NaN, "kappa": NaN, "f1": NaN, "precision": NaN, "recall": NaN, "average_precision": NaN, "Spearman_r": 0.7617028673143428, "Pearson_r": 0.7741270939919033, "R2": 0.5968684176385964, "MAE": 0.4066019738195417, "MSE": 0.2637404376232121, "poisson_deviance_explained": 0.47470868423969936}, "7": {"AUC": NaN, "kappa": NaN, "f1": NaN, "precision": NaN, "recall": NaN, "average_precision": NaN, "Spearman_r": 0.7663481273501149, "Pearson_r": 0.7694620240239922, "R2": 0.5901257464286959, "MAE": 0.41644620376792807, "MSE": 0.279540502334653, "poisson_deviance_explained": 0.4704877626906271}, "8": {"AUC": NaN, "kappa": NaN, "f1": NaN, "precision": NaN, "recall": NaN, "average_precision": NaN, "Spearman_r": 0.7740109789406349, "Pearson_r": 0.7724713391599598, "R2": 0.5947349784425161, "MAE": 0.42208549786167493, "MSE": 0.2954008472647508, "poisson_deviance_explained": 0.4798838416448922}, "9": {"AUC": NaN, "kappa": NaN, "f1": NaN, "precision": NaN, "recall": NaN, "average_precision": NaN, "Spearman_r": 0.7903378314832388, "Pearson_r": 0.7863518467289516, "R2": 0.6146289087886625, "MAE": 0.4214712181851869, "MSE": 0.29865472285344696, "poisson_deviance_explained": 0.49015341736742113}, "10": {"AUC": NaN, "kappa": NaN, "f1": NaN, "precision": NaN, "recall": NaN, "average_precision": NaN, "Spearman_r": 0.7969888906810328, "Pearson_r": 0.7859474869641923, "R2": 0.6156796874867472, "MAE": 0.4258771742707158, "MSE": 0.31085058951713423, "poisson_deviance_explained": 0.49989715761628895}, "11": {"AUC": NaN, "kappa": NaN, "f1": NaN, "precision": NaN, "recall": NaN, "average_precision": NaN, "Spearman_r": 0.7869413246166784, "Pearson_r": 0.7722133945733441, "R2": 0.5936591303297752, "MAE": 0.4549252942275305, "MSE": 0.36489012987985564, "poisson_deviance_explained": 0.48943006462288285}, "12": {"AUC": NaN, "kappa": NaN, "f1": NaN, "precision": NaN, "recall": NaN, "average_precision": NaN, "Spearman_r": 0.7757096762783803, "Pearson_r": 0.7659681436651916, "R2": 0.5853262470081382, "MAE": 0.4416235527530109, "MSE": 0.34239452701755246, "poisson_deviance_explained": 0.4870223703720402}, "13": {"AUC": NaN, "kappa": NaN, "f1": NaN, "precision": NaN, "recall": NaN, "average_precision": NaN, "Spearman_r": 0.7858002704046654, "Pearson_r": 0.7801687316952374, "R2": 0.6067740263759844, "MAE": 0.425657544350459, "MSE": 0.31224822714754336, "poisson_deviance_explained": 0.5050367547262229}, "14": {"AUC": NaN, "kappa": NaN, "f1": NaN, "precision": NaN, "recall": NaN, "average_precision": NaN, "Spearman_r": 0.7979990304786935, "Pearson_r": 0.7920679529542004, "R2": 0.6241847536867331, "MAE": 0.418355275275119, "MSE": 0.30272292035084275, "poisson_deviance_explained": 0.5181169487640779}, "15": {"AUC": NaN, "kappa": NaN, "f1": NaN, "precision": NaN, "recall": NaN, "average_precision": NaN, "Spearman_r": 0.7917907212566085, "Pearson_r": 0.7822784441028127, "R2": 0.6093706659481042, "MAE": 0.4156573595564834, "MSE": 0.30206650949145447, "poisson_deviance_explained": 0.4988972281190628}, "16": {"AUC": NaN, "kappa": NaN, "f1": NaN, "precision": NaN, "recall": NaN, "average_precision": NaN, "Spearman_r": 0.7902024565464941, "Pearson_r": 0.7836361029237624, "R2": 0.6118767224993489, "MAE": 0.4165796526794159, "MSE": 0.29792684280341725, "poisson_deviance_explained": 0.5014827020026047}, "17": {"AUC": NaN, "kappa": NaN, "f1": NaN, "precision": NaN, "recall": NaN, "average_precision": NaN, "Spearman_r": 0.7883817983884028, "Pearson_r": 0.7801749757052758, "R2": 0.6067128289562683, "MAE": 0.4226573242800113, "MSE": 0.30303190777564615, "poisson_deviance_explained": 0.4889134991714832}, "18": {"AUC": NaN, "kappa": NaN, "f1": NaN, "precision": NaN, "recall": NaN, "average_precision": NaN, "Spearman_r": 0.7752972691070616, "Pearson_r": 0.7735549434762284, "R2": 0.5966955466978809, "MAE": 0.43812777579544937, "MSE": 0.32234698802764905, "poisson_deviance_explained": 0.47858929647654525}, "19": {"AUC": NaN, "kappa": NaN, "f1": NaN, "precision": NaN, "recall": NaN, "average_precision": NaN, "Spearman_r": 0.7635936872934682, "Pearson_r": 0.7616518474343749, "R2": 0.5780492656836027, "MAE": 0.4536352286445799, "MSE": 0.33643394463576887, "poisson_deviance_explained": 0.46272169575480726}, "20": {"AUC": NaN, "kappa": NaN, "f1": NaN, "precision": NaN, "recall": NaN, "average_precision": NaN, "Spearman_r": 0.7951554501183455, "Pearson_r": 0.7936451879293798, "R2": 0.6237616321567518, "MAE": 0.4568491321554508, "MSE": 0.3428567692251896, "poisson_deviance_explained": 0.5055090500331063}, "21": {"AUC": NaN, "kappa": NaN, "f1": NaN, "precision": NaN, "recall": NaN, "average_precision": NaN, "Spearman_r": 0.8032904263548426, "Pearson_r": 0.8018852955844261, "R2": 0.6395268813025826, "MAE": 0.4439119476650135, "MSE": 0.33179498348287423, "poisson_deviance_explained": 0.5231012861356715}, "22": {"AUC": NaN, "kappa": NaN, "f1": NaN, "precision": NaN, "recall": NaN, "average_precision": NaN, "Spearman_r": 0.792711259507447, "Pearson_r": 0.7925172217086437, "R2": 0.6246658300586658, "MAE": 0.43679988569211065, "MSE": 0.3129142924227907, "poisson_deviance_explained": 0.5099627722080785}, "23": {"AUC": NaN, "kappa": NaN, "f1": NaN, "precision": NaN, "recall": NaN, "average_precision": NaN, "Spearman_r": 0.7783455956203703, "Pearson_r": 0.77608647383507, "R2": 0.6011836881355057, "MAE": 0.4282727916290257, "MSE": 0.31637466271797243, "poisson_deviance_explained": 0.49110212990845126}, "24": {"AUC": NaN, "kappa": NaN, "f1": NaN, "precision": NaN, "recall": NaN, "average_precision": NaN, "Spearman_r": 0.7727608391073789, "Pearson_r": 0.7746779670496321, "R2": 0.5983003050574163, "MAE": 0.4216716803417891, "MSE": 0.28919655150206397, "poisson_deviance_explained": 0.4742342410871181}, "25": {"AUC": NaN, "kappa": NaN, "f1": NaN, "precision": NaN, "recall": NaN, "average_precision": NaN, "Spearman_r": 0.7625350253873395, "Pearson_r": 0.7671153715601612, "R2": 0.5869698479087151, "MAE": 0.4216493556773535, "MSE": 0.2925472396685749, "poisson_deviance_explained": 0.4694727482862677}, "26": {"AUC": NaN, "kappa": NaN, "f1": NaN, "precision": NaN, "recall": NaN, "average_precision": NaN, "Spearman_r": 0.7796593124937479, "Pearson_r": 0.7883607098296045, "R2": 0.6195763637263286, "MAE": 0.41383512493924485, "MSE": 0.28555015372846526, "poisson_deviance_explained": 0.5024544949983609}, "27": {"AUC": NaN, "kappa": NaN, "f1": NaN, "precision": NaN, "recall": NaN, "average_precision": NaN, "Spearman_r": 0.7720792215853024,