{"1": {"AUC": NaN, "kappa": NaN, "f1": NaN, "precision": NaN, "recall": NaN, "average_precision": NaN, "Spearman_r": 0.7306965853537281, "Pearson_r": 0.7414558503618471, "R2": 0.5495515620961506, "MAE": 0.42342833974180816, "MSE": 0.3123825833116839, "poisson_deviance_explained": 0.4397418805343337}, "2": {"AUC": NaN, "kappa": NaN, "f1": NaN, "precision": NaN, "recall": NaN, "average_precision": NaN, "Spearman_r": 0.7598327338853574, "Pearson_r": 0.7700274298256639, "R2": 0.5922880105057244, "MAE": 0.40665714425093485, "MSE": 0.29402548068689455, "poisson_deviance_explained": 0.4884847410322871}, "3": {"AUC": NaN, "kappa": NaN, "f1": NaN, "precision": NaN, "recall": NaN, "average_precision": NaN, "Spearman_r": 0.7549547645056202, "Pearson_r": 0.7701541802555422, "R2": 0.5929827241564192, "MAE": 0.40850615071991764, "MSE": 0.28479386947246166, "poisson_deviance_explained": 0.47720420998765967}, "4": {"AUC": NaN, "kappa": NaN, "f1": NaN, "precision": NaN, "recall": NaN, "average_precision": NaN, "Spearman_r": 0.7461678087314587, "Pearson_r": 0.7597265661204657, "R2": 0.5770163058531256, "MAE": 0.400647676721591, "MSE": 0.2925910707558508, "poisson_deviance_explained": 0.46418302154500035}, "5": {"AUC": NaN, "kappa": NaN, "f1": NaN, "precision": NaN, "recall": NaN, "average_precision": NaN, "Spearman_r": 0.7615755117040232, "Pearson_r": 0.7733621142029216, "R2": 0.5974776177308687, "MAE": 0.4057343234928817, "MSE": 0.28421962646526555, "poisson_deviance_explained": 0.47891710998656434}, "6": {"AUC": NaN, "kappa": NaN, "f1": NaN, "precision": NaN, "recall": NaN, "average_precision": NaN, "Spearman_r": 0.7595545658383805, "Pearson_r": 0.766461746128354, "R2": 0.5868164480931795, "MAE": 0.39076046265327385, "MSE": 0.26865122560946314, "poisson_deviance_explained": 0.4823727888147009}, "7": {"AUC": NaN, "kappa": NaN, "f1": NaN, "precision": NaN, "recall": NaN, "average_precision": NaN, "Spearman_r": 0.7456601820598231, "Pearson_r": 0.7515545615211967, "R2": 0.5638426723539012, "MAE": 0.4269609137608109, "MSE": 0.3096957764336199, "poisson_deviance_explained": 0.4401241445798898}, "8": {"AUC": NaN, "kappa": NaN, "f1": NaN, "precision": NaN, "recall": NaN, "average_precision": NaN, "Spearman_r": 0.7496879694268328, "Pearson_r": 0.7441041254261389, "R2": 0.553454788476933, "MAE": 0.43630442509799616, "MSE": 0.33265217868936425, "poisson_deviance_explained": 0.4354763525043882}, "9": {"AUC": NaN, "kappa": NaN, "f1": NaN, "precision": NaN, "recall": NaN, "average_precision": NaN, "Spearman_r": 0.7640844972231067, "Pearson_r": 0.7530203470616397, "R2": 0.5653910773689785, "MAE": 0.438972246639414, "MSE": 0.33884229499976043, "poisson_deviance_explained": 0.4440547620228583}, "10": {"AUC": NaN, "kappa": NaN, "f1": NaN, "precision": NaN, "recall": NaN, "average_precision": NaN, "Spearman_r": 0.7905374891009616, "Pearson_r": 0.7832157703672613, "R2": 0.6114312800442849, "MAE": 0.46442971804584493, "MSE": 0.39370702792796364, "poisson_deviance_explained": 0.4890418285504581}, "11": {"AUC": NaN, "kappa": NaN, "f1": NaN, "precision": NaN, "recall": NaN, "average_precision": NaN, "Spearman_r": 0.777047535374814, "Pearson_r": 0.7659835925885953, "R2": 0.5857996722094527, "MAE": 0.4817219805717821, "MSE": 0.43360091870846584, "poisson_deviance_explained": 0.4835762491597937}, "12": {"AUC": NaN, "kappa": NaN, "f1": NaN, "precision": NaN, "recall": NaN, "average_precision": NaN, "Spearman_r": 0.7968156135341422, "Pearson_r": 0.7862356280040694, "R2": 0.6155875081920513, "MAE": 0.462064102964683, "MSE": 0.39062341993191074, "poisson_deviance_explained": 0.514902095360187}, "13": {"AUC": NaN, "kappa": NaN, "f1": NaN, "precision": NaN, "recall": NaN, "average_precision": NaN, "Spearman_r": 0.7683473396105703, "Pearson_r": 0.7574783054523322, "R2": 0.5727859511803646, "MAE": 0.45267880144125044, "MSE": 0.37704565811649154, "poisson_deviance_explained": 0.46849880591647153}, "14": {"AUC": NaN, "kappa": NaN, "f1": NaN, "precision": NaN, "recall": NaN, "average_precision": NaN, "Spearman_r": 0.7807423613752492, "Pearson_r": 0.7721607443094548, "R2": 0.5948188449961499, "MAE": 0.44858879791761375, "MSE": 0.37139274835337116, "poisson_deviance_explained": 0.4902891539714149}, "15": {"AUC": NaN, "kappa": NaN, "f1": NaN, "precision": NaN, "recall": NaN, "average_precision": NaN, "Spearman_r": 0.7616912703118996, "Pearson_r": 0.7570170223325674, "R2": 0.5724203605024332, "MAE": 0.45071491421982496, "MSE": 0.36998963837822274, "poisson_deviance_explained": 0.469701414234295}, "16": {"AUC": NaN, "kappa": NaN, "f1": NaN, "precision": NaN, "recall": NaN, "average_precision": NaN, "Spearman_r": 0.790997750858158, "Pearson_r": 0.7832047397919254, "R2": 0.6114641683702605, "MAE": 0.4328651972933895, "MSE": 0.3446190130782378, "poisson_deviance_explained": 0.5022537324088083}, "17": {"AUC": NaN, "kappa": NaN, "f1": NaN, "precision": NaN, "recall": NaN, "average_precision": NaN, "Spearman_r": 0.7797117717059993, "Pearson_r": 0.7810886436130133, "R2": 0.609373929438128, "MAE": 0.4356994813462942, "MSE": 0.3337108805978128, "poisson_deviance_explained": 0.48533535210153267}, "18": {"AUC": NaN, "kappa": NaN, "f1": NaN, "precision": NaN, "recall": NaN, "average_precision": NaN, "Spearman_r": 0.7775838648019242, "Pearson_r": 0.7780519572642565, "R2": 0.6048291983021367, "MAE": 0.4418068098299026, "MSE": 0.33327705295509835, "poisson_deviance_explained": 0.49070365272217675}, "19": {"AUC": NaN, "kappa": NaN, "f1": NaN, "precision": NaN, "recall": NaN, "average_precision": NaN, "Spearman_r": 0.7665845562744937, "Pearson_r": 0.7707990154654857, "R2": 0.5933383655064608, "MAE": 0.45904841323260076, "MSE": 0.36160904407199956, "poisson_deviance_explained": 0.47792730195661126}, "20": {"AUC": NaN, "kappa": NaN, "f1": NaN, "precision": NaN, "recall": NaN, "average_precision": NaN, "Spearman_r": 0.8029236994151662, "Pearson_r": 0.8097689296921945, "R2": 0.6528760185857104, "MAE": 0.45547465861604763, "MSE": 0.3603873730295118, "poisson_deviance_explained": 0.5331730164834623}, "21": {"AUC": NaN, "kappa": NaN, "f1": NaN, "precision": NaN, "recall": NaN, "average_precision": NaN, "Spearman_r": 0.7993595889460663, "Pearson_r": 0.7946397078267167, "R2": 0.6294789954686932, "MAE": 0.4632324826016628, "MSE": 0.3862174609600131, "poisson_deviance_explained": 0.5125726805986099}, "22": {"AUC": NaN, "kappa": NaN, "f1": NaN, "precision": NaN, "recall": NaN, "average_precision": NaN, "Spearman_r": 0.790045223025882, "Pearson_r": 0.789503079940104, "R2": 0.6232439348999002, "MAE": 0.44876726350076795, "MSE": 0.3573925585951794, "poisson_deviance_explained": 0.5001519546658255}, "23": {"AUC": NaN, "kappa": NaN, "f1": NaN, "precision": NaN, "recall": NaN, "average_precision": NaN, "Spearman_r": 0.7808649983557913, "Pearson_r": 0.7780112225288649, "R2": 0.6035287667799175, "MAE": 0.4405207062478682, "MSE": 0.34903746678585057, "poisson_deviance_explained": 0.4784237344208707}, "24": {"AUC": NaN, "kappa": NaN, "f1": NaN, "precision": NaN, "recall": NaN, "average_precision": NaN, "Spearman_r": 0.7748011296944354, "Pearson_r": 0.7810238882984681, "R2": 0.6091709831527605, "MAE": 0.41799641923508574, "MSE": 0.2938550077321261, "poisson_deviance_explained": 0.48056372073326514}, "25": {"AUC": NaN, "kappa": NaN, "f1": NaN, "precision": NaN, "recall": NaN, "average_precision": NaN, "Spearman_r": 0.7410699519672295, "Pearson_r": 0.7463699463860369, "R2": 0.5568551056837675, "MAE": 0.42324688179520265, "MSE": 0.3097471918658516, "poisson_deviance_explained": 0.4349530393956591}, "26": {"AUC": NaN, "kappa": NaN, "f1": NaN, "precision": NaN, "recall": NaN, "average_precision": NaN, "Spearman_r": 0.7405693739566697, "Pearson_r": 0.7458845724167398, "R2": 0.5562322677231789, "MAE": 0.43488788243061716, "MSE": 0.3402286261260954, "poisson_deviance_explained": 0.4401062557370552}, "27": {"AUC": NaN, "kappa": NaN, "f1": NaN, "precision": NaN, "recall": NaN, "average_precision": NaN, "Spearman_r": 0.7486720994210089,