{"1": {"AUC": NaN, "kappa": NaN, "f1": NaN, "precision": NaN, "recall": NaN, "average_precision": NaN, "Spearman_r": 0.7144795331074728, "Pearson_r": 0.733314601600878, "R2": 0.5361800340515763, "MAE": 0.4476610279373799, "MSE": 0.32225487675493386, "poisson_deviance_explained": 0.4326897464322935}, "2": {"AUC": NaN, "kappa": NaN, "f1": NaN, "precision": NaN, "recall": NaN, "average_precision": NaN, "Spearman_r": 0.7149295712310731, "Pearson_r": 0.7336303942546418, "R2": 0.5369541367409291, "MAE": 0.43615889270655217, "MSE": 0.30571227755881397, "poisson_deviance_explained": 0.42968909774310027}, "3": {"AUC": NaN, "kappa": NaN, "f1": NaN, "precision": NaN, "recall": NaN, "average_precision": NaN, "Spearman_r": 0.7306812314639815, "Pearson_r": 0.745591385961326, "R2": 0.5532617975535958, "MAE": 0.427611982772431, "MSE": 0.29413560628405366, "poisson_deviance_explained": 0.4491216659835864}, "4": {"AUC": NaN, "kappa": NaN, "f1": NaN, "precision": NaN, "recall": NaN, "average_precision": NaN, "Spearman_r": 0.7318373238801343, "Pearson_r": 0.743839233485052, "R2": 0.5514514346746191, "MAE": 0.4407758319235611, "MSE": 0.3161925364948193, "poisson_deviance_explained": 0.4412105627702152}, "5": {"AUC": NaN, "kappa": NaN, "f1": NaN, "precision": NaN, "recall": NaN, "average_precision": NaN, "Spearman_r": 0.745809812359314, "Pearson_r": 0.7560100230252854, "R2": 0.5680284964380279, "MAE": 0.433856818976181, "MSE": 0.3101563968606782, "poisson_deviance_explained": 0.4553408546505193}, "6": {"AUC": NaN, "kappa": NaN, "f1": NaN, "precision": NaN, "recall": NaN, "average_precision": NaN, "Spearman_r": 0.734470448604842, "Pearson_r": 0.7457062832443692, "R2": 0.5541718269580458, "MAE": 0.4292364320030576, "MSE": 0.297212028669742, "poisson_deviance_explained": 0.4364588484952875}, "7": {"AUC": NaN, "kappa": NaN, "f1": NaN, "precision": NaN, "recall": NaN, "average_precision": NaN, "Spearman_r": 0.7392877620162971, "Pearson_r": 0.7377880734295363, "R2": 0.5418857869474942, "MAE": 0.44571234395430115, "MSE": 0.3283165420545647, "poisson_deviance_explained": 0.4265607295795013}, "8": {"AUC": NaN, "kappa": NaN, "f1": NaN, "precision": NaN, "recall": NaN, "average_precision": NaN, "Spearman_r": 0.7709670145380626, "Pearson_r": 0.7663548289024731, "R2": 0.585374349696888, "MAE": 0.424203189001816, "MSE": 0.30668155215734266, "poisson_deviance_explained": 0.471602132195976}, "9": {"AUC": NaN, "kappa": NaN, "f1": NaN, "precision": NaN, "recall": NaN, "average_precision": NaN, "Spearman_r": 0.7733734739294562, "Pearson_r": 0.7664237139706657, "R2": 0.5849384851819301, "MAE": 0.4459998349781413, "MSE": 0.33853237518624846, "poisson_deviance_explained": 0.46877828465351234}, "10": {"AUC": NaN, "kappa": NaN, "f1": NaN, "precision": NaN, "recall": NaN, "average_precision": NaN, "Spearman_r": 0.7805328317923487, "Pearson_r": 0.7693096946661552, "R2": 0.5885828062257696, "MAE": 0.46367747295711537, "MSE": 0.3791396599800944, "poisson_deviance_explained": 0.46401992125888347}, "11": {"AUC": NaN, "kappa": NaN, "f1": NaN, "precision": NaN, "recall": NaN, "average_precision": NaN, "Spearman_r": 0.783070158710054, "Pearson_r": 0.7595980779139124, "R2": 0.5730594418239618, "MAE": 0.4776791017058344, "MSE": 0.41562839695702514, "poisson_deviance_explained": 0.46097584859299445}, "12": {"AUC": NaN, "kappa": NaN, "f1": NaN, "precision": NaN, "recall": NaN, "average_precision": NaN, "Spearman_r": 0.7670717373300117, "Pearson_r": 0.7447565818500161, "R2": 0.5511882684628701, "MAE": 0.48027011721158946, "MSE": 0.4161266030919401, "poisson_deviance_explained": 0.44329402200060164}, "13": {"AUC": NaN, "kappa": NaN, "f1": NaN, "precision": NaN, "recall": NaN, "average_precision": NaN, "Spearman_r": 0.7723274960450656, "Pearson_r": 0.7584012836906412, "R2": 0.573418702230269, "MAE": 0.45410508890559975, "MSE": 0.369081354968729, "poisson_deviance_explained": 0.4629342204741912}, "14": {"AUC": NaN, "kappa": NaN, "f1": NaN, "precision": NaN, "recall": NaN, "average_precision": NaN, "Spearman_r": 0.7586240923591377, "Pearson_r": 0.7468292431576287, "R2": 0.5556264915206428, "MAE": 0.46373140534605023, "MSE": 0.38328823173633453, "poisson_deviance_explained": 0.4507440782994593}, "15": {"AUC": NaN, "kappa": NaN, "f1": NaN, "precision": NaN, "recall": NaN, "average_precision": NaN, "Spearman_r": 0.7729145112517448, "Pearson_r": 0.7576428936292698, "R2": 0.5699760435452751, "MAE": 0.4493212812361276, "MSE": 0.35623185548860214, "poisson_deviance_explained": 0.4518748036578447}, "16": {"AUC": NaN, "kappa": NaN, "f1": NaN, "precision": NaN, "recall": NaN, "average_precision": NaN, "Spearman_r": 0.7698335145574839, "Pearson_r": 0.7629353111102266, "R2": 0.578253113836849, "MAE": 0.4425094874481234, "MSE": 0.33662211208127113, "poisson_deviance_explained": 0.4684526338517174}, "17": {"AUC": NaN, "kappa": NaN, "f1": NaN, "precision": NaN, "recall": NaN, "average_precision": NaN, "Spearman_r": 0.7760898927663656, "Pearson_r": 0.7748584860068393, "R2": 0.5967577023382025, "MAE": 0.4474028363115139, "MSE": 0.3309536003645091, "poisson_deviance_explained": 0.47917803017960847}, "18": {"AUC": NaN, "kappa": NaN, "f1": NaN, "precision": NaN, "recall": NaN, "average_precision": NaN, "Spearman_r": 0.7430345989243727, "Pearson_r": 0.7390377468844865, "R2": 0.5452849373278368, "MAE": 0.4605419136080939, "MSE": 0.3541832941272532, "poisson_deviance_explained": 0.42859232773798706}, "19": {"AUC": NaN, "kappa": NaN, "f1": NaN, "precision": NaN, "recall": NaN, "average_precision": NaN, "Spearman_r": 0.7801696482054252, "Pearson_r": 0.7798724543433342, "R2": 0.6046849474450451, "MAE": 0.46336808608320146, "MSE": 0.35412932790298346, "poisson_deviance_explained": 0.4863416452607482}, "20": {"AUC": NaN, "kappa": NaN, "f1": NaN, "precision": NaN, "recall": NaN, "average_precision": NaN, "Spearman_r": 0.787053065885249, "Pearson_r": 0.786234130783148, "R2": 0.6121289316356621, "MAE": 0.4856731692733608, "MSE": 0.3913900908595607, "poisson_deviance_explained": 0.49051655193909816}, "21": {"AUC": NaN, "kappa": NaN, "f1": NaN, "precision": NaN, "recall": NaN, "average_precision": NaN, "Spearman_r": 0.8034533887111923, "Pearson_r": 0.7962915403010717, "R2": 0.6294103418136473, "MAE": 0.4641737724026934, "MSE": 0.36073443734291993, "poisson_deviance_explained": 0.5055294265340744}, "22": {"AUC": NaN, "kappa": NaN, "f1": NaN, "precision": NaN, "recall": NaN, "average_precision": NaN, "Spearman_r": 0.7959481218020049, "Pearson_r": 0.7906529768342723, "R2": 0.6219707147547061, "MAE": 0.44618639010812094, "MSE": 0.3311807086913797, "poisson_deviance_explained": 0.4940904079076105}, "23": {"AUC": NaN, "kappa": NaN, "f1": NaN, "precision": NaN, "recall": NaN, "average_precision": NaN, "Spearman_r": 0.76600076633271, "Pearson_r": 0.7646437657265969, "R2": 0.5815746256841464, "MAE": 0.452101382988094, "MSE": 0.3513627189578198, "poisson_deviance_explained": 0.45594161209692075}, "24": {"AUC": NaN, "kappa": NaN, "f1": NaN, "precision": NaN, "recall": NaN, "average_precision": NaN, "Spearman_r": 0.7561161493974523, "Pearson_r": 0.7570444984134788, "R2": 0.5713518916435489, "MAE": 0.4369187647035547, "MSE": 0.3065551739527946, "poisson_deviance_explained": 0.45334111942885336}, "25": {"AUC": NaN, "kappa": NaN, "f1": NaN, "precision": NaN, "recall": NaN, "average_precision": NaN, "Spearman_r": 0.7459033464687206, "Pearson_r": 0.7489796745431896, "R2": 0.5581177049109669, "MAE": 0.4410127083056358, "MSE": 0.3100795728959623, "poisson_deviance_explained": 0.44788461083628994}, "26": {"AUC": NaN, "kappa": NaN, "f1": NaN, "precision": NaN, "recall": NaN, "average_precision": NaN, "Spearman_r": 0.7251121052124815, "Pearson_r": 0.7299409544490187, "R2": 0.5317497138531573, "MAE": 0.44772244696728275, "MSE": 0.33531875232973896, "poisson_deviance_explained": 0.425489860490152}, "27": {"AUC": NaN, "kappa": NaN, "f1": NaN, "precision": NaN, "recall": NaN, "average_precision": NaN, "Spearman_r": 0.7755599886838132, "Pearson_r": 0.7787100596733261,