{"AUC": NaN, "kappa": NaN, "f1": NaN, "precision": NaN, "recall": NaN, "average_precision": NaN, "Spearman_r": 0.8092871974298786, "Pearson_r": 0.8139121362138856, "R2": 0.6616736928111469, "MAE": 0.4067388387934333, "MSE": 0.2775631737660579, "poisson_deviance_explained": 0.5396331329715889}