{"AUC": NaN, "kappa": NaN, "f1": NaN, "precision": NaN, "recall": NaN, "average_precision": NaN, "Spearman_r": 0.7890310335230499, "Pearson_r": 0.7950388292283417, "R2": 0.6311662256501409, "MAE": 0.4386009941074427, "MSE": 0.3273463744541805, "poisson_deviance_explained": 0.5076790392215016}
