{"1": {"AUC": NaN, "kappa": NaN, "f1": NaN, "precision": NaN, "recall": NaN, "average_precision": NaN, "Spearman_r": 0.7757873084605807, "Pearson_r": 0.7879111929222287, "R2": 0.6197462067229607, "MAE": 0.41440747791676785, "MSE": 0.28430136333352757, "poisson_deviance_explained": 0.5025013590062701}, "2": {"AUC": NaN, "kappa": NaN, "f1": NaN, "precision": NaN, "recall": NaN, "average_precision": NaN, "Spearman_r": 0.780574384776503, "Pearson_r": 0.7953809648899647, "R2": 0.6317643447312092, "MAE": 0.397896273270965, "MSE": 0.2623468292763223, "poisson_deviance_explained": 0.5085526173936892}, "3": {"AUC": NaN, "kappa": NaN, "f1": NaN, "precision": NaN, "recall": NaN, "average_precision": NaN, "Spearman_r": 0.7857107397246421, "Pearson_r": 0.8002871695403566, "R2": 0.6395765929291258, "MAE": 0.38950763395501387, "MSE": 0.25540613699071935, "poisson_deviance_explained": 0.5204853666418208}, "4": {"AUC": NaN, "kappa": NaN, "f1": NaN, "precision": NaN, "recall": NaN, "average_precision": NaN, "Spearman_r": 0.7474079597113769, "Pearson_r": 0.7700317226905559, "R2": 0.5918564293399882, "MAE": 0.4268085158180148, "MSE": 0.2918673322960924, "poisson_deviance_explained": 0.4694564227553166}, "5": {"AUC": NaN, "kappa": NaN, "f1": NaN, "precision": NaN, "recall": NaN, "average_precision": NaN, "Spearman_r": 0.7835799908870208, "Pearson_r": 0.7970110918213136, "R2": 0.6342444902385282, "MAE": 0.401057106190463, "MSE": 0.26405492721548063, "poisson_deviance_explained": 0.5104458416096362}, "6": {"AUC": NaN, "kappa": NaN, "f1": NaN, "precision": NaN, "recall": NaN, "average_precision": NaN, "Spearman_r": 0.7862296110466537, "Pearson_r": 0.7966939495488842, "R2": 0.6337638400390826, "MAE": 0.39489209631621275, "MSE": 0.2527972459774738, "poisson_deviance_explained": 0.5088992280582985}, "7": {"AUC": NaN, "kappa": NaN, "f1": NaN, "precision": NaN, "recall": NaN, "average_precision": NaN, "Spearman_r": 0.7868523500045514, "Pearson_r": 0.7943594208074205, "R2": 0.6297962240728547, "MAE": 0.3921869111262625, "MSE": 0.2517154580930476, "poisson_deviance_explained": 0.5015151903604305}, "8": {"AUC": NaN, "kappa": NaN, "f1": NaN, "precision": NaN, "recall": NaN, "average_precision": NaN, "Spearman_r": 0.791808894575083, "Pearson_r": 0.7953846499577257, "R2": 0.6320945652836908, "MAE": 0.3958946283590619, "MSE": 0.2609530793043335, "poisson_deviance_explained": 0.5066784310922707}, "9": {"AUC": NaN, "kappa": NaN, "f1": NaN, "precision": NaN, "recall": NaN, "average_precision": NaN, "Spearman_r": 0.8078115728491025, "Pearson_r": 0.8073171562026978, "R2": 0.6507916318136735, "MAE": 0.3950579490956226, "MSE": 0.261037258238605, "poisson_deviance_explained": 0.5263949947352395}, "10": {"AUC": NaN, "kappa": NaN, "f1": NaN, "precision": NaN, "recall": NaN, "average_precision": NaN, "Spearman_r": 0.8129690432762181, "Pearson_r": 0.8078828918659109, "R2": 0.6519559682595011, "MAE": 0.412017674385963, "MSE": 0.2938294956888445, "poisson_deviance_explained": 0.5385780822246509}, "11": {"AUC": NaN, "kappa": NaN, "f1": NaN, "precision": NaN, "recall": NaN, "average_precision": NaN, "Spearman_r": 0.8316555880659323, "Pearson_r": 0.8209321725860652, "R2": 0.6727002594083418, "MAE": 0.4078091004384639, "MSE": 0.2937651574722928, "poisson_deviance_explained": 0.5645226252000684}, "12": {"AUC": NaN, "kappa": NaN, "f1": NaN, "precision": NaN, "recall": NaN, "average_precision": NaN, "Spearman_r": 0.8097089751964482, "Pearson_r": 0.7998025646140356, "R2": 0.6387241700220816, "MAE": 0.40505422277724457, "MSE": 0.29007468354268356, "poisson_deviance_explained": 0.5292491914098613}, "13": {"AUC": NaN, "kappa": NaN, "f1": NaN, "precision": NaN, "recall": NaN, "average_precision": NaN, "Spearman_r": 0.8066537596897722, "Pearson_r": 0.800589397269527, "R2": 0.6399417533080959, "MAE": 0.39852023067089976, "MSE": 0.2758816389699716, "poisson_deviance_explained": 0.5317081741900178}, "14": {"AUC": NaN, "kappa": NaN, "f1": NaN, "precision": NaN, "recall": NaN, "average_precision": NaN, "Spearman_r": 0.8086696523125416, "Pearson_r": 0.8045567412257288, "R2": 0.6466457969851207, "MAE": 0.3933224261671736, "MSE": 0.26832245872489835, "poisson_deviance_explained": 0.5412719969439226}, "15": {"AUC": NaN, "kappa": NaN, "f1": NaN, "precision": NaN, "recall": NaN, "average_precision": NaN, "Spearman_r": 0.8080860650402713, "Pearson_r": 0.8032664237161626, "R2": 0.6442843920025567, "MAE": 0.3924630036066173, "MSE": 0.2639560593450101, "poisson_deviance_explained": 0.5341322346651223}, "16": {"AUC": NaN, "kappa": NaN, "f1": NaN, "precision": NaN, "recall": NaN, "average_precision": NaN, "Spearman_r": 0.8078151815823149, "Pearson_r": 0.8029639816583054, "R2": 0.6437807557808364, "MAE": 0.39557164824681845, "MSE": 0.26596458157400416, "poisson_deviance_explained": 0.5287861266392864}, "17": {"AUC": NaN, "kappa": NaN, "f1": NaN, "precision": NaN, "recall": NaN, "average_precision": NaN, "Spearman_r": 0.7835781305815741, "Pearson_r": 0.7813844157960714, "R2": 0.6094860417104014, "MAE": 0.4051939955674753, "MSE": 0.27434402121620444, "poisson_deviance_explained": 0.490228826761992}, "18": {"AUC": NaN, "kappa": NaN, "f1": NaN, "precision": NaN, "recall": NaN, "average_precision": NaN, "Spearman_r": 0.7819949071279347, "Pearson_r": 0.780831702752503, "R2": 0.6091090887331463, "MAE": 0.4145649470115193, "MSE": 0.28713042472857375, "poisson_deviance_explained": 0.49213117116635474}, "19": {"AUC": NaN, "kappa": NaN, "f1": NaN, "precision": NaN, "recall": NaN, "average_precision": NaN, "Spearman_r": 0.7879210828981382, "Pearson_r": 0.790266515054945, "R2": 0.6232728418936376, "MAE": 0.42527942187464957, "MSE": 0.2997775860350378, "poisson_deviance_explained": 0.5051133637948343}, "20": {"AUC": NaN, "kappa": NaN, "f1": NaN, "precision": NaN, "recall": NaN, "average_precision": NaN, "Spearman_r": 0.7916754535570192, "Pearson_r": 0.7949941773873218, "R2": 0.6302128792244377, "MAE": 0.4399054475662283, "MSE": 0.31891004542884116, "poisson_deviance_explained": 0.5131787048310008}, "21": {"AUC": NaN, "kappa": NaN, "f1": NaN, "precision": NaN, "recall": NaN, "average_precision": NaN, "Spearman_r": 0.7951393756831083, "Pearson_r": 0.7985661804527014, "R2": 0.6366871871083319, "MAE": 0.426653896965612, "MSE": 0.3031905749747743, "poisson_deviance_explained": 0.5147214161765954}, "22": {"AUC": NaN, "kappa": NaN, "f1": NaN, "precision": NaN, "recall": NaN, "average_precision": NaN, "Spearman_r": 0.8004249157727858, "Pearson_r": 0.8020559042273182, "R2": 0.6424365916744935, "MAE": 0.419184047297795, "MSE": 0.2934131163297224, "poisson_deviance_explained": 0.5189818702682643}, "23": {"AUC": NaN, "kappa": NaN, "f1": NaN, "precision": NaN, "recall": NaN, "average_precision": NaN, "Spearman_r": 0.7900125280800824, "Pearson_r": 0.7949983550437423, "R2": 0.6310995981686209, "MAE": 0.4180428129949594, "MSE": 0.2919836784700529, "poisson_deviance_explained": 0.5100499517041784}, "24": {"AUC": NaN, "kappa": NaN, "f1": NaN, "precision": NaN, "recall": NaN, "average_precision": NaN, "Spearman_r": 0.7883625341758387, "Pearson_r": 0.7927484109793597, "R2": 0.6277942499352016, "MAE": 0.40487475218398195, "MSE": 0.27400687987879424, "poisson_deviance_explained": 0.5015987597280414}, "25": {"AUC": NaN, "kappa": NaN, "f1": NaN, "precision": NaN, "recall": NaN, "average_precision": NaN, "Spearman_r": 0.789448165182342, "Pearson_r": 0.7999916831752771, "R2": 0.6385246152845812, "MAE": 0.40331959379163757, "MSE": 0.2681678304119537, "poisson_deviance_explained": 0.515449069047749}, "26": {"AUC": NaN, "kappa": NaN, "f1": NaN, "precision": NaN, "recall": NaN, "average_precision": NaN, "Spearman_r": 0.7706781522423788, "Pearson_r": 0.7834975856485027, "R2": 0.6131609385422808, "MAE": 0.41254683948624016, "MSE": 0.2810680649692598, "poisson_deviance_explained": 0.4894380898585511}, "27": {"AUC": NaN, "kappa": NaN, "f1": NaN, "precision": NaN, "recall": NaN, "average_precision": NaN, "Spearman_r": 0.7888774482782505, "Pearson_r": 0.7998985680032882,