{"1": {"AUC": NaN, "kappa": NaN, "f1": NaN, "precision": NaN, "recall": NaN, "average_precision": NaN, "Spearman_r": 0.7623302219867201, "Pearson_r": 0.776520595941043, "R2": 0.6019835083147435, "MAE": 0.4130768831186591, "MSE": 0.27579040110858377, "poisson_deviance_explained": 0.47951342006483666}, "2": {"AUC": NaN, "kappa": NaN, "f1": NaN, "precision": NaN, "recall": NaN, "average_precision": NaN, "Spearman_r": 0.7745534603073883, "Pearson_r": 0.7917250181852342, "R2": 0.6260363396398674, "MAE": 0.3979934001321373, "MSE": 0.26086500747446817, "poisson_deviance_explained": 0.5038624271800134}, "3": {"AUC": NaN, "kappa": NaN, "f1": NaN, "precision": NaN, "recall": NaN, "average_precision": NaN, "Spearman_r": 0.7758607836334049, "Pearson_r": 0.7921272156483176, "R2": 0.6266638574760246, "MAE": 0.4020650436978142, "MSE": 0.2646787518560691, "poisson_deviance_explained": 0.5026685076374202}, "4": {"AUC": NaN, "kappa": NaN, "f1": NaN, "precision": NaN, "recall": NaN, "average_precision": NaN, "Spearman_r": 0.763410958908582, "Pearson_r": 0.7839381833383455, "R2": 0.6135238869663865, "MAE": 0.4180201202592557, "MSE": 0.28445199345225813, "poisson_deviance_explained": 0.48776886934858255}, "5": {"AUC": NaN, "kappa": NaN, "f1": NaN, "precision": NaN, "recall": NaN, "average_precision": NaN, "Spearman_r": 0.7828927354383634, "Pearson_r": 0.79617377417813, "R2": 0.6333468000804559, "MAE": 0.39967120912022847, "MSE": 0.2659778388091698, "poisson_deviance_explained": 0.5124388845117467}, "6": {"AUC": NaN, "kappa": NaN, "f1": NaN, "precision": NaN, "recall": NaN, "average_precision": NaN, "Spearman_r": 0.7885273768361841, "Pearson_r": 0.8013210439825602, "R2": 0.6412497323582013, "MAE": 0.3909932018569698, "MSE": 0.2528698159440897, "poisson_deviance_explained": 0.5145393894661869}, "7": {"AUC": NaN, "kappa": NaN, "f1": NaN, "precision": NaN, "recall": NaN, "average_precision": NaN, "Spearman_r": 0.7998161498205296, "Pearson_r": 0.8037979372324121, "R2": 0.6447775853012032, "MAE": 0.3868151061995754, "MSE": 0.24572729902262558, "poisson_deviance_explained": 0.5172266616879718}, "8": {"AUC": NaN, "kappa": NaN, "f1": NaN, "precision": NaN, "recall": NaN, "average_precision": NaN, "Spearman_r": 0.7942436331200649, "Pearson_r": 0.7943588810568859, "R2": 0.6302329430562907, "MAE": 0.38723664448135664, "MSE": 0.24910610703135314, "poisson_deviance_explained": 0.505788351049548}, "9": {"AUC": NaN, "kappa": NaN, "f1": NaN, "precision": NaN, "recall": NaN, "average_precision": NaN, "Spearman_r": 0.790794694327403, "Pearson_r": 0.7878901680430916, "R2": 0.6201341262208477, "MAE": 0.3997376568000642, "MSE": 0.26921762316453196, "poisson_deviance_explained": 0.5002547530878653}, "10": {"AUC": NaN, "kappa": NaN, "f1": NaN, "precision": NaN, "recall": NaN, "average_precision": NaN, "Spearman_r": 0.8053256087709457, "Pearson_r": 0.7995959892014667, "R2": 0.6384337623259753, "MAE": 0.4138054392502433, "MSE": 0.2944545965929695, "poisson_deviance_explained": 0.5272578895382021}, "11": {"AUC": NaN, "kappa": NaN, "f1": NaN, "precision": NaN, "recall": NaN, "average_precision": NaN, "Spearman_r": 0.8141239518672493, "Pearson_r": 0.8088449108034355, "R2": 0.6531707291473783, "MAE": 0.4113323012986268, "MSE": 0.2941009552842732, "poisson_deviance_explained": 0.5406993464441918}, "12": {"AUC": NaN, "kappa": NaN, "f1": NaN, "precision": NaN, "recall": NaN, "average_precision": NaN, "Spearman_r": 0.8180978909746048, "Pearson_r": 0.8105354835449304, "R2": 0.6555809647242807, "MAE": 0.40871811881198356, "MSE": 0.2909533721284899, "poisson_deviance_explained": 0.5470537210192938}, "13": {"AUC": NaN, "kappa": NaN, "f1": NaN, "precision": NaN, "recall": NaN, "average_precision": NaN, "Spearman_r": 0.804581775078992, "Pearson_r": 0.8003462465491631, "R2": 0.6397753206345369, "MAE": 0.397344361457144, "MSE": 0.27238864263896806, "poisson_deviance_explained": 0.5317742949879836}, "14": {"AUC": NaN, "kappa": NaN, "f1": NaN, "precision": NaN, "recall": NaN, "average_precision": NaN, "Spearman_r": 0.7976864912443734, "Pearson_r": 0.7917453371600477, "R2": 0.6262425955270727, "MAE": 0.39735316556091405, "MSE": 0.27232147323124456, "poisson_deviance_explained": 0.5162441272350279}, "15": {"AUC": NaN, "kappa": NaN, "f1": NaN, "precision": NaN, "recall": NaN, "average_precision": NaN, "Spearman_r": 0.8041813855389853, "Pearson_r": 0.8001846374957686, "R2": 0.6394816891337349, "MAE": 0.3926430235525356, "MSE": 0.2650830911208085, "poisson_deviance_explained": 0.5332043936397363}, "16": {"AUC": NaN, "kappa": NaN, "f1": NaN, "precision": NaN, "recall": NaN, "average_precision": NaN, "Spearman_r": 0.7970814179760447, "Pearson_r": 0.7956589901607236, "R2": 0.6321964973660144, "MAE": 0.40349788713961776, "MSE": 0.27729205720662287, "poisson_deviance_explained": 0.5194862968633087}, "17": {"AUC": NaN, "kappa": NaN, "f1": NaN, "precision": NaN, "recall": NaN, "average_precision": NaN, "Spearman_r": 0.7908492586155244, "Pearson_r": 0.7891470191561556, "R2": 0.621764699597564, "MAE": 0.4044525496106819, "MSE": 0.2763207118982645, "poisson_deviance_explained": 0.504252200121541}, "18": {"AUC": NaN, "kappa": NaN, "f1": NaN, "precision": NaN, "recall": NaN, "average_precision": NaN, "Spearman_r": 0.7800440576235366, "Pearson_r": 0.7827441799737582, "R2": 0.6113905086247686, "MAE": 0.41093901961106344, "MSE": 0.27984332549603574, "poisson_deviance_explained": 0.4927972712358024}, "19": {"AUC": NaN, "kappa": NaN, "f1": NaN, "precision": NaN, "recall": NaN, "average_precision": NaN, "Spearman_r": 0.7860169281198823, "Pearson_r": 0.7885590460797448, "R2": 0.6208177697504133, "MAE": 0.42086405780093533, "MSE": 0.29145667364943717, "poisson_deviance_explained": 0.5031913675909523}, "20": {"AUC": NaN, "kappa": NaN, "f1": NaN, "precision": NaN, "recall": NaN, "average_precision": NaN, "Spearman_r": 0.7915378811062274, "Pearson_r": 0.7941506451525179, "R2": 0.6288982617125218, "MAE": 0.43183077859804386, "MSE": 0.3096639519846379, "poisson_deviance_explained": 0.5084529911507877}, "21": {"AUC": NaN, "kappa": NaN, "f1": NaN, "precision": NaN, "recall": NaN, "average_precision": NaN, "Spearman_r": 0.7907445418364971, "Pearson_r": 0.7944755926776031, "R2": 0.6293476314400106, "MAE": 0.4353138040953038, "MSE": 0.3124036946059234, "poisson_deviance_explained": 0.5072777615451594}, "22": {"AUC": NaN, "kappa": NaN, "f1": NaN, "precision": NaN, "recall": NaN, "average_precision": NaN, "Spearman_r": 0.8025049832304856, "Pearson_r": 0.804514626318112, "R2": 0.6461416210384353, "MAE": 0.4165654159988357, "MSE": 0.2894757687762518, "poisson_deviance_explained": 0.521192824561596}, "23": {"AUC": NaN, "kappa": NaN, "f1": NaN, "precision": NaN, "recall": NaN, "average_precision": NaN, "Spearman_r": 0.7930866945385673, "Pearson_r": 0.7973073295296101, "R2": 0.6345055751695636, "MAE": 0.413261128534357, "MSE": 0.28400997543186485, "poisson_deviance_explained": 0.5135531548071068}, "24": {"AUC": NaN, "kappa": NaN, "f1": NaN, "precision": NaN, "recall": NaN, "average_precision": NaN, "Spearman_r": 0.793805660847605, "Pearson_r": 0.7977402475149815, "R2": 0.6353000002045892, "MAE": 0.41594880194438594, "MSE": 0.29139589463855525, "poisson_deviance_explained": 0.5164167982000618}, "25": {"AUC": NaN, "kappa": NaN, "f1": NaN, "precision": NaN, "recall": NaN, "average_precision": NaN, "Spearman_r": 0.7742955413391789, "Pearson_r": 0.7843607510191641, "R2": 0.6147119617819946, "MAE": 0.4109147928909327, "MSE": 0.27829552746454866, "poisson_deviance_explained": 0.49326676983932327}, "26": {"AUC": NaN, "kappa": NaN, "f1": NaN, "precision": NaN, "recall": NaN, "average_precision": NaN, "Spearman_r": 0.7851733281419042, "Pearson_r": 0.7933727990886286, "R2": 0.6290473986876683, "MAE": 0.40195764754851715, "MSE": 0.2691983589191954, "poisson_deviance_explained": 0.5050035299525343}, "27": {"AUC": NaN, "kappa": NaN, "f1": NaN, "precision": NaN, "recall": NaN, "average_precision": NaN, "Spearman_r": 0.7856891949456692, "Pearson_r": 0.7970123118348372,