{"1": {"AUC": NaN, "kappa": NaN, "f1": NaN, "precision": NaN, "recall": NaN, "average_precision": NaN, "Spearman_r": 0.7675725917817638, "Pearson_r": 0.7808758176623622, "R2": 0.6090102783619837, "MAE": 0.41775537201248236, "MSE": 0.2861269051716408, "poisson_deviance_explained": 0.48577501859717476}, "2": {"AUC": NaN, "kappa": NaN, "f1": NaN, "precision": NaN, "recall": NaN, "average_precision": NaN, "Spearman_r": 0.7748263196492899, "Pearson_r": 0.7843068478983602, "R2": 0.6145163815183026, "MAE": 0.3999453461834648, "MSE": 0.267183791241733, "poisson_deviance_explained": 0.4970120746125517}, "3": {"AUC": NaN, "kappa": NaN, "f1": NaN, "precision": NaN, "recall": NaN, "average_precision": NaN, "Spearman_r": 0.7848896653916411, "Pearson_r": 0.7969353288456934, "R2": 0.6344998729113929, "MAE": 0.4049099117823955, "MSE": 0.2756061542018441, "poisson_deviance_explained": 0.5151649936885669}, "4": {"AUC": NaN, "kappa": NaN, "f1": NaN, "precision": NaN, "recall": NaN, "average_precision": NaN, "Spearman_r": 0.7098798819272855, "Pearson_r": 0.7346893066503247, "R2": 0.5387817705144582, "MAE": 0.45851129820727526, "MSE": 0.3357156740020145, "poisson_deviance_explained": 0.4222389924389204}, "5": {"AUC": NaN, "kappa": NaN, "f1": NaN, "precision": NaN, "recall": NaN, "average_precision": NaN, "Spearman_r": 0.782987683022652, "Pearson_r": 0.7943393020791116, "R2": 0.629914948221943, "MAE": 0.3919514811085873, "MSE": 0.25284230849531947, "poisson_deviance_explained": 0.5084217337400205}, "6": {"AUC": NaN, "kappa": NaN, "f1": NaN, "precision": NaN, "recall": NaN, "average_precision": NaN, "Spearman_r": 0.7590208678115861, "Pearson_r": 0.7693623249519322, "R2": 0.5915052221052004, "MAE": 0.4034736399379283, "MSE": 0.26773384744211753, "poisson_deviance_explained": 0.4683651824908852}, "7": {"AUC": NaN, "kappa": NaN, "f1": NaN, "precision": NaN, "recall": NaN, "average_precision": NaN, "Spearman_r": 0.7832109432082431, "Pearson_r": 0.7830758133050706, "R2": 0.612536945618887, "MAE": 0.39035885337244985, "MSE": 0.2573823785424288, "poisson_deviance_explained": 0.4913083769282519}, "8": {"AUC": NaN, "kappa": NaN, "f1": NaN, "precision": NaN, "recall": NaN, "average_precision": NaN, "Spearman_r": 0.7865364071892764, "Pearson_r": 0.7875257361366063, "R2": 0.6197358838707661, "MAE": 0.39183214422258433, "MSE": 0.26342990883933404, "poisson_deviance_explained": 0.4984292357352902}, "9": {"AUC": NaN, "kappa": NaN, "f1": NaN, "precision": NaN, "recall": NaN, "average_precision": NaN, "Spearman_r": 0.8023051245986195, "Pearson_r": 0.7945976741771388, "R2": 0.6303505896513526, "MAE": 0.39072604628720115, "MSE": 0.2639925626042147, "poisson_deviance_explained": 0.5108821619262713}, "10": {"AUC": NaN, "kappa": NaN, "f1": NaN, "precision": NaN, "recall": NaN, "average_precision": NaN, "Spearman_r": 0.8081918528482274, "Pearson_r": 0.8002395483544311, "R2": 0.6394698905625973, "MAE": 0.4042402999209027, "MSE": 0.287652873174242, "poisson_deviance_explained": 0.5225624026583953}, "11": {"AUC": NaN, "kappa": NaN, "f1": NaN, "precision": NaN, "recall": NaN, "average_precision": NaN, "Spearman_r": 0.8163224181820969, "Pearson_r": 0.8038529791815888, "R2": 0.6452139512945239, "MAE": 0.418623405830875, "MSE": 0.3149415689041598, "poisson_deviance_explained": 0.5331340225248288}, "12": {"AUC": NaN, "kappa": NaN, "f1": NaN, "precision": NaN, "recall": NaN, "average_precision": NaN, "Spearman_r": 0.8194263901225745, "Pearson_r": 0.8045096121588294, "R2": 0.6464683046286319, "MAE": 0.405129415474846, "MSE": 0.2995136306181182, "poisson_deviance_explained": 0.5389399910096022}, "13": {"AUC": NaN, "kappa": NaN, "f1": NaN, "precision": NaN, "recall": NaN, "average_precision": NaN, "Spearman_r": 0.7893251729858689, "Pearson_r": 0.7806256469078724, "R2": 0.6089637477825132, "MAE": 0.4076077735678629, "MSE": 0.29808715940619773, "poisson_deviance_explained": 0.5039061523282418}, "14": {"AUC": NaN, "kappa": NaN, "f1": NaN, "precision": NaN, "recall": NaN, "average_precision": NaN, "Spearman_r": 0.8150617261510239, "Pearson_r": 0.8067891862435962, "R2": 0.6501781911112654, "MAE": 0.3927077275986801, "MSE": 0.27245229325346, "poisson_deviance_explained": 0.5436834995251159}, "15": {"AUC": NaN, "kappa": NaN, "f1": NaN, "precision": NaN, "recall": NaN, "average_precision": NaN, "Spearman_r": 0.8089001431698013, "Pearson_r": 0.7979683499389705, "R2": 0.6360975634307406, "MAE": 0.3985320855432039, "MSE": 0.2803784042207613, "poisson_deviance_explained": 0.5266503380594926}, "16": {"AUC": NaN, "kappa": NaN, "f1": NaN, "precision": NaN, "recall": NaN, "average_precision": NaN, "Spearman_r": 0.7992307407484134, "Pearson_r": 0.7913572283668084, "R2": 0.6257559053161427, "MAE": 0.4050337423486858, "MSE": 0.2847406012845836, "poisson_deviance_explained": 0.5149091895812408}, "17": {"AUC": NaN, "kappa": NaN, "f1": NaN, "precision": NaN, "recall": NaN, "average_precision": NaN, "Spearman_r": 0.7853695463616788, "Pearson_r": 0.7847622462041662, "R2": 0.6154486745364949, "MAE": 0.41306578731617916, "MSE": 0.2901252361032142, "poisson_deviance_explained": 0.49811237295506694}, "18": {"AUC": NaN, "kappa": NaN, "f1": NaN, "precision": NaN, "recall": NaN, "average_precision": NaN, "Spearman_r": 0.7803134076546023, "Pearson_r": 0.7802661205983729, "R2": 0.6082260214616719, "MAE": 0.42118014962056827, "MSE": 0.2986485308807404, "poisson_deviance_explained": 0.48936517709153804}, "19": {"AUC": NaN, "kappa": NaN, "f1": NaN, "precision": NaN, "recall": NaN, "average_precision": NaN, "Spearman_r": 0.7826714572559736, "Pearson_r": 0.781239045183036, "R2": 0.609104678716418, "MAE": 0.42499216634800324, "MSE": 0.3013898942213986, "poisson_deviance_explained": 0.49243513321191634}, "20": {"AUC": NaN, "kappa": NaN, "f1": NaN, "precision": NaN, "recall": NaN, "average_precision": NaN, "Spearman_r": 0.7945745954181852, "Pearson_r": 0.7961643348259515, "R2": 0.6327820550787877, "MAE": 0.43149981297364937, "MSE": 0.31444045729178455, "poisson_deviance_explained": 0.5100481442341476}, "21": {"AUC": NaN, "kappa": NaN, "f1": NaN, "precision": NaN, "recall": NaN, "average_precision": NaN, "Spearman_r": 0.8016828533869064, "Pearson_r": 0.8011057021962976, "R2": 0.6405807561997565, "MAE": 0.43163574025597695, "MSE": 0.31185951672541684, "poisson_deviance_explained": 0.5154719290458007}, "22": {"AUC": NaN, "kappa": NaN, "f1": NaN, "precision": NaN, "recall": NaN, "average_precision": NaN, "Spearman_r": 0.7925730404051002, "Pearson_r": 0.7924904697236196, "R2": 0.627464549230714, "MAE": 0.4290392093358264, "MSE": 0.3122451741070719, "poisson_deviance_explained": 0.5099861538134783}, "23": {"AUC": NaN, "kappa": NaN, "f1": NaN, "precision": NaN, "recall": NaN, "average_precision": NaN, "Spearman_r": 0.8003692136865164, "Pearson_r": 0.7989057078547528, "R2": 0.6368091528331833, "MAE": 0.4117230638448446, "MSE": 0.2912248233494026, "poisson_deviance_explained": 0.5157288029293099}, "24": {"AUC": NaN, "kappa": NaN, "f1": NaN, "precision": NaN, "recall": NaN, "average_precision": NaN, "Spearman_r": 0.7958373980597494, "Pearson_r": 0.796712039772121, "R2": 0.6339740127421903, "MAE": 0.4056864906203502, "MSE": 0.27909533040365125, "poisson_deviance_explained": 0.5096844319288154}, "25": {"AUC": NaN, "kappa": NaN, "f1": NaN, "precision": NaN, "recall": NaN, "average_precision": NaN, "Spearman_r": 0.7829289411721065, "Pearson_r": 0.7885206659369708, "R2": 0.6207684388152681, "MAE": 0.40641813381625086, "MSE": 0.27657948605554983, "poisson_deviance_explained": 0.49944775325900925}, "26": {"AUC": NaN, "kappa": NaN, "f1": NaN, "precision": NaN, "recall": NaN, "average_precision": NaN, "Spearman_r": 0.7835263348911868, "Pearson_r": 0.7903778671127342, "R2": 0.6239013978749124, "MAE": 0.4073178235886067, "MSE": 0.2759257397707449, "poisson_deviance_explained": 0.5009350131163763}, "27": {"AUC": NaN, "kappa": NaN, "f1": NaN, "precision": NaN, "recall": NaN, "average_precision": NaN, "Spearman_r": 0.7833740729392789, "Pearson_r": 0.7975001728391107,