{"1": {"AUC": NaN, "kappa": NaN, "f1": NaN, "precision": NaN, "recall": NaN, "average_precision": NaN, "Spearman_r": 0.7195299547642992, "Pearson_r": 0.736191243209217, "R2": 0.541394740952393, "MAE": 0.4386334121221384, "MSE": 0.313426746916708, "poisson_deviance_explained": 0.4255978332783692}, "2": {"AUC": NaN, "kappa": NaN, "f1": NaN, "precision": NaN, "recall": NaN, "average_precision": NaN, "Spearman_r": 0.734309931945592, "Pearson_r": 0.7405627877752801, "R2": 0.548093566891935, "MAE": 0.4350187430189014, "MSE": 0.32668523389726906, "poisson_deviance_explained": 0.4448614825762457}, "3": {"AUC": NaN, "kappa": NaN, "f1": NaN, "precision": NaN, "recall": NaN, "average_precision": NaN, "Spearman_r": 0.7632112864421517, "Pearson_r": 0.7750780670719039, "R2": 0.5989667141558529, "MAE": 0.4069200138034346, "MSE": 0.2712412434758757, "poisson_deviance_explained": 0.483857762663209}, "4": {"AUC": NaN, "kappa": NaN, "f1": NaN, "precision": NaN, "recall": NaN, "average_precision": NaN, "Spearman_r": 0.6262807307156804, "Pearson_r": 0.6755329815971498, "R2": 0.4547276108420397, "MAE": 0.49927780535125843, "MSE": 0.388928978383932, "poisson_deviance_explained": 0.3505497314163527}, "5": {"AUC": NaN, "kappa": NaN, "f1": NaN, "precision": NaN, "recall": NaN, "average_precision": NaN, "Spearman_r": 0.7566031109919634, "Pearson_r": 0.7690594400228941, "R2": 0.5904511504220294, "MAE": 0.4117062145971281, "MSE": 0.28385082324569055, "poisson_deviance_explained": 0.4774388318570192}, "6": {"AUC": NaN, "kappa": NaN, "f1": NaN, "precision": NaN, "recall": NaN, "average_precision": NaN, "Spearman_r": 0.7583873546941061, "Pearson_r": 0.7640806588023672, "R2": 0.5825183176027496, "MAE": 0.4288261156721419, "MSE": 0.2988431358044225, "poisson_deviance_explained": 0.46497056872944775}, "7": {"AUC": NaN, "kappa": NaN, "f1": NaN, "precision": NaN, "recall": NaN, "average_precision": NaN, "Spearman_r": 0.7474289101998515, "Pearson_r": 0.7601778768743629, "R2": 0.5766712696251037, "MAE": 0.4184885853122775, "MSE": 0.2898703086850877, "poisson_deviance_explained": 0.4590676590869276}, "8": {"AUC": NaN, "kappa": NaN, "f1": NaN, "precision": NaN, "recall": NaN, "average_precision": NaN, "Spearman_r": 0.776095914688264, "Pearson_r": 0.7764553414257569, "R2": 0.6020022867735613, "MAE": 0.425901372747409, "MSE": 0.30713126895174586, "poisson_deviance_explained": 0.4751180283887785}, "9": {"AUC": NaN, "kappa": NaN, "f1": NaN, "precision": NaN, "recall": NaN, "average_precision": NaN, "Spearman_r": 0.7943976006183265, "Pearson_r": 0.7888253885417916, "R2": 0.6202830477879258, "MAE": 0.42383341141397607, "MSE": 0.3085823615509913, "poisson_deviance_explained": 0.5011526880677423}, "10": {"AUC": NaN, "kappa": NaN, "f1": NaN, "precision": NaN, "recall": NaN, "average_precision": NaN, "Spearman_r": 0.8062287500703877, "Pearson_r": 0.7942317959911599, "R2": 0.6284807747613614, "MAE": 0.4352336170641738, "MSE": 0.3385421214141681, "poisson_deviance_explained": 0.508884904380927}, "11": {"AUC": NaN, "kappa": NaN, "f1": NaN, "precision": NaN, "recall": NaN, "average_precision": NaN, "Spearman_r": 0.8008038957881403, "Pearson_r": 0.784581213842216, "R2": 0.6136057968972556, "MAE": 0.46217010599733743, "MSE": 0.384231716470707, "poisson_deviance_explained": 0.49884821208909813}, "12": {"AUC": NaN, "kappa": NaN, "f1": NaN, "precision": NaN, "recall": NaN, "average_precision": NaN, "Spearman_r": 0.7807611802199859, "Pearson_r": 0.7679341020437185, "R2": 0.5890815345532334, "MAE": 0.4541578173562405, "MSE": 0.3758720599886348, "poisson_deviance_explained": 0.4884486338941316}, "13": {"AUC": NaN, "kappa": NaN, "f1": NaN, "precision": NaN, "recall": NaN, "average_precision": NaN, "Spearman_r": 0.7728616520576939, "Pearson_r": 0.755247985999357, "R2": 0.5693834134206461, "MAE": 0.4472433365726415, "MSE": 0.36485146782163036, "poisson_deviance_explained": 0.45371484996038336}, "14": {"AUC": NaN, "kappa": NaN, "f1": NaN, "precision": NaN, "recall": NaN, "average_precision": NaN, "Spearman_r": 0.7837525260770417, "Pearson_r": 0.7776449366042548, "R2": 0.6034129137101347, "MAE": 0.43928903367204375, "MSE": 0.35031211177378674, "poisson_deviance_explained": 0.49617027814143266}, "15": {"AUC": NaN, "kappa": NaN, "f1": NaN, "precision": NaN, "recall": NaN, "average_precision": NaN, "Spearman_r": 0.791001320512735, "Pearson_r": 0.7845263971498952, "R2": 0.6152402486062504, "MAE": 0.42347268890788115, "MSE": 0.3244382213071281, "poisson_deviance_explained": 0.505582715102503}, "16": {"AUC": NaN, "kappa": NaN, "f1": NaN, "precision": NaN, "recall": NaN, "average_precision": NaN, "Spearman_r": 0.7904547491474634, "Pearson_r": 0.7822197905785438, "R2": 0.6108178531318892, "MAE": 0.4227007644628775, "MSE": 0.3197725442926692, "poisson_deviance_explained": 0.5019378017134306}, "17": {"AUC": NaN, "kappa": NaN, "f1": NaN, "precision": NaN, "recall": NaN, "average_precision": NaN, "Spearman_r": 0.779820251580503, "Pearson_r": 0.7735692877398909, "R2": 0.5979031016317697, "MAE": 0.4330026088825059, "MSE": 0.3264480005960533, "poisson_deviance_explained": 0.4896008486565234}, "18": {"AUC": NaN, "kappa": NaN, "f1": NaN, "precision": NaN, "recall": NaN, "average_precision": NaN, "Spearman_r": 0.7576440896118437, "Pearson_r": 0.7579014890947814, "R2": 0.5737476179638288, "MAE": 0.44545957317448404, "MSE": 0.3401771274527155, "poisson_deviance_explained": 0.45839172659622074}, "19": {"AUC": NaN, "kappa": NaN, "f1": NaN, "precision": NaN, "recall": NaN, "average_precision": NaN, "Spearman_r": 0.7874742083750055, "Pearson_r": 0.7876795999863218, "R2": 0.6198818034279951, "MAE": 0.44513585190882704, "MSE": 0.336635310733677, "poisson_deviance_explained": 0.4907830865151581}, "20": {"AUC": NaN, "kappa": NaN, "f1": NaN, "precision": NaN, "recall": NaN, "average_precision": NaN, "Spearman_r": 0.788704674767595, "Pearson_r": 0.7881610830740595, "R2": 0.6203893581653093, "MAE": 0.4514574928021387, "MSE": 0.3447812934710005, "poisson_deviance_explained": 0.48752030322600903}, "21": {"AUC": NaN, "kappa": NaN, "f1": NaN, "precision": NaN, "recall": NaN, "average_precision": NaN, "Spearman_r": 0.8060064279610996, "Pearson_r": 0.8036470339469667, "R2": 0.642555837652788, "MAE": 0.4543919501991723, "MSE": 0.34561317340844117, "poisson_deviance_explained": 0.5219703302360751}, "22": {"AUC": NaN, "kappa": NaN, "f1": NaN, "precision": NaN, "recall": NaN, "average_precision": NaN, "Spearman_r": 0.8102279898752306, "Pearson_r": 0.8066759742863452, "R2": 0.6490919819214425, "MAE": 0.44536471517221043, "MSE": 0.33389356013441507, "poisson_deviance_explained": 0.5217782731755007}, "23": {"AUC": NaN, "kappa": NaN, "f1": NaN, "precision": NaN, "recall": NaN, "average_precision": NaN, "Spearman_r": 0.7848475560172401, "Pearson_r": 0.7858547662957855, "R2": 0.6165611542112932, "MAE": 0.43187573400343565, "MSE": 0.3195763314321355, "poisson_deviance_explained": 0.49748921669776236}, "24": {"AUC": NaN, "kappa": NaN, "f1": NaN, "precision": NaN, "recall": NaN, "average_precision": NaN, "Spearman_r": 0.7710044762026328, "Pearson_r": 0.7761070088282432, "R2": 0.600752619462507, "MAE": 0.4350320783367238, "MSE": 0.31721718706550406, "poisson_deviance_explained": 0.4802848948155314}, "25": {"AUC": NaN, "kappa": NaN, "f1": NaN, "precision": NaN, "recall": NaN, "average_precision": NaN, "Spearman_r": 0.7649630522315216, "Pearson_r": 0.7740231281777258, "R2": 0.5972561809591698, "MAE": 0.4279165066219989, "MSE": 0.30464178370424794, "poisson_deviance_explained": 0.47466499167806986}, "26": {"AUC": NaN, "kappa": NaN, "f1": NaN, "precision": NaN, "recall": NaN, "average_precision": NaN, "Spearman_r": 0.7527841505360824, "Pearson_r": 0.7589073336743688, "R2": 0.575172509262227, "MAE": 0.42725043773664373, "MSE": 0.3023804541871436, "poisson_deviance_explained": 0.4590241050481163}, "27": {"AUC": NaN, "kappa": NaN, "f1": NaN, "precision": NaN, "recall": NaN, "average_precision": NaN, "Spearman_r": 0.7408766492086282, "Pearson_r": 0.7541963214980418,