{"1": {"AUC": NaN, "kappa": NaN, "f1": NaN, "precision": NaN, "recall": NaN, "average_precision": NaN, "Spearman_r": 0.7322906050458949, "Pearson_r": 0.7390373413437193, "R2": 0.546105449857319, "MAE": 0.4334378308602823, "MSE": 0.3220897702574273, "poisson_deviance_explained": 0.43537226947849084}, "2": {"AUC": NaN, "kappa": NaN, "f1": NaN, "precision": NaN, "recall": NaN, "average_precision": NaN, "Spearman_r": 0.7301461351074552, "Pearson_r": 0.7463746883854788, "R2": 0.5564704206591018, "MAE": 0.42336981644387617, "MSE": 0.30907819317611607, "poisson_deviance_explained": 0.44653934585368527}, "3": {"AUC": NaN, "kappa": NaN, "f1": NaN, "precision": NaN, "recall": NaN, "average_precision": NaN, "Spearman_r": 0.7413223617831728, "Pearson_r": 0.7538023584503233, "R2": 0.5681352991432438, "MAE": 0.41340574046189055, "MSE": 0.29641875900044934, "poisson_deviance_explained": 0.44187177954396817}, "4": {"AUC": NaN, "kappa": NaN, "f1": NaN, "precision": NaN, "recall": NaN, "average_precision": NaN, "Spearman_r": 0.7426310229865019, "Pearson_r": 0.7652398846748593, "R2": 0.5845484658039102, "MAE": 0.39757371458858654, "MSE": 0.27212910936744866, "poisson_deviance_explained": 0.4649436337666878}, "5": {"AUC": NaN, "kappa": NaN, "f1": NaN, "precision": NaN, "recall": NaN, "average_precision": NaN, "Spearman_r": 0.73399738646448, "Pearson_r": 0.7453848613119443, "R2": 0.5552461962197925, "MAE": 0.4133147895114531, "MSE": 0.2920638035577686, "poisson_deviance_explained": 0.4424382991614433}, "6": {"AUC": NaN, "kappa": NaN, "f1": NaN, "precision": NaN, "recall": NaN, "average_precision": NaN, "Spearman_r": 0.7456514903897412, "Pearson_r": 0.7572604351963741, "R2": 0.573279752710122, "MAE": 0.415006704954159, "MSE": 0.29245065679763577, "poisson_deviance_explained": 0.45014482200693773}, "7": {"AUC": NaN, "kappa": NaN, "f1": NaN, "precision": NaN, "recall": NaN, "average_precision": NaN, "Spearman_r": 0.7641429449131488, "Pearson_r": 0.7726641833814293, "R2": 0.5954227900278766, "MAE": 0.41760135085423045, "MSE": 0.2951931150672145, "poisson_deviance_explained": 0.4687994010608554}, "8": {"AUC": NaN, "kappa": NaN, "f1": NaN, "precision": NaN, "recall": NaN, "average_precision": NaN, "Spearman_r": 0.7642444168017399, "Pearson_r": 0.7692469087368724, "R2": 0.590279593451329, "MAE": 0.4213896152736941, "MSE": 0.30129896849222637, "poisson_deviance_explained": 0.4623025617525992}, "9": {"AUC": NaN, "kappa": NaN, "f1": NaN, "precision": NaN, "recall": NaN, "average_precision": NaN, "Spearman_r": 0.7517993539530287, "Pearson_r": 0.7535883941529091, "R2": 0.5674910290067392, "MAE": 0.45662373183737204, "MSE": 0.371334833979644, "poisson_deviance_explained": 0.4439539886322976}, "10": {"AUC": NaN, "kappa": NaN, "f1": NaN, "precision": NaN, "recall": NaN, "average_precision": NaN, "Spearman_r": 0.7823952453736299, "Pearson_r": 0.7659686524202162, "R2": 0.5855390981009664, "MAE": 0.4724932062497865, "MSE": 0.4161200377666195, "poisson_deviance_explained": 0.4732928502263237}, "11": {"AUC": NaN, "kappa": NaN, "f1": NaN, "precision": NaN, "recall": NaN, "average_precision": NaN, "Spearman_r": 0.7720406756044725, "Pearson_r": 0.753932856524218, "R2": 0.5672949774990768, "MAE": 0.4957727570383948, "MSE": 0.4564110589266186, "poisson_deviance_explained": 0.4523649348292813}, "12": {"AUC": NaN, "kappa": NaN, "f1": NaN, "precision": NaN, "recall": NaN, "average_precision": NaN, "Spearman_r": 0.7783301239927944, "Pearson_r": 0.7654547266172695, "R2": 0.5836349721955227, "MAE": 0.4749769302781087, "MSE": 0.4102915734168407, "poisson_deviance_explained": 0.4710490903897617}, "13": {"AUC": NaN, "kappa": NaN, "f1": NaN, "precision": NaN, "recall": NaN, "average_precision": NaN, "Spearman_r": 0.7688971172738254, "Pearson_r": 0.7567308823688746, "R2": 0.5715900772949836, "MAE": 0.46374010101107727, "MSE": 0.4021680449836118, "poisson_deviance_explained": 0.46109742412836985}, "14": {"AUC": NaN, "kappa": NaN, "f1": NaN, "precision": NaN, "recall": NaN, "average_precision": NaN, "Spearman_r": 0.7686950360490507, "Pearson_r": 0.7553488976429589, "R2": 0.5695192688081485, "MAE": 0.44920407850655275, "MSE": 0.36754564672869494, "poisson_deviance_explained": 0.458691222486749}, "15": {"AUC": NaN, "kappa": NaN, "f1": NaN, "precision": NaN, "recall": NaN, "average_precision": NaN, "Spearman_r": 0.773640350931967, "Pearson_r": 0.7639250590138709, "R2": 0.5831385432993006, "MAE": 0.4323747238080062, "MSE": 0.3462552391798462, "poisson_deviance_explained": 0.47657266235035134}, "16": {"AUC": NaN, "kappa": NaN, "f1": NaN, "precision": NaN, "recall": NaN, "average_precision": NaN, "Spearman_r": 0.7797226565765818, "Pearson_r": 0.7750216947538939, "R2": 0.5994338051845839, "MAE": 0.44406951653018095, "MSE": 0.35598943792514703, "poisson_deviance_explained": 0.4824574148688685}, "17": {"AUC": NaN, "kappa": NaN, "f1": NaN, "precision": NaN, "recall": NaN, "average_precision": NaN, "Spearman_r": 0.7789445009235245, "Pearson_r": 0.7764113584367689, "R2": 0.6019927809059278, "MAE": 0.4349256590551974, "MSE": 0.3286162582828319, "poisson_deviance_explained": 0.4803239683278506}, "18": {"AUC": NaN, "kappa": NaN, "f1": NaN, "precision": NaN, "recall": NaN, "average_precision": NaN, "Spearman_r": 0.7522050244105007, "Pearson_r": 0.757256257015294, "R2": 0.5724226039027467, "MAE": 0.4553408536577778, "MSE": 0.35542525053003343, "poisson_deviance_explained": 0.4461769584162125}, "19": {"AUC": NaN, "kappa": NaN, "f1": NaN, "precision": NaN, "recall": NaN, "average_precision": NaN, "Spearman_r": 0.7701702422518466, "Pearson_r": 0.7731905494775122, "R2": 0.5973533153220891, "MAE": 0.46294328464161494, "MSE": 0.36225938893530196, "poisson_deviance_explained": 0.4639852728013165}, "20": {"AUC": NaN, "kappa": NaN, "f1": NaN, "precision": NaN, "recall": NaN, "average_precision": NaN, "Spearman_r": 0.7727153890925588, "Pearson_r": 0.7800950204402562, "R2": 0.606337366933011, "MAE": 0.47560304967888334, "MSE": 0.3891171324202853, "poisson_deviance_explained": 0.4921011529423305}, "21": {"AUC": NaN, "kappa": NaN, "f1": NaN, "precision": NaN, "recall": NaN, "average_precision": NaN, "Spearman_r": 0.788521056618019, "Pearson_r": 0.7892469227958593, "R2": 0.6221170465951984, "MAE": 0.46274374188841205, "MSE": 0.3755623016918202, "poisson_deviance_explained": 0.5062641695139245}, "22": {"AUC": NaN, "kappa": NaN, "f1": NaN, "precision": NaN, "recall": NaN, "average_precision": NaN, "Spearman_r": 0.7733395845221118, "Pearson_r": 0.7736216231266059, "R2": 0.5978197106368026, "MAE": 0.4645154762589426, "MSE": 0.36910460992809957, "poisson_deviance_explained": 0.48422647287710596}, "23": {"AUC": NaN, "kappa": NaN, "f1": NaN, "precision": NaN, "recall": NaN, "average_precision": NaN, "Spearman_r": 0.7772967594284294, "Pearson_r": 0.7755360347574004, "R2": 0.6005120647506312, "MAE": 0.45160191288810353, "MSE": 0.35326424307221227, "poisson_deviance_explained": 0.48796114655988576}, "24": {"AUC": NaN, "kappa": NaN, "f1": NaN, "precision": NaN, "recall": NaN, "average_precision": NaN, "Spearman_r": 0.7593300304342182, "Pearson_r": 0.7604719390735882, "R2": 0.5777890059873425, "MAE": 0.4386278328514356, "MSE": 0.32509488872757364, "poisson_deviance_explained": 0.4553676066643201}, "25": {"AUC": NaN, "kappa": NaN, "f1": NaN, "precision": NaN, "recall": NaN, "average_precision": NaN, "Spearman_r": 0.7388763614139665, "Pearson_r": 0.7478845330398559, "R2": 0.5577308755627751, "MAE": 0.42613131529632065, "MSE": 0.3064020435372235, "poisson_deviance_explained": 0.44778123701083505}, "26": {"AUC": NaN, "kappa": NaN, "f1": NaN, "precision": NaN, "recall": NaN, "average_precision": NaN, "Spearman_r": 0.7688235697354195, "Pearson_r": 0.7765620045180279, "R2": 0.6021193759082265, "MAE": 0.41143990971790245, "MSE": 0.2871369947211341, "poisson_deviance_explained": 0.48937397120969683}, "27": {"AUC": NaN, "kappa": NaN, "f1": NaN, "precision": NaN, "recall": NaN, "average_precision": NaN, "Spearman_r": 0.7396263703815121,