{"1": {"AUC": NaN, "kappa": NaN, "f1": NaN, "precision": NaN, "recall": NaN, "average_precision": NaN, "Spearman_r": 0.7471045432925348, "Pearson_r": 0.7644891753206782, "R2": 0.5822891825290081, "MAE": 0.4221580710056134, "MSE": 0.2800342927592955, "poisson_deviance_explained": 0.45979827280599184}, "2": {"AUC": NaN, "kappa": NaN, "f1": NaN, "precision": NaN, "recall": NaN, "average_precision": NaN, "Spearman_r": 0.7643657245110228, "Pearson_r": 0.7833535522918633, "R2": 0.6113939321213282, "MAE": 0.42185847242561114, "MSE": 0.28290821770348334, "poisson_deviance_explained": 0.4871385954658518}, "3": {"AUC": NaN, "kappa": NaN, "f1": NaN, "precision": NaN, "recall": NaN, "average_precision": NaN, "Spearman_r": 0.7721807565706004, "Pearson_r": 0.7881043240424519, "R2": 0.6193777324386986, "MAE": 0.41126885688658954, "MSE": 0.27239155884304495, "poisson_deviance_explained": 0.4981912461901614}, "4": {"AUC": NaN, "kappa": NaN, "f1": NaN, "precision": NaN, "recall": NaN, "average_precision": NaN, "Spearman_r": 0.7280986879655504, "Pearson_r": 0.7525457643532866, "R2": 0.5646677442098222, "MAE": 0.4481937711220298, "MSE": 0.31310258746539354, "poisson_deviance_explained": 0.440387700559982}, "5": {"AUC": NaN, "kappa": NaN, "f1": NaN, "precision": NaN, "recall": NaN, "average_precision": NaN, "Spearman_r": 0.7693562744212832, "Pearson_r": 0.7872746609938833, "R2": 0.6180626650379552, "MAE": 0.4165271249321495, "MSE": 0.27672115513565343, "poisson_deviance_explained": 0.4940437839773897}, "6": {"AUC": NaN, "kappa": NaN, "f1": NaN, "precision": NaN, "recall": NaN, "average_precision": NaN, "Spearman_r": 0.7648835489312837, "Pearson_r": 0.7789069527479797, "R2": 0.6044947911809384, "MAE": 0.41101870417162056, "MSE": 0.2673660716436133, "poisson_deviance_explained": 0.4782888008532096}, "7": {"AUC": NaN, "kappa": NaN, "f1": NaN, "precision": NaN, "recall": NaN, "average_precision": NaN, "Spearman_r": 0.7740843997710098, "Pearson_r": 0.7844685494358505, "R2": 0.6133971433334053, "MAE": 0.414658342702709, "MSE": 0.2765436277109636, "poisson_deviance_explained": 0.48806224716406166}, "8": {"AUC": NaN, "kappa": NaN, "f1": NaN, "precision": NaN, "recall": NaN, "average_precision": NaN, "Spearman_r": 0.7786517936611149, "Pearson_r": 0.7814639453299349, "R2": 0.6083501656003791, "MAE": 0.408614142382367, "MSE": 0.2716588278324025, "poisson_deviance_explained": 0.48828481494892007}, "9": {"AUC": NaN, "kappa": NaN, "f1": NaN, "precision": NaN, "recall": NaN, "average_precision": NaN, "Spearman_r": 0.7813174461203565, "Pearson_r": 0.7804393928456228, "R2": 0.6071648121464674, "MAE": 0.4170676083316828, "MSE": 0.28706205894893605, "poisson_deviance_explained": 0.4888597025522641}, "10": {"AUC": NaN, "kappa": NaN, "f1": NaN, "precision": NaN, "recall": NaN, "average_precision": NaN, "Spearman_r": 0.7999153049874297, "Pearson_r": 0.7954119997593402, "R2": 0.6310109372604789, "MAE": 0.43398775251199284, "MSE": 0.31543009999768534, "poisson_deviance_explained": 0.5189138044519331}, "11": {"AUC": NaN, "kappa": NaN, "f1": NaN, "precision": NaN, "recall": NaN, "average_precision": NaN, "Spearman_r": 0.809201120670103, "Pearson_r": 0.8005278086978328, "R2": 0.638328928741354, "MAE": 0.4288242368359094, "MSE": 0.3132663058695611, "poisson_deviance_explained": 0.5317560036153408}, "12": {"AUC": NaN, "kappa": NaN, "f1": NaN, "precision": NaN, "recall": NaN, "average_precision": NaN, "Spearman_r": 0.8047249074050503, "Pearson_r": 0.7965504453803925, "R2": 0.6327349593930941, "MAE": 0.41704383947248225, "MSE": 0.29833017271999446, "poisson_deviance_explained": 0.5267016724860084}, "13": {"AUC": NaN, "kappa": NaN, "f1": NaN, "precision": NaN, "recall": NaN, "average_precision": NaN, "Spearman_r": 0.7922033155182109, "Pearson_r": 0.7867225620768376, "R2": 0.6174256688946935, "MAE": 0.4132378513677759, "MSE": 0.2906958409848457, "poisson_deviance_explained": 0.5097023490222086}, "14": {"AUC": NaN, "kappa": NaN, "f1": NaN, "precision": NaN, "recall": NaN, "average_precision": NaN, "Spearman_r": 0.7997182146467244, "Pearson_r": 0.7948793363841431, "R2": 0.6292531932220655, "MAE": 0.40585804865449615, "MSE": 0.2775811087407224, "poisson_deviance_explained": 0.5237725582319364}, "15": {"AUC": NaN, "kappa": NaN, "f1": NaN, "precision": NaN, "recall": NaN, "average_precision": NaN, "Spearman_r": 0.8021602542806209, "Pearson_r": 0.7970987515255479, "R2": 0.6333685077765263, "MAE": 0.4050670085348345, "MSE": 0.2760710063176, "poisson_deviance_explained": 0.5259411052316956}, "16": {"AUC": NaN, "kappa": NaN, "f1": NaN, "precision": NaN, "recall": NaN, "average_precision": NaN, "Spearman_r": 0.7941280756118794, "Pearson_r": 0.7903975467857637, "R2": 0.6225823968226731, "MAE": 0.40970183777556435, "MSE": 0.28173536196575816, "poisson_deviance_explained": 0.5126503966106541}, "17": {"AUC": NaN, "kappa": NaN, "f1": NaN, "precision": NaN, "recall": NaN, "average_precision": NaN, "Spearman_r": 0.7856465497140563, "Pearson_r": 0.7847609644862006, "R2": 0.613484532030107, "MAE": 0.4145575812766337, "MSE": 0.28460153693411894, "poisson_deviance_explained": 0.4962643630862289}, "18": {"AUC": NaN, "kappa": NaN, "f1": NaN, "precision": NaN, "recall": NaN, "average_precision": NaN, "Spearman_r": 0.7698604273305677, "Pearson_r": 0.7727356572765837, "R2": 0.5955267722275519, "MAE": 0.41957332455959373, "MSE": 0.2916561898912379, "poisson_deviance_explained": 0.47641632425486247}, "19": {"AUC": NaN, "kappa": NaN, "f1": NaN, "precision": NaN, "recall": NaN, "average_precision": NaN, "Spearman_r": 0.7652278576868091, "Pearson_r": 0.7685180431601684, "R2": 0.5886613702454906, "MAE": 0.438615175817089, "MSE": 0.3128726504672713, "poisson_deviance_explained": 0.47016783169887444}, "20": {"AUC": NaN, "kappa": NaN, "f1": NaN, "precision": NaN, "recall": NaN, "average_precision": NaN, "Spearman_r": 0.767204330624138, "Pearson_r": 0.7710931043875701, "R2": 0.5914178819954893, "MAE": 0.4570292487392232, "MSE": 0.3397800181066324, "poisson_deviance_explained": 0.4781824811007811}, "21": {"AUC": NaN, "kappa": NaN, "f1": NaN, "precision": NaN, "recall": NaN, "average_precision": NaN, "Spearman_r": 0.7853965073819743, "Pearson_r": 0.7890750755863565, "R2": 0.6195452473861587, "MAE": 0.44236948057783226, "MSE": 0.320406638014421, "poisson_deviance_explained": 0.5009553852592932}, "22": {"AUC": NaN, "kappa": NaN, "f1": NaN, "precision": NaN, "recall": NaN, "average_precision": NaN, "Spearman_r": 0.7872859106832205, "Pearson_r": 0.7873765843705428, "R2": 0.6169686075526041, "MAE": 0.4410847929767034, "MSE": 0.3177610333541137, "poisson_deviance_explained": 0.49927457991698865}, "23": {"AUC": NaN, "kappa": NaN, "f1": NaN, "precision": NaN, "recall": NaN, "average_precision": NaN, "Spearman_r": 0.782722940768149, "Pearson_r": 0.7858237132963404, "R2": 0.6149635724063631, "MAE": 0.43063199727824203, "MSE": 0.3018324518576995, "poisson_deviance_explained": 0.4979998941989624}, "24": {"AUC": NaN, "kappa": NaN, "f1": NaN, "precision": NaN, "recall": NaN, "average_precision": NaN, "Spearman_r": 0.7685114236442466, "Pearson_r": 0.7743286084692134, "R2": 0.5976169398926914, "MAE": 0.432234071377599, "MSE": 0.3006856617304655, "poisson_deviance_explained": 0.4791832247963259}, "25": {"AUC": NaN, "kappa": NaN, "f1": NaN, "precision": NaN, "recall": NaN, "average_precision": NaN, "Spearman_r": 0.7765110661316368, "Pearson_r": 0.7843565691483932, "R2": 0.6133765946418196, "MAE": 0.4157280165047277, "MSE": 0.2782318784404412, "poisson_deviance_explained": 0.49400681661004564}, "26": {"AUC": NaN, "kappa": NaN, "f1": NaN, "precision": NaN, "recall": NaN, "average_precision": NaN, "Spearman_r": 0.7709875736786468, "Pearson_r": 0.7815195001039948, "R2": 0.6094452237294974, "MAE": 0.41874522513384044, "MSE": 0.28511111527900085, "poisson_deviance_explained": 0.4907201747913582}, "27": {"AUC": NaN, "kappa": NaN, "f1": NaN, "precision": NaN, "recall": NaN, "average_precision": NaN, "Spearman_r": 0.7714313467854476,