{"AUC": NaN, "kappa": NaN, "f1": NaN, "precision": NaN, "recall": NaN, "average_precision": NaN, "Spearman_r": 0.7989401552342064, "Pearson_r": 0.8015953814252992, "R2": 0.6408997049820183, "MAE": 0.4271848938165179, "MSE": 0.30291419812015297, "poisson_deviance_explained": 0.5195093612707253}
