{"AUC": NaN, "kappa": NaN, "f1": NaN, "precision": NaN, "recall": NaN, "average_precision": NaN, "Spearman_r": 0.7957222633172233, "Pearson_r": 0.8005229498315662, "R2": 0.6391104751716743, "MAE": 0.42344173331617574, "MSE": 0.2934762618410063, "poisson_deviance_explained": 0.518518544142766}
