{"AUC": NaN, "kappa": NaN, "f1": NaN, "precision": NaN, "recall": NaN, "average_precision": NaN, "Spearman_r": 0.7758783897473392, "Pearson_r": 0.8283927193180105, "R2": 0.6837413422169047, "MAE": 0.35680667537960337, "MSE": 0.2375290728121129, "poisson_deviance_explained": 0.5828761284193071}
