{"1": {"AUC": NaN, "kappa": NaN, "f1": NaN, "precision": NaN, "recall": NaN, "average_precision": NaN, "Spearman_r": 0.7570280067654793, "Pearson_r": 0.8076135514642167, "R2": 0.6466937902198157, "MAE": 0.40663527362557794, "MSE": 0.2950025388799964, "poisson_deviance_explained": 0.5534527240695244}, "2": {"AUC": NaN, "kappa": NaN, "f1": NaN, "precision": NaN, "recall": NaN, "average_precision": NaN, "Spearman_r": 0.7741343029440048, "Pearson_r": 0.8194195551059927, "R2": 0.6662626295869158, "MAE": 0.38919538379015334, "MSE": 0.27857646342330705, "poisson_deviance_explained": 0.5834696344038478}, "3": {"AUC": NaN, "kappa": NaN, "f1": NaN, "precision": NaN, "recall": NaN, "average_precision": NaN, "Spearman_r": 0.7839044784430469, "Pearson_r": 0.8263039786501697, "R2": 0.6775130316277302, "MAE": 0.3811171943855582, "MSE": 0.26780615877048447, "poisson_deviance_explained": 0.5867958960598594}, "4": {"AUC": NaN, "kappa": NaN, "f1": NaN, "precision": NaN, "recall": NaN, "average_precision": NaN, "Spearman_r": 0.7436557131444319, "Pearson_r": 0.812958007363133, "R2": 0.6580764175105568, "MAE": 0.35764725671921255, "MSE": 0.2663211603354467, "poisson_deviance_explained": 0.5678419610013741}, "5": {"AUC": NaN, "kappa": NaN, "f1": NaN, "precision": NaN, "recall": NaN, "average_precision": NaN, "Spearman_r": 0.768896386607072, "Pearson_r": 0.8140930483225846, "R2": 0.658090804738335, "MAE": 0.39287898041111013, "MSE": 0.2736786708525091, "poisson_deviance_explained": 0.565196801495926}, "6": {"AUC": NaN, "kappa": NaN, "f1": NaN, "precision": NaN, "recall": NaN, "average_precision": NaN, "Spearman_r": 0.7388867847956975, "Pearson_r": 0.7944337445391415, "R2": 0.6256662764114267, "MAE": 0.3985723770713788, "MSE": 0.2679154181173009, "poisson_deviance_explained": 0.5266825607986747}, "7": {"AUC": NaN, "kappa": NaN, "f1": NaN, "precision": NaN, "recall": NaN, "average_precision": NaN, "Spearman_r": 0.7275270677041509, "Pearson_r": 0.7789860948962796, "R2": 0.5996248084280837, "MAE": 0.40867425991072476, "MSE": 0.27466344961103833, "poisson_deviance_explained": 0.4994510939506487}, "8": {"AUC": NaN, "kappa": NaN, "f1": NaN, "precision": NaN, "recall": NaN, "average_precision": NaN, "Spearman_r": 0.761256201739186, "Pearson_r": 0.8021100462693805, "R2": 0.6348779758153915, "MAE": 0.4237896221495715, "MSE": 0.2928947917425484, "poisson_deviance_explained": 0.5318152140276169}, "9": {"AUC": NaN, "kappa": NaN, "f1": NaN, "precision": NaN, "recall": NaN, "average_precision": NaN, "Spearman_r": 0.7427165043287658, "Pearson_r": 0.7907772420827068, "R2": 0.6153184353423592, "MAE": 0.423873274916357, "MSE": 0.2896976484013006, "poisson_deviance_explained": 0.5119276315342439}, "10": {"AUC": NaN, "kappa": NaN, "f1": NaN, "precision": NaN, "recall": NaN, "average_precision": NaN, "Spearman_r": 0.7323814699014192, "Pearson_r": 0.782519899773044, "R2": 0.6015645456214194, "MAE": 0.42249810768266843, "MSE": 0.2851112639919813, "poisson_deviance_explained": 0.4952303974235017}, "11": {"AUC": NaN, "kappa": NaN, "f1": NaN, "precision": NaN, "recall": NaN, "average_precision": NaN, "Spearman_r": 0.7081518488671211, "Pearson_r": 0.7689319526753277, "R2": 0.5868040550458309, "MAE": 0.40849451871813075, "MSE": 0.2781321736777088, "poisson_deviance_explained": 0.4855488886262276}, "12": {"AUC": NaN, "kappa": NaN, "f1": NaN, "precision": NaN, "recall": NaN, "average_precision": NaN, "Spearman_r": 0.7144411162901781, "Pearson_r": 0.7794263053031255, "R2": 0.6028357880526625, "MAE": 0.37549063823396805, "MSE": 0.24086309336308384, "poisson_deviance_explained": 0.49614637402035544}, "13": {"AUC": NaN, "kappa": NaN, "f1": NaN, "precision": NaN, "recall": NaN, "average_precision": NaN, "Spearman_r": 0.723233183268491, "Pearson_r": 0.8043162506521875, "R2": 0.6438337462506507, "MAE": 0.3476281805950087, "MSE": 0.2159972789230555, "poisson_deviance_explained": 0.5255707934484487}, "14": {"AUC": NaN, "kappa": NaN, "f1": NaN, "precision": NaN, "recall": NaN, "average_precision": NaN, "Spearman_r": 0.7361911243001931, "Pearson_r": 0.8197194731034727, "R2": 0.6692243013459278, "MAE": 0.3347377572864861, "MSE": 0.20795503838397858, "poisson_deviance_explained": 0.5546361549359022}, "15": {"AUC": NaN, "kappa": NaN, "f1": NaN, "precision": NaN, "recall": NaN, "average_precision": NaN, "Spearman_r": 0.7619458935884237, "Pearson_r": 0.8310231145650082, "R2": 0.6880760857751547, "MAE": 0.34238238817933525, "MSE": 0.20978915233701856, "poisson_deviance_explained": 0.5695914345373979}, "16": {"AUC": NaN, "kappa": NaN, "f1": NaN, "precision": NaN, "recall": NaN, "average_precision": NaN, "Spearman_r": 0.785753355526533, "Pearson_r": 0.8318257015593391, "R2": 0.6876458026976948, "MAE": 0.3850019680508195, "MSE": 0.25124812671403735, "poisson_deviance_explained": 0.5704903330894135}, "17": {"AUC": NaN, "kappa": NaN, "f1": NaN, "precision": NaN, "recall": NaN, "average_precision": NaN, "Spearman_r": 0.7941342166472048, "Pearson_r": 0.8365677264550803, "R2": 0.6938743794546858, "MAE": 0.38270268545317077, "MSE": 0.2485704054847153, "poisson_deviance_explained": 0.5847647144076911}, "18": {"AUC": NaN, "kappa": NaN, "f1": NaN, "precision": NaN, "recall": NaN, "average_precision": NaN, "Spearman_r": 0.8081741009538238, "Pearson_r": 0.8431886725039193, "R2": 0.7048088707957246, "MAE": 0.39782214294401075, "MSE": 0.26555864066513685, "poisson_deviance_explained": 0.5924552413999953}, "19": {"AUC": NaN, "kappa": NaN, "f1": NaN, "precision": NaN, "recall": NaN, "average_precision": NaN, "Spearman_r": 0.8171606691428479, "Pearson_r": 0.8420165939886244, "R2": 0.7030997175859808, "MAE": 0.40588188430885935, "MSE": 0.2744495701718276, "poisson_deviance_explained": 0.5942781220906292}, "20": {"AUC": NaN, "kappa": NaN, "f1": NaN, "precision": NaN, "recall": NaN, "average_precision": NaN, "Spearman_r": 0.7784876998374267, "Pearson_r": 0.818895842578864, "R2": 0.6647749550226706, "MAE": 0.41237214754432566, "MSE": 0.28113143474873187, "poisson_deviance_explained": 0.5555534106922886}, "21": {"AUC": NaN, "kappa": NaN, "f1": NaN, "precision": NaN, "recall": NaN, "average_precision": NaN, "Spearman_r": 0.7697308195450088, "Pearson_r": 0.8070128084031292, "R2": 0.6449857980763947, "MAE": 0.4124666073991331, "MSE": 0.2821672727964501, "poisson_deviance_explained": 0.5375041084638441}, "22": {"AUC": NaN, "kappa": NaN, "f1": NaN, "precision": NaN, "recall": NaN, "average_precision": NaN, "Spearman_r": 0.7659753342416066, "Pearson_r": 0.8064445134274675, "R2": 0.6458030275085667, "MAE": 0.4040332361568367, "MSE": 0.2752371467113199, "poisson_deviance_explained": 0.5358612094473034}, "23": {"AUC": NaN, "kappa": NaN, "f1": NaN, "precision": NaN, "recall": NaN, "average_precision": NaN, "Spearman_r": 0.7642011473297575, "Pearson_r": 0.8046772723482767, "R2": 0.6422956775213701, "MAE": 0.41042948300624243, "MSE": 0.2855379874056445, "poisson_deviance_explained": 0.5347957998823385}, "24": {"AUC": NaN, "kappa": NaN, "f1": NaN, "precision": NaN, "recall": NaN, "average_precision": NaN, "Spearman_r": 0.7888088982369835, "Pearson_r": 0.8204190936144086, "R2": 0.6673250081091562, "MAE": 0.4098046101079845, "MSE": 0.28497562114975755, "poisson_deviance_explained": 0.5647350060061027}, "25": {"AUC": NaN, "kappa": NaN, "f1": NaN, "precision": NaN, "recall": NaN, "average_precision": NaN, "Spearman_r": 0.7655155728772269, "Pearson_r": 0.807115517700597, "R2": 0.6441686849766426, "MAE": 0.40606354046857634, "MSE": 0.2760024619256237, "poisson_deviance_explained": 0.5415201919542054}, "26": {"AUC": NaN, "kappa": NaN, "f1": NaN, "precision": NaN, "recall": NaN, "average_precision": NaN, "Spearman_r": 0.7760699743255198, "Pearson_r": 0.8121937821744653, "R2": 0.6545188834388803, "MAE": 0.4070638950498116, "MSE": 0.2799757844426135, "poisson_deviance_explained": 0.5528814355849904}, "27": {"AUC": NaN, "kappa": NaN, "f1": NaN, "precision": NaN, "recall": NaN, "average_precision": NaN, "Spearman_r": 0.7885840999249928,