{"1": {"AUC": NaN, "kappa": NaN, "f1": NaN, "precision": NaN, "recall": NaN, "average_precision": NaN, "Spearman_r": 0.7356304084522921, "Pearson_r": 0.7654323561679022, "R2": 0.5845543224403836, "MAE": 0.41893322418957885, "MSE": 0.3357548198151429, "poisson_deviance_explained": 0.5239545994789986}, "2": {"AUC": NaN, "kappa": NaN, "f1": NaN, "precision": NaN, "recall": NaN, "average_precision": NaN, "Spearman_r": 0.7828997788003189, "Pearson_r": 0.811769828234308, "R2": 0.6566892544026122, "MAE": 0.390416806482195, "MSE": 0.3116836297036504, "poisson_deviance_explained": 0.5945244580676732}, "3": {"AUC": NaN, "kappa": NaN, "f1": NaN, "precision": NaN, "recall": NaN, "average_precision": NaN, "Spearman_r": 0.770787841096048, "Pearson_r": 0.8099885110071559, "R2": 0.6549935103168771, "MAE": 0.36937219654726267, "MSE": 0.2791090721834925, "poisson_deviance_explained": 0.5835968903230704}, "4": {"AUC": NaN, "kappa": NaN, "f1": NaN, "precision": NaN, "recall": NaN, "average_precision": NaN, "Spearman_r": 0.7490932208566533, "Pearson_r": 0.80058539338817, "R2": 0.6399979636849515, "MAE": 0.3848150017113558, "MSE": 0.3054979876866934, "poisson_deviance_explained": 0.5663941536940311}, "5": {"AUC": NaN, "kappa": NaN, "f1": NaN, "precision": NaN, "recall": NaN, "average_precision": NaN, "Spearman_r": 0.7546758492004899, "Pearson_r": 0.8023196149522019, "R2": 0.6418176308827355, "MAE": 0.35978083590932, "MSE": 0.2584664735590931, "poisson_deviance_explained": 0.5618338330446624}, "6": {"AUC": NaN, "kappa": NaN, "f1": NaN, "precision": NaN, "recall": NaN, "average_precision": NaN, "Spearman_r": 0.7489268990737519, "Pearson_r": 0.800212675263606, "R2": 0.6367311693370269, "MAE": 0.361686467399268, "MSE": 0.24976136892388115, "poisson_deviance_explained": 0.5543862115188922}, "7": {"AUC": NaN, "kappa": NaN, "f1": NaN, "precision": NaN, "recall": NaN, "average_precision": NaN, "Spearman_r": 0.7401252056856408, "Pearson_r": 0.784819054598089, "R2": 0.6145885418845367, "MAE": 0.37960440738073525, "MSE": 0.2695828638261824, "poisson_deviance_explained": 0.5241871133146128}, "8": {"AUC": NaN, "kappa": NaN, "f1": NaN, "precision": NaN, "recall": NaN, "average_precision": NaN, "Spearman_r": 0.7450997404761787, "Pearson_r": 0.7822980347630014, "R2": 0.6095269718250536, "MAE": 0.4055116860691888, "MSE": 0.28953628446570445, "poisson_deviance_explained": 0.5161612279480075}, "9": {"AUC": NaN, "kappa": NaN, "f1": NaN, "precision": NaN, "recall": NaN, "average_precision": NaN, "Spearman_r": 0.7299072785550003, "Pearson_r": 0.7658386439716859, "R2": 0.5833435279721392, "MAE": 0.4118394850475408, "MSE": 0.2939725333363693, "poisson_deviance_explained": 0.49781352362226294}, "10": {"AUC": NaN, "kappa": NaN, "f1": NaN, "precision": NaN, "recall": NaN, "average_precision": NaN, "Spearman_r": 0.7272157756867409, "Pearson_r": 0.775817191845247, "R2": 0.5975608137803239, "MAE": 0.4024072475029582, "MSE": 0.2785098004182015, "poisson_deviance_explained": 0.5047872817179628}, "11": {"AUC": NaN, "kappa": NaN, "f1": NaN, "precision": NaN, "recall": NaN, "average_precision": NaN, "Spearman_r": 0.7367496255049164, "Pearson_r": 0.7992127579138125, "R2": 0.6348905209505178, "MAE": 0.3705052586518168, "MSE": 0.24645808779303205, "poisson_deviance_explained": 0.5424499003131398}, "12": {"AUC": NaN, "kappa": NaN, "f1": NaN, "precision": NaN, "recall": NaN, "average_precision": NaN, "Spearman_r": 0.7369238202580162, "Pearson_r": 0.806917856046676, "R2": 0.6490357395328926, "MAE": 0.37328145940245383, "MSE": 0.2535757376214267, "poisson_deviance_explained": 0.5346217380282268}, "13": {"AUC": NaN, "kappa": NaN, "f1": NaN, "precision": NaN, "recall": NaN, "average_precision": NaN, "Spearman_r": 0.7319222214630986, "Pearson_r": 0.8099279501907003, "R2": 0.6547939499305013, "MAE": 0.34489549872398184, "MSE": 0.22874560088652687, "poisson_deviance_explained": 0.5462052294830684}, "14": {"AUC": NaN, "kappa": NaN, "f1": NaN, "precision": NaN, "recall": NaN, "average_precision": NaN, "Spearman_r": 0.7323584270257008, "Pearson_r": 0.8129384359191009, "R2": 0.6593774944299056, "MAE": 0.32997640504023185, "MSE": 0.20451218849784683, "poisson_deviance_explained": 0.5489138849949172}, "15": {"AUC": NaN, "kappa": NaN, "f1": NaN, "precision": NaN, "recall": NaN, "average_precision": NaN, "Spearman_r": 0.7586483508597781, "Pearson_r": 0.8245656692055503, "R2": 0.6788977590610792, "MAE": 0.34084146767386586, "MSE": 0.22952345616044395, "poisson_deviance_explained": 0.5810033793868727}, "16": {"AUC": NaN, "kappa": NaN, "f1": NaN, "precision": NaN, "recall": NaN, "average_precision": NaN, "Spearman_r": 0.8009176986377763, "Pearson_r": 0.8479369022868462, "R2": 0.7172073527284288, "MAE": 0.35561273882721267, "MSE": 0.24079865901464947, "poisson_deviance_explained": 0.6151241626527504}, "17": {"AUC": NaN, "kappa": NaN, "f1": NaN, "precision": NaN, "recall": NaN, "average_precision": NaN, "Spearman_r": 0.8068910689392117, "Pearson_r": 0.8400889530323277, "R2": 0.7040898520644647, "MAE": 0.37055653243031517, "MSE": 0.2669008736836661, "poisson_deviance_explained": 0.6120123020047976}, "18": {"AUC": NaN, "kappa": NaN, "f1": NaN, "precision": NaN, "recall": NaN, "average_precision": NaN, "Spearman_r": 0.7988825008959981, "Pearson_r": 0.8244433089953007, "R2": 0.6792296497993507, "MAE": 0.3947192889388691, "MSE": 0.2940097491273738, "poisson_deviance_explained": 0.5830804425601434}, "19": {"AUC": NaN, "kappa": NaN, "f1": NaN, "precision": NaN, "recall": NaN, "average_precision": NaN, "Spearman_r": 0.8196502009208843, "Pearson_r": 0.8440925431632346, "R2": 0.7101408744302765, "MAE": 0.3857055267696564, "MSE": 0.2765515395025276, "poisson_deviance_explained": 0.6133733285678895}, "20": {"AUC": NaN, "kappa": NaN, "f1": NaN, "precision": NaN, "recall": NaN, "average_precision": NaN, "Spearman_r": 0.7941364466944311, "Pearson_r": 0.8255147370380713, "R2": 0.6779928637473784, "MAE": 0.39802796225206916, "MSE": 0.28795256868993163, "poisson_deviance_explained": 0.5838717656992778}, "21": {"AUC": NaN, "kappa": NaN, "f1": NaN, "precision": NaN, "recall": NaN, "average_precision": NaN, "Spearman_r": 0.7784033810096632, "Pearson_r": 0.8188668841754605, "R2": 0.6683097967621061, "MAE": 0.3808607557384974, "MSE": 0.2707288625419595, "poisson_deviance_explained": 0.5692280553929921}, "22": {"AUC": NaN, "kappa": NaN, "f1": NaN, "precision": NaN, "recall": NaN, "average_precision": NaN, "Spearman_r": 0.7733105072148323, "Pearson_r": 0.812878889000453, "R2": 0.6585738456674639, "MAE": 0.37095727755532254, "MSE": 0.25902780000826203, "poisson_deviance_explained": 0.566879038622757}, "23": {"AUC": NaN, "kappa": NaN, "f1": NaN, "precision": NaN, "recall": NaN, "average_precision": NaN, "Spearman_r": 0.778608657116531, "Pearson_r": 0.8050679923017865, "R2": 0.6467992977598078, "MAE": 0.3730842119768081, "MSE": 0.2554405598626008, "poisson_deviance_explained": 0.5510085191857309}, "24": {"AUC": NaN, "kappa": NaN, "f1": NaN, "precision": NaN, "recall": NaN, "average_precision": NaN, "Spearman_r": 0.7822043484130944, "Pearson_r": 0.8032514362409277, "R2": 0.6427142298743178, "MAE": 0.4073648452471039, "MSE": 0.3118744761124399, "poisson_deviance_explained": 0.5615236732591115}, "25": {"AUC": NaN, "kappa": NaN, "f1": NaN, "precision": NaN, "recall": NaN, "average_precision": NaN, "Spearman_r": 0.7682193828479352, "Pearson_r": 0.7869296327363475, "R2": 0.6161500040809854, "MAE": 0.417296960390219, "MSE": 0.3187998869321603, "poisson_deviance_explained": 0.5432333026392291}, "26": {"AUC": NaN, "kappa": NaN, "f1": NaN, "precision": NaN, "recall": NaN, "average_precision": NaN, "Spearman_r": 0.7709760157385778, "Pearson_r": 0.7962006370727945, "R2": 0.631180834582435, "MAE": 0.3988631923229606, "MSE": 0.29934994018030164, "poisson_deviance_explained": 0.5577506182803235}, "27": {"AUC": NaN, "kappa": NaN, "f1": NaN, "precision": NaN, "recall": NaN, "average_precision": NaN, "Spearman_r": 0.7819726698361568, "Pearson_r": 0.8138882002525464,