{"1": {"AUC": NaN, "kappa": NaN, "f1": NaN, "precision": NaN, "recall": NaN, "average_precision": NaN, "Spearman_r": 0.7441073642451238, "Pearson_r": 0.7932914947325816, "R2": 0.625661082075031, "MAE": 0.38627975061075487, "MSE": 0.290920278065689, "poisson_deviance_explained": 0.5535528160394791}, "2": {"AUC": NaN, "kappa": NaN, "f1": NaN, "precision": NaN, "recall": NaN, "average_precision": NaN, "Spearman_r": 0.7383906463072967, "Pearson_r": 0.7728626580582832, "R2": 0.5970992809337098, "MAE": 0.4039776891363681, "MSE": 0.3337182464832484, "poisson_deviance_explained": 0.5414138469751878}, "3": {"AUC": NaN, "kappa": NaN, "f1": NaN, "precision": NaN, "recall": NaN, "average_precision": NaN, "Spearman_r": 0.7612138156278153, "Pearson_r": 0.8107177906629041, "R2": 0.6510235835974639, "MAE": 0.3654839474983165, "MSE": 0.28033492463948595, "poisson_deviance_explained": 0.5810438216643433}, "4": {"AUC": NaN, "kappa": NaN, "f1": NaN, "precision": NaN, "recall": NaN, "average_precision": NaN, "Spearman_r": 0.74375767960409, "Pearson_r": 0.7944380361937632, "R2": 0.6285368862049829, "MAE": 0.3698161421720709, "MSE": 0.29283050186295, "poisson_deviance_explained": 0.5693887872558527}, "5": {"AUC": NaN, "kappa": NaN, "f1": NaN, "precision": NaN, "recall": NaN, "average_precision": NaN, "Spearman_r": 0.7578439311267975, "Pearson_r": 0.7955155275819795, "R2": 0.6300154484292435, "MAE": 0.39339256504769254, "MSE": 0.3087369329281013, "poisson_deviance_explained": 0.5707419086272788}, "6": {"AUC": NaN, "kappa": NaN, "f1": NaN, "precision": NaN, "recall": NaN, "average_precision": NaN, "Spearman_r": 0.7438962088410411, "Pearson_r": 0.7924848493962665, "R2": 0.6222657954675521, "MAE": 0.3881919385293979, "MSE": 0.27532216827681794, "poisson_deviance_explained": 0.5414937158281183}, "7": {"AUC": NaN, "kappa": NaN, "f1": NaN, "precision": NaN, "recall": NaN, "average_precision": NaN, "Spearman_r": 0.7279176494013199, "Pearson_r": 0.7830244337909192, "R2": 0.6042708958735793, "MAE": 0.40818221637457264, "MSE": 0.29035069068372876, "poisson_deviance_explained": 0.5244578324614012}, "8": {"AUC": NaN, "kappa": NaN, "f1": NaN, "precision": NaN, "recall": NaN, "average_precision": NaN, "Spearman_r": 0.715536211059637, "Pearson_r": 0.756278334234562, "R2": 0.5690361575628144, "MAE": 0.4223485547924699, "MSE": 0.31431219950039885, "poisson_deviance_explained": 0.4911853169966981}, "9": {"AUC": NaN, "kappa": NaN, "f1": NaN, "precision": NaN, "recall": NaN, "average_precision": NaN, "Spearman_r": 0.7306212075421301, "Pearson_r": 0.778527001480321, "R2": 0.5969554527090901, "MAE": 0.392191656520533, "MSE": 0.2696067922528537, "poisson_deviance_explained": 0.5184250767390104}, "10": {"AUC": NaN, "kappa": NaN, "f1": NaN, "precision": NaN, "recall": NaN, "average_precision": NaN, "Spearman_r": 0.7228292612357909, "Pearson_r": 0.7736960536114055, "R2": 0.5921075156315043, "MAE": 0.40943180388234096, "MSE": 0.2885099564932626, "poisson_deviance_explained": 0.5105172957424011}, "11": {"AUC": NaN, "kappa": NaN, "f1": NaN, "precision": NaN, "recall": NaN, "average_precision": NaN, "Spearman_r": 0.713814560859185, "Pearson_r": 0.7575098103508405, "R2": 0.5677227056468546, "MAE": 0.42212143764964816, "MSE": 0.3089354770210183, "poisson_deviance_explained": 0.49828080976637923}, "12": {"AUC": NaN, "kappa": NaN, "f1": NaN, "precision": NaN, "recall": NaN, "average_precision": NaN, "Spearman_r": 0.6978760949292002, "Pearson_r": 0.7623946423282782, "R2": 0.5797563906470159, "MAE": 0.37495427381984686, "MSE": 0.27049983403204547, "poisson_deviance_explained": 0.49781498241384536}, "13": {"AUC": NaN, "kappa": NaN, "f1": NaN, "precision": NaN, "recall": NaN, "average_precision": NaN, "Spearman_r": 0.7182026987871059, "Pearson_r": 0.7933253733172112, "R2": 0.6286340224231114, "MAE": 0.3482128040312444, "MSE": 0.23427320344686442, "poisson_deviance_explained": 0.527473702347514}, "14": {"AUC": NaN, "kappa": NaN, "f1": NaN, "precision": NaN, "recall": NaN, "average_precision": NaN, "Spearman_r": 0.6926909568764396, "Pearson_r": 0.775801674556188, "R2": 0.599488556842621, "MAE": 0.3211976937395574, "MSE": 0.20615592540192826, "poisson_deviance_explained": 0.5057510831399948}, "15": {"AUC": NaN, "kappa": NaN, "f1": NaN, "precision": NaN, "recall": NaN, "average_precision": NaN, "Spearman_r": 0.7056965946757113, "Pearson_r": 0.7968475240280903, "R2": 0.6339946448945264, "MAE": 0.32300711424138884, "MSE": 0.20815428145951162, "poisson_deviance_explained": 0.5314340630451544}, "16": {"AUC": NaN, "kappa": NaN, "f1": NaN, "precision": NaN, "recall": NaN, "average_precision": NaN, "Spearman_r": 0.777576175188167, "Pearson_r": 0.8323991749604222, "R2": 0.6912265932397845, "MAE": 0.36452326773678334, "MSE": 0.25414432374822715, "poisson_deviance_explained": 0.5879299618720035}, "17": {"AUC": NaN, "kappa": NaN, "f1": NaN, "precision": NaN, "recall": NaN, "average_precision": NaN, "Spearman_r": 0.8101159372477701, "Pearson_r": 0.8549737801654695, "R2": 0.723768296661867, "MAE": 0.3524197161775194, "MSE": 0.24803218295830576, "poisson_deviance_explained": 0.6411782886237631}, "18": {"AUC": NaN, "kappa": NaN, "f1": NaN, "precision": NaN, "recall": NaN, "average_precision": NaN, "Spearman_r": 0.8014833507926526, "Pearson_r": 0.8355301400659425, "R2": 0.6927311076184031, "MAE": 0.3805364382959273, "MSE": 0.2726108780277148, "poisson_deviance_explained": 0.6172142499925997}, "19": {"AUC": NaN, "kappa": NaN, "f1": NaN, "precision": NaN, "recall": NaN, "average_precision": NaN, "Spearman_r": 0.8246698039848673, "Pearson_r": 0.8470461699306726, "R2": 0.7126685876913025, "MAE": 0.3910251380595661, "MSE": 0.28726985782941605, "poisson_deviance_explained": 0.6366773951233932}, "20": {"AUC": NaN, "kappa": NaN, "f1": NaN, "precision": NaN, "recall": NaN, "average_precision": NaN, "Spearman_r": 0.8044461986672635, "Pearson_r": 0.8344278606337489, "R2": 0.6897033296631727, "MAE": 0.38208208023666596, "MSE": 0.27252703926663074, "poisson_deviance_explained": 0.6139472588713998}, "21": {"AUC": NaN, "kappa": NaN, "f1": NaN, "precision": NaN, "recall": NaN, "average_precision": NaN, "Spearman_r": 0.7820344838323906, "Pearson_r": 0.8262867537815952, "R2": 0.6766304141049635, "MAE": 0.3781555075810724, "MSE": 0.25970171559541144, "poisson_deviance_explained": 0.5853981934657501}, "22": {"AUC": NaN, "kappa": NaN, "f1": NaN, "precision": NaN, "recall": NaN, "average_precision": NaN, "Spearman_r": 0.7767211511822049, "Pearson_r": 0.8250455787337695, "R2": 0.6762053918864309, "MAE": 0.3758407528166189, "MSE": 0.26338428328701285, "poisson_deviance_explained": 0.5693195011165757}, "23": {"AUC": NaN, "kappa": NaN, "f1": NaN, "precision": NaN, "recall": NaN, "average_precision": NaN, "Spearman_r": 0.7408429187973419, "Pearson_r": 0.7917526630316887, "R2": 0.6241917371110777, "MAE": 0.369290114689011, "MSE": 0.2671212875506897, "poisson_deviance_explained": 0.5264712031281573}, "24": {"AUC": NaN, "kappa": NaN, "f1": NaN, "precision": NaN, "recall": NaN, "average_precision": NaN, "Spearman_r": 0.7614802162348238, "Pearson_r": 0.7999769930987104, "R2": 0.6357044715189395, "MAE": 0.3978149764308799, "MSE": 0.2951707331778789, "poisson_deviance_explained": 0.5523374924919671}, "25": {"AUC": NaN, "kappa": NaN, "f1": NaN, "precision": NaN, "recall": NaN, "average_precision": NaN, "Spearman_r": 0.7639377037800319, "Pearson_r": 0.790998573033901, "R2": 0.6220486109020974, "MAE": 0.4117147589538212, "MSE": 0.3102324821698295, "poisson_deviance_explained": 0.5523959891867535}, "26": {"AUC": NaN, "kappa": NaN, "f1": NaN, "precision": NaN, "recall": NaN, "average_precision": NaN, "Spearman_r": 0.7764437711312403, "Pearson_r": 0.7996966208463376, "R2": 0.6372720640777568, "MAE": 0.4126998741667227, "MSE": 0.31683559505664094, "poisson_deviance_explained": 0.5729819744802973}, "27": {"AUC": NaN, "kappa": NaN, "f1": NaN, "precision": NaN, "recall": NaN, "average_precision": NaN, "Spearman_r": 0.7609063088606005, "Pearson_r": 0.7976549014014175,