{"AUC": NaN, "kappa": NaN, "f1": NaN, "precision": NaN, "recall": NaN, "average_precision": NaN, "Spearman_r": 0.7517960791124427, "Pearson_r": 0.7992127917493306, "R2": 0.6350968850480037, "MAE": 0.3862518874770032, "MSE": 0.28145319097233773, "poisson_deviance_explained": 0.5538871443842877}