{"AUC": NaN, "kappa": NaN, "f1": NaN, "precision": NaN, "recall": NaN, "average_precision": NaN, "Spearman_r": 0.7315104536333721, "Pearson_r": 0.8042387912303341, "R2": 0.6397933522875463, "MAE": 0.36271753870622864, "MSE": 0.23388675146819324, "poisson_deviance_explained": 0.5430240632385515}
