{"AUC": NaN, "kappa": NaN, "f1": NaN, "precision": NaN, "recall": NaN, "average_precision": NaN, "Spearman_r": 0.7603335724632728, "Pearson_r": 0.8072089749962406, "R2": 0.6506439686444907, "MAE": 0.3672107747617456, "MSE": 0.2726924449434743, "poisson_deviance_explained": 0.568946248663273}