{"1": {"AUC": NaN, "kappa": NaN, "f1": NaN, "precision": NaN, "recall": NaN, "average_precision": NaN, "Spearman_r": 0.7520597327626085, "Pearson_r": 0.8206840309752356, "R2": 0.6669263667987464, "MAE": 0.3689726215318711, "MSE": 0.25645211787358846, "poisson_deviance_explained": 0.5773765445431216}, "2": {"AUC": NaN, "kappa": NaN, "f1": NaN, "precision": NaN, "recall": NaN, "average_precision": NaN, "Spearman_r": 0.7788624217784714, "Pearson_r": 0.8260959638922764, "R2": 0.6778954261840648, "MAE": 0.38243976574511657, "MSE": 0.2719874206589007, "poisson_deviance_explained": 0.5861949592252959}, "3": {"AUC": NaN, "kappa": NaN, "f1": NaN, "precision": NaN, "recall": NaN, "average_precision": NaN, "Spearman_r": 0.7804336728004736, "Pearson_r": 0.8244704464973188, "R2": 0.6747820222857123, "MAE": 0.3895788987430998, "MSE": 0.2787085621884461, "poisson_deviance_explained": 0.58065377782138}, "4": {"AUC": NaN, "kappa": NaN, "f1": NaN, "precision": NaN, "recall": NaN, "average_precision": NaN, "Spearman_r": 0.7245193009152898, "Pearson_r": 0.8087853604590928, "R2": 0.6503027848824817, "MAE": 0.3459797571729147, "MSE": 0.24244344127953374, "poisson_deviance_explained": 0.5550906975232412}, "5": {"AUC": NaN, "kappa": NaN, "f1": NaN, "precision": NaN, "recall": NaN, "average_precision": NaN, "Spearman_r": 0.7600760402989665, "Pearson_r": 0.8209142388556839, "R2": 0.6665025398649731, "MAE": 0.3726982792102099, "MSE": 0.24843660827661987, "poisson_deviance_explained": 0.5700563024035241}, "6": {"AUC": NaN, "kappa": NaN, "f1": NaN, "precision": NaN, "recall": NaN, "average_precision": NaN, "Spearman_r": 0.7511045079140001, "Pearson_r": 0.8107237501317553, "R2": 0.651157879162645, "MAE": 0.3761265417971003, "MSE": 0.2474851054205804, "poisson_deviance_explained": 0.5518336788603038}, "7": {"AUC": NaN, "kappa": NaN, "f1": NaN, "precision": NaN, "recall": NaN, "average_precision": NaN, "Spearman_r": 0.7476550227221007, "Pearson_r": 0.7943702996690098, "R2": 0.6240441385177395, "MAE": 0.4149888719610861, "MSE": 0.28546606827642035, "poisson_deviance_explained": 0.5225428593734338}, "8": {"AUC": NaN, "kappa": NaN, "f1": NaN, "precision": NaN, "recall": NaN, "average_precision": NaN, "Spearman_r": 0.7308815286695516, "Pearson_r": 0.7800741846339568, "R2": 0.6025687573616447, "MAE": 0.41776219869747727, "MSE": 0.2870774082687257, "poisson_deviance_explained": 0.503345670084401}, "9": {"AUC": NaN, "kappa": NaN, "f1": NaN, "precision": NaN, "recall": NaN, "average_precision": NaN, "Spearman_r": 0.7394611961321121, "Pearson_r": 0.785445076279002, "R2": 0.6095854404262597, "MAE": 0.42067687718008606, "MSE": 0.28846537458964205, "poisson_deviance_explained": 0.5035240051804986}, "10": {"AUC": NaN, "kappa": NaN, "f1": NaN, "precision": NaN, "recall": NaN, "average_precision": NaN, "Spearman_r": 0.7224754005370971, "Pearson_r": 0.7712210578339836, "R2": 0.5846371081389152, "MAE": 0.42180886900196607, "MSE": 0.28484936293055035, "poisson_deviance_explained": 0.4859180150010618}, "11": {"AUC": NaN, "kappa": NaN, "f1": NaN, "precision": NaN, "recall": NaN, "average_precision": NaN, "Spearman_r": 0.705464449608866, "Pearson_r": 0.7693061762349139, "R2": 0.58510690289916, "MAE": 0.39954847978604563, "MSE": 0.2645611700144581, "poisson_deviance_explained": 0.4835281456681152}, "12": {"AUC": NaN, "kappa": NaN, "f1": NaN, "precision": NaN, "recall": NaN, "average_precision": NaN, "Spearman_r": 0.7347279304757262, "Pearson_r": 0.790359526115822, "R2": 0.6186995603845898, "MAE": 0.38065348818086564, "MSE": 0.24662468528589931, "poisson_deviance_explained": 0.5140736899219303}, "13": {"AUC": NaN, "kappa": NaN, "f1": NaN, "precision": NaN, "recall": NaN, "average_precision": NaN, "Spearman_r": 0.7138143884490964, "Pearson_r": 0.7985565558252, "R2": 0.6357809403444437, "MAE": 0.331385869596732, "MSE": 0.19930320767576273, "poisson_deviance_explained": 0.5248725011157814}, "14": {"AUC": NaN, "kappa": NaN, "f1": NaN, "precision": NaN, "recall": NaN, "average_precision": NaN, "Spearman_r": 0.7273266667562005, "Pearson_r": 0.8097513423693962, "R2": 0.6540542284307994, "MAE": 0.3324448760759367, "MSE": 0.2016839052919796, "poisson_deviance_explained": 0.5421465685572542}, "15": {"AUC": NaN, "kappa": NaN, "f1": NaN, "precision": NaN, "recall": NaN, "average_precision": NaN, "Spearman_r": 0.7245483578942773, "Pearson_r": 0.8065372415743931, "R2": 0.6472830132877003, "MAE": 0.33089152963404705, "MSE": 0.20157086929173945, "poisson_deviance_explained": 0.5439446532018357}, "16": {"AUC": NaN, "kappa": NaN, "f1": NaN, "precision": NaN, "recall": NaN, "average_precision": NaN, "Spearman_r": 0.7656596567999053, "Pearson_r": 0.8325695647983355, "R2": 0.6883383158859854, "MAE": 0.3513273892798367, "MSE": 0.21860417358631948, "poisson_deviance_explained": 0.5760188763247702}, "17": {"AUC": NaN, "kappa": NaN, "f1": NaN, "precision": NaN, "recall": NaN, "average_precision": NaN, "Spearman_r": 0.7723052167619673, "Pearson_r": 0.8341903358542356, "R2": 0.6909741306120216, "MAE": 0.3627184483158559, "MSE": 0.23213096256034668, "poisson_deviance_explained": 0.5789685014484787}, "18": {"AUC": NaN, "kappa": NaN, "f1": NaN, "precision": NaN, "recall": NaN, "average_precision": NaN, "Spearman_r": 0.7924439553728634, "Pearson_r": 0.8336600982865267, "R2": 0.6888328273324529, "MAE": 0.3868510403130852, "MSE": 0.2558953864422217, "poisson_deviance_explained": 0.5801152867359893}, "19": {"AUC": NaN, "kappa": NaN, "f1": NaN, "precision": NaN, "recall": NaN, "average_precision": NaN, "Spearman_r": 0.7798518325991379, "Pearson_r": 0.8286018580842318, "R2": 0.6803992969991315, "MAE": 0.39779804086182974, "MSE": 0.26915533875243486, "poisson_deviance_explained": 0.5698700601646056}, "20": {"AUC": NaN, "kappa": NaN, "f1": NaN, "precision": NaN, "recall": NaN, "average_precision": NaN, "Spearman_r": 0.7861744959891733, "Pearson_r": 0.8300686827899437, "R2": 0.6834365835793539, "MAE": 0.39668641457957327, "MSE": 0.2663399719740879, "poisson_deviance_explained": 0.5726833029162008}, "21": {"AUC": NaN, "kappa": NaN, "f1": NaN, "precision": NaN, "recall": NaN, "average_precision": NaN, "Spearman_r": 0.7736463833547341, "Pearson_r": 0.821038770242869, "R2": 0.666847477669924, "MAE": 0.3913081611034666, "MSE": 0.2643243613918059, "poisson_deviance_explained": 0.5659825407711212}, "22": {"AUC": NaN, "kappa": NaN, "f1": NaN, "precision": NaN, "recall": NaN, "average_precision": NaN, "Spearman_r": 0.7721134956255062, "Pearson_r": 0.8215512513440953, "R2": 0.6690307406155236, "MAE": 0.3809169819753245, "MSE": 0.24980673571741868, "poisson_deviance_explained": 0.5578819950295023}, "23": {"AUC": NaN, "kappa": NaN, "f1": NaN, "precision": NaN, "recall": NaN, "average_precision": NaN, "Spearman_r": 0.7645424808787064, "Pearson_r": 0.8174092203909663, "R2": 0.6622442026935084, "MAE": 0.38189109522024434, "MSE": 0.2520123718628466, "poisson_deviance_explained": 0.5546668838303641}, "24": {"AUC": NaN, "kappa": NaN, "f1": NaN, "precision": NaN, "recall": NaN, "average_precision": NaN, "Spearman_r": 0.769264931588123, "Pearson_r": 0.8118112306504573, "R2": 0.6531956074502552, "MAE": 0.4001954512732052, "MSE": 0.27526293850802874, "poisson_deviance_explained": 0.5507813256412026}, "25": {"AUC": NaN, "kappa": NaN, "f1": NaN, "precision": NaN, "recall": NaN, "average_precision": NaN, "Spearman_r": 0.7768183247769839, "Pearson_r": 0.8122535124570184, "R2": 0.6513913903245827, "MAE": 0.4234499531690358, "MSE": 0.29895282540366896, "poisson_deviance_explained": 0.5543581293080364}, "26": {"AUC": NaN, "kappa": NaN, "f1": NaN, "precision": NaN, "recall": NaN, "average_precision": NaN, "Spearman_r": 0.7727913332327409, "Pearson_r": 0.8139319665849838, "R2": 0.654290618734945, "MAE": 0.41592187026101324, "MSE": 0.2867768364554925, "poisson_deviance_explained": 0.5509816152723979}, "27": {"AUC": NaN, "kappa": NaN, "f1": NaN, "precision": NaN, "recall": NaN, "average_precision": NaN, "Spearman_r": 0.7629104544918293, "Pearson_r": 0.8101479975825711,