{"1": {"AUC": NaN, "kappa": NaN, "f1": NaN, "precision": NaN, "recall": NaN, "average_precision": NaN, "Spearman_r": 0.7344643459205699, "Pearson_r": 0.7764325228580704, "R2": 0.6021244929483969, "MAE": 0.38767080821438127, "MSE": 0.3052346331002042, "poisson_deviance_explained": 0.5280883405563943}, "2": {"AUC": NaN, "kappa": NaN, "f1": NaN, "precision": NaN, "recall": NaN, "average_precision": NaN, "Spearman_r": 0.7527106767881367, "Pearson_r": 0.7866817887753259, "R2": 0.6180536790926112, "MAE": 0.3716479811850087, "MSE": 0.2922963627376895, "poisson_deviance_explained": 0.5648798736745944}, "3": {"AUC": NaN, "kappa": NaN, "f1": NaN, "precision": NaN, "recall": NaN, "average_precision": NaN, "Spearman_r": 0.7733614940621197, "Pearson_r": 0.8375027056122607, "R2": 0.6975146405579884, "MAE": 0.3160146277556981, "MSE": 0.23013496606098693, "poisson_deviance_explained": 0.6297763959802567}, "4": {"AUC": NaN, "kappa": NaN, "f1": NaN, "precision": NaN, "recall": NaN, "average_precision": NaN, "Spearman_r": 0.7512665589874631, "Pearson_r": 0.8083813232352498, "R2": 0.6512310659965023, "MAE": 0.3472688648019692, "MSE": 0.2758202123480336, "poisson_deviance_explained": 0.5830784537796179}, "5": {"AUC": NaN, "kappa": NaN, "f1": NaN, "precision": NaN, "recall": NaN, "average_precision": NaN, "Spearman_r": 0.766051665149795, "Pearson_r": 0.8221985389251607, "R2": 0.6749243164797237, "MAE": 0.32875411630442314, "MSE": 0.24614902170746808, "poisson_deviance_explained": 0.6156835385343626}, "6": {"AUC": NaN, "kappa": NaN, "f1": NaN, "precision": NaN, "recall": NaN, "average_precision": NaN, "Spearman_r": 0.7510379395973984, "Pearson_r": 0.7746440372743996, "R2": 0.5997790278900017, "MAE": 0.39181090750024045, "MSE": 0.2982212987373785, "poisson_deviance_explained": 0.5299185021079857}, "7": {"AUC": NaN, "kappa": NaN, "f1": NaN, "precision": NaN, "recall": NaN, "average_precision": NaN, "Spearman_r": 0.7481477159945706, "Pearson_r": 0.7861183326711234, "R2": 0.6170475076316442, "MAE": 0.38662646930785777, "MSE": 0.2971467664406559, "poisson_deviance_explained": 0.5458188358382293}, "8": {"AUC": NaN, "kappa": NaN, "f1": NaN, "precision": NaN, "recall": NaN, "average_precision": NaN, "Spearman_r": 0.7455618664213772, "Pearson_r": 0.7866099989886077, "R2": 0.6163535379311831, "MAE": 0.3860475000778433, "MSE": 0.2856014627519149, "poisson_deviance_explained": 0.5233251861668307}, "9": {"AUC": NaN, "kappa": NaN, "f1": NaN, "precision": NaN, "recall": NaN, "average_precision": NaN, "Spearman_r": 0.7513871564519832, "Pearson_r": 0.7981722150190694, "R2": 0.6358057679342575, "MAE": 0.3928729870757612, "MSE": 0.29336568863112805, "poisson_deviance_explained": 0.5495199369445658}, "10": {"AUC": NaN, "kappa": NaN, "f1": NaN, "precision": NaN, "recall": NaN, "average_precision": NaN, "Spearman_r": 0.7403858210668454, "Pearson_r": 0.7823979406363925, "R2": 0.6097908100775359, "MAE": 0.3820269124416359, "MSE": 0.26747106717545044, "poisson_deviance_explained": 0.5279047786250379}, "11": {"AUC": NaN, "kappa": NaN, "f1": NaN, "precision": NaN, "recall": NaN, "average_precision": NaN, "Spearman_r": 0.6931568685520064, "Pearson_r": 0.7407189598118424, "R2": 0.5482026918217291, "MAE": 0.38474339110519024, "MSE": 0.2905676378706498, "poisson_deviance_explained": 0.49037266606664476}, "12": {"AUC": NaN, "kappa": NaN, "f1": NaN, "precision": NaN, "recall": NaN, "average_precision": NaN, "Spearman_r": 0.7225977883113366, "Pearson_r": 0.7949989904170167, "R2": 0.6300411212376253, "MAE": 0.3454634783678825, "MSE": 0.23495881857119064, "poisson_deviance_explained": 0.5330091119569651}, "13": {"AUC": NaN, "kappa": NaN, "f1": NaN, "precision": NaN, "recall": NaN, "average_precision": NaN, "Spearman_r": 0.7414926475748881, "Pearson_r": 0.8208888460320689, "R2": 0.6731438724101624, "MAE": 0.3241216102865538, "MSE": 0.21825746092549392, "poisson_deviance_explained": 0.5774976010347551}, "14": {"AUC": NaN, "kappa": NaN, "f1": NaN, "precision": NaN, "recall": NaN, "average_precision": NaN, "Spearman_r": 0.7011790532639042, "Pearson_r": 0.7970012833569013, "R2": 0.6350850999231321, "MAE": 0.2950746732423713, "MSE": 0.19243241388617005, "poisson_deviance_explained": 0.5308695247162253}, "15": {"AUC": NaN, "kappa": NaN, "f1": NaN, "precision": NaN, "recall": NaN, "average_precision": NaN, "Spearman_r": 0.7308317209168432, "Pearson_r": 0.8134588431553665, "R2": 0.6606248085035523, "MAE": 0.322747280483565, "MSE": 0.21851432323550554, "poisson_deviance_explained": 0.5744703480171003}, "16": {"AUC": NaN, "kappa": NaN, "f1": NaN, "precision": NaN, "recall": NaN, "average_precision": NaN, "Spearman_r": 0.7779519588959428, "Pearson_r": 0.8309992541423211, "R2": 0.689707496626655, "MAE": 0.3765870802867366, "MSE": 0.2713239186773793, "poisson_deviance_explained": 0.5829215354245096}, "17": {"AUC": NaN, "kappa": NaN, "f1": NaN, "precision": NaN, "recall": NaN, "average_precision": NaN, "Spearman_r": 0.7879831378221751, "Pearson_r": 0.841024936961721, "R2": 0.7054106536038329, "MAE": 0.3583193613991803, "MSE": 0.27532422326460726, "poisson_deviance_explained": 0.61713786856075}, "18": {"AUC": NaN, "kappa": NaN, "f1": NaN, "precision": NaN, "recall": NaN, "average_precision": NaN, "Spearman_r": 0.7863602240545234, "Pearson_r": 0.8200436287136897, "R2": 0.6711669219791397, "MAE": 0.3931009745220936, "MSE": 0.3068550997040289, "poisson_deviance_explained": 0.5800379733138743}, "19": {"AUC": NaN, "kappa": NaN, "f1": NaN, "precision": NaN, "recall": NaN, "average_precision": NaN, "Spearman_r": 0.7990428648827912, "Pearson_r": 0.8451059631544847, "R2": 0.7128114099736309, "MAE": 0.3644455375208681, "MSE": 0.2650480011980017, "poisson_deviance_explained": 0.6127569941822102}, "20": {"AUC": NaN, "kappa": NaN, "f1": NaN, "precision": NaN, "recall": NaN, "average_precision": NaN, "Spearman_r": 0.7965210594863406, "Pearson_r": 0.829535804948645, "R2": 0.68683112384288, "MAE": 0.370366385605675, "MSE": 0.2697681591764686, "poisson_deviance_explained": 0.6025983919220426}, "21": {"AUC": NaN, "kappa": NaN, "f1": NaN, "precision": NaN, "recall": NaN, "average_precision": NaN, "Spearman_r": 0.7850222690961985, "Pearson_r": 0.8298534365066652, "R2": 0.6858098516105808, "MAE": 0.37425760526424523, "MSE": 0.26820679033555705, "poisson_deviance_explained": 0.5938050757973004}, "22": {"AUC": NaN, "kappa": NaN, "f1": NaN, "precision": NaN, "recall": NaN, "average_precision": NaN, "Spearman_r": 0.7897781974035509, "Pearson_r": 0.8253750756213233, "R2": 0.6806155775665975, "MAE": 0.36199946058005134, "MSE": 0.26761430825829274, "poisson_deviance_explained": 0.5854329471811016}, "23": {"AUC": NaN, "kappa": NaN, "f1": NaN, "precision": NaN, "recall": NaN, "average_precision": NaN, "Spearman_r": 0.7608392656451172, "Pearson_r": 0.7972982678947286, "R2": 0.6350481164997657, "MAE": 0.3723549984777649, "MSE": 0.27140480660390304, "poisson_deviance_explained": 0.5428407304438856}, "24": {"AUC": NaN, "kappa": NaN, "f1": NaN, "precision": NaN, "recall": NaN, "average_precision": NaN, "Spearman_r": 0.7603986137778702, "Pearson_r": 0.8042593765023693, "R2": 0.6453193807020696, "MAE": 0.3913236176659344, "MSE": 0.2951972138042069, "poisson_deviance_explained": 0.5585164056286906}, "25": {"AUC": NaN, "kappa": NaN, "f1": NaN, "precision": NaN, "recall": NaN, "average_precision": NaN, "Spearman_r": 0.781514672907296, "Pearson_r": 0.8193183054750178, "R2": 0.6699523552349451, "MAE": 0.3675156056848278, "MSE": 0.2751118710391841, "poisson_deviance_explained": 0.5956936616052599}, "26": {"AUC": NaN, "kappa": NaN, "f1": NaN, "precision": NaN, "recall": NaN, "average_precision": NaN, "Spearman_r": 0.7947821450917165, "Pearson_r": 0.8141855555147045, "R2": 0.6615078165383141, "MAE": 0.3900763144743425, "MSE": 0.3045673524149414, "poisson_deviance_explained": 0.5957803718373743}, "27": {"AUC": NaN, "kappa": NaN, "f1": NaN, "precision": NaN, "recall": NaN, "average_precision": NaN, "Spearman_r": 0.7791906935002264, "Pearson_r": 0.8168434459551742,