{"AUC": NaN, "kappa": NaN, "f1": NaN, "precision": NaN, "recall": NaN, "average_precision": NaN, "Spearman_r": 0.7657257622601027, "Pearson_r": 0.8093950015061836, "R2": 0.650117559368625, "MAE": 0.3918725356724439, "MSE": 0.27122686035426624, "poisson_deviance_explained": 0.5529287953519619}