{"1": {"AUC": NaN, "kappa": NaN, "f1": NaN, "precision": NaN, "recall": NaN, "average_precision": NaN, "Spearman_r": 0.7519798222960858, "Pearson_r": 0.8030165162277715, "R2": 0.6404184642599062, "MAE": 0.38561393642301744, "MSE": 0.2789416050154444, "poisson_deviance_explained": 0.5637042806535165}, "2": {"AUC": NaN, "kappa": NaN, "f1": NaN, "precision": NaN, "recall": NaN, "average_precision": NaN, "Spearman_r": 0.7775654009840863, "Pearson_r": 0.8172537704531385, "R2": 0.6638774347289806, "MAE": 0.3830334738429422, "MSE": 0.27940359986623076, "poisson_deviance_explained": 0.5921063067975103}, "3": {"AUC": NaN, "kappa": NaN, "f1": NaN, "precision": NaN, "recall": NaN, "average_precision": NaN, "Spearman_r": 0.7857976795150041, "Pearson_r": 0.8247106973199602, "R2": 0.6766725121588283, "MAE": 0.3662917357638979, "MSE": 0.2667834678438009, "poisson_deviance_explained": 0.6038037598699812}, "4": {"AUC": NaN, "kappa": NaN, "f1": NaN, "precision": NaN, "recall": NaN, "average_precision": NaN, "Spearman_r": 0.7003742031834403, "Pearson_r": 0.7979329807452492, "R2": 0.6339426807693341, "MAE": 0.31551747820672904, "MSE": 0.23147418029484115, "poisson_deviance_explained": 0.5579082678208817}, "5": {"AUC": NaN, "kappa": NaN, "f1": NaN, "precision": NaN, "recall": NaN, "average_precision": NaN, "Spearman_r": 0.7757115459547228, "Pearson_r": 0.8165789518187924, "R2": 0.6611330212470659, "MAE": 0.376387784858283, "MSE": 0.2698875539743492, "poisson_deviance_explained": 0.5875314897793178}, "6": {"AUC": NaN, "kappa": NaN, "f1": NaN, "precision": NaN, "recall": NaN, "average_precision": NaN, "Spearman_r": 0.747624832094684, "Pearson_r": 0.7848404135296044, "R2": 0.6113092415579886, "MAE": 0.4013086407153768, "MSE": 0.28235558141584605, "poisson_deviance_explained": 0.527657058347432}, "7": {"AUC": NaN, "kappa": NaN, "f1": NaN, "precision": NaN, "recall": NaN, "average_precision": NaN, "Spearman_r": 0.7499597800946696, "Pearson_r": 0.7885243574526908, "R2": 0.6144348292119167, "MAE": 0.4102527528099737, "MSE": 0.2857305910881355, "poisson_deviance_explained": 0.5228617917904456}, "8": {"AUC": NaN, "kappa": NaN, "f1": NaN, "precision": NaN, "recall": NaN, "average_precision": NaN, "Spearman_r": 0.7364477379121677, "Pearson_r": 0.7706335565336796, "R2": 0.5845110401178101, "MAE": 0.427709406537363, "MSE": 0.29369689838468943, "poisson_deviance_explained": 0.4877676444149195}, "9": {"AUC": NaN, "kappa": NaN, "f1": NaN, "precision": NaN, "recall": NaN, "average_precision": NaN, "Spearman_r": 0.7507662465328471, "Pearson_r": 0.7812624169488406, "R2": 0.601295479307428, "MAE": 0.43142002510106975, "MSE": 0.3039474305462025, "poisson_deviance_explained": 0.5073167585264725}, "10": {"AUC": NaN, "kappa": NaN, "f1": NaN, "precision": NaN, "recall": NaN, "average_precision": NaN, "Spearman_r": 0.737188800299667, "Pearson_r": 0.7819138821326485, "R2": 0.6013526225185577, "MAE": 0.4207869636960282, "MSE": 0.28700261530013915, "poisson_deviance_explained": 0.4989965958460535}, "11": {"AUC": NaN, "kappa": NaN, "f1": NaN, "precision": NaN, "recall": NaN, "average_precision": NaN, "Spearman_r": 0.7280156633714745, "Pearson_r": 0.7810445421531232, "R2": 0.6022432106265105, "MAE": 0.4106273876873083, "MSE": 0.2826353322436667, "poisson_deviance_explained": 0.5015213687760082}, "12": {"AUC": NaN, "kappa": NaN, "f1": NaN, "precision": NaN, "recall": NaN, "average_precision": NaN, "Spearman_r": 0.7328991847974474, "Pearson_r": 0.7914657369940127, "R2": 0.6220550813121949, "MAE": 0.3772274097951856, "MSE": 0.24597702866099122, "poisson_deviance_explained": 0.5133856137508792}, "13": {"AUC": NaN, "kappa": NaN, "f1": NaN, "precision": NaN, "recall": NaN, "average_precision": NaN, "Spearman_r": 0.7270153304172141, "Pearson_r": 0.7994392074620238, "R2": 0.6371756955806065, "MAE": 0.3421949100304507, "MSE": 0.21229807840873174, "poisson_deviance_explained": 0.5259526020642299}, "14": {"AUC": NaN, "kappa": NaN, "f1": NaN, "precision": NaN, "recall": NaN, "average_precision": NaN, "Spearman_r": 0.7307002336975521, "Pearson_r": 0.8058082867890441, "R2": 0.6468491151818115, "MAE": 0.3322291081575679, "MSE": 0.20791791570999568, "poisson_deviance_explained": 0.5451705910632187}, "15": {"AUC": NaN, "kappa": NaN, "f1": NaN, "precision": NaN, "recall": NaN, "average_precision": NaN, "Spearman_r": 0.7462954799909685, "Pearson_r": 0.8078255157457744, "R2": 0.6500340243504813, "MAE": 0.36260148134915005, "MSE": 0.23497762069536732, "poisson_deviance_explained": 0.5425103733889427}, "16": {"AUC": NaN, "kappa": NaN, "f1": NaN, "precision": NaN, "recall": NaN, "average_precision": NaN, "Spearman_r": 0.7841276772129934, "Pearson_r": 0.8251403607722887, "R2": 0.6771499813803517, "MAE": 0.37909787345331364, "MSE": 0.25343228973895865, "poisson_deviance_explained": 0.5784218097391665}, "17": {"AUC": NaN, "kappa": NaN, "f1": NaN, "precision": NaN, "recall": NaN, "average_precision": NaN, "Spearman_r": 0.7893839671332382, "Pearson_r": 0.8353309888658316, "R2": 0.6933208970649349, "MAE": 0.37286375296601093, "MSE": 0.2480013508243404, "poisson_deviance_explained": 0.5847550584863195}, "18": {"AUC": NaN, "kappa": NaN, "f1": NaN, "precision": NaN, "recall": NaN, "average_precision": NaN, "Spearman_r": 0.8083785804604245, "Pearson_r": 0.838556085360377, "R2": 0.6980055725089447, "MAE": 0.3908228419261531, "MSE": 0.2659799465732309, "poisson_deviance_explained": 0.5940249103154206}, "19": {"AUC": NaN, "kappa": NaN, "f1": NaN, "precision": NaN, "recall": NaN, "average_precision": NaN, "Spearman_r": 0.7929616409520354, "Pearson_r": 0.8280156273155858, "R2": 0.6797765744396622, "MAE": 0.40444898020870246, "MSE": 0.2788360336155586, "poisson_deviance_explained": 0.5793441149923904}, "20": {"AUC": NaN, "kappa": NaN, "f1": NaN, "precision": NaN, "recall": NaN, "average_precision": NaN, "Spearman_r": 0.7861278283131312, "Pearson_r": 0.8251236724653034, "R2": 0.6754894566387976, "MAE": 0.3973704168323503, "MSE": 0.27027548686231023, "poisson_deviance_explained": 0.5700774980502029}, "21": {"AUC": NaN, "kappa": NaN, "f1": NaN, "precision": NaN, "recall": NaN, "average_precision": NaN, "Spearman_r": 0.7871082579906782, "Pearson_r": 0.8240820918191615, "R2": 0.6738740998780605, "MAE": 0.3954176207139023, "MSE": 0.2691902806584002, "poisson_deviance_explained": 0.5697129189130261}, "22": {"AUC": NaN, "kappa": NaN, "f1": NaN, "precision": NaN, "recall": NaN, "average_precision": NaN, "Spearman_r": 0.7843331839139389, "Pearson_r": 0.8178260895835048, "R2": 0.6642616895402118, "MAE": 0.3962474157353372, "MSE": 0.27385284305665625, "poisson_deviance_explained": 0.5601919454995794}, "23": {"AUC": NaN, "kappa": NaN, "f1": NaN, "precision": NaN, "recall": NaN, "average_precision": NaN, "Spearman_r": 0.7689661374469746, "Pearson_r": 0.802098393924731, "R2": 0.6394965963645589, "MAE": 0.40823115998366816, "MSE": 0.2874216758552294, "poisson_deviance_explained": 0.5402261833290716}, "24": {"AUC": NaN, "kappa": NaN, "f1": NaN, "precision": NaN, "recall": NaN, "average_precision": NaN, "Spearman_r": 0.7791404595117738, "Pearson_r": 0.8133528439778153, "R2": 0.654917247018683, "MAE": 0.3987455555678409, "MSE": 0.2695394920239727, "poisson_deviance_explained": 0.553730939214133}, "25": {"AUC": NaN, "kappa": NaN, "f1": NaN, "precision": NaN, "recall": NaN, "average_precision": NaN, "Spearman_r": 0.7976115920153408, "Pearson_r": 0.8241195866026167, "R2": 0.6725262832432113, "MAE": 0.4145755508393501, "MSE": 0.29187859308731806, "poisson_deviance_explained": 0.5745296748578823}, "26": {"AUC": NaN, "kappa": NaN, "f1": NaN, "precision": NaN, "recall": NaN, "average_precision": NaN, "Spearman_r": 0.7854448845764965, "Pearson_r": 0.81641999042149, "R2": 0.6605789112257168, "MAE": 0.39989649139735595, "MSE": 0.2813945893896898, "poisson_deviance_explained": 0.5733725297011134}, "27": {"AUC": NaN, "kappa": NaN, "f1": NaN, "precision": NaN, "recall": NaN, "average_precision": NaN, "Spearman_r": 0.7922342116306934, "Pearson_r": 0.8285572078465052,