{"AUC": NaN, "kappa": NaN, "f1": NaN, "precision": NaN, "recall": NaN, "average_precision": NaN, "Spearman_r": 0.7621920832873651, "Pearson_r": 0.8025157219839731, "R2": 0.6427444495204965, "MAE": 0.38086246435340865, "MSE": 0.2846864031925469, "poisson_deviance_explained": 0.559735155313253}
