{"1": {"AUC": NaN, "kappa": NaN, "f1": NaN, "precision": NaN, "recall": NaN, "average_precision": NaN, "Spearman_r": 0.7531535530100506, "Pearson_r": 0.7972714196733557, "R2": 0.634725529387069, "MAE": 0.37709055997275354, "MSE": 0.30874813717154675, "poisson_deviance_explained": 0.5806440981471934}, "2": {"AUC": NaN, "kappa": NaN, "f1": NaN, "precision": NaN, "recall": NaN, "average_precision": NaN, "Spearman_r": 0.7633721549700906, "Pearson_r": 0.7940159366464228, "R2": 0.6302921839484672, "MAE": 0.3747556553142381, "MSE": 0.31324921604310674, "poisson_deviance_explained": 0.5673644519148912}, "3": {"AUC": NaN, "kappa": NaN, "f1": NaN, "precision": NaN, "recall": NaN, "average_precision": NaN, "Spearman_r": 0.77030076579436, "Pearson_r": 0.8106968830675011, "R2": 0.6562545594280227, "MAE": 0.3420530791927545, "MSE": 0.2597795794560157, "poisson_deviance_explained": 0.5990426584935451}, "4": {"AUC": NaN, "kappa": NaN, "f1": NaN, "precision": NaN, "recall": NaN, "average_precision": NaN, "Spearman_r": 0.742979345462062, "Pearson_r": 0.799514402650412, "R2": 0.6383698932846453, "MAE": 0.3371795518605498, "MSE": 0.24406261440317092, "poisson_deviance_explained": 0.5635510267865189}, "5": {"AUC": NaN, "kappa": NaN, "f1": NaN, "precision": NaN, "recall": NaN, "average_precision": NaN, "Spearman_r": 0.7728183646814414, "Pearson_r": 0.8067989812716578, "R2": 0.6490325744592387, "MAE": 0.36123992588009646, "MSE": 0.2747382303398845, "poisson_deviance_explained": 0.5755302240251399}, "6": {"AUC": NaN, "kappa": NaN, "f1": NaN, "precision": NaN, "recall": NaN, "average_precision": NaN, "Spearman_r": 0.7350966075013428, "Pearson_r": 0.7873161651472691, "R2": 0.6187907240375152, "MAE": 0.35978431066197336, "MSE": 0.269666752655443, "poisson_deviance_explained": 0.5553099341004892}, "7": {"AUC": NaN, "kappa": NaN, "f1": NaN, "precision": NaN, "recall": NaN, "average_precision": NaN, "Spearman_r": 0.771475749486045, "Pearson_r": 0.7945414924726467, "R2": 0.628128452009115, "MAE": 0.38834434662983675, "MSE": 0.27909731081743083, "poisson_deviance_explained": 0.5470177324308925}, "8": {"AUC": NaN, "kappa": NaN, "f1": NaN, "precision": NaN, "recall": NaN, "average_precision": NaN, "Spearman_r": 0.7587403723393072, "Pearson_r": 0.7929417368745632, "R2": 0.6255326351698173, "MAE": 0.39381527550389794, "MSE": 0.28738993630387255, "poisson_deviance_explained": 0.5431752691372045}, "9": {"AUC": NaN, "kappa": NaN, "f1": NaN, "precision": NaN, "recall": NaN, "average_precision": NaN, "Spearman_r": 0.7638156709263683, "Pearson_r": 0.7834772495024273, "R2": 0.6113786088699844, "MAE": 0.42410755542252426, "MSE": 0.3273807511716192, "poisson_deviance_explained": 0.5346263303620515}, "10": {"AUC": NaN, "kappa": NaN, "f1": NaN, "precision": NaN, "recall": NaN, "average_precision": NaN, "Spearman_r": 0.739385503423005, "Pearson_r": 0.7660877655624836, "R2": 0.5841897904059312, "MAE": 0.4220083109623161, "MSE": 0.32336607737753836, "poisson_deviance_explained": 0.5105314898705788}, "11": {"AUC": NaN, "kappa": NaN, "f1": NaN, "precision": NaN, "recall": NaN, "average_precision": NaN, "Spearman_r": 0.7157263346195323, "Pearson_r": 0.7820460269153809, "R2": 0.6073957777218957, "MAE": 0.37566726520600835, "MSE": 0.2513820907244046, "poisson_deviance_explained": 0.5074268361642036}, "12": {"AUC": NaN, "kappa": NaN, "f1": NaN, "precision": NaN, "recall": NaN, "average_precision": NaN, "Spearman_r": 0.7344600304589235, "Pearson_r": 0.7879867600774427, "R2": 0.6192468505499915, "MAE": 0.36996000852621475, "MSE": 0.2582220790741057, "poisson_deviance_explained": 0.5312006270751635}, "13": {"AUC": NaN, "kappa": NaN, "f1": NaN, "precision": NaN, "recall": NaN, "average_precision": NaN, "Spearman_r": 0.6808146688224522, "Pearson_r": 0.7764833850495102, "R2": 0.6014943775862664, "MAE": 0.32739250476816917, "MSE": 0.21688369584645836, "poisson_deviance_explained": 0.507073086664996}, "14": {"AUC": NaN, "kappa": NaN, "f1": NaN, "precision": NaN, "recall": NaN, "average_precision": NaN, "Spearman_r": 0.7095205473305698, "Pearson_r": 0.7859178720253881, "R2": 0.617058598126123, "MAE": 0.34455071353694927, "MSE": 0.23419672845440664, "poisson_deviance_explained": 0.5182879950696317}, "15": {"AUC": NaN, "kappa": NaN, "f1": NaN, "precision": NaN, "recall": NaN, "average_precision": NaN, "Spearman_r": 0.7341263575800573, "Pearson_r": 0.8045084872741612, "R2": 0.6469809619784337, "MAE": 0.3421360994043374, "MSE": 0.23582342000488932, "poisson_deviance_explained": 0.5301551924537939}, "16": {"AUC": NaN, "kappa": NaN, "f1": NaN, "precision": NaN, "recall": NaN, "average_precision": NaN, "Spearman_r": 0.7676151561751371, "Pearson_r": 0.8285163600171084, "R2": 0.6856128994914481, "MAE": 0.33058284993028136, "MSE": 0.23358376958126154, "poisson_deviance_explained": 0.5954534485644298}, "17": {"AUC": NaN, "kappa": NaN, "f1": NaN, "precision": NaN, "recall": NaN, "average_precision": NaN, "Spearman_r": 0.7945320686767261, "Pearson_r": 0.8438187565345263, "R2": 0.7107700587159795, "MAE": 0.3461055884071633, "MSE": 0.23580244357747457, "poisson_deviance_explained": 0.6015649651133638}, "18": {"AUC": NaN, "kappa": NaN, "f1": NaN, "precision": NaN, "recall": NaN, "average_precision": NaN, "Spearman_r": 0.8118383285067713, "Pearson_r": 0.8457903181187838, "R2": 0.7130208384101964, "MAE": 0.3614910896249498, "MSE": 0.2652058130387781, "poisson_deviance_explained": 0.637821029992634}, "19": {"AUC": NaN, "kappa": NaN, "f1": NaN, "precision": NaN, "recall": NaN, "average_precision": NaN, "Spearman_r": 0.8079905235908638, "Pearson_r": 0.8382980207315491, "R2": 0.7017706778574879, "MAE": 0.38262859002752975, "MSE": 0.29425637512061303, "poisson_deviance_explained": 0.6212976792654421}, "20": {"AUC": NaN, "kappa": NaN, "f1": NaN, "precision": NaN, "recall": NaN, "average_precision": NaN, "Spearman_r": 0.7901649665657426, "Pearson_r": 0.8241581304798072, "R2": 0.6771170872503798, "MAE": 0.4028964778524021, "MSE": 0.31491831613491944, "poisson_deviance_explained": 0.5955354085793589}, "21": {"AUC": NaN, "kappa": NaN, "f1": NaN, "precision": NaN, "recall": NaN, "average_precision": NaN, "Spearman_r": 0.7932282010962249, "Pearson_r": 0.8288230716517719, "R2": 0.6837267492139312, "MAE": 0.38991036786704675, "MSE": 0.2822795434412668, "poisson_deviance_explained": 0.5846226298803288}, "22": {"AUC": NaN, "kappa": NaN, "f1": NaN, "precision": NaN, "recall": NaN, "average_precision": NaN, "Spearman_r": 0.781191651195142, "Pearson_r": 0.8160916232122826, "R2": 0.6643300925096967, "MAE": 0.37978963283481554, "MSE": 0.27949420396800256, "poisson_deviance_explained": 0.5707786878390677}, "23": {"AUC": NaN, "kappa": NaN, "f1": NaN, "precision": NaN, "recall": NaN, "average_precision": NaN, "Spearman_r": 0.7565189847488284, "Pearson_r": 0.7986872673961388, "R2": 0.635738243220795, "MAE": 0.3797020096828236, "MSE": 0.2703468773237803, "poisson_deviance_explained": 0.5391019952919793}, "24": {"AUC": NaN, "kappa": NaN, "f1": NaN, "precision": NaN, "recall": NaN, "average_precision": NaN, "Spearman_r": 0.7717149429135075, "Pearson_r": 0.8023765656798667, "R2": 0.6419384883821341, "MAE": 0.4003587913317261, "MSE": 0.2965965654836032, "poisson_deviance_explained": 0.5622145518432229}, "25": {"AUC": NaN, "kappa": NaN, "f1": NaN, "precision": NaN, "recall": NaN, "average_precision": NaN, "Spearman_r": 0.7625066437721802, "Pearson_r": 0.7897139191980455, "R2": 0.6230509435620173, "MAE": 0.4207095690870642, "MSE": 0.3410206322099481, "poisson_deviance_explained": 0.5450412847382334}, "26": {"AUC": NaN, "kappa": NaN, "f1": NaN, "precision": NaN, "recall": NaN, "average_precision": NaN, "Spearman_r": 0.7683464030617824, "Pearson_r": 0.792488892712296, "R2": 0.6267313666216658, "MAE": 0.42147804191608945, "MSE": 0.3396972738683643, "poisson_deviance_explained": 0.541053488386648}, "27": {"AUC": NaN, "kappa": NaN, "f1": NaN, "precision": NaN, "recall": NaN, "average_precision": NaN, "Spearman_r": 0.7631501239058566, "Pearson_r": 0.7872474366932101,