{"1": {"AUC": NaN, "kappa": NaN, "f1": NaN, "precision": NaN, "recall": NaN, "average_precision": NaN, "Spearman_r": 0.7747120213586014, "Pearson_r": 0.8373575578114827, "R2": 0.6988142919058942, "MAE": 0.33789367179707364, "MSE": 0.23571262603169635, "poisson_deviance_explained": 0.6161733908950373}, "2": {"AUC": NaN, "kappa": NaN, "f1": NaN, "precision": NaN, "recall": NaN, "average_precision": NaN, "Spearman_r": 0.7837977807504034, "Pearson_r": 0.8367037843772895, "R2": 0.6979822510160365, "MAE": 0.32943453336201467, "MSE": 0.2221888077740768, "poisson_deviance_explained": 0.6162672181098483}, "3": {"AUC": NaN, "kappa": NaN, "f1": NaN, "precision": NaN, "recall": NaN, "average_precision": NaN, "Spearman_r": 0.7887017676548206, "Pearson_r": 0.8425571468511327, "R2": 0.7077955276901993, "MAE": 0.33237431614460233, "MSE": 0.2286377331995475, "poisson_deviance_explained": 0.628478108716812}, "4": {"AUC": NaN, "kappa": NaN, "f1": NaN, "precision": NaN, "recall": NaN, "average_precision": NaN, "Spearman_r": 0.7503611534864069, "Pearson_r": 0.8221226864653721, "R2": 0.6739217225698351, "MAE": 0.32864132448245315, "MSE": 0.23443661566725116, "poisson_deviance_explained": 0.5910974267489013}, "5": {"AUC": NaN, "kappa": NaN, "f1": NaN, "precision": NaN, "recall": NaN, "average_precision": NaN, "Spearman_r": 0.7638765651668185, "Pearson_r": 0.8313814013208987, "R2": 0.6877535559772738, "MAE": 0.33129569955362614, "MSE": 0.21372813137965135, "poisson_deviance_explained": 0.5978263554175562}, "6": {"AUC": NaN, "kappa": NaN, "f1": NaN, "precision": NaN, "recall": NaN, "average_precision": NaN, "Spearman_r": 0.7876835640353705, "Pearson_r": 0.8471488032875474, "R2": 0.7139511073674933, "MAE": 0.333575475295734, "MSE": 0.21601108391367743, "poisson_deviance_explained": 0.6146320430007164}, "7": {"AUC": NaN, "kappa": NaN, "f1": NaN, "precision": NaN, "recall": NaN, "average_precision": NaN, "Spearman_r": 0.7698616946071491, "Pearson_r": 0.8226898851431507, "R2": 0.6741656747288027, "MAE": 0.35342123213584953, "MSE": 0.2331428069364229, "poisson_deviance_explained": 0.5752878677269997}, "8": {"AUC": NaN, "kappa": NaN, "f1": NaN, "precision": NaN, "recall": NaN, "average_precision": NaN, "Spearman_r": 0.7750211567611951, "Pearson_r": 0.816619022669517, "R2": 0.6627215647487105, "MAE": 0.3723562662541451, "MSE": 0.24461037886889256, "poisson_deviance_explained": 0.5613079781630396}, "9": {"AUC": NaN, "kappa": NaN, "f1": NaN, "precision": NaN, "recall": NaN, "average_precision": NaN, "Spearman_r": 0.7753288462540918, "Pearson_r": 0.81356332071828, "R2": 0.6553788868637459, "MAE": 0.3977461902573333, "MSE": 0.2704180865466103, "poisson_deviance_explained": 0.557547846905067}, "10": {"AUC": NaN, "kappa": NaN, "f1": NaN, "precision": NaN, "recall": NaN, "average_precision": NaN, "Spearman_r": 0.7313487901097026, "Pearson_r": 0.7873806644834854, "R2": 0.6161851982886741, "MAE": 0.38432815674086, "MSE": 0.2577122638650928, "poisson_deviance_explained": 0.5156905730156263}, "11": {"AUC": NaN, "kappa": NaN, "f1": NaN, "precision": NaN, "recall": NaN, "average_precision": NaN, "Spearman_r": 0.7447999581146906, "Pearson_r": 0.8043191095997314, "R2": 0.6438759099834009, "MAE": 0.36581598432828666, "MSE": 0.2368451097826868, "poisson_deviance_explained": 0.5387451408429274}, "12": {"AUC": NaN, "kappa": NaN, "f1": NaN, "precision": NaN, "recall": NaN, "average_precision": NaN, "Spearman_r": 0.7303653400104263, "Pearson_r": 0.8038718447298558, "R2": 0.6445685848775493, "MAE": 0.3386883379871724, "MSE": 0.21240622544227847, "poisson_deviance_explained": 0.5402251802495003}, "13": {"AUC": NaN, "kappa": NaN, "f1": NaN, "precision": NaN, "recall": NaN, "average_precision": NaN, "Spearman_r": 0.7210836466314245, "Pearson_r": 0.8136095570815505, "R2": 0.6607741372396915, "MAE": 0.3076106078871982, "MSE": 0.18075046291058805, "poisson_deviance_explained": 0.5527692248055198}, "14": {"AUC": NaN, "kappa": NaN, "f1": NaN, "precision": NaN, "recall": NaN, "average_precision": NaN, "Spearman_r": 0.7238438134859955, "Pearson_r": 0.8164711556462533, "R2": 0.6658249419739658, "MAE": 0.3053899504681055, "MSE": 0.1795082333242863, "poisson_deviance_explained": 0.5560984161855602}, "15": {"AUC": NaN, "kappa": NaN, "f1": NaN, "precision": NaN, "recall": NaN, "average_precision": NaN, "Spearman_r": 0.7445911928994317, "Pearson_r": 0.8143209867070139, "R2": 0.6624860022367594, "MAE": 0.3208896385024366, "MSE": 0.19753283970676333, "poisson_deviance_explained": 0.5600265443795298}, "16": {"AUC": NaN, "kappa": NaN, "f1": NaN, "precision": NaN, "recall": NaN, "average_precision": NaN, "Spearman_r": 0.7630007205691555, "Pearson_r": 0.832243155459452, "R2": 0.690877678690141, "MAE": 0.3276827855013022, "MSE": 0.2045038703942375, "poisson_deviance_explained": 0.5849119167811843}, "17": {"AUC": NaN, "kappa": NaN, "f1": NaN, "precision": NaN, "recall": NaN, "average_precision": NaN, "Spearman_r": 0.770477838089512, "Pearson_r": 0.833892361293738, "R2": 0.6924898027219673, "MAE": 0.3338795998046946, "MSE": 0.20897419207592946, "poisson_deviance_explained": 0.5896371635113187}, "18": {"AUC": NaN, "kappa": NaN, "f1": NaN, "precision": NaN, "recall": NaN, "average_precision": NaN, "Spearman_r": 0.8037552895022336, "Pearson_r": 0.8458424419368353, "R2": 0.7132257752438174, "MAE": 0.35868441017422736, "MSE": 0.23890465839461844, "poisson_deviance_explained": 0.6078697654713259}, "19": {"AUC": NaN, "kappa": NaN, "f1": NaN, "precision": NaN, "recall": NaN, "average_precision": NaN, "Spearman_r": 0.8085571785793253, "Pearson_r": 0.8431581827326399, "R2": 0.7084910260767143, "MAE": 0.3642111885615689, "MSE": 0.2454038639510021, "poisson_deviance_explained": 0.6073745613198183}, "20": {"AUC": NaN, "kappa": NaN, "f1": NaN, "precision": NaN, "recall": NaN, "average_precision": NaN, "Spearman_r": 0.7893548483956864, "Pearson_r": 0.8360580776418717, "R2": 0.6967176217406261, "MAE": 0.36480088095343544, "MSE": 0.2456595268248319, "poisson_deviance_explained": 0.592926295531528}, "21": {"AUC": NaN, "kappa": NaN, "f1": NaN, "precision": NaN, "recall": NaN, "average_precision": NaN, "Spearman_r": 0.7786871693002856, "Pearson_r": 0.8275811450328028, "R2": 0.6826009148058393, "MAE": 0.3591296836539113, "MSE": 0.23472052430446305, "poisson_deviance_explained": 0.5763832218643656}, "22": {"AUC": NaN, "kappa": NaN, "f1": NaN, "precision": NaN, "recall": NaN, "average_precision": NaN, "Spearman_r": 0.7784807479309049, "Pearson_r": 0.8337852124898788, "R2": 0.6937613485066113, "MAE": 0.34171397106954904, "MSE": 0.2206800272747818, "poisson_deviance_explained": 0.5864579916184468}, "23": {"AUC": NaN, "kappa": NaN, "f1": NaN, "precision": NaN, "recall": NaN, "average_precision": NaN, "Spearman_r": 0.7771805722636086, "Pearson_r": 0.8187149517968557, "R2": 0.668017090187246, "MAE": 0.3767443426065089, "MSE": 0.2643370704807876, "poisson_deviance_explained": 0.5722821911307752}, "24": {"AUC": NaN, "kappa": NaN, "f1": NaN, "precision": NaN, "recall": NaN, "average_precision": NaN, "Spearman_r": 0.7851197074081039, "Pearson_r": 0.8341886572990808, "R2": 0.6918929218300778, "MAE": 0.35767855785383174, "MSE": 0.2362853693971457, "poisson_deviance_explained": 0.596453981963126}, "25": {"AUC": NaN, "kappa": NaN, "f1": NaN, "precision": NaN, "recall": NaN, "average_precision": NaN, "Spearman_r": 0.7783700752259131, "Pearson_r": 0.8330786308033098, "R2": 0.6910975017537468, "MAE": 0.35451391342344785, "MSE": 0.23981900067767647, "poisson_deviance_explained": 0.5958703446058974}, "26": {"AUC": NaN, "kappa": NaN, "f1": NaN, "precision": NaN, "recall": NaN, "average_precision": NaN, "Spearman_r": 0.7891174858300937, "Pearson_r": 0.8405739826023042, "R2": 0.7038712754034845, "MAE": 0.353647066080636, "MSE": 0.2379029963195712, "poisson_deviance_explained": 0.6086709072311087}, "27": {"AUC": NaN, "kappa": NaN, "f1": NaN, "precision": NaN, "recall": NaN, "average_precision": NaN, "Spearman_r": 0.7821176890864865, "Pearson_r": 0.8452975347783331,