{"1": {"AUC": NaN, "kappa": NaN, "f1": NaN, "precision": NaN, "recall": NaN, "average_precision": NaN, "Spearman_r": 0.7885720320348348, "Pearson_r": 0.8280242693097412, "R2": 0.6821581324817452, "MAE": 0.3931181205491027, "MSE": 0.29006258091977266, "poisson_deviance_explained": 0.5949109099542818}, "2": {"AUC": NaN, "kappa": NaN, "f1": NaN, "precision": NaN, "recall": NaN, "average_precision": NaN, "Spearman_r": 0.7991458735545509, "Pearson_r": 0.8506027463447134, "R2": 0.7210846634913357, "MAE": 0.33815425096036394, "MSE": 0.23276583307099588, "poisson_deviance_explained": 0.6363653833467298}, "3": {"AUC": NaN, "kappa": NaN, "f1": NaN, "precision": NaN, "recall": NaN, "average_precision": NaN, "Spearman_r": 0.7885335969020992, "Pearson_r": 0.8406162341625635, "R2": 0.7042417268603034, "MAE": 0.33149707460875727, "MSE": 0.22334062005743416, "poisson_deviance_explained": 0.6258469928329708}, "4": {"AUC": NaN, "kappa": NaN, "f1": NaN, "precision": NaN, "recall": NaN, "average_precision": NaN, "Spearman_r": 0.7401132821740398, "Pearson_r": 0.8258606340003907, "R2": 0.6803745391285057, "MAE": 0.311763582954771, "MSE": 0.22698035271098196, "poisson_deviance_explained": 0.5966936862846284}, "5": {"AUC": NaN, "kappa": NaN, "f1": NaN, "precision": NaN, "recall": NaN, "average_precision": NaN, "Spearman_r": 0.7838283953457026, "Pearson_r": 0.8348147108661421, "R2": 0.6946900896805384, "MAE": 0.348057428892191, "MSE": 0.23832853722597275, "poisson_deviance_explained": 0.6026062549535842}, "6": {"AUC": NaN, "kappa": NaN, "f1": NaN, "precision": NaN, "recall": NaN, "average_precision": NaN, "Spearman_r": 0.7618785804145846, "Pearson_r": 0.8121663435305153, "R2": 0.6576658772156185, "MAE": 0.36406791212882245, "MSE": 0.24014022933341128, "poisson_deviance_explained": 0.5562024094476161}, "7": {"AUC": NaN, "kappa": NaN, "f1": NaN, "precision": NaN, "recall": NaN, "average_precision": NaN, "Spearman_r": 0.7692299244858549, "Pearson_r": 0.8067648816274131, "R2": 0.648011692405956, "MAE": 0.3926307237204134, "MSE": 0.26730022611283744, "poisson_deviance_explained": 0.5444731068682254}, "8": {"AUC": NaN, "kappa": NaN, "f1": NaN, "precision": NaN, "recall": NaN, "average_precision": NaN, "Spearman_r": 0.765067138177478, "Pearson_r": 0.8097924243094614, "R2": 0.6525012619796278, "MAE": 0.3837882245959958, "MSE": 0.25794999379554445, "poisson_deviance_explained": 0.5498811101181396}, "9": {"AUC": NaN, "kappa": NaN, "f1": NaN, "precision": NaN, "recall": NaN, "average_precision": NaN, "Spearman_r": 0.7675085589272043, "Pearson_r": 0.8069379391433185, "R2": 0.6476289650981595, "MAE": 0.3927292177304371, "MSE": 0.26284268770814223, "poisson_deviance_explained": 0.5417882879673526}, "10": {"AUC": NaN, "kappa": NaN, "f1": NaN, "precision": NaN, "recall": NaN, "average_precision": NaN, "Spearman_r": 0.7564337181460968, "Pearson_r": 0.8077704589944399, "R2": 0.6489479352864709, "MAE": 0.38511954220330175, "MSE": 0.2516787677675867, "poisson_deviance_explained": 0.5364731778904783}, "11": {"AUC": NaN, "kappa": NaN, "f1": NaN, "precision": NaN, "recall": NaN, "average_precision": NaN, "Spearman_r": 0.7258978336508713, "Pearson_r": 0.7911001616631761, "R2": 0.6226293432238615, "MAE": 0.3813939398908321, "MSE": 0.252463193755965, "poisson_deviance_explained": 0.517712954044907}, "12": {"AUC": NaN, "kappa": NaN, "f1": NaN, "precision": NaN, "recall": NaN, "average_precision": NaN, "Spearman_r": 0.7277824807517669, "Pearson_r": 0.7989199515237287, "R2": 0.637104584636665, "MAE": 0.3621048314910234, "MSE": 0.23123823556019768, "poisson_deviance_explained": 0.5231854770985978}, "13": {"AUC": NaN, "kappa": NaN, "f1": NaN, "precision": NaN, "recall": NaN, "average_precision": NaN, "Spearman_r": 0.719059953224735, "Pearson_r": 0.807663671300411, "R2": 0.6510413757138789, "MAE": 0.31859889504841066, "MSE": 0.1920475768526756, "poisson_deviance_explained": 0.5378443665158492}, "14": {"AUC": NaN, "kappa": NaN, "f1": NaN, "precision": NaN, "recall": NaN, "average_precision": NaN, "Spearman_r": 0.7394560174225986, "Pearson_r": 0.8130853846673076, "R2": 0.6604528504049165, "MAE": 0.330040717769627, "MSE": 0.20660393576108985, "poisson_deviance_explained": 0.5477642619158098}, "15": {"AUC": NaN, "kappa": NaN, "f1": NaN, "precision": NaN, "recall": NaN, "average_precision": NaN, "Spearman_r": 0.7556718999468632, "Pearson_r": 0.8254362553857922, "R2": 0.6805722895365744, "MAE": 0.3271465842004041, "MSE": 0.20197821524274825, "poisson_deviance_explained": 0.5693031885154787}, "16": {"AUC": NaN, "kappa": NaN, "f1": NaN, "precision": NaN, "recall": NaN, "average_precision": NaN, "Spearman_r": 0.7856810431196102, "Pearson_r": 0.8383824674744002, "R2": 0.7007751239785767, "MAE": 0.34798592632529646, "MSE": 0.2222481363709948, "poisson_deviance_explained": 0.5925456084055709}, "17": {"AUC": NaN, "kappa": NaN, "f1": NaN, "precision": NaN, "recall": NaN, "average_precision": NaN, "Spearman_r": 0.8056062320170345, "Pearson_r": 0.8449088137817041, "R2": 0.7118532423267897, "MAE": 0.3565377723158274, "MSE": 0.23332035504106727, "poisson_deviance_explained": 0.6017605484549271}, "18": {"AUC": NaN, "kappa": NaN, "f1": NaN, "precision": NaN, "recall": NaN, "average_precision": NaN, "Spearman_r": 0.8205897724172784, "Pearson_r": 0.8524299189239198, "R2": 0.7233091502178749, "MAE": 0.3743122438947758, "MSE": 0.24926154766019837, "poisson_deviance_explained": 0.6129684906372523}, "19": {"AUC": NaN, "kappa": NaN, "f1": NaN, "precision": NaN, "recall": NaN, "average_precision": NaN, "Spearman_r": 0.8228338068946316, "Pearson_r": 0.8503422691075423, "R2": 0.7206621453957955, "MAE": 0.3663874786745427, "MSE": 0.24422249955845668, "poisson_deviance_explained": 0.6165439724275918}, "20": {"AUC": NaN, "kappa": NaN, "f1": NaN, "precision": NaN, "recall": NaN, "average_precision": NaN, "Spearman_r": 0.8121687310887816, "Pearson_r": 0.84507067701206, "R2": 0.7109322581191639, "MAE": 0.3832766227455262, "MSE": 0.25830266472505925, "poisson_deviance_explained": 0.6034938479164957}, "21": {"AUC": NaN, "kappa": NaN, "f1": NaN, "precision": NaN, "recall": NaN, "average_precision": NaN, "Spearman_r": 0.7907015890552344, "Pearson_r": 0.8308051059081194, "R2": 0.6874394126163927, "MAE": 0.3681252701787646, "MSE": 0.2415728671714415, "poisson_deviance_explained": 0.5800172013013859}, "22": {"AUC": NaN, "kappa": NaN, "f1": NaN, "precision": NaN, "recall": NaN, "average_precision": NaN, "Spearman_r": 0.7776527995077996, "Pearson_r": 0.8186543915734067, "R2": 0.6680609419830859, "MAE": 0.38003018530192295, "MSE": 0.2568437754579574, "poisson_deviance_explained": 0.5603768986291131}, "23": {"AUC": NaN, "kappa": NaN, "f1": NaN, "precision": NaN, "recall": NaN, "average_precision": NaN, "Spearman_r": 0.7918803163559027, "Pearson_r": 0.8358089636058192, "R2": 0.6956305455524832, "MAE": 0.36144128977522366, "MSE": 0.23807974234661305, "poisson_deviance_explained": 0.5869877247876785}, "24": {"AUC": NaN, "kappa": NaN, "f1": NaN, "precision": NaN, "recall": NaN, "average_precision": NaN, "Spearman_r": 0.8026404557254538, "Pearson_r": 0.8353574908406032, "R2": 0.6944750124016191, "MAE": 0.37962220053326357, "MSE": 0.26292448221975545, "poisson_deviance_explained": 0.5924960157339222}, "25": {"AUC": NaN, "kappa": NaN, "f1": NaN, "precision": NaN, "recall": NaN, "average_precision": NaN, "Spearman_r": 0.7995798310391242, "Pearson_r": 0.8405938958113771, "R2": 0.7033606202110583, "MAE": 0.3684818019320509, "MSE": 0.2472035417313437, "poisson_deviance_explained": 0.5996917197820834}, "26": {"AUC": NaN, "kappa": NaN, "f1": NaN, "precision": NaN, "recall": NaN, "average_precision": NaN, "Spearman_r": 0.8146757256659205, "Pearson_r": 0.8378783846683383, "R2": 0.6998089953835409, "MAE": 0.3920664895469824, "MSE": 0.2793616462005081, "poisson_deviance_explained": 0.6030201666864503}, "27": {"AUC": NaN, "kappa": NaN, "f1": NaN, "precision": NaN, "recall": NaN, "average_precision": NaN, "Spearman_r": 0.8081015039825985,