{"1": {"AUC": NaN, "kappa": NaN, "f1": NaN, "precision": NaN, "recall": NaN, "average_precision": NaN, "Spearman_r": 0.7098281906721094, "Pearson_r": 0.7582869058031089, "R2": 0.5697775865793652, "MAE": 0.4346886157760694, "MSE": 0.3376236752423024, "poisson_deviance_explained": 0.4942962855378692}, "2": {"AUC": NaN, "kappa": NaN, "f1": NaN, "precision": NaN, "recall": NaN, "average_precision": NaN, "Spearman_r": 0.7460823805269361, "Pearson_r": 0.7905823584161474, "R2": 0.6192893105592203, "MAE": 0.40853062604615886, "MSE": 0.3105385075273536, "poisson_deviance_explained": 0.5455207208855094}, "3": {"AUC": NaN, "kappa": NaN, "f1": NaN, "precision": NaN, "recall": NaN, "average_precision": NaN, "Spearman_r": 0.748451071184042, "Pearson_r": 0.7894656667294594, "R2": 0.6186361136771352, "MAE": 0.40276836080047107, "MSE": 0.30456037033610667, "poisson_deviance_explained": 0.549294198736941}, "4": {"AUC": NaN, "kappa": NaN, "f1": NaN, "precision": NaN, "recall": NaN, "average_precision": NaN, "Spearman_r": 0.7485606581150305, "Pearson_r": 0.790360565734305, "R2": 0.6185081631284164, "MAE": 0.39616358417807057, "MSE": 0.29583024188007545, "poisson_deviance_explained": 0.5453849322837927}, "5": {"AUC": NaN, "kappa": NaN, "f1": NaN, "precision": NaN, "recall": NaN, "average_precision": NaN, "Spearman_r": 0.7229179426819685, "Pearson_r": 0.7694876310423021, "R2": 0.5874669519906626, "MAE": 0.3769905274628753, "MSE": 0.26121369052011056, "poisson_deviance_explained": 0.5076803840404249}, "6": {"AUC": NaN, "kappa": NaN, "f1": NaN, "precision": NaN, "recall": NaN, "average_precision": NaN, "Spearman_r": 0.7118281149360456, "Pearson_r": 0.7690037305603722, "R2": 0.5821423185153103, "MAE": 0.38776795116912716, "MSE": 0.2711954661923603, "poisson_deviance_explained": 0.5030983502139388}, "7": {"AUC": NaN, "kappa": NaN, "f1": NaN, "precision": NaN, "recall": NaN, "average_precision": NaN, "Spearman_r": 0.7181725204381728, "Pearson_r": 0.765350981593843, "R2": 0.5793728942389463, "MAE": 0.4054452845682412, "MSE": 0.28016994944259027, "poisson_deviance_explained": 0.49672582515708874}, "8": {"AUC": NaN, "kappa": NaN, "f1": NaN, "precision": NaN, "recall": NaN, "average_precision": NaN, "Spearman_r": 0.7099042338163728, "Pearson_r": 0.7434552129648302, "R2": 0.5484111579380735, "MAE": 0.44704603524348785, "MSE": 0.32788401901269637, "poisson_deviance_explained": 0.4666207857889899}, "9": {"AUC": NaN, "kappa": NaN, "f1": NaN, "precision": NaN, "recall": NaN, "average_precision": NaN, "Spearman_r": 0.7204726547197338, "Pearson_r": 0.7569261848935642, "R2": 0.5667170556719225, "MAE": 0.4456924198678199, "MSE": 0.3269057743279905, "poisson_deviance_explained": 0.4834398846795539}, "10": {"AUC": NaN, "kappa": NaN, "f1": NaN, "precision": NaN, "recall": NaN, "average_precision": NaN, "Spearman_r": 0.7302512194646469, "Pearson_r": 0.7640413681659862, "R2": 0.5769605657186602, "MAE": 0.4427915136663816, "MSE": 0.32623896510305755, "poisson_deviance_explained": 0.4924471206035137}, "11": {"AUC": NaN, "kappa": NaN, "f1": NaN, "precision": NaN, "recall": NaN, "average_precision": NaN, "Spearman_r": 0.7076219636296827, "Pearson_r": 0.7607903272299746, "R2": 0.5712043154007156, "MAE": 0.4096023145899796, "MSE": 0.28632992671925966, "poisson_deviance_explained": 0.4838878212138713}, "12": {"AUC": NaN, "kappa": NaN, "f1": NaN, "precision": NaN, "recall": NaN, "average_precision": NaN, "Spearman_r": 0.7117346256304463, "Pearson_r": 0.759790914390738, "R2": 0.574983533905756, "MAE": 0.39987563164637285, "MSE": 0.2866577816818949, "poisson_deviance_explained": 0.4928764645201307}, "13": {"AUC": NaN, "kappa": NaN, "f1": NaN, "precision": NaN, "recall": NaN, "average_precision": NaN, "Spearman_r": 0.7029878921990698, "Pearson_r": 0.7918839775133848, "R2": 0.6255403553522507, "MAE": 0.33944558042559686, "MSE": 0.21639021226694152, "poisson_deviance_explained": 0.5178680925634838}, "14": {"AUC": NaN, "kappa": NaN, "f1": NaN, "precision": NaN, "recall": NaN, "average_precision": NaN, "Spearman_r": 0.7240610187685081, "Pearson_r": 0.8032941324915418, "R2": 0.6422971127630841, "MAE": 0.3373653007095701, "MSE": 0.21534496127863806, "poisson_deviance_explained": 0.537246962977615}, "15": {"AUC": NaN, "kappa": NaN, "f1": NaN, "precision": NaN, "recall": NaN, "average_precision": NaN, "Spearman_r": 0.7284890778500377, "Pearson_r": 0.8032433581349545, "R2": 0.6427228072038109, "MAE": 0.3444280809375887, "MSE": 0.21916153169130467, "poisson_deviance_explained": 0.5440369196508106}, "16": {"AUC": NaN, "kappa": NaN, "f1": NaN, "precision": NaN, "recall": NaN, "average_precision": NaN, "Spearman_r": 0.766071537354676, "Pearson_r": 0.8213184835081484, "R2": 0.6721583831396847, "MAE": 0.3479351102586771, "MSE": 0.2288702945910469, "poisson_deviance_explained": 0.5825682779318186}, "17": {"AUC": NaN, "kappa": NaN, "f1": NaN, "precision": NaN, "recall": NaN, "average_precision": NaN, "Spearman_r": 0.7843632685319358, "Pearson_r": 0.8194354981561153, "R2": 0.6662584336976809, "MAE": 0.40332710642809755, "MSE": 0.2879092913403519, "poisson_deviance_explained": 0.5761987722652142}, "18": {"AUC": NaN, "kappa": NaN, "f1": NaN, "precision": NaN, "recall": NaN, "average_precision": NaN, "Spearman_r": 0.8069418700073688, "Pearson_r": 0.8309606284161096, "R2": 0.6855397937789816, "MAE": 0.406698359561797, "MSE": 0.2910036949122741, "poisson_deviance_explained": 0.5931706230571453}, "19": {"AUC": NaN, "kappa": NaN, "f1": NaN, "precision": NaN, "recall": NaN, "average_precision": NaN, "Spearman_r": 0.8010467809082508, "Pearson_r": 0.82440551550188, "R2": 0.6751178291985378, "MAE": 0.4208675367398136, "MSE": 0.3117726626559603, "poisson_deviance_explained": 0.5845958975784473}, "20": {"AUC": NaN, "kappa": NaN, "f1": NaN, "precision": NaN, "recall": NaN, "average_precision": NaN, "Spearman_r": 0.7828243797201448, "Pearson_r": 0.8167490200947343, "R2": 0.6607007632246975, "MAE": 0.4144175836084586, "MSE": 0.30100607864605305, "poisson_deviance_explained": 0.5675787866308344}, "21": {"AUC": NaN, "kappa": NaN, "f1": NaN, "precision": NaN, "recall": NaN, "average_precision": NaN, "Spearman_r": 0.7747371896579204, "Pearson_r": 0.8083943800567696, "R2": 0.6489248392415559, "MAE": 0.41552616172860746, "MSE": 0.30241254997581846, "poisson_deviance_explained": 0.5570068892920781}, "22": {"AUC": NaN, "kappa": NaN, "f1": NaN, "precision": NaN, "recall": NaN, "average_precision": NaN, "Spearman_r": 0.7762749322122483, "Pearson_r": 0.8124501226057468, "R2": 0.6535377660538555, "MAE": 0.37748777182584264, "MSE": 0.25862704172267514, "poisson_deviance_explained": 0.5649863992663353}, "23": {"AUC": NaN, "kappa": NaN, "f1": NaN, "precision": NaN, "recall": NaN, "average_precision": NaN, "Spearman_r": 0.7643695267993013, "Pearson_r": 0.7954282443404995, "R2": 0.6303442796889112, "MAE": 0.3904125906510438, "MSE": 0.27539479624281293, "poisson_deviance_explained": 0.5432640263228576}, "24": {"AUC": NaN, "kappa": NaN, "f1": NaN, "precision": NaN, "recall": NaN, "average_precision": NaN, "Spearman_r": 0.7559237058172955, "Pearson_r": 0.78260133541987, "R2": 0.608020560825403, "MAE": 0.40615276076921714, "MSE": 0.2877033043347208, "poisson_deviance_explained": 0.5180843264871035}, "25": {"AUC": NaN, "kappa": NaN, "f1": NaN, "precision": NaN, "recall": NaN, "average_precision": NaN, "Spearman_r": 0.7661742230052553, "Pearson_r": 0.7945643654838835, "R2": 0.6219338535201411, "MAE": 0.4240805033520943, "MSE": 0.3001248100447201, "poisson_deviance_explained": 0.5405669393267127}, "26": {"AUC": NaN, "kappa": NaN, "f1": NaN, "precision": NaN, "recall": NaN, "average_precision": NaN, "Spearman_r": 0.7551064982641724, "Pearson_r": 0.7785781533323898, "R2": 0.6014290942297069, "MAE": 0.4302378714172265, "MSE": 0.32553038817948377, "poisson_deviance_explained": 0.5257615602777961}, "27": {"AUC": NaN, "kappa": NaN, "f1": NaN, "precision": NaN, "recall": NaN, "average_precision": NaN, "Spearman_r": 0.7757758154988901, "Pearson_r": 0.8153158389661274,