{"AUC": NaN, "kappa": NaN, "f1": NaN, "precision": NaN, "recall": NaN, "average_precision": NaN, "Spearman_r": 0.772105790987496, "Pearson_r": 0.8190773752154494, "R2": 0.6688395505135442, "MAE": 0.3684538186457089, "MSE": 0.25234957920726414, "poisson_deviance_explained": 0.5693620955369671}
