{"1": {"AUC": NaN, "kappa": NaN, "f1": NaN, "precision": NaN, "recall": NaN, "average_precision": NaN, "Spearman_r": 0.73813511049756, "Pearson_r": 0.8029464535007922, "R2": 0.6406853583756862, "MAE": 0.3621425111296951, "MSE": 0.25593286026323003, "poisson_deviance_explained": 0.559636717680124}, "2": {"AUC": NaN, "kappa": NaN, "f1": NaN, "precision": NaN, "recall": NaN, "average_precision": NaN, "Spearman_r": 0.7681981483415529, "Pearson_r": 0.8249844870150971, "R2": 0.6762799418529599, "MAE": 0.355452987904188, "MSE": 0.2446462613938447, "poisson_deviance_explained": 0.5935676062101727}, "3": {"AUC": NaN, "kappa": NaN, "f1": NaN, "precision": NaN, "recall": NaN, "average_precision": NaN, "Spearman_r": 0.7692851428857651, "Pearson_r": 0.8309355478753293, "R2": 0.686052895762607, "MAE": 0.3536880868029796, "MSE": 0.24066319197842978, "poisson_deviance_explained": 0.5945785377947086}, "4": {"AUC": NaN, "kappa": NaN, "f1": NaN, "precision": NaN, "recall": NaN, "average_precision": NaN, "Spearman_r": 0.7291008545670061, "Pearson_r": 0.8102723159937126, "R2": 0.6521340181005431, "MAE": 0.34625342043478463, "MSE": 0.24053537807185826, "poisson_deviance_explained": 0.5638164352572832}, "5": {"AUC": NaN, "kappa": NaN, "f1": NaN, "precision": NaN, "recall": NaN, "average_precision": NaN, "Spearman_r": 0.7624301115953359, "Pearson_r": 0.8175520046921251, "R2": 0.6612091045917464, "MAE": 0.37196638537530524, "MSE": 0.2508222956004436, "poisson_deviance_explained": 0.5700210414116129}, "6": {"AUC": NaN, "kappa": NaN, "f1": NaN, "precision": NaN, "recall": NaN, "average_precision": NaN, "Spearman_r": 0.7506963801074593, "Pearson_r": 0.8113060907734179, "R2": 0.6496399898551919, "MAE": 0.38046297396370937, "MSE": 0.25405264676203715, "poisson_deviance_explained": 0.5511340051751539}, "7": {"AUC": NaN, "kappa": NaN, "f1": NaN, "precision": NaN, "recall": NaN, "average_precision": NaN, "Spearman_r": 0.7506538212316727, "Pearson_r": 0.8071783181651657, "R2": 0.6427094573277746, "MAE": 0.3938926792239421, "MSE": 0.26277604018139455, "poisson_deviance_explained": 0.5382528263516102}, "8": {"AUC": NaN, "kappa": NaN, "f1": NaN, "precision": NaN, "recall": NaN, "average_precision": NaN, "Spearman_r": 0.7383452505269588, "Pearson_r": 0.7804023217026181, "R2": 0.5993801261122103, "MAE": 0.42159781738556146, "MSE": 0.2890652197139893, "poisson_deviance_explained": 0.5009982685355133}, "9": {"AUC": NaN, "kappa": NaN, "f1": NaN, "precision": NaN, "recall": NaN, "average_precision": NaN, "Spearman_r": 0.7404951012235175, "Pearson_r": 0.781979797197139, "R2": 0.5992544209889925, "MAE": 0.4335314992489273, "MSE": 0.30084342132960906, "poisson_deviance_explained": 0.5010734572327182}, "10": {"AUC": NaN, "kappa": NaN, "f1": NaN, "precision": NaN, "recall": NaN, "average_precision": NaN, "Spearman_r": 0.7162042953057262, "Pearson_r": 0.7684185649473276, "R2": 0.5829384403154563, "MAE": 0.4229300487043679, "MSE": 0.29551393530463593, "poisson_deviance_explained": 0.48350396890087477}, "11": {"AUC": NaN, "kappa": NaN, "f1": NaN, "precision": NaN, "recall": NaN, "average_precision": NaN, "Spearman_r": 0.7073572391268248, "Pearson_r": 0.7805683469869654, "R2": 0.6030008030687585, "MAE": 0.37660555138855656, "MSE": 0.24636523106215252, "poisson_deviance_explained": 0.5018075341292758}, "12": {"AUC": NaN, "kappa": NaN, "f1": NaN, "precision": NaN, "recall": NaN, "average_precision": NaN, "Spearman_r": 0.7201397012844705, "Pearson_r": 0.7865994477056075, "R2": 0.6145254064522125, "MAE": 0.37159304613963867, "MSE": 0.24216120652827905, "poisson_deviance_explained": 0.5166173925314583}, "13": {"AUC": NaN, "kappa": NaN, "f1": NaN, "precision": NaN, "recall": NaN, "average_precision": NaN, "Spearman_r": 0.7125564462712682, "Pearson_r": 0.8041242422805035, "R2": 0.6439732906842213, "MAE": 0.32156765870061893, "MSE": 0.1923606547544291, "poisson_deviance_explained": 0.5354349555110054}, "14": {"AUC": NaN, "kappa": NaN, "f1": NaN, "precision": NaN, "recall": NaN, "average_precision": NaN, "Spearman_r": 0.7029013995629404, "Pearson_r": 0.8043798263042994, "R2": 0.64428263025425, "MAE": 0.3171830563750302, "MSE": 0.18791682493638226, "poisson_deviance_explained": 0.5361474753513691}, "15": {"AUC": NaN, "kappa": NaN, "f1": NaN, "precision": NaN, "recall": NaN, "average_precision": NaN, "Spearman_r": 0.731567448448241, "Pearson_r": 0.8155639083546993, "R2": 0.6622739652216953, "MAE": 0.3245005069107873, "MSE": 0.1945123274599818, "poisson_deviance_explained": 0.5546409360163826}, "16": {"AUC": NaN, "kappa": NaN, "f1": NaN, "precision": NaN, "recall": NaN, "average_precision": NaN, "Spearman_r": 0.7453305137191578, "Pearson_r": 0.8191281822606563, "R2": 0.6671429399918959, "MAE": 0.34309257271622784, "MSE": 0.21537233531982997, "poisson_deviance_explained": 0.5617213842979537}, "17": {"AUC": NaN, "kappa": NaN, "f1": NaN, "precision": NaN, "recall": NaN, "average_precision": NaN, "Spearman_r": 0.7791090918309157, "Pearson_r": 0.83813510810166, "R2": 0.6966217611145624, "MAE": 0.3467878766358143, "MSE": 0.21732983688042165, "poisson_deviance_explained": 0.5950231193933018}, "18": {"AUC": NaN, "kappa": NaN, "f1": NaN, "precision": NaN, "recall": NaN, "average_precision": NaN, "Spearman_r": 0.8058140100163917, "Pearson_r": 0.8426454881428709, "R2": 0.7050544192506785, "MAE": 0.3766977518428676, "MSE": 0.24657919957913735, "poisson_deviance_explained": 0.6028062158364966}, "19": {"AUC": NaN, "kappa": NaN, "f1": NaN, "precision": NaN, "recall": NaN, "average_precision": NaN, "Spearman_r": 0.7958224873149603, "Pearson_r": 0.8308827528321187, "R2": 0.6844443142511105, "MAE": 0.38044605576124424, "MSE": 0.25155178650512644, "poisson_deviance_explained": 0.590015852749919}, "20": {"AUC": NaN, "kappa": NaN, "f1": NaN, "precision": NaN, "recall": NaN, "average_precision": NaN, "Spearman_r": 0.7927919466478546, "Pearson_r": 0.8346232025435371, "R2": 0.6898461325583363, "MAE": 0.386802309492246, "MSE": 0.2579732156324357, "poisson_deviance_explained": 0.5857800308161386}, "21": {"AUC": NaN, "kappa": NaN, "f1": NaN, "precision": NaN, "recall": NaN, "average_precision": NaN, "Spearman_r": 0.7687575231898419, "Pearson_r": 0.8186486624899748, "R2": 0.6647255964092449, "MAE": 0.3739370667706605, "MSE": 0.24370638446010884, "poisson_deviance_explained": 0.5637337118632255}, "22": {"AUC": NaN, "kappa": NaN, "f1": NaN, "precision": NaN, "recall": NaN, "average_precision": NaN, "Spearman_r": 0.7592668462911653, "Pearson_r": 0.8157942899483581, "R2": 0.6611282149348245, "MAE": 0.36521849243759164, "MSE": 0.24051122881613438, "poisson_deviance_explained": 0.5607189590948228}, "23": {"AUC": NaN, "kappa": NaN, "f1": NaN, "precision": NaN, "recall": NaN, "average_precision": NaN, "Spearman_r": 0.7680883210570353, "Pearson_r": 0.815277311405618, "R2": 0.6586305791512472, "MAE": 0.3834368066377228, "MSE": 0.25866127472833345, "poisson_deviance_explained": 0.5615907298576702}, "24": {"AUC": NaN, "kappa": NaN, "f1": NaN, "precision": NaN, "recall": NaN, "average_precision": NaN, "Spearman_r": 0.7652845616765412, "Pearson_r": 0.809437038509723, "R2": 0.6473879077328695, "MAE": 0.3953280308937679, "MSE": 0.26961019589991303, "poisson_deviance_explained": 0.5535251886482105}, "25": {"AUC": NaN, "kappa": NaN, "f1": NaN, "precision": NaN, "recall": NaN, "average_precision": NaN, "Spearman_r": 0.7598986538309922, "Pearson_r": 0.8083037010506469, "R2": 0.6467695651164918, "MAE": 0.39767834007547415, "MSE": 0.2741638180054509, "poisson_deviance_explained": 0.5546494593785386}, "26": {"AUC": NaN, "kappa": NaN, "f1": NaN, "precision": NaN, "recall": NaN, "average_precision": NaN, "Spearman_r": 0.7624969714087171, "Pearson_r": 0.8137781036371742, "R2": 0.655104807363547, "MAE": 0.3912318759670166, "MSE": 0.2675275146686422, "poisson_deviance_explained": 0.5592853263717972}, "27": {"AUC": NaN, "kappa": NaN, "f1": NaN, "precision": NaN, "recall": NaN, "average_precision": NaN, "Spearman_r": 0.7629725892790539,