{"1": {"AUC": NaN, "kappa": NaN, "f1": NaN, "precision": NaN, "recall": NaN, "average_precision": NaN, "Spearman_r": 0.7505150984291595, "Pearson_r": 0.8129172409585069, "R2": 0.6554575813457499, "MAE": 0.36916776595083317, "MSE": 0.25094133503457317, "poisson_deviance_explained": 0.5689644811595564}, "2": {"AUC": NaN, "kappa": NaN, "f1": NaN, "precision": NaN, "recall": NaN, "average_precision": NaN, "Spearman_r": 0.7695380446948261, "Pearson_r": 0.8239634971102815, "R2": 0.6745925202116956, "MAE": 0.37644419404242463, "MSE": 0.26399263626107566, "poisson_deviance_explained": 0.5844882505317439}, "3": {"AUC": NaN, "kappa": NaN, "f1": NaN, "precision": NaN, "recall": NaN, "average_precision": NaN, "Spearman_r": 0.7646015178848734, "Pearson_r": 0.8277686563987503, "R2": 0.6803212583321236, "MAE": 0.3501408662373608, "MSE": 0.23669688152948917, "poisson_deviance_explained": 0.592450501241566}, "4": {"AUC": NaN, "kappa": NaN, "f1": NaN, "precision": NaN, "recall": NaN, "average_precision": NaN, "Spearman_r": 0.7476050346483409, "Pearson_r": 0.8227292601946087, "R2": 0.6733280229753704, "MAE": 0.3402601305951917, "MSE": 0.2351967356707225, "poisson_deviance_explained": 0.5858563633394227}, "5": {"AUC": NaN, "kappa": NaN, "f1": NaN, "precision": NaN, "recall": NaN, "average_precision": NaN, "Spearman_r": 0.7422564721087392, "Pearson_r": 0.8182192685067755, "R2": 0.6635697419836235, "MAE": 0.35113623834881225, "MSE": 0.23421100626401092, "poisson_deviance_explained": 0.5711515893758785}, "6": {"AUC": NaN, "kappa": NaN, "f1": NaN, "precision": NaN, "recall": NaN, "average_precision": NaN, "Spearman_r": 0.7373486109557825, "Pearson_r": 0.8052723976075247, "R2": 0.6394788547794226, "MAE": 0.3779060781852267, "MSE": 0.25194060830328247, "poisson_deviance_explained": 0.5460302139686886}, "7": {"AUC": NaN, "kappa": NaN, "f1": NaN, "precision": NaN, "recall": NaN, "average_precision": NaN, "Spearman_r": 0.7157580364677723, "Pearson_r": 0.7876810447716323, "R2": 0.6097762474431189, "MAE": 0.3772990584036711, "MSE": 0.24177567188002286, "poisson_deviance_explained": 0.5135269427757869}, "8": {"AUC": NaN, "kappa": NaN, "f1": NaN, "precision": NaN, "recall": NaN, "average_precision": NaN, "Spearman_r": 0.6828924077881761, "Pearson_r": 0.7657987725173745, "R2": 0.5752139875008487, "MAE": 0.36219780369774085, "MSE": 0.22577273839333292, "poisson_deviance_explained": 0.484323448937809}, "9": {"AUC": NaN, "kappa": NaN, "f1": NaN, "precision": NaN, "recall": NaN, "average_precision": NaN, "Spearman_r": 0.717174325245772, "Pearson_r": 0.7876584549313993, "R2": 0.6073819065030635, "MAE": 0.37190913436514605, "MSE": 0.23261503223504365, "poisson_deviance_explained": 0.5114053524119759}, "10": {"AUC": NaN, "kappa": NaN, "f1": NaN, "precision": NaN, "recall": NaN, "average_precision": NaN, "Spearman_r": 0.6993237872574376, "Pearson_r": 0.7617542531080955, "R2": 0.5705874967784915, "MAE": 0.39015511031689315, "MSE": 0.251777990280427, "poisson_deviance_explained": 0.48104742137388057}, "11": {"AUC": NaN, "kappa": NaN, "f1": NaN, "precision": NaN, "recall": NaN, "average_precision": NaN, "Spearman_r": 0.6768322990238022, "Pearson_r": 0.7533704887300563, "R2": 0.5591607078605121, "MAE": 0.37556500466131215, "MSE": 0.23899938613254798, "poisson_deviance_explained": 0.466950983957667}, "12": {"AUC": NaN, "kappa": NaN, "f1": NaN, "precision": NaN, "recall": NaN, "average_precision": NaN, "Spearman_r": 0.6927722138890179, "Pearson_r": 0.7776595674533108, "R2": 0.6004977552203646, "MAE": 0.3458690068394689, "MSE": 0.21136921705428063, "poisson_deviance_explained": 0.4986857870764806}, "13": {"AUC": NaN, "kappa": NaN, "f1": NaN, "precision": NaN, "recall": NaN, "average_precision": NaN, "Spearman_r": 0.6924464050986262, "Pearson_r": 0.7924609787941196, "R2": 0.6238425793720548, "MAE": 0.32018945716269664, "MSE": 0.18428405972054632, "poisson_deviance_explained": 0.5168265445286331}, "14": {"AUC": NaN, "kappa": NaN, "f1": NaN, "precision": NaN, "recall": NaN, "average_precision": NaN, "Spearman_r": 0.6968991417403706, "Pearson_r": 0.7964384235079428, "R2": 0.6302062591155462, "MAE": 0.31520118400218317, "MSE": 0.1804681832672849, "poisson_deviance_explained": 0.5238982721046386}, "15": {"AUC": NaN, "kappa": NaN, "f1": NaN, "precision": NaN, "recall": NaN, "average_precision": NaN, "Spearman_r": 0.7039943730847719, "Pearson_r": 0.8106973056028663, "R2": 0.652689975286842, "MAE": 0.31248510345645975, "MSE": 0.18054798577727038, "poisson_deviance_explained": 0.5427782557038285}, "16": {"AUC": NaN, "kappa": NaN, "f1": NaN, "precision": NaN, "recall": NaN, "average_precision": NaN, "Spearman_r": 0.7373701108843737, "Pearson_r": 0.8231723756431, "R2": 0.6724006890923834, "MAE": 0.33611143623718487, "MSE": 0.20256828890183867, "poisson_deviance_explained": 0.5691492639431602}, "17": {"AUC": NaN, "kappa": NaN, "f1": NaN, "precision": NaN, "recall": NaN, "average_precision": NaN, "Spearman_r": 0.7530275643619738, "Pearson_r": 0.8252346181004174, "R2": 0.6740114731360447, "MAE": 0.3498666831715002, "MSE": 0.21800436113993635, "poisson_deviance_explained": 0.575550789751432}, "18": {"AUC": NaN, "kappa": NaN, "f1": NaN, "precision": NaN, "recall": NaN, "average_precision": NaN, "Spearman_r": 0.7657989546216374, "Pearson_r": 0.8238709745622665, "R2": 0.6718048209424587, "MAE": 0.3706040601965761, "MSE": 0.2364488382704515, "poisson_deviance_explained": 0.5696488500412029}, "19": {"AUC": NaN, "kappa": NaN, "f1": NaN, "precision": NaN, "recall": NaN, "average_precision": NaN, "Spearman_r": 0.7823852453295433, "Pearson_r": 0.8368827651755529, "R2": 0.6919809151502333, "MAE": 0.3766054443543787, "MSE": 0.24716062176497733, "poisson_deviance_explained": 0.590461686064209}, "20": {"AUC": NaN, "kappa": NaN, "f1": NaN, "precision": NaN, "recall": NaN, "average_precision": NaN, "Spearman_r": 0.7458961138209756, "Pearson_r": 0.8095914710172344, "R2": 0.6458763699877572, "MAE": 0.3879185935698502, "MSE": 0.2557723593542219, "poisson_deviance_explained": 0.5465139291405496}, "21": {"AUC": NaN, "kappa": NaN, "f1": NaN, "precision": NaN, "recall": NaN, "average_precision": NaN, "Spearman_r": 0.7513851741675129, "Pearson_r": 0.8143046974891467, "R2": 0.6539512121800184, "MAE": 0.378855388757071, "MSE": 0.2478618937870856, "poisson_deviance_explained": 0.5534082177184705}, "22": {"AUC": NaN, "kappa": NaN, "f1": NaN, "precision": NaN, "recall": NaN, "average_precision": NaN, "Spearman_r": 0.7422420866136314, "Pearson_r": 0.8089696130188853, "R2": 0.6476868259117707, "MAE": 0.36633315440605135, "MSE": 0.23642972011243504, "poisson_deviance_explained": 0.5473602701226601}, "23": {"AUC": NaN, "kappa": NaN, "f1": NaN, "precision": NaN, "recall": NaN, "average_precision": NaN, "Spearman_r": 0.7439762276561933, "Pearson_r": 0.8091909056920454, "R2": 0.647886036585068, "MAE": 0.36521869038276783, "MSE": 0.2412507132011506, "poisson_deviance_explained": 0.5511060887391328}, "24": {"AUC": NaN, "kappa": NaN, "f1": NaN, "precision": NaN, "recall": NaN, "average_precision": NaN, "Spearman_r": 0.7534576323330728, "Pearson_r": 0.8054664707325414, "R2": 0.639437482168018, "MAE": 0.39372924376688306, "MSE": 0.2675715215657765, "poisson_deviance_explained": 0.5472878133930004}, "25": {"AUC": NaN, "kappa": NaN, "f1": NaN, "precision": NaN, "recall": NaN, "average_precision": NaN, "Spearman_r": 0.7330300271803082, "Pearson_r": 0.7980693965507037, "R2": 0.6268363302112022, "MAE": 0.38347860866829503, "MSE": 0.25197401719148227, "poisson_deviance_explained": 0.5319170511254082}, "26": {"AUC": NaN, "kappa": NaN, "f1": NaN, "precision": NaN, "recall": NaN, "average_precision": NaN, "Spearman_r": 0.7375957334544686, "Pearson_r": 0.8064263822009891, "R2": 0.6416085608531974, "MAE": 0.35917732076552433, "MSE": 0.23119184473637516, "poisson_deviance_explained": 0.5527612419867886}, "27": {"AUC": NaN, "kappa": NaN, "f1": NaN, "precision": NaN, "recall": NaN, "average_precision": NaN, "Spearman_r": 0.7549635922543226,