{"1": {"AUC": NaN, "kappa": NaN, "f1": NaN, "precision": NaN, "recall": NaN, "average_precision": NaN, "Spearman_r": 0.7481911271027711, "Pearson_r": 0.7924448316159561, "R2": 0.6239478896228128, "MAE": 0.3935595001423711, "MSE": 0.29648162312922893, "poisson_deviance_explained": 0.5563327762331883}, "2": {"AUC": NaN, "kappa": NaN, "f1": NaN, "precision": NaN, "recall": NaN, "average_precision": NaN, "Spearman_r": 0.7527839123301442, "Pearson_r": 0.7936935873138969, "R2": 0.6248610021425488, "MAE": 0.3995109135361396, "MSE": 0.2988299664490281, "poisson_deviance_explained": 0.5531867216705326}, "3": {"AUC": NaN, "kappa": NaN, "f1": NaN, "precision": NaN, "recall": NaN, "average_precision": NaN, "Spearman_r": 0.7685731395089985, "Pearson_r": 0.8145599387751401, "R2": 0.656356866962355, "MAE": 0.3745261353188753, "MSE": 0.2673681495463208, "poisson_deviance_explained": 0.5879599980453949}, "4": {"AUC": NaN, "kappa": NaN, "f1": NaN, "precision": NaN, "recall": NaN, "average_precision": NaN, "Spearman_r": 0.6826633777500032, "Pearson_r": 0.7934626688185697, "R2": 0.6257850382794585, "MAE": 0.30867986954138116, "MSE": 0.2291078127188279, "poisson_deviance_explained": 0.5557311879389734}, "5": {"AUC": NaN, "kappa": NaN, "f1": NaN, "precision": NaN, "recall": NaN, "average_precision": NaN, "Spearman_r": 0.7692430448521453, "Pearson_r": 0.7993108957317094, "R2": 0.6313565746038431, "MAE": 0.3991086406008889, "MSE": 0.291182503996944, "poisson_deviance_explained": 0.5555370941365864}, "6": {"AUC": NaN, "kappa": NaN, "f1": NaN, "precision": NaN, "recall": NaN, "average_precision": NaN, "Spearman_r": 0.7575398694142458, "Pearson_r": 0.7856367987032006, "R2": 0.608856583450894, "MAE": 0.4139661915077724, "MSE": 0.29246700032709905, "poisson_deviance_explained": 0.5290249085210215}, "7": {"AUC": NaN, "kappa": NaN, "f1": NaN, "precision": NaN, "recall": NaN, "average_precision": NaN, "Spearman_r": 0.7552978263083825, "Pearson_r": 0.7928244226492732, "R2": 0.6193083456453485, "MAE": 0.4191719805497468, "MSE": 0.2967700498522358, "poisson_deviance_explained": 0.5251017462451414}, "8": {"AUC": NaN, "kappa": NaN, "f1": NaN, "precision": NaN, "recall": NaN, "average_precision": NaN, "Spearman_r": 0.7428903022019203, "Pearson_r": 0.7690982081706185, "R2": 0.5818669859494663, "MAE": 0.4388329869759582, "MSE": 0.31295254056499716, "poisson_deviance_explained": 0.4967916762393587}, "9": {"AUC": NaN, "kappa": NaN, "f1": NaN, "precision": NaN, "recall": NaN, "average_precision": NaN, "Spearman_r": 0.7281671930337144, "Pearson_r": 0.7645543501376564, "R2": 0.575169477858886, "MAE": 0.4391636072047081, "MSE": 0.31229116730303474, "poisson_deviance_explained": 0.4847683447652861}, "10": {"AUC": NaN, "kappa": NaN, "f1": NaN, "precision": NaN, "recall": NaN, "average_precision": NaN, "Spearman_r": 0.7216645237382365, "Pearson_r": 0.7624527798622703, "R2": 0.5740529757253345, "MAE": 0.42934153295527155, "MSE": 0.2987219193160263, "poisson_deviance_explained": 0.478829802365482}, "11": {"AUC": NaN, "kappa": NaN, "f1": NaN, "precision": NaN, "recall": NaN, "average_precision": NaN, "Spearman_r": 0.7071299924657365, "Pearson_r": 0.7655695131006918, "R2": 0.5772899400619456, "MAE": 0.411534890039793, "MSE": 0.2848384950402423, "poisson_deviance_explained": 0.4853046610185844}, "12": {"AUC": NaN, "kappa": NaN, "f1": NaN, "precision": NaN, "recall": NaN, "average_precision": NaN, "Spearman_r": 0.7178148071445462, "Pearson_r": 0.7824257991677618, "R2": 0.6078815340566128, "MAE": 0.3694577153644465, "MSE": 0.24447012022195277, "poisson_deviance_explained": 0.5046403052278183}, "13": {"AUC": NaN, "kappa": NaN, "f1": NaN, "precision": NaN, "recall": NaN, "average_precision": NaN, "Spearman_r": 0.7246689320584763, "Pearson_r": 0.7995946968039827, "R2": 0.6370632217495277, "MAE": 0.3389220584086575, "MSE": 0.21331473452249178, "poisson_deviance_explained": 0.5328585327263173}, "14": {"AUC": NaN, "kappa": NaN, "f1": NaN, "precision": NaN, "recall": NaN, "average_precision": NaN, "Spearman_r": 0.7202321200339444, "Pearson_r": 0.7899346383990022, "R2": 0.6226033627613431, "MAE": 0.3388942594355785, "MSE": 0.21104548317521005, "poisson_deviance_explained": 0.5157682163644227}, "15": {"AUC": NaN, "kappa": NaN, "f1": NaN, "precision": NaN, "recall": NaN, "average_precision": NaN, "Spearman_r": 0.7276465584880372, "Pearson_r": 0.7978595583097998, "R2": 0.6346081294334208, "MAE": 0.3486356785808448, "MSE": 0.22354868580499748, "poisson_deviance_explained": 0.5359214600368792}, "16": {"AUC": NaN, "kappa": NaN, "f1": NaN, "precision": NaN, "recall": NaN, "average_precision": NaN, "Spearman_r": 0.757123219725805, "Pearson_r": 0.8127155640843188, "R2": 0.6576815426917664, "MAE": 0.37460941271483944, "MSE": 0.25066537887870577, "poisson_deviance_explained": 0.5513587865028634}, "17": {"AUC": NaN, "kappa": NaN, "f1": NaN, "precision": NaN, "recall": NaN, "average_precision": NaN, "Spearman_r": 0.7967272782435046, "Pearson_r": 0.8333496540751482, "R2": 0.6902871577702723, "MAE": 0.3928875531513684, "MSE": 0.2691175332867461, "poisson_deviance_explained": 0.5873567839928344}, "18": {"AUC": NaN, "kappa": NaN, "f1": NaN, "precision": NaN, "recall": NaN, "average_precision": NaN, "Spearman_r": 0.8169492520782409, "Pearson_r": 0.8426956786807377, "R2": 0.7048421562484708, "MAE": 0.3976460310336767, "MSE": 0.272114505202623, "poisson_deviance_explained": 0.603712089935224}, "19": {"AUC": NaN, "kappa": NaN, "f1": NaN, "precision": NaN, "recall": NaN, "average_precision": NaN, "Spearman_r": 0.8192169732443906, "Pearson_r": 0.8470321600314963, "R2": 0.7104193615039939, "MAE": 0.3941799672135567, "MSE": 0.2685799996587228, "poisson_deviance_explained": 0.6114572720980589}, "20": {"AUC": NaN, "kappa": NaN, "f1": NaN, "precision": NaN, "recall": NaN, "average_precision": NaN, "Spearman_r": 0.8007268140847256, "Pearson_r": 0.8240593350469382, "R2": 0.6733859814394958, "MAE": 0.4111079748745212, "MSE": 0.2872339863805057, "poisson_deviance_explained": 0.5752954290299442}, "21": {"AUC": NaN, "kappa": NaN, "f1": NaN, "precision": NaN, "recall": NaN, "average_precision": NaN, "Spearman_r": 0.768837671287534, "Pearson_r": 0.8117687509327521, "R2": 0.6527436231304999, "MAE": 0.3916596979946509, "MSE": 0.2665487913376744, "poisson_deviance_explained": 0.5528350939633402}, "22": {"AUC": NaN, "kappa": NaN, "f1": NaN, "precision": NaN, "recall": NaN, "average_precision": NaN, "Spearman_r": 0.7879934747169622, "Pearson_r": 0.8189023444515113, "R2": 0.6648555827420619, "MAE": 0.4025307196000453, "MSE": 0.282584878931898, "poisson_deviance_explained": 0.5582490243662703}, "23": {"AUC": NaN, "kappa": NaN, "f1": NaN, "precision": NaN, "recall": NaN, "average_precision": NaN, "Spearman_r": 0.7783696593335961, "Pearson_r": 0.8081093614688143, "R2": 0.6460186195030784, "MAE": 0.4094069861786435, "MSE": 0.2893957869790964, "poisson_deviance_explained": 0.5495503278690317}, "24": {"AUC": NaN, "kappa": NaN, "f1": NaN, "precision": NaN, "recall": NaN, "average_precision": NaN, "Spearman_r": 0.7775102099702009, "Pearson_r": 0.8171089659687516, "R2": 0.6611587023943069, "MAE": 0.40204401773932863, "MSE": 0.27561378891545785, "poisson_deviance_explained": 0.5573565738339883}, "25": {"AUC": NaN, "kappa": NaN, "f1": NaN, "precision": NaN, "recall": NaN, "average_precision": NaN, "Spearman_r": 0.7761350800799154, "Pearson_r": 0.8043692812160577, "R2": 0.6398639430395152, "MAE": 0.42688493682170353, "MSE": 0.30512022565271885, "poisson_deviance_explained": 0.5454747199583883}, "26": {"AUC": NaN, "kappa": NaN, "f1": NaN, "precision": NaN, "recall": NaN, "average_precision": NaN, "Spearman_r": 0.772339372416109, "Pearson_r": 0.7954732170129137, "R2": 0.6271315972917456, "MAE": 0.4325274425999805, "MSE": 0.32390907353609116, "poisson_deviance_explained": 0.5422827553654062}, "27": {"AUC": NaN, "kappa": NaN, "f1": NaN, "precision": NaN, "recall": NaN, "average_precision": NaN, "Spearman_r": 0.7745416982360933, "Pearson_r": 0.8014649387569663,