{"AUC": NaN, "kappa": NaN, "f1": NaN, "precision": NaN, "recall": NaN, "average_precision": NaN, "Spearman_r": 0.7622184194192848, "Pearson_r": 0.8331079154707544, "R2": 0.6910012103199111, "MAE": 0.32603451318556026, "MSE": 0.20482328762698768, "poisson_deviance_explained": 0.5931220214013576}
