{"1": {"AUC": NaN, "kappa": NaN, "f1": NaN, "precision": NaN, "recall": NaN, "average_precision": NaN, "Spearman_r": 0.7149090592838603, "Pearson_r": 0.7744776557686115, "R2": 0.5989528222174112, "MAE": 0.3791541188704192, "MSE": 0.30346760901415193, "poisson_deviance_explained": 0.5384443223667594}, "2": {"AUC": NaN, "kappa": NaN, "f1": NaN, "precision": NaN, "recall": NaN, "average_precision": NaN, "Spearman_r": 0.7523452009966165, "Pearson_r": 0.802169045066542, "R2": 0.640084359022387, "MAE": 0.36283888549872206, "MSE": 0.27617152285598723, "poisson_deviance_explained": 0.5731135628819313}, "3": {"AUC": NaN, "kappa": NaN, "f1": NaN, "precision": NaN, "recall": NaN, "average_precision": NaN, "Spearman_r": 0.7635813043857029, "Pearson_r": 0.8127269945457308, "R2": 0.6574966100870668, "MAE": 0.3511693583100154, "MSE": 0.2623504926450969, "poisson_deviance_explained": 0.5808933079254386}, "4": {"AUC": NaN, "kappa": NaN, "f1": NaN, "precision": NaN, "recall": NaN, "average_precision": NaN, "Spearman_r": 0.7698611002040873, "Pearson_r": 0.8063054380388223, "R2": 0.6474683808350472, "MAE": 0.37734141301903595, "MSE": 0.28185028491604736, "poisson_deviance_explained": 0.5673239099857759}, "5": {"AUC": NaN, "kappa": NaN, "f1": NaN, "precision": NaN, "recall": NaN, "average_precision": NaN, "Spearman_r": 0.7391777164085075, "Pearson_r": 0.7796588286369457, "R2": 0.6063238933930319, "MAE": 0.37087762220722953, "MSE": 0.27903919248125236, "poisson_deviance_explained": 0.5393410267740217}, "6": {"AUC": NaN, "kappa": NaN, "f1": NaN, "precision": NaN, "recall": NaN, "average_precision": NaN, "Spearman_r": 0.7274915401535823, "Pearson_r": 0.7848715310763974, "R2": 0.6088831374238424, "MAE": 0.3758162966963315, "MSE": 0.25859654480370614, "poisson_deviance_explained": 0.5308727177474692}, "7": {"AUC": NaN, "kappa": NaN, "f1": NaN, "precision": NaN, "recall": NaN, "average_precision": NaN, "Spearman_r": 0.7506559389640604, "Pearson_r": 0.7905470999897517, "R2": 0.6162358280509824, "MAE": 0.4034615958130883, "MSE": 0.28302078902237043, "poisson_deviance_explained": 0.5308365322304325}, "8": {"AUC": NaN, "kappa": NaN, "f1": NaN, "precision": NaN, "recall": NaN, "average_precision": NaN, "Spearman_r": 0.7274062007472452, "Pearson_r": 0.765667028967998, "R2": 0.5792884092332243, "MAE": 0.4252866839711883, "MSE": 0.3109793705217527, "poisson_deviance_explained": 0.5010247707011628}, "9": {"AUC": NaN, "kappa": NaN, "f1": NaN, "precision": NaN, "recall": NaN, "average_precision": NaN, "Spearman_r": 0.7396196814303485, "Pearson_r": 0.7730888468666637, "R2": 0.5917087561768355, "MAE": 0.42328099526248664, "MSE": 0.31620471709699466, "poisson_deviance_explained": 0.5159932333409157}, "10": {"AUC": NaN, "kappa": NaN, "f1": NaN, "precision": NaN, "recall": NaN, "average_precision": NaN, "Spearman_r": 0.7188343745893712, "Pearson_r": 0.7595754881976733, "R2": 0.5671108372568066, "MAE": 0.4270407601518583, "MSE": 0.31159596461072075, "poisson_deviance_explained": 0.4936039236254982}, "11": {"AUC": NaN, "kappa": NaN, "f1": NaN, "precision": NaN, "recall": NaN, "average_precision": NaN, "Spearman_r": 0.7133449281096133, "Pearson_r": 0.7710166490216949, "R2": 0.5889519419093509, "MAE": 0.40542289304725965, "MSE": 0.28417522691096325, "poisson_deviance_explained": 0.496919934938575}, "12": {"AUC": NaN, "kappa": NaN, "f1": NaN, "precision": NaN, "recall": NaN, "average_precision": NaN, "Spearman_r": 0.7278718289957552, "Pearson_r": 0.7875562330499997, "R2": 0.6180966822821634, "MAE": 0.3738419573912433, "MSE": 0.2552872865236352, "poisson_deviance_explained": 0.5298091139875998}, "13": {"AUC": NaN, "kappa": NaN, "f1": NaN, "precision": NaN, "recall": NaN, "average_precision": NaN, "Spearman_r": 0.7208463659525862, "Pearson_r": 0.8086583077184447, "R2": 0.6516706255927365, "MAE": 0.32362831517720675, "MSE": 0.21016559695943904, "poisson_deviance_explained": 0.5556419744614889}, "14": {"AUC": NaN, "kappa": NaN, "f1": NaN, "precision": NaN, "recall": NaN, "average_precision": NaN, "Spearman_r": 0.7373700761114202, "Pearson_r": 0.8206542627631067, "R2": 0.6718740035887047, "MAE": 0.33011613004080853, "MSE": 0.2169166140216281, "poisson_deviance_explained": 0.5707339866984553}, "15": {"AUC": NaN, "kappa": NaN, "f1": NaN, "precision": NaN, "recall": NaN, "average_precision": NaN, "Spearman_r": 0.7466724219141738, "Pearson_r": 0.8132152642131873, "R2": 0.6599590362625698, "MAE": 0.3507909770552994, "MSE": 0.23918949625353694, "poisson_deviance_explained": 0.5586706808301536}, "16": {"AUC": NaN, "kappa": NaN, "f1": NaN, "precision": NaN, "recall": NaN, "average_precision": NaN, "Spearman_r": 0.7575011989112709, "Pearson_r": 0.8251589859395441, "R2": 0.6798350577233385, "MAE": 0.35302385604757347, "MSE": 0.24966505450899465, "poisson_deviance_explained": 0.5860392870799076}, "17": {"AUC": NaN, "kappa": NaN, "f1": NaN, "precision": NaN, "recall": NaN, "average_precision": NaN, "Spearman_r": 0.7771605994250401, "Pearson_r": 0.8413992535926896, "R2": 0.7026897588305068, "MAE": 0.365626579795387, "MSE": 0.2519484929046323, "poisson_deviance_explained": 0.5989859645986131}, "18": {"AUC": NaN, "kappa": NaN, "f1": NaN, "precision": NaN, "recall": NaN, "average_precision": NaN, "Spearman_r": 0.8138351549643835, "Pearson_r": 0.8466963906245456, "R2": 0.7110923282371346, "MAE": 0.37204145960979584, "MSE": 0.25355618602605023, "poisson_deviance_explained": 0.6181053516266142}, "19": {"AUC": NaN, "kappa": NaN, "f1": NaN, "precision": NaN, "recall": NaN, "average_precision": NaN, "Spearman_r": 0.8090643649531978, "Pearson_r": 0.8314696477171184, "R2": 0.6851778182265464, "MAE": 0.40635671516679994, "MSE": 0.2976964486492641, "poisson_deviance_explained": 0.6091158070678071}, "20": {"AUC": NaN, "kappa": NaN, "f1": NaN, "precision": NaN, "recall": NaN, "average_precision": NaN, "Spearman_r": 0.8082774104957068, "Pearson_r": 0.8306203761293371, "R2": 0.6843131441084117, "MAE": 0.4264866246604119, "MSE": 0.31298150937540753, "poisson_deviance_explained": 0.584145610101388}, "21": {"AUC": NaN, "kappa": NaN, "f1": NaN, "precision": NaN, "recall": NaN, "average_precision": NaN, "Spearman_r": 0.7786592689181089, "Pearson_r": 0.8101943606587271, "R2": 0.6518788688723123, "MAE": 0.4087800374401716, "MSE": 0.2982627574990927, "poisson_deviance_explained": 0.5628701409917644}, "22": {"AUC": NaN, "kappa": NaN, "f1": NaN, "precision": NaN, "recall": NaN, "average_precision": NaN, "Spearman_r": 0.7705431073029655, "Pearson_r": 0.817632311580502, "R2": 0.6642114392746163, "MAE": 0.38080946128724774, "MSE": 0.26872674712377204, "poisson_deviance_explained": 0.5673549421423842}, "23": {"AUC": NaN, "kappa": NaN, "f1": NaN, "precision": NaN, "recall": NaN, "average_precision": NaN, "Spearman_r": 0.7555265788492903, "Pearson_r": 0.7922085329939683, "R2": 0.6249966984460019, "MAE": 0.40222078307003245, "MSE": 0.29516753659260136, "poisson_deviance_explained": 0.5301115359586737}, "24": {"AUC": NaN, "kappa": NaN, "f1": NaN, "precision": NaN, "recall": NaN, "average_precision": NaN, "Spearman_r": 0.7598492447044497, "Pearson_r": 0.7988639710251991, "R2": 0.6328653262444393, "MAE": 0.4070892752697601, "MSE": 0.29085785442050466, "poisson_deviance_explained": 0.5476532214876617}, "25": {"AUC": NaN, "kappa": NaN, "f1": NaN, "precision": NaN, "recall": NaN, "average_precision": NaN, "Spearman_r": 0.7783757078264648, "Pearson_r": 0.7941768067048365, "R2": 0.6257886273084289, "MAE": 0.4172138858959327, "MSE": 0.31098204793905004, "poisson_deviance_explained": 0.5568160615068143}, "26": {"AUC": NaN, "kappa": NaN, "f1": NaN, "precision": NaN, "recall": NaN, "average_precision": NaN, "Spearman_r": 0.7813418836833768, "Pearson_r": 0.7983840062388307, "R2": 0.629555603410179, "MAE": 0.4268843633499634, "MSE": 0.3210803525868263, "poisson_deviance_explained": 0.5594274211469765}, "27": {"AUC": NaN, "kappa": NaN, "f1": NaN, "precision": NaN, "recall": NaN, "average_precision": NaN, "Spearman_r": 0.7766235173834743,