{"1": {"AUC": NaN, "kappa": NaN, "f1": NaN, "precision": NaN, "recall": NaN, "average_precision": NaN, "Spearman_r": 0.7630193559380581, "Pearson_r": 0.818662894029126, "R2": 0.6687062962160828, "MAE": 0.34690763593223617, "MSE": 0.25221693961389685, "poisson_deviance_explained": 0.5951884639665312}, "2": {"AUC": NaN, "kappa": NaN, "f1": NaN, "precision": NaN, "recall": NaN, "average_precision": NaN, "Spearman_r": 0.7903945846729555, "Pearson_r": 0.8276731677512605, "R2": 0.6841155770498821, "MAE": 0.3685437145786863, "MSE": 0.28299281469041004, "poisson_deviance_explained": 0.6217794662095496}, "3": {"AUC": NaN, "kappa": NaN, "f1": NaN, "precision": NaN, "recall": NaN, "average_precision": NaN, "Spearman_r": 0.7797702746626294, "Pearson_r": 0.8295008302607868, "R2": 0.6861293754669229, "MAE": 0.33857450378336956, "MSE": 0.2438865901220831, "poisson_deviance_explained": 0.6191675972576269}, "4": {"AUC": NaN, "kappa": NaN, "f1": NaN, "precision": NaN, "recall": NaN, "average_precision": NaN, "Spearman_r": 0.7286959169895532, "Pearson_r": 0.804190957702669, "R2": 0.6454002156420158, "MAE": 0.32311707950415763, "MSE": 0.25040232323969025, "poisson_deviance_explained": 0.5825821275570053}, "5": {"AUC": NaN, "kappa": NaN, "f1": NaN, "precision": NaN, "recall": NaN, "average_precision": NaN, "Spearman_r": 0.7878103218510251, "Pearson_r": 0.8352130670937904, "R2": 0.6941735257673759, "MAE": 0.3349181911139917, "MSE": 0.23468882448477169, "poisson_deviance_explained": 0.6245541304297625}, "6": {"AUC": NaN, "kappa": NaN, "f1": NaN, "precision": NaN, "recall": NaN, "average_precision": NaN, "Spearman_r": 0.7738824584141072, "Pearson_r": 0.8183614596155057, "R2": 0.667105141836456, "MAE": 0.3658256087310791, "MSE": 0.2504245637338246, "poisson_deviance_explained": 0.5732125422718439}, "7": {"AUC": NaN, "kappa": NaN, "f1": NaN, "precision": NaN, "recall": NaN, "average_precision": NaN, "Spearman_r": 0.7464384519170739, "Pearson_r": 0.7910225622411143, "R2": 0.6223610146204941, "MAE": 0.3858273303328896, "MSE": 0.26721325341538377, "poisson_deviance_explained": 0.5255929611753681}, "8": {"AUC": NaN, "kappa": NaN, "f1": NaN, "precision": NaN, "recall": NaN, "average_precision": NaN, "Spearman_r": 0.7557075033636783, "Pearson_r": 0.7876896300045395, "R2": 0.6165060842147705, "MAE": 0.40921975692183743, "MSE": 0.281962755395123, "poisson_deviance_explained": 0.5165370002169145}, "9": {"AUC": NaN, "kappa": NaN, "f1": NaN, "precision": NaN, "recall": NaN, "average_precision": NaN, "Spearman_r": 0.7454088725540086, "Pearson_r": 0.7894408074666092, "R2": 0.6196324194276874, "MAE": 0.39624103639238395, "MSE": 0.26722073608934876, "poisson_deviance_explained": 0.515506023406102}, "10": {"AUC": NaN, "kappa": NaN, "f1": NaN, "precision": NaN, "recall": NaN, "average_precision": NaN, "Spearman_r": 0.7342261859469544, "Pearson_r": 0.7938156323064248, "R2": 0.6272354409866745, "MAE": 0.379295654184805, "MSE": 0.24689117404351843, "poisson_deviance_explained": 0.5174169944031419}, "11": {"AUC": NaN, "kappa": NaN, "f1": NaN, "precision": NaN, "recall": NaN, "average_precision": NaN, "Spearman_r": 0.7198067816472872, "Pearson_r": 0.778234469576656, "R2": 0.6030648995966565, "MAE": 0.38188638344311404, "MSE": 0.2532251607505996, "poisson_deviance_explained": 0.5014840786585353}, "12": {"AUC": NaN, "kappa": NaN, "f1": NaN, "precision": NaN, "recall": NaN, "average_precision": NaN, "Spearman_r": 0.7538068550685993, "Pearson_r": 0.8106207409178712, "R2": 0.6551704387657876, "MAE": 0.3577035341570883, "MSE": 0.22948483979680423, "poisson_deviance_explained": 0.5464578157020237}, "13": {"AUC": NaN, "kappa": NaN, "f1": NaN, "precision": NaN, "recall": NaN, "average_precision": NaN, "Spearman_r": 0.7371537998750959, "Pearson_r": 0.8065553503521393, "R2": 0.6491910556371574, "MAE": 0.33853766765441434, "MSE": 0.21069459155976167, "poisson_deviance_explained": 0.5339393126070131}, "14": {"AUC": NaN, "kappa": NaN, "f1": NaN, "precision": NaN, "recall": NaN, "average_precision": NaN, "Spearman_r": 0.735350546397278, "Pearson_r": 0.8132337491836585, "R2": 0.6607134522684519, "MAE": 0.3291897086291351, "MSE": 0.20499382932197, "poisson_deviance_explained": 0.5457677331263832}, "15": {"AUC": NaN, "kappa": NaN, "f1": NaN, "precision": NaN, "recall": NaN, "average_precision": NaN, "Spearman_r": 0.7491817970358059, "Pearson_r": 0.8160408116729878, "R2": 0.6650218655468431, "MAE": 0.3434238323133892, "MSE": 0.22187127284120395, "poisson_deviance_explained": 0.5548295471997092}, "16": {"AUC": NaN, "kappa": NaN, "f1": NaN, "precision": NaN, "recall": NaN, "average_precision": NaN, "Spearman_r": 0.7920796290475767, "Pearson_r": 0.837224449255736, "R2": 0.6996174334746941, "MAE": 0.3589505256314327, "MSE": 0.23202026245485685, "poisson_deviance_explained": 0.5831482628224169}, "17": {"AUC": NaN, "kappa": NaN, "f1": NaN, "precision": NaN, "recall": NaN, "average_precision": NaN, "Spearman_r": 0.794484525952334, "Pearson_r": 0.8363772516690066, "R2": 0.6971540970333461, "MAE": 0.367926284763201, "MSE": 0.2484419339887518, "poisson_deviance_explained": 0.5870297586021586}, "18": {"AUC": NaN, "kappa": NaN, "f1": NaN, "precision": NaN, "recall": NaN, "average_precision": NaN, "Spearman_r": 0.811860448097913, "Pearson_r": 0.8418810363106468, "R2": 0.7057701192025851, "MAE": 0.38220512474980717, "MSE": 0.25709227857499417, "poisson_deviance_explained": 0.5927522699862506}, "19": {"AUC": NaN, "kappa": NaN, "f1": NaN, "precision": NaN, "recall": NaN, "average_precision": NaN, "Spearman_r": 0.8077497847606554, "Pearson_r": 0.8433485315298541, "R2": 0.708518075371308, "MAE": 0.37237762354473414, "MSE": 0.2548751759021833, "poisson_deviance_explained": 0.6077932728037868}, "20": {"AUC": NaN, "kappa": NaN, "f1": NaN, "precision": NaN, "recall": NaN, "average_precision": NaN, "Spearman_r": 0.8023662982908412, "Pearson_r": 0.8419955414548813, "R2": 0.7060536521772387, "MAE": 0.37583586309404565, "MSE": 0.2537634036163057, "poisson_deviance_explained": 0.6021265205303765}, "21": {"AUC": NaN, "kappa": NaN, "f1": NaN, "precision": NaN, "recall": NaN, "average_precision": NaN, "Spearman_r": 0.7966853958526163, "Pearson_r": 0.8248958389818031, "R2": 0.678755686262065, "MAE": 0.38210368785684834, "MSE": 0.2608077073246487, "poisson_deviance_explained": 0.5694249759678485}, "22": {"AUC": NaN, "kappa": NaN, "f1": NaN, "precision": NaN, "recall": NaN, "average_precision": NaN, "Spearman_r": 0.779874038067241, "Pearson_r": 0.8186015906862888, "R2": 0.6692513032321528, "MAE": 0.366544030630875, "MSE": 0.24508093956688, "poisson_deviance_explained": 0.5641011475668164}, "23": {"AUC": NaN, "kappa": NaN, "f1": NaN, "precision": NaN, "recall": NaN, "average_precision": NaN, "Spearman_r": 0.775619779448202, "Pearson_r": 0.8131924724548767, "R2": 0.6595827196659635, "MAE": 0.3831591087573611, "MSE": 0.26639674508209865, "poisson_deviance_explained": 0.5522914432567974}, "24": {"AUC": NaN, "kappa": NaN, "f1": NaN, "precision": NaN, "recall": NaN, "average_precision": NaN, "Spearman_r": 0.8079395971626693, "Pearson_r": 0.8458902742493452, "R2": 0.7130902096665567, "MAE": 0.36398299859054634, "MSE": 0.2468710764977552, "poisson_deviance_explained": 0.6110899545056974}, "25": {"AUC": NaN, "kappa": NaN, "f1": NaN, "precision": NaN, "recall": NaN, "average_precision": NaN, "Spearman_r": 0.7876753186008314, "Pearson_r": 0.8315904701733456, "R2": 0.6892001505539385, "MAE": 0.3625149679035782, "MSE": 0.24585672058914207, "poisson_deviance_explained": 0.5926024969146981}, "26": {"AUC": NaN, "kappa": NaN, "f1": NaN, "precision": NaN, "recall": NaN, "average_precision": NaN, "Spearman_r": 0.8042207720917189, "Pearson_r": 0.8373407229991618, "R2": 0.6983978194326723, "MAE": 0.37413059847057367, "MSE": 0.26317140107004794, "poisson_deviance_explained": 0.6020104878512607}, "27": {"AUC": NaN, "kappa": NaN, "f1": NaN, "precision": NaN, "recall": NaN, "average_precision": NaN, "Spearman_r": 0.8099986451181455, "Pearson_r": 0.8406847862416421,