{"1": {"AUC": NaN, "kappa": NaN, "f1": NaN, "precision": NaN, "recall": NaN, "average_precision": NaN, "Spearman_r": 0.7613529769917672, "Pearson_r": 0.8332251049780599, "R2": 0.6925268483856817, "MAE": 0.3418345997381893, "MSE": 0.2360168093203184, "poisson_deviance_explained": 0.6070791539296465}, "2": {"AUC": NaN, "kappa": NaN, "f1": NaN, "precision": NaN, "recall": NaN, "average_precision": NaN, "Spearman_r": 0.7778015606461017, "Pearson_r": 0.8413130831945146, "R2": 0.706394799005557, "MAE": 0.32506452612092546, "MSE": 0.2268734661505007, "poisson_deviance_explained": 0.626578510155024}, "3": {"AUC": NaN, "kappa": NaN, "f1": NaN, "precision": NaN, "recall": NaN, "average_precision": NaN, "Spearman_r": 0.7815025774110144, "Pearson_r": 0.8488799925932103, "R2": 0.7182169660497966, "MAE": 0.3132913977979652, "MSE": 0.20990177863466714, "poisson_deviance_explained": 0.6369864185870406}, "4": {"AUC": NaN, "kappa": NaN, "f1": NaN, "precision": NaN, "recall": NaN, "average_precision": NaN, "Spearman_r": 0.7573605830280541, "Pearson_r": 0.8366106940971394, "R2": 0.6980283213722536, "MAE": 0.3039308840671011, "MSE": 0.20605169327526743, "poisson_deviance_explained": 0.6146811390863911}, "5": {"AUC": NaN, "kappa": NaN, "f1": NaN, "precision": NaN, "recall": NaN, "average_precision": NaN, "Spearman_r": 0.7793998703656624, "Pearson_r": 0.8417375622488813, "R2": 0.7066312510642028, "MAE": 0.3184907416668472, "MSE": 0.2128484389140221, "poisson_deviance_explained": 0.6206648769294092}, "6": {"AUC": NaN, "kappa": NaN, "f1": NaN, "precision": NaN, "recall": NaN, "average_precision": NaN, "Spearman_r": 0.7679138101354811, "Pearson_r": 0.8320395630379303, "R2": 0.6890995431048795, "MAE": 0.3267375171792493, "MSE": 0.21233806619927453, "poisson_deviance_explained": 0.5975393665254347}, "7": {"AUC": NaN, "kappa": NaN, "f1": NaN, "precision": NaN, "recall": NaN, "average_precision": NaN, "Spearman_r": 0.7614654992830602, "Pearson_r": 0.8235767953871739, "R2": 0.6739905745359447, "MAE": 0.344749273659755, "MSE": 0.2195882323359993, "poisson_deviance_explained": 0.5737709385318883}, "8": {"AUC": NaN, "kappa": NaN, "f1": NaN, "precision": NaN, "recall": NaN, "average_precision": NaN, "Spearman_r": 0.7598094956123533, "Pearson_r": 0.8179723318640924, "R2": 0.6642833687060283, "MAE": 0.35453048492752565, "MSE": 0.22632347140735726, "poisson_deviance_explained": 0.5660202120859881}, "9": {"AUC": NaN, "kappa": NaN, "f1": NaN, "precision": NaN, "recall": NaN, "average_precision": NaN, "Spearman_r": 0.7535150146483788, "Pearson_r": 0.8076659492382445, "R2": 0.6470051842263111, "MAE": 0.37213033059329326, "MSE": 0.24071826735941484, "poisson_deviance_explained": 0.5445645193668947}, "10": {"AUC": NaN, "kappa": NaN, "f1": NaN, "precision": NaN, "recall": NaN, "average_precision": NaN, "Spearman_r": 0.7451537938247077, "Pearson_r": 0.8058568775283134, "R2": 0.6456457495969619, "MAE": 0.3718350532389703, "MSE": 0.24329835605753522, "poisson_deviance_explained": 0.5404179087502706}, "11": {"AUC": NaN, "kappa": NaN, "f1": NaN, "precision": NaN, "recall": NaN, "average_precision": NaN, "Spearman_r": 0.7369584351815673, "Pearson_r": 0.8081490265505935, "R2": 0.6494625432215051, "MAE": 0.3531738305774866, "MSE": 0.22208761344430705, "poisson_deviance_explained": 0.5438691918752476}, "12": {"AUC": NaN, "kappa": NaN, "f1": NaN, "precision": NaN, "recall": NaN, "average_precision": NaN, "Spearman_r": 0.7229508155057239, "Pearson_r": 0.8046310411795652, "R2": 0.6452908277041489, "MAE": 0.3361260192725834, "MSE": 0.20418245120225256, "poisson_deviance_explained": 0.5346392991587416}, "13": {"AUC": NaN, "kappa": NaN, "f1": NaN, "precision": NaN, "recall": NaN, "average_precision": NaN, "Spearman_r": 0.7252472394633243, "Pearson_r": 0.8108778446590633, "R2": 0.6565812164383581, "MAE": 0.3123988322755244, "MSE": 0.18638058509131658, "poisson_deviance_explained": 0.5483725994174947}, "14": {"AUC": NaN, "kappa": NaN, "f1": NaN, "precision": NaN, "recall": NaN, "average_precision": NaN, "Spearman_r": 0.7260100160021268, "Pearson_r": 0.8104415554354205, "R2": 0.6561062019632843, "MAE": 0.30962466713050596, "MSE": 0.1847962020801116, "poisson_deviance_explained": 0.5488702983427888}, "15": {"AUC": NaN, "kappa": NaN, "f1": NaN, "precision": NaN, "recall": NaN, "average_precision": NaN, "Spearman_r": 0.7424660781165943, "Pearson_r": 0.8247215681807548, "R2": 0.678879144740814, "MAE": 0.3082956378988412, "MSE": 0.18340109374482394, "poisson_deviance_explained": 0.5735049643319747}, "16": {"AUC": NaN, "kappa": NaN, "f1": NaN, "precision": NaN, "recall": NaN, "average_precision": NaN, "Spearman_r": 0.750733727153094, "Pearson_r": 0.8251605455265846, "R2": 0.6793720952712876, "MAE": 0.3267068436193365, "MSE": 0.20304553453800622, "poisson_deviance_explained": 0.5750278545783439}, "17": {"AUC": NaN, "kappa": NaN, "f1": NaN, "precision": NaN, "recall": NaN, "average_precision": NaN, "Spearman_r": 0.7691489731914795, "Pearson_r": 0.841064462537112, "R2": 0.7053413836702876, "MAE": 0.33837850971917316, "MSE": 0.21533276049320746, "poisson_deviance_explained": 0.595987412442333}, "18": {"AUC": NaN, "kappa": NaN, "f1": NaN, "precision": NaN, "recall": NaN, "average_precision": NaN, "Spearman_r": 0.7869001547562078, "Pearson_r": 0.8487207576772451, "R2": 0.7181309447033318, "MAE": 0.3379011267619179, "MSE": 0.21331653024826625, "poisson_deviance_explained": 0.612095908746513}, "19": {"AUC": NaN, "kappa": NaN, "f1": NaN, "precision": NaN, "recall": NaN, "average_precision": NaN, "Spearman_r": 0.80189589327581, "Pearson_r": 0.8468472882427178, "R2": 0.7148071173996045, "MAE": 0.35229608564991477, "MSE": 0.23161401128511727, "poisson_deviance_explained": 0.6126976410988376}, "20": {"AUC": NaN, "kappa": NaN, "f1": NaN, "precision": NaN, "recall": NaN, "average_precision": NaN, "Spearman_r": 0.7890554582489206, "Pearson_r": 0.8400779424652378, "R2": 0.7027049029591945, "MAE": 0.3517418152534279, "MSE": 0.2277305077319714, "poisson_deviance_explained": 0.6023186688933915}, "21": {"AUC": NaN, "kappa": NaN, "f1": NaN, "precision": NaN, "recall": NaN, "average_precision": NaN, "Spearman_r": 0.7892700950708287, "Pearson_r": 0.8457098282836596, "R2": 0.71237296192487, "MAE": 0.3378968426023781, "MSE": 0.21715610789005632, "poisson_deviance_explained": 0.6102551393638251}, "22": {"AUC": NaN, "kappa": NaN, "f1": NaN, "precision": NaN, "recall": NaN, "average_precision": NaN, "Spearman_r": 0.7613967973618536, "Pearson_r": 0.8247297470757836, "R2": 0.6781175075166883, "MAE": 0.34172257821947577, "MSE": 0.22086439478749692, "poisson_deviance_explained": 0.5740974429983803}, "23": {"AUC": NaN, "kappa": NaN, "f1": NaN, "precision": NaN, "recall": NaN, "average_precision": NaN, "Spearman_r": 0.7630803968191168, "Pearson_r": 0.8264576866223783, "R2": 0.6810536930393576, "MAE": 0.33469538167742274, "MSE": 0.21586614356830394, "poisson_deviance_explained": 0.5810531537840156}, "24": {"AUC": NaN, "kappa": NaN, "f1": NaN, "precision": NaN, "recall": NaN, "average_precision": NaN, "Spearman_r": 0.7746149067855822, "Pearson_r": 0.82562902172339, "R2": 0.6789298423924659, "MAE": 0.35918876901347124, "MSE": 0.24130526916194375, "poisson_deviance_explained": 0.5795878786756297}, "25": {"AUC": NaN, "kappa": NaN, "f1": NaN, "precision": NaN, "recall": NaN, "average_precision": NaN, "Spearman_r": 0.7949324612576225, "Pearson_r": 0.8381066895602862, "R2": 0.6985610820312783, "MAE": 0.3582477040114648, "MSE": 0.23719504176601566, "poisson_deviance_explained": 0.6086644755226323}, "26": {"AUC": NaN, "kappa": NaN, "f1": NaN, "precision": NaN, "recall": NaN, "average_precision": NaN, "Spearman_r": 0.7856224195042633, "Pearson_r": 0.8360101347827757, "R2": 0.6960983275753256, "MAE": 0.35583443650005403, "MSE": 0.2384784047069455, "poisson_deviance_explained": 0.6025067078258741}, "27": {"AUC": NaN, "kappa": NaN, "f1": NaN, "precision": NaN, "recall": NaN, "average_precision": NaN, "Spearman_r": 0.7927897568672825,