{"1": {"AUC": NaN, "kappa": NaN, "f1": NaN, "precision": NaN, "recall": NaN, "average_precision": NaN, "Spearman_r": 0.7681075350156322, "Pearson_r": 0.830332728757879, "R2": 0.6872299043794643, "MAE": 0.33791488558152233, "MSE": 0.22579180440465435, "poisson_deviance_explained": 0.6030937367606127}, "2": {"AUC": NaN, "kappa": NaN, "f1": NaN, "precision": NaN, "recall": NaN, "average_precision": NaN, "Spearman_r": 0.7746576122706178, "Pearson_r": 0.8384191146239112, "R2": 0.7017840063366604, "MAE": 0.32664184989055445, "MSE": 0.2290196828616838, "poisson_deviance_explained": 0.6222280570122315}, "3": {"AUC": NaN, "kappa": NaN, "f1": NaN, "precision": NaN, "recall": NaN, "average_precision": NaN, "Spearman_r": 0.7851946363231419, "Pearson_r": 0.8559731375891605, "R2": 0.7303360886526946, "MAE": 0.30615849269358464, "MSE": 0.2013373358158334, "poisson_deviance_explained": 0.6475499294664968}, "4": {"AUC": NaN, "kappa": NaN, "f1": NaN, "precision": NaN, "recall": NaN, "average_precision": NaN, "Spearman_r": 0.762755688977467, "Pearson_r": 0.8325741430843592, "R2": 0.6917299022901797, "MAE": 0.32278884212293907, "MSE": 0.22385578705972345, "poisson_deviance_explained": 0.6027071385027369}, "5": {"AUC": NaN, "kappa": NaN, "f1": NaN, "precision": NaN, "recall": NaN, "average_precision": NaN, "Spearman_r": 0.7653277857209836, "Pearson_r": 0.8402935591522275, "R2": 0.703306685882251, "MAE": 0.31488335512128535, "MSE": 0.20106882016764852, "poisson_deviance_explained": 0.6093516353835418}, "6": {"AUC": NaN, "kappa": NaN, "f1": NaN, "precision": NaN, "recall": NaN, "average_precision": NaN, "Spearman_r": 0.7580476520722509, "Pearson_r": 0.8231135532380389, "R2": 0.6736614261232238, "MAE": 0.34001089886033553, "MSE": 0.22197722986328577, "poisson_deviance_explained": 0.5850959195089298}, "7": {"AUC": NaN, "kappa": NaN, "f1": NaN, "precision": NaN, "recall": NaN, "average_precision": NaN, "Spearman_r": 0.7464900049142764, "Pearson_r": 0.812368372044439, "R2": 0.6533281993013349, "MAE": 0.3424735797932504, "MSE": 0.2113601485044392, "poisson_deviance_explained": 0.5555689004468468}, "8": {"AUC": NaN, "kappa": NaN, "f1": NaN, "precision": NaN, "recall": NaN, "average_precision": NaN, "Spearman_r": 0.7299539572925229, "Pearson_r": 0.8170085266966786, "R2": 0.6621291971763749, "MAE": 0.3136116916081536, "MSE": 0.1800382570381814, "poisson_deviance_explained": 0.5537123316125675}, "9": {"AUC": NaN, "kappa": NaN, "f1": NaN, "precision": NaN, "recall": NaN, "average_precision": NaN, "Spearman_r": 0.7562244006804568, "Pearson_r": 0.8247766568547231, "R2": 0.6741958830929857, "MAE": 0.32923590449717927, "MSE": 0.1952724641326766, "poisson_deviance_explained": 0.5751913250409879}, "10": {"AUC": NaN, "kappa": NaN, "f1": NaN, "precision": NaN, "recall": NaN, "average_precision": NaN, "Spearman_r": 0.7392561289469519, "Pearson_r": 0.8071151889057684, "R2": 0.6445382272301206, "MAE": 0.34473373434103943, "MSE": 0.20765119931436346, "poisson_deviance_explained": 0.5390630512775636}, "11": {"AUC": NaN, "kappa": NaN, "f1": NaN, "precision": NaN, "recall": NaN, "average_precision": NaN, "Spearman_r": 0.7291133377856235, "Pearson_r": 0.7993126830305413, "R2": 0.6342899406919975, "MAE": 0.3457403355600459, "MSE": 0.2143223226616228, "poisson_deviance_explained": 0.5341997532545343}, "12": {"AUC": NaN, "kappa": NaN, "f1": NaN, "precision": NaN, "recall": NaN, "average_precision": NaN, "Spearman_r": 0.7208202781971947, "Pearson_r": 0.8049801444402324, "R2": 0.6457909538862407, "MAE": 0.317195178526817, "MSE": 0.18945686335674056, "poisson_deviance_explained": 0.5434025827366056}, "13": {"AUC": NaN, "kappa": NaN, "f1": NaN, "precision": NaN, "recall": NaN, "average_precision": NaN, "Spearman_r": 0.7131002434422742, "Pearson_r": 0.8190941926517259, "R2": 0.6699377783476415, "MAE": 0.28504462335909825, "MSE": 0.1596312401484914, "poisson_deviance_explained": 0.557741804178213}, "14": {"AUC": NaN, "kappa": NaN, "f1": NaN, "precision": NaN, "recall": NaN, "average_precision": NaN, "Spearman_r": 0.7290692760848951, "Pearson_r": 0.8220079741937584, "R2": 0.6744697743800563, "MAE": 0.28966437490454583, "MSE": 0.16415870271880184, "poisson_deviance_explained": 0.5667863516678611}, "15": {"AUC": NaN, "kappa": NaN, "f1": NaN, "precision": NaN, "recall": NaN, "average_precision": NaN, "Spearman_r": 0.7304657901582695, "Pearson_r": 0.828978904706599, "R2": 0.6853374350090418, "MAE": 0.2862936391465174, "MSE": 0.16249209049078173, "poisson_deviance_explained": 0.5805960536085517}, "16": {"AUC": NaN, "kappa": NaN, "f1": NaN, "precision": NaN, "recall": NaN, "average_precision": NaN, "Spearman_r": 0.7574917806410429, "Pearson_r": 0.8393914635002537, "R2": 0.7022014483694552, "MAE": 0.3112712461930264, "MSE": 0.1832435056841114, "poisson_deviance_explained": 0.5948064990425272}, "17": {"AUC": NaN, "kappa": NaN, "f1": NaN, "precision": NaN, "recall": NaN, "average_precision": NaN, "Spearman_r": 0.7890191974997388, "Pearson_r": 0.8556701874359635, "R2": 0.7290844696538534, "MAE": 0.32363484275859056, "MSE": 0.19771886946591333, "poisson_deviance_explained": 0.6248486017888684}, "18": {"AUC": NaN, "kappa": NaN, "f1": NaN, "precision": NaN, "recall": NaN, "average_precision": NaN, "Spearman_r": 0.7943351230295713, "Pearson_r": 0.8514983951743391, "R2": 0.7222734055341946, "MAE": 0.32706539148646485, "MSE": 0.20206987502172952, "poisson_deviance_explained": 0.6194097103604839}, "19": {"AUC": NaN, "kappa": NaN, "f1": NaN, "precision": NaN, "recall": NaN, "average_precision": NaN, "Spearman_r": 0.8016987708341533, "Pearson_r": 0.8577615122441863, "R2": 0.7323849032083856, "MAE": 0.3383957532302899, "MSE": 0.21409674669492285, "poisson_deviance_explained": 0.6280625424809175}, "20": {"AUC": NaN, "kappa": NaN, "f1": NaN, "precision": NaN, "recall": NaN, "average_precision": NaN, "Spearman_r": 0.7956082407859565, "Pearson_r": 0.8479164105491874, "R2": 0.7162067132990313, "MAE": 0.3366442886919607, "MSE": 0.21711218486330192, "poisson_deviance_explained": 0.6180589457673975}, "21": {"AUC": NaN, "kappa": NaN, "f1": NaN, "precision": NaN, "recall": NaN, "average_precision": NaN, "Spearman_r": 0.774067967305593, "Pearson_r": 0.8404960087855845, "R2": 0.702350368692336, "MAE": 0.3306090062103964, "MSE": 0.2059317711153196, "poisson_deviance_explained": 0.6014500297850088}, "22": {"AUC": NaN, "kappa": NaN, "f1": NaN, "precision": NaN, "recall": NaN, "average_precision": NaN, "Spearman_r": 0.7735214584068227, "Pearson_r": 0.8422722458174329, "R2": 0.706278038325957, "MAE": 0.32406035586922227, "MSE": 0.20236549195945366, "poisson_deviance_explained": 0.6051518824047782}, "23": {"AUC": NaN, "kappa": NaN, "f1": NaN, "precision": NaN, "recall": NaN, "average_precision": NaN, "Spearman_r": 0.7707971171573247, "Pearson_r": 0.8331390572466442, "R2": 0.6913679744613811, "MAE": 0.33199576413938775, "MSE": 0.2166036002158549, "poisson_deviance_explained": 0.5914370036448168}, "24": {"AUC": NaN, "kappa": NaN, "f1": NaN, "precision": NaN, "recall": NaN, "average_precision": NaN, "Spearman_r": 0.7960424555935556, "Pearson_r": 0.8420464618584583, "R2": 0.7055770806236776, "MAE": 0.3488720959127766, "MSE": 0.2322831622596703, "poisson_deviance_explained": 0.6144641251051989}, "25": {"AUC": NaN, "kappa": NaN, "f1": NaN, "precision": NaN, "recall": NaN, "average_precision": NaN, "Spearman_r": 0.7869618430245197, "Pearson_r": 0.8421498943088453, "R2": 0.7058135000982106, "MAE": 0.33448448258667834, "MSE": 0.2141982256803088, "poisson_deviance_explained": 0.6159778346363937}, "26": {"AUC": NaN, "kappa": NaN, "f1": NaN, "precision": NaN, "recall": NaN, "average_precision": NaN, "Spearman_r": 0.7724433248249064, "Pearson_r": 0.8451188591726247, "R2": 0.7092037543742591, "MAE": 0.32414007993153926, "MSE": 0.20650132032144206, "poisson_deviance_explained": 0.6174859879667586}, "27": {"AUC": NaN, "kappa": NaN, "f1": NaN, "precision": NaN, "recall": NaN, "average_precision": NaN, "Spearman_r": 0.7707816656763385,