{"1": {"AUC": NaN, "kappa": NaN, "f1": NaN, "precision": NaN, "recall": NaN, "average_precision": NaN, "Spearman_r": 0.7334210159034069, "Pearson_r": 0.8115512392413834, "R2": 0.6546468411845441, "MAE": 0.36278881829987003, "MSE": 0.2525290598530944, "poisson_deviance_explained": 0.5717717281659986}, "2": {"AUC": NaN, "kappa": NaN, "f1": NaN, "precision": NaN, "recall": NaN, "average_precision": NaN, "Spearman_r": 0.7634044905356786, "Pearson_r": 0.822619009357684, "R2": 0.6729263238770573, "MAE": 0.3602929196942783, "MSE": 0.2484042371892663, "poisson_deviance_explained": 0.5872290559999056}, "3": {"AUC": NaN, "kappa": NaN, "f1": NaN, "precision": NaN, "recall": NaN, "average_precision": NaN, "Spearman_r": 0.7629330271193566, "Pearson_r": 0.8263859659744808, "R2": 0.6787029574250099, "MAE": 0.34903509673696165, "MSE": 0.24013770086943623, "poisson_deviance_explained": 0.5902459733053249}, "4": {"AUC": NaN, "kappa": NaN, "f1": NaN, "precision": NaN, "recall": NaN, "average_precision": NaN, "Spearman_r": 0.7366011839641239, "Pearson_r": 0.8137105077886124, "R2": 0.6580869293621524, "MAE": 0.35219775201311493, "MSE": 0.2467329700371648, "poisson_deviance_explained": 0.5706534749858599}, "5": {"AUC": NaN, "kappa": NaN, "f1": NaN, "precision": NaN, "recall": NaN, "average_precision": NaN, "Spearman_r": 0.740337917924179, "Pearson_r": 0.8175791212534947, "R2": 0.6626867336855007, "MAE": 0.33904928208934054, "MSE": 0.2239943768758775, "poisson_deviance_explained": 0.5739209914194643}, "6": {"AUC": NaN, "kappa": NaN, "f1": NaN, "precision": NaN, "recall": NaN, "average_precision": NaN, "Spearman_r": 0.7421277499519227, "Pearson_r": 0.7989918841957012, "R2": 0.6320944060380225, "MAE": 0.3822693549748274, "MSE": 0.25862079034368707, "poisson_deviance_explained": 0.540599544286435}, "7": {"AUC": NaN, "kappa": NaN, "f1": NaN, "precision": NaN, "recall": NaN, "average_precision": NaN, "Spearman_r": 0.7213334916060303, "Pearson_r": 0.7782357971685612, "R2": 0.5983863882978652, "MAE": 0.3851288412013932, "MSE": 0.25204762910908435, "poisson_deviance_explained": 0.5059278438889463}, "8": {"AUC": NaN, "kappa": NaN, "f1": NaN, "precision": NaN, "recall": NaN, "average_precision": NaN, "Spearman_r": 0.7248924193157452, "Pearson_r": 0.7836464167673252, "R2": 0.6054103112720809, "MAE": 0.38786862667114363, "MSE": 0.2566010337590096, "poisson_deviance_explained": 0.5134318005481056}, "9": {"AUC": NaN, "kappa": NaN, "f1": NaN, "precision": NaN, "recall": NaN, "average_precision": NaN, "Spearman_r": 0.7184000384257309, "Pearson_r": 0.7732646929684216, "R2": 0.5909719881548154, "MAE": 0.407427391617062, "MSE": 0.2773155128044287, "poisson_deviance_explained": 0.4977753547457341}, "10": {"AUC": NaN, "kappa": NaN, "f1": NaN, "precision": NaN, "recall": NaN, "average_precision": NaN, "Spearman_r": 0.7242166232985968, "Pearson_r": 0.7794869917345868, "R2": 0.5998729247688179, "MAE": 0.4074670672599141, "MSE": 0.2793919393196564, "poisson_deviance_explained": 0.5044784914483142}, "11": {"AUC": NaN, "kappa": NaN, "f1": NaN, "precision": NaN, "recall": NaN, "average_precision": NaN, "Spearman_r": 0.725561668321057, "Pearson_r": 0.7827235373692866, "R2": 0.6067974760168597, "MAE": 0.39457133247253845, "MSE": 0.2651127140085836, "poisson_deviance_explained": 0.5086861476768156}, "12": {"AUC": NaN, "kappa": NaN, "f1": NaN, "precision": NaN, "recall": NaN, "average_precision": NaN, "Spearman_r": 0.7009993637100377, "Pearson_r": 0.7842483835867265, "R2": 0.6098277051136636, "MAE": 0.35219528043120807, "MSE": 0.21931273048330532, "poisson_deviance_explained": 0.5089943932509353}, "13": {"AUC": NaN, "kappa": NaN, "f1": NaN, "precision": NaN, "recall": NaN, "average_precision": NaN, "Spearman_r": 0.6911234441298452, "Pearson_r": 0.7904018571909329, "R2": 0.6227323009235759, "MAE": 0.313891778602635, "MSE": 0.18186285622656823, "poisson_deviance_explained": 0.5136599272789428}, "14": {"AUC": NaN, "kappa": NaN, "f1": NaN, "precision": NaN, "recall": NaN, "average_precision": NaN, "Spearman_r": 0.6931330469105116, "Pearson_r": 0.7944673264942198, "R2": 0.6289594070310596, "MAE": 0.31094821714293713, "MSE": 0.18073809146668907, "poisson_deviance_explained": 0.528170951407086}, "15": {"AUC": NaN, "kappa": NaN, "f1": NaN, "precision": NaN, "recall": NaN, "average_precision": NaN, "Spearman_r": 0.7205149082880684, "Pearson_r": 0.8019824546255009, "R2": 0.640188389016213, "MAE": 0.3331750905701253, "MSE": 0.20303796832684506, "poisson_deviance_explained": 0.5374216489303362}, "16": {"AUC": NaN, "kappa": NaN, "f1": NaN, "precision": NaN, "recall": NaN, "average_precision": NaN, "Spearman_r": 0.7554923369801425, "Pearson_r": 0.8259267510102015, "R2": 0.6795374303046153, "MAE": 0.34788079054134463, "MSE": 0.21814099317744995, "poisson_deviance_explained": 0.5736788542837208}, "17": {"AUC": NaN, "kappa": NaN, "f1": NaN, "precision": NaN, "recall": NaN, "average_precision": NaN, "Spearman_r": 0.7789959268322786, "Pearson_r": 0.8426258281946895, "R2": 0.7055100934594499, "MAE": 0.3496952653465155, "MSE": 0.21812560642098236, "poisson_deviance_explained": 0.5965613626955615}, "18": {"AUC": NaN, "kappa": NaN, "f1": NaN, "precision": NaN, "recall": NaN, "average_precision": NaN, "Spearman_r": 0.7912819015586758, "Pearson_r": 0.8412389018644183, "R2": 0.7010032591024237, "MAE": 0.36549136559128315, "MSE": 0.23161219672994238, "poisson_deviance_explained": 0.597754133952445}, "19": {"AUC": NaN, "kappa": NaN, "f1": NaN, "precision": NaN, "recall": NaN, "average_precision": NaN, "Spearman_r": 0.7819319039867164, "Pearson_r": 0.8307474599569897, "R2": 0.6838507035092698, "MAE": 0.37077234932897085, "MSE": 0.24299045113113793, "poisson_deviance_explained": 0.5892173885736764}, "20": {"AUC": NaN, "kappa": NaN, "f1": NaN, "precision": NaN, "recall": NaN, "average_precision": NaN, "Spearman_r": 0.7740223308750813, "Pearson_r": 0.8251551481057124, "R2": 0.6734904532262178, "MAE": 0.37914756791303705, "MSE": 0.24945137187478145, "poisson_deviance_explained": 0.5750078637126825}, "21": {"AUC": NaN, "kappa": NaN, "f1": NaN, "precision": NaN, "recall": NaN, "average_precision": NaN, "Spearman_r": 0.766248448226056, "Pearson_r": 0.8224693166302044, "R2": 0.6705304138773083, "MAE": 0.3666134557296674, "MSE": 0.23720697574676802, "poisson_deviance_explained": 0.5681000362757028}, "22": {"AUC": NaN, "kappa": NaN, "f1": NaN, "precision": NaN, "recall": NaN, "average_precision": NaN, "Spearman_r": 0.7532152762782667, "Pearson_r": 0.8147333804063429, "R2": 0.6591218702023562, "MAE": 0.35756828894547177, "MSE": 0.23393961860084087, "poisson_deviance_explained": 0.5591803470446249}, "23": {"AUC": NaN, "kappa": NaN, "f1": NaN, "precision": NaN, "recall": NaN, "average_precision": NaN, "Spearman_r": 0.7622452908926761, "Pearson_r": 0.818278003738963, "R2": 0.6635838944327035, "MAE": 0.37480267396969363, "MSE": 0.24704681139451848, "poisson_deviance_explained": 0.5603868346242539}, "24": {"AUC": NaN, "kappa": NaN, "f1": NaN, "precision": NaN, "recall": NaN, "average_precision": NaN, "Spearman_r": 0.7482454940170825, "Pearson_r": 0.7962198808385814, "R2": 0.6273337547221229, "MAE": 0.39789134180782004, "MSE": 0.27259701590869817, "poisson_deviance_explained": 0.5338288227413153}, "25": {"AUC": NaN, "kappa": NaN, "f1": NaN, "precision": NaN, "recall": NaN, "average_precision": NaN, "Spearman_r": 0.7590920283741418, "Pearson_r": 0.8050200491752266, "R2": 0.6396050034166099, "MAE": 0.3950957290110566, "MSE": 0.2664122611823349, "poisson_deviance_explained": 0.5481057065681716}, "26": {"AUC": NaN, "kappa": NaN, "f1": NaN, "precision": NaN, "recall": NaN, "average_precision": NaN, "Spearman_r": 0.7672018035281848, "Pearson_r": 0.8127688737342725, "R2": 0.6538770570418317, "MAE": 0.40232006071002313, "MSE": 0.2765217973913668, "poisson_deviance_explained": 0.5568689751470826}, "27": {"AUC": NaN, "kappa": NaN, "f1": NaN, "precision": NaN, "recall": NaN, "average_precision": NaN, "Spearman_r": 0.7619830728396397,