{"1": {"AUC": NaN, "kappa": NaN, "f1": NaN, "precision": NaN, "recall": NaN, "average_precision": NaN, "Spearman_r": 0.7777274813966192, "Pearson_r": 0.8307345666619839, "R2": 0.6879385964749685, "MAE": 0.3578478001720063, "MSE": 0.2544082442495976, "poisson_deviance_explained": 0.6053441586552781}, "2": {"AUC": NaN, "kappa": NaN, "f1": NaN, "precision": NaN, "recall": NaN, "average_precision": NaN, "Spearman_r": 0.7918381508801466, "Pearson_r": 0.8443870915788158, "R2": 0.7111617317592158, "MAE": 0.34056077813441266, "MSE": 0.23509234753277503, "poisson_deviance_explained": 0.6254416684315833}, "3": {"AUC": NaN, "kappa": NaN, "f1": NaN, "precision": NaN, "recall": NaN, "average_precision": NaN, "Spearman_r": 0.7969028912854943, "Pearson_r": 0.8442165175758599, "R2": 0.7103288018507008, "MAE": 0.3435307969845257, "MSE": 0.24093439817121792, "poisson_deviance_explained": 0.625209659100783}, "4": {"AUC": NaN, "kappa": NaN, "f1": NaN, "precision": NaN, "recall": NaN, "average_precision": NaN, "Spearman_r": 0.7652934809793629, "Pearson_r": 0.8297310321607083, "R2": 0.686397413502901, "MAE": 0.3427945266382039, "MSE": 0.24541475642848276, "poisson_deviance_explained": 0.5991561890553585}, "5": {"AUC": NaN, "kappa": NaN, "f1": NaN, "precision": NaN, "recall": NaN, "average_precision": NaN, "Spearman_r": 0.7542614805722583, "Pearson_r": 0.8199597855073394, "R2": 0.6700579174097718, "MAE": 0.3384773786017901, "MSE": 0.22114554139929868, "poisson_deviance_explained": 0.575640375397261}, "6": {"AUC": NaN, "kappa": NaN, "f1": NaN, "precision": NaN, "recall": NaN, "average_precision": NaN, "Spearman_r": 0.7680293312982412, "Pearson_r": 0.8242966311673028, "R2": 0.6762777231642718, "MAE": 0.34443520962328217, "MSE": 0.22349303300179055, "poisson_deviance_explained": 0.5821428726464668}, "7": {"AUC": NaN, "kappa": NaN, "f1": NaN, "precision": NaN, "recall": NaN, "average_precision": NaN, "Spearman_r": 0.7687661728333305, "Pearson_r": 0.8111036678796902, "R2": 0.653204838257773, "MAE": 0.3832222196659713, "MSE": 0.25458908293410915, "poisson_deviance_explained": 0.5534020789144791}, "8": {"AUC": NaN, "kappa": NaN, "f1": NaN, "precision": NaN, "recall": NaN, "average_precision": NaN, "Spearman_r": 0.7624331019013895, "Pearson_r": 0.8065972180739843, "R2": 0.6451690248559759, "MAE": 0.3815591536745546, "MSE": 0.24770911369325954, "poisson_deviance_explained": 0.5416951567853264}, "9": {"AUC": NaN, "kappa": NaN, "f1": NaN, "precision": NaN, "recall": NaN, "average_precision": NaN, "Spearman_r": 0.7696560543029215, "Pearson_r": 0.815137622013059, "R2": 0.6602975833852529, "MAE": 0.3801672007422356, "MSE": 0.25159305929958586, "poisson_deviance_explained": 0.5533907374180285}, "10": {"AUC": NaN, "kappa": NaN, "f1": NaN, "precision": NaN, "recall": NaN, "average_precision": NaN, "Spearman_r": 0.7694319462789243, "Pearson_r": 0.8108252649808712, "R2": 0.6538486872246123, "MAE": 0.38730073600490195, "MSE": 0.2591480474974774, "poisson_deviance_explained": 0.5512460560242481}, "11": {"AUC": NaN, "kappa": NaN, "f1": NaN, "precision": NaN, "recall": NaN, "average_precision": NaN, "Spearman_r": 0.7335759626803302, "Pearson_r": 0.7908909702119346, "R2": 0.6221352905427098, "MAE": 0.3715915558173744, "MSE": 0.24041266775014614, "poisson_deviance_explained": 0.5183063503149247}, "12": {"AUC": NaN, "kappa": NaN, "f1": NaN, "precision": NaN, "recall": NaN, "average_precision": NaN, "Spearman_r": 0.75614460254275, "Pearson_r": 0.8160068734614893, "R2": 0.6639679506546784, "MAE": 0.34974884781031773, "MSE": 0.22288088468617337, "poisson_deviance_explained": 0.5559999488117358}, "13": {"AUC": NaN, "kappa": NaN, "f1": NaN, "precision": NaN, "recall": NaN, "average_precision": NaN, "Spearman_r": 0.7300541672241079, "Pearson_r": 0.820151720694173, "R2": 0.671321292217619, "MAE": 0.3152257246442169, "MSE": 0.1895487143196201, "poisson_deviance_explained": 0.5569957441828552}, "14": {"AUC": NaN, "kappa": NaN, "f1": NaN, "precision": NaN, "recall": NaN, "average_precision": NaN, "Spearman_r": 0.7344806764718734, "Pearson_r": 0.8173249255945731, "R2": 0.6672889169577148, "MAE": 0.3156161437691038, "MSE": 0.1891201871020781, "poisson_deviance_explained": 0.5580438975699815}, "15": {"AUC": NaN, "kappa": NaN, "f1": NaN, "precision": NaN, "recall": NaN, "average_precision": NaN, "Spearman_r": 0.7445516426133845, "Pearson_r": 0.8184258851994002, "R2": 0.6686112884410764, "MAE": 0.3337155384064624, "MSE": 0.2056718603442818, "poisson_deviance_explained": 0.5579468557437401}, "16": {"AUC": NaN, "kappa": NaN, "f1": NaN, "precision": NaN, "recall": NaN, "average_precision": NaN, "Spearman_r": 0.7674249640759987, "Pearson_r": 0.8330732146307239, "R2": 0.6930198688108724, "MAE": 0.3336755826430093, "MSE": 0.21427238558945488, "poisson_deviance_explained": 0.5843936268618259}, "17": {"AUC": NaN, "kappa": NaN, "f1": NaN, "precision": NaN, "recall": NaN, "average_precision": NaN, "Spearman_r": 0.7975861514652426, "Pearson_r": 0.8507622765236971, "R2": 0.7223963660940149, "MAE": 0.33897028196514606, "MSE": 0.2189579270110789, "poisson_deviance_explained": 0.6123181511622477}, "18": {"AUC": NaN, "kappa": NaN, "f1": NaN, "precision": NaN, "recall": NaN, "average_precision": NaN, "Spearman_r": 0.8127930363936883, "Pearson_r": 0.8506633027225036, "R2": 0.7214594944805125, "MAE": 0.3572342505591171, "MSE": 0.2375982359199155, "poisson_deviance_explained": 0.6160624763674791}, "19": {"AUC": NaN, "kappa": NaN, "f1": NaN, "precision": NaN, "recall": NaN, "average_precision": NaN, "Spearman_r": 0.8078507768480792, "Pearson_r": 0.8481132373722302, "R2": 0.7164930811688731, "MAE": 0.3680298356236781, "MSE": 0.24847650646447933, "poisson_deviance_explained": 0.6114971841264512}, "20": {"AUC": NaN, "kappa": NaN, "f1": NaN, "precision": NaN, "recall": NaN, "average_precision": NaN, "Spearman_r": 0.8078733484863859, "Pearson_r": 0.8466919987814949, "R2": 0.7135283861730854, "MAE": 0.3695443974977315, "MSE": 0.24710151027952257, "poisson_deviance_explained": 0.6095572797273084}, "21": {"AUC": NaN, "kappa": NaN, "f1": NaN, "precision": NaN, "recall": NaN, "average_precision": NaN, "Spearman_r": 0.7865369836727091, "Pearson_r": 0.8405365117395183, "R2": 0.7038025660839564, "MAE": 0.35117926718705583, "MSE": 0.22733618074834422, "poisson_deviance_explained": 0.595478215274128}, "22": {"AUC": NaN, "kappa": NaN, "f1": NaN, "precision": NaN, "recall": NaN, "average_precision": NaN, "Spearman_r": 0.7769639667577525, "Pearson_r": 0.831304528764368, "R2": 0.689162276336321, "MAE": 0.35669273329824047, "MSE": 0.23658885300186802, "poisson_deviance_explained": 0.5797361066101936}, "23": {"AUC": NaN, "kappa": NaN, "f1": NaN, "precision": NaN, "recall": NaN, "average_precision": NaN, "Spearman_r": 0.7774058717501863, "Pearson_r": 0.8284444443079961, "R2": 0.684172331520597, "MAE": 0.3503465773117417, "MSE": 0.22895083590859353, "poisson_deviance_explained": 0.5738545698600166}, "24": {"AUC": NaN, "kappa": NaN, "f1": NaN, "precision": NaN, "recall": NaN, "average_precision": NaN, "Spearman_r": 0.8062867935451534, "Pearson_r": 0.840707214707422, "R2": 0.7041840148088766, "MAE": 0.36597361298976244, "MSE": 0.24545735005105387, "poisson_deviance_explained": 0.6006370731234986}, "25": {"AUC": NaN, "kappa": NaN, "f1": NaN, "precision": NaN, "recall": NaN, "average_precision": NaN, "Spearman_r": 0.799873265332405, "Pearson_r": 0.8284046494239259, "R2": 0.6823754658167578, "MAE": 0.3876241215174592, "MSE": 0.26605087241083475, "poisson_deviance_explained": 0.5839710793707649}, "26": {"AUC": NaN, "kappa": NaN, "f1": NaN, "precision": NaN, "recall": NaN, "average_precision": NaN, "Spearman_r": 0.786049435481455, "Pearson_r": 0.8261462686591595, "R2": 0.6792411732455972, "MAE": 0.378827548958432, "MSE": 0.26477906452433253, "poisson_deviance_explained": 0.5806115287949848}, "27": {"AUC": NaN, "kappa": NaN, "f1": NaN, "precision": NaN, "recall": NaN, "average_precision": NaN, "Spearman_r": 0.7997389941476304, "Pearson_r": 0.8439716910827597,