{"1": {"AUC": NaN, "kappa": NaN, "f1": NaN, "precision": NaN, "recall": NaN, "average_precision": NaN, "Spearman_r": 0.7540557381508255, "Pearson_r": 0.7944860444480062, "R2": 0.6298127928911581, "MAE": 0.3827661844065657, "MSE": 0.2898210664549849, "poisson_deviance_explained": 0.5609051360633966}, "2": {"AUC": NaN, "kappa": NaN, "f1": NaN, "precision": NaN, "recall": NaN, "average_precision": NaN, "Spearman_r": 0.7644914951782481, "Pearson_r": 0.8001154095364922, "R2": 0.638553689282791, "MAE": 0.38783965098642575, "MSE": 0.2968190922197323, "poisson_deviance_explained": 0.5672256244736036}, "3": {"AUC": NaN, "kappa": NaN, "f1": NaN, "precision": NaN, "recall": NaN, "average_precision": NaN, "Spearman_r": 0.7845535626813762, "Pearson_r": 0.8230465621567373, "R2": 0.6737738889782687, "MAE": 0.3605095402816707, "MSE": 0.2586989355073525, "poisson_deviance_explained": 0.6096418812029039}, "4": {"AUC": NaN, "kappa": NaN, "f1": NaN, "precision": NaN, "recall": NaN, "average_precision": NaN, "Spearman_r": 0.7145344930308212, "Pearson_r": 0.7980624226437811, "R2": 0.6347926635667636, "MAE": 0.3260369791808864, "MSE": 0.25647379771476375, "poisson_deviance_explained": 0.5820880463930325}, "5": {"AUC": NaN, "kappa": NaN, "f1": NaN, "precision": NaN, "recall": NaN, "average_precision": NaN, "Spearman_r": 0.7658649890393252, "Pearson_r": 0.8144133403426049, "R2": 0.6604333203134212, "MAE": 0.34446229407797424, "MSE": 0.2434203801691859, "poisson_deviance_explained": 0.5909005850996528}, "6": {"AUC": NaN, "kappa": NaN, "f1": NaN, "precision": NaN, "recall": NaN, "average_precision": NaN, "Spearman_r": 0.7572667203311342, "Pearson_r": 0.7850446947592808, "R2": 0.6129300266161677, "MAE": 0.40310345085695826, "MSE": 0.2947126436232162, "poisson_deviance_explained": 0.5350249837831413}, "7": {"AUC": NaN, "kappa": NaN, "f1": NaN, "precision": NaN, "recall": NaN, "average_precision": NaN, "Spearman_r": 0.7629815426086498, "Pearson_r": 0.7957613478943232, "R2": 0.6284699107427132, "MAE": 0.39473533689091655, "MSE": 0.2783581434302331, "poisson_deviance_explained": 0.5380948485013464}, "8": {"AUC": NaN, "kappa": NaN, "f1": NaN, "precision": NaN, "recall": NaN, "average_precision": NaN, "Spearman_r": 0.760368952067966, "Pearson_r": 0.7916803754071459, "R2": 0.6191806017416244, "MAE": 0.4125034310730199, "MSE": 0.28229441050705023, "poisson_deviance_explained": 0.5233696468240332}, "9": {"AUC": NaN, "kappa": NaN, "f1": NaN, "precision": NaN, "recall": NaN, "average_precision": NaN, "Spearman_r": 0.7446593025905167, "Pearson_r": 0.7815288005606891, "R2": 0.6074329588343356, "MAE": 0.4187459716680636, "MSE": 0.30376667558414405, "poisson_deviance_explained": 0.514545169409726}, "10": {"AUC": NaN, "kappa": NaN, "f1": NaN, "precision": NaN, "recall": NaN, "average_precision": NaN, "Spearman_r": 0.7328475094468281, "Pearson_r": 0.7803062633799628, "R2": 0.6039605655757951, "MAE": 0.3962924019403051, "MSE": 0.26488454844401776, "poisson_deviance_explained": 0.5070034455922188}, "11": {"AUC": NaN, "kappa": NaN, "f1": NaN, "precision": NaN, "recall": NaN, "average_precision": NaN, "Spearman_r": 0.7070359010101522, "Pearson_r": 0.7686874635455041, "R2": 0.588512237338565, "MAE": 0.38778185581446095, "MSE": 0.2615102679364544, "poisson_deviance_explained": 0.4856553913699231}, "12": {"AUC": NaN, "kappa": NaN, "f1": NaN, "precision": NaN, "recall": NaN, "average_precision": NaN, "Spearman_r": 0.7268054275255563, "Pearson_r": 0.8009164388836186, "R2": 0.6397167798667496, "MAE": 0.3528181512697265, "MSE": 0.22672862902225546, "poisson_deviance_explained": 0.5328509684609444}, "13": {"AUC": NaN, "kappa": NaN, "f1": NaN, "precision": NaN, "recall": NaN, "average_precision": NaN, "Spearman_r": 0.7196150929067664, "Pearson_r": 0.8169611279885475, "R2": 0.665877500344791, "MAE": 0.3171450950187907, "MSE": 0.19379862076359938, "poisson_deviance_explained": 0.5609769016508697}, "14": {"AUC": NaN, "kappa": NaN, "f1": NaN, "precision": NaN, "recall": NaN, "average_precision": NaN, "Spearman_r": 0.737470416218698, "Pearson_r": 0.8062355033949337, "R2": 0.6484381470038745, "MAE": 0.3311437826756581, "MSE": 0.207108555373461, "poisson_deviance_explained": 0.5481534386599116}, "15": {"AUC": NaN, "kappa": NaN, "f1": NaN, "precision": NaN, "recall": NaN, "average_precision": NaN, "Spearman_r": 0.7356934815335299, "Pearson_r": 0.812241113456207, "R2": 0.6586154978338208, "MAE": 0.3241664548060719, "MSE": 0.20211005520462683, "poisson_deviance_explained": 0.5527971203118869}, "16": {"AUC": NaN, "kappa": NaN, "f1": NaN, "precision": NaN, "recall": NaN, "average_precision": NaN, "Spearman_r": 0.7783311609559499, "Pearson_r": 0.8389434871753846, "R2": 0.7027036797765913, "MAE": 0.34739861904813535, "MSE": 0.22783741592625376, "poisson_deviance_explained": 0.5966056124531764}, "17": {"AUC": NaN, "kappa": NaN, "f1": NaN, "precision": NaN, "recall": NaN, "average_precision": NaN, "Spearman_r": 0.8176230190566293, "Pearson_r": 0.851372126343215, "R2": 0.7226614617375517, "MAE": 0.3675568827075661, "MSE": 0.24607596095072434, "poisson_deviance_explained": 0.6157456578859719}, "18": {"AUC": NaN, "kappa": NaN, "f1": NaN, "precision": NaN, "recall": NaN, "average_precision": NaN, "Spearman_r": 0.8160541880097332, "Pearson_r": 0.8442874694838678, "R2": 0.7110101696786839, "MAE": 0.3662159382028831, "MSE": 0.2505124810362876, "poisson_deviance_explained": 0.6168454966671286}, "19": {"AUC": NaN, "kappa": NaN, "f1": NaN, "precision": NaN, "recall": NaN, "average_precision": NaN, "Spearman_r": 0.8019807740450368, "Pearson_r": 0.8299106355821442, "R2": 0.6872710882372342, "MAE": 0.38748047250813017, "MSE": 0.2769862404840295, "poisson_deviance_explained": 0.5917273870216815}, "20": {"AUC": NaN, "kappa": NaN, "f1": NaN, "precision": NaN, "recall": NaN, "average_precision": NaN, "Spearman_r": 0.7904976620702904, "Pearson_r": 0.8213662244943678, "R2": 0.6726178126594833, "MAE": 0.38986879140244485, "MSE": 0.27356983302060756, "poisson_deviance_explained": 0.577395370768544}, "21": {"AUC": NaN, "kappa": NaN, "f1": NaN, "precision": NaN, "recall": NaN, "average_precision": NaN, "Spearman_r": 0.7801049398573373, "Pearson_r": 0.8217800976839471, "R2": 0.6728110897597814, "MAE": 0.38347082687061324, "MSE": 0.2627571667488447, "poisson_deviance_explained": 0.564878848182281}, "22": {"AUC": NaN, "kappa": NaN, "f1": NaN, "precision": NaN, "recall": NaN, "average_precision": NaN, "Spearman_r": 0.7716324240745185, "Pearson_r": 0.820511588762776, "R2": 0.6712709864356282, "MAE": 0.36129522839738043, "MSE": 0.24466798518358474, "poisson_deviance_explained": 0.5682120910384584}, "23": {"AUC": NaN, "kappa": NaN, "f1": NaN, "precision": NaN, "recall": NaN, "average_precision": NaN, "Spearman_r": 0.7844982505850371, "Pearson_r": 0.8199828167260742, "R2": 0.6699583679983472, "MAE": 0.3741989859341637, "MSE": 0.253013069127292, "poisson_deviance_explained": 0.5673563266457943}, "24": {"AUC": NaN, "kappa": NaN, "f1": NaN, "precision": NaN, "recall": NaN, "average_precision": NaN, "Spearman_r": 0.7908637127654676, "Pearson_r": 0.8235845330818137, "R2": 0.6763139217057244, "MAE": 0.3842445508005023, "MSE": 0.27067047909663594, "poisson_deviance_explained": 0.5742942648550946}, "25": {"AUC": NaN, "kappa": NaN, "f1": NaN, "precision": NaN, "recall": NaN, "average_precision": NaN, "Spearman_r": 0.7887850203011906, "Pearson_r": 0.8164160739896813, "R2": 0.6638782347414691, "MAE": 0.38693872987963074, "MSE": 0.2732085492284145, "poisson_deviance_explained": 0.5806569206708951}, "26": {"AUC": NaN, "kappa": NaN, "f1": NaN, "precision": NaN, "recall": NaN, "average_precision": NaN, "Spearman_r": 0.7942110337831709, "Pearson_r": 0.8207307819196245, "R2": 0.6700276038679424, "MAE": 0.3914319554488013, "MSE": 0.28236476839696145, "poisson_deviance_explained": 0.5880278720991825}, "27": {"AUC": NaN, "kappa": NaN, "f1": NaN, "precision": NaN, "recall": NaN, "average_precision": NaN, "Spearman_r": 0.7742077698152339, "Pearson_r": 0.8127062849131557,