{"1": {"AUC": NaN, "kappa": NaN, "f1": NaN, "precision": NaN, "recall": NaN, "average_precision": NaN, "Spearman_r": 0.7571524326109547, "Pearson_r": 0.8025970495996615, "R2": 0.6414529343999771, "MAE": 0.3892958299940854, "MSE": 0.2950236699480778, "poisson_deviance_explained": 0.5656529704099333}, "2": {"AUC": NaN, "kappa": NaN, "f1": NaN, "precision": NaN, "recall": NaN, "average_precision": NaN, "Spearman_r": 0.7636523305546409, "Pearson_r": 0.8047957005837028, "R2": 0.6457141113690434, "MAE": 0.3759565294200979, "MSE": 0.28262233802333336, "poisson_deviance_explained": 0.5775158403013967}, "3": {"AUC": NaN, "kappa": NaN, "f1": NaN, "precision": NaN, "recall": NaN, "average_precision": NaN, "Spearman_r": 0.7642562331725318, "Pearson_r": 0.814274045219957, "R2": 0.6602229309432335, "MAE": 0.3473665216084906, "MSE": 0.24923698176385678, "poisson_deviance_explained": 0.594122207605093}, "4": {"AUC": NaN, "kappa": NaN, "f1": NaN, "precision": NaN, "recall": NaN, "average_precision": NaN, "Spearman_r": 0.671362867404431, "Pearson_r": 0.7996467368362263, "R2": 0.6368527859526242, "MAE": 0.2741277961173226, "MSE": 0.19840833896358223, "poisson_deviance_explained": 0.5804464944864063}, "5": {"AUC": NaN, "kappa": NaN, "f1": NaN, "precision": NaN, "recall": NaN, "average_precision": NaN, "Spearman_r": 0.754405870145813, "Pearson_r": 0.8071572444436141, "R2": 0.6484426805404051, "MAE": 0.3632709746744455, "MSE": 0.2670380470222001, "poisson_deviance_explained": 0.5829610754158061}, "6": {"AUC": NaN, "kappa": NaN, "f1": NaN, "precision": NaN, "recall": NaN, "average_precision": NaN, "Spearman_r": 0.7524367190852148, "Pearson_r": 0.7953111426667848, "R2": 0.6282086529260247, "MAE": 0.3700033108368109, "MSE": 0.25283992943648426, "poisson_deviance_explained": 0.5466498008879281}, "7": {"AUC": NaN, "kappa": NaN, "f1": NaN, "precision": NaN, "recall": NaN, "average_precision": NaN, "Spearman_r": 0.755770133133704, "Pearson_r": 0.7937411747690739, "R2": 0.6259565163101279, "MAE": 0.37640570876162144, "MSE": 0.2657038112585969, "poisson_deviance_explained": 0.548367716455642}, "8": {"AUC": NaN, "kappa": NaN, "f1": NaN, "precision": NaN, "recall": NaN, "average_precision": NaN, "Spearman_r": 0.7677056617412995, "Pearson_r": 0.8006146772685582, "R2": 0.6366399938796659, "MAE": 0.40382374371454605, "MSE": 0.2824455820245582, "poisson_deviance_explained": 0.5435133985907075}, "9": {"AUC": NaN, "kappa": NaN, "f1": NaN, "precision": NaN, "recall": NaN, "average_precision": NaN, "Spearman_r": 0.7478280009638396, "Pearson_r": 0.7877438570914554, "R2": 0.6160291444710038, "MAE": 0.3983514983564022, "MSE": 0.2753323307773329, "poisson_deviance_explained": 0.5221494837122533}, "10": {"AUC": NaN, "kappa": NaN, "f1": NaN, "precision": NaN, "recall": NaN, "average_precision": NaN, "Spearman_r": 0.7439075943119591, "Pearson_r": 0.778012157685963, "R2": 0.6011931534438899, "MAE": 0.42008142192054676, "MSE": 0.30716169408098, "poisson_deviance_explained": 0.5141961725766072}, "11": {"AUC": NaN, "kappa": NaN, "f1": NaN, "precision": NaN, "recall": NaN, "average_precision": NaN, "Spearman_r": 0.725880770218051, "Pearson_r": 0.7791273295624935, "R2": 0.6031745387072938, "MAE": 0.4112792473203232, "MSE": 0.29092669317875813, "poisson_deviance_explained": 0.5045994295365783}, "12": {"AUC": NaN, "kappa": NaN, "f1": NaN, "precision": NaN, "recall": NaN, "average_precision": NaN, "Spearman_r": 0.7134225823188819, "Pearson_r": 0.7915592977677655, "R2": 0.6244925258769176, "MAE": 0.3435165487818433, "MSE": 0.22452834438072033, "poisson_deviance_explained": 0.5247998121885555}, "13": {"AUC": NaN, "kappa": NaN, "f1": NaN, "precision": NaN, "recall": NaN, "average_precision": NaN, "Spearman_r": 0.7264350760090055, "Pearson_r": 0.7922247359724429, "R2": 0.6267395711657181, "MAE": 0.34607800920052106, "MSE": 0.22738174552629287, "poisson_deviance_explained": 0.5292161804952917}, "14": {"AUC": NaN, "kappa": NaN, "f1": NaN, "precision": NaN, "recall": NaN, "average_precision": NaN, "Spearman_r": 0.7342074141689383, "Pearson_r": 0.8035431312583537, "R2": 0.6450220951850678, "MAE": 0.3261872929862407, "MSE": 0.20919318307679233, "poisson_deviance_explained": 0.5516941896959172}, "15": {"AUC": NaN, "kappa": NaN, "f1": NaN, "precision": NaN, "recall": NaN, "average_precision": NaN, "Spearman_r": 0.7319309989930415, "Pearson_r": 0.8106826134328317, "R2": 0.6563975981249512, "MAE": 0.33631403196602155, "MSE": 0.21893589335686756, "poisson_deviance_explained": 0.559431756201547}, "16": {"AUC": NaN, "kappa": NaN, "f1": NaN, "precision": NaN, "recall": NaN, "average_precision": NaN, "Spearman_r": 0.7622707606661488, "Pearson_r": 0.8226241431809974, "R2": 0.6751269314970081, "MAE": 0.3519512136776673, "MSE": 0.23363422550753712, "poisson_deviance_explained": 0.5718243610612922}, "17": {"AUC": NaN, "kappa": NaN, "f1": NaN, "precision": NaN, "recall": NaN, "average_precision": NaN, "Spearman_r": 0.8065026940937279, "Pearson_r": 0.8525689239968389, "R2": 0.7249797060482394, "MAE": 0.3570267222321611, "MSE": 0.24212098271057575, "poisson_deviance_explained": 0.6223323577301574}, "18": {"AUC": NaN, "kappa": NaN, "f1": NaN, "precision": NaN, "recall": NaN, "average_precision": NaN, "Spearman_r": 0.8041904448890481, "Pearson_r": 0.843040232769875, "R2": 0.7088080166716202, "MAE": 0.3681964635260752, "MSE": 0.2584657843490382, "poisson_deviance_explained": 0.61500154305738}, "19": {"AUC": NaN, "kappa": NaN, "f1": NaN, "precision": NaN, "recall": NaN, "average_precision": NaN, "Spearman_r": 0.8136865950136032, "Pearson_r": 0.8429812103343723, "R2": 0.7089025692800888, "MAE": 0.3909540904455177, "MSE": 0.28255025367021835, "poisson_deviance_explained": 0.6057281420182206}, "20": {"AUC": NaN, "kappa": NaN, "f1": NaN, "precision": NaN, "recall": NaN, "average_precision": NaN, "Spearman_r": 0.7762405711944365, "Pearson_r": 0.8277881601445548, "R2": 0.6829276014770398, "MAE": 0.3807485679661796, "MSE": 0.26146202019136916, "poisson_deviance_explained": 0.5738749616736842}, "21": {"AUC": NaN, "kappa": NaN, "f1": NaN, "precision": NaN, "recall": NaN, "average_precision": NaN, "Spearman_r": 0.7732091550870097, "Pearson_r": 0.81930893893288, "R2": 0.6683977895277822, "MAE": 0.3857041054926066, "MSE": 0.2727988168417939, "poisson_deviance_explained": 0.57118545848457}, "22": {"AUC": NaN, "kappa": NaN, "f1": NaN, "precision": NaN, "recall": NaN, "average_precision": NaN, "Spearman_r": 0.7550011523599197, "Pearson_r": 0.8027254562659256, "R2": 0.6426892838996183, "MAE": 0.3758427429827317, "MSE": 0.2600907379753956, "poisson_deviance_explained": 0.5336918166060481}, "23": {"AUC": NaN, "kappa": NaN, "f1": NaN, "precision": NaN, "recall": NaN, "average_precision": NaN, "Spearman_r": 0.7600826517598291, "Pearson_r": 0.7971248572100612, "R2": 0.6335445406815876, "MAE": 0.38240919557900876, "MSE": 0.2721653293765399, "poisson_deviance_explained": 0.5440391936129472}, "24": {"AUC": NaN, "kappa": NaN, "f1": NaN, "precision": NaN, "recall": NaN, "average_precision": NaN, "Spearman_r": 0.7683864805099966, "Pearson_r": 0.7980556566006377, "R2": 0.6351108999075823, "MAE": 0.3868124694611848, "MSE": 0.2644251782748595, "poisson_deviance_explained": 0.5438264116142708}, "25": {"AUC": NaN, "kappa": NaN, "f1": NaN, "precision": NaN, "recall": NaN, "average_precision": NaN, "Spearman_r": 0.7844150091658934, "Pearson_r": 0.8067252626372382, "R2": 0.6480268701588325, "MAE": 0.42114380982213445, "MSE": 0.32124281622558687, "poisson_deviance_explained": 0.5626532296496001}, "26": {"AUC": NaN, "kappa": NaN, "f1": NaN, "precision": NaN, "recall": NaN, "average_precision": NaN, "Spearman_r": 0.7838472840837752, "Pearson_r": 0.8062196092725848, "R2": 0.64782494611764, "MAE": 0.40526484108544597, "MSE": 0.30299075544898685, "poisson_deviance_explained": 0.5636406669866689}, "27": {"AUC": NaN, "kappa": NaN, "f1": NaN, "precision": NaN, "recall": NaN, "average_precision": NaN, "Spearman_r": 0.7752006866393072, "Pearson_r": 0.7987715079076756,