{"1": {"AUC": NaN, "kappa": NaN, "f1": NaN, "precision": NaN, "recall": NaN, "average_precision": NaN, "Spearman_r": 0.7414073309814578, "Pearson_r": 0.7776163056451448, "R2": 0.6002260899063809, "MAE": 0.42040821193727257, "MSE": 0.3162210092324115, "poisson_deviance_explained": 0.53001338565941}, "2": {"AUC": NaN, "kappa": NaN, "f1": NaN, "precision": NaN, "recall": NaN, "average_precision": NaN, "Spearman_r": 0.7522328562608936, "Pearson_r": 0.7940399130162776, "R2": 0.6266583964341059, "MAE": 0.40468886924305, "MSE": 0.31512885051401945, "poisson_deviance_explained": 0.5635571527174256}, "3": {"AUC": NaN, "kappa": NaN, "f1": NaN, "precision": NaN, "recall": NaN, "average_precision": NaN, "Spearman_r": 0.7584697621728316, "Pearson_r": 0.805137762076896, "R2": 0.6419619085126296, "MAE": 0.38795057388889803, "MSE": 0.28180375282267445, "poisson_deviance_explained": 0.5704798921474212}, "4": {"AUC": NaN, "kappa": NaN, "f1": NaN, "precision": NaN, "recall": NaN, "average_precision": NaN, "Spearman_r": 0.657598872323992, "Pearson_r": 0.7873146594254825, "R2": 0.6164420408271821, "MAE": 0.2842194920412447, "MSE": 0.2078190959621446, "poisson_deviance_explained": 0.5495230305268379}, "5": {"AUC": NaN, "kappa": NaN, "f1": NaN, "precision": NaN, "recall": NaN, "average_precision": NaN, "Spearman_r": 0.7651606811710461, "Pearson_r": 0.8101439706056655, "R2": 0.6491268234221813, "MAE": 0.3806112389828572, "MSE": 0.2714846192182431, "poisson_deviance_explained": 0.5731934311653875}, "6": {"AUC": NaN, "kappa": NaN, "f1": NaN, "precision": NaN, "recall": NaN, "average_precision": NaN, "Spearman_r": 0.7292754804026982, "Pearson_r": 0.7737283924263075, "R2": 0.5926922430980379, "MAE": 0.40251583958619214, "MSE": 0.285066006793229, "poisson_deviance_explained": 0.5101733605117034}, "7": {"AUC": NaN, "kappa": NaN, "f1": NaN, "precision": NaN, "recall": NaN, "average_precision": NaN, "Spearman_r": 0.7479324202056108, "Pearson_r": 0.7792320608055218, "R2": 0.5997145807922222, "MAE": 0.41595865958513745, "MSE": 0.2984633281861861, "poisson_deviance_explained": 0.5181608711052038}, "8": {"AUC": NaN, "kappa": NaN, "f1": NaN, "precision": NaN, "recall": NaN, "average_precision": NaN, "Spearman_r": 0.7362349425330861, "Pearson_r": 0.7801954801834524, "R2": 0.5995530591527636, "MAE": 0.42909906157441013, "MSE": 0.3055213517453131, "poisson_deviance_explained": 0.5087335436089331}, "9": {"AUC": NaN, "kappa": NaN, "f1": NaN, "precision": NaN, "recall": NaN, "average_precision": NaN, "Spearman_r": 0.719476621026731, "Pearson_r": 0.753509802031012, "R2": 0.5600072257634355, "MAE": 0.4545121522340633, "MSE": 0.34153906256036537, "poisson_deviance_explained": 0.47812211586490017}, "10": {"AUC": NaN, "kappa": NaN, "f1": NaN, "precision": NaN, "recall": NaN, "average_precision": NaN, "Spearman_r": 0.7072644631439889, "Pearson_r": 0.7531503375077832, "R2": 0.5617601178267344, "MAE": 0.42550357975959285, "MSE": 0.29979278253283764, "poisson_deviance_explained": 0.4723203849955525}, "11": {"AUC": NaN, "kappa": NaN, "f1": NaN, "precision": NaN, "recall": NaN, "average_precision": NaN, "Spearman_r": 0.7053695102709024, "Pearson_r": 0.7560877225351941, "R2": 0.5653753434327908, "MAE": 0.4174645204879847, "MSE": 0.29624038208272624, "poisson_deviance_explained": 0.47626888363005937}, "12": {"AUC": NaN, "kappa": NaN, "f1": NaN, "precision": NaN, "recall": NaN, "average_precision": NaN, "Spearman_r": 0.7132503542590262, "Pearson_r": 0.7798089863614179, "R2": 0.6036259522638878, "MAE": 0.37427099336091185, "MSE": 0.24955860237394215, "poisson_deviance_explained": 0.5111167503190748}, "13": {"AUC": NaN, "kappa": NaN, "f1": NaN, "precision": NaN, "recall": NaN, "average_precision": NaN, "Spearman_r": 0.6846188155356443, "Pearson_r": 0.7722386854553044, "R2": 0.594212552195599, "MAE": 0.3330398096545134, "MSE": 0.20722041224674956, "poisson_deviance_explained": 0.5021741040202108}, "14": {"AUC": NaN, "kappa": NaN, "f1": NaN, "precision": NaN, "recall": NaN, "average_precision": NaN, "Spearman_r": 0.6760155243579574, "Pearson_r": 0.7726861184354954, "R2": 0.5951845502185138, "MAE": 0.3481909122263077, "MSE": 0.22048708703297587, "poisson_deviance_explained": 0.4814514096124808}, "15": {"AUC": NaN, "kappa": NaN, "f1": NaN, "precision": NaN, "recall": NaN, "average_precision": NaN, "Spearman_r": 0.7103048808823318, "Pearson_r": 0.7730386317244702, "R2": 0.5946707735853359, "MAE": 0.3594911568012407, "MSE": 0.23202314497620322, "poisson_deviance_explained": 0.5073377719735759}, "16": {"AUC": NaN, "kappa": NaN, "f1": NaN, "precision": NaN, "recall": NaN, "average_precision": NaN, "Spearman_r": 0.7338325634598275, "Pearson_r": 0.7979348369011521, "R2": 0.6337210849031505, "MAE": 0.3661723383772161, "MSE": 0.24656443774841066, "poisson_deviance_explained": 0.5385561642478884}, "17": {"AUC": NaN, "kappa": NaN, "f1": NaN, "precision": NaN, "recall": NaN, "average_precision": NaN, "Spearman_r": 0.7849489943118091, "Pearson_r": 0.8333843905285669, "R2": 0.6874517087593901, "MAE": 0.3819623182348999, "MSE": 0.2612983596931922, "poisson_deviance_explained": 0.5966824413100187}, "18": {"AUC": NaN, "kappa": NaN, "f1": NaN, "precision": NaN, "recall": NaN, "average_precision": NaN, "Spearman_r": 0.7998475184384252, "Pearson_r": 0.8398743638742435, "R2": 0.6994721284305407, "MAE": 0.39393387917551226, "MSE": 0.27164095444028724, "poisson_deviance_explained": 0.6045157857376926}, "19": {"AUC": NaN, "kappa": NaN, "f1": NaN, "precision": NaN, "recall": NaN, "average_precision": NaN, "Spearman_r": 0.8039029895670127, "Pearson_r": 0.8367653396741259, "R2": 0.6933304360072121, "MAE": 0.39559061965628883, "MSE": 0.26960369625000447, "poisson_deviance_explained": 0.596700962128773}, "20": {"AUC": NaN, "kappa": NaN, "f1": NaN, "precision": NaN, "recall": NaN, "average_precision": NaN, "Spearman_r": 0.7827075802505198, "Pearson_r": 0.8163427835508358, "R2": 0.6608204427400333, "MAE": 0.42246133915005624, "MSE": 0.3038505539002379, "poisson_deviance_explained": 0.56378716873337}, "21": {"AUC": NaN, "kappa": NaN, "f1": NaN, "precision": NaN, "recall": NaN, "average_precision": NaN, "Spearman_r": 0.7582092521721893, "Pearson_r": 0.8048517899024874, "R2": 0.6428355051225361, "MAE": 0.4099074409754065, "MSE": 0.29150069243599724, "poisson_deviance_explained": 0.5401458669297244}, "22": {"AUC": NaN, "kappa": NaN, "f1": NaN, "precision": NaN, "recall": NaN, "average_precision": NaN, "Spearman_r": 0.7582970697489283, "Pearson_r": 0.7971658174973316, "R2": 0.6324375682503924, "MAE": 0.4027571811393756, "MSE": 0.2902276472510063, "poisson_deviance_explained": 0.5274384054704657}, "23": {"AUC": NaN, "kappa": NaN, "f1": NaN, "precision": NaN, "recall": NaN, "average_precision": NaN, "Spearman_r": 0.755627430421217, "Pearson_r": 0.7858131102463893, "R2": 0.6119064294626653, "MAE": 0.41573528100581986, "MSE": 0.302142989996482, "poisson_deviance_explained": 0.5241562085584937}, "24": {"AUC": NaN, "kappa": NaN, "f1": NaN, "precision": NaN, "recall": NaN, "average_precision": NaN, "Spearman_r": 0.7576079230480932, "Pearson_r": 0.7824924759800432, "R2": 0.6064067961718902, "MAE": 0.41439150018787074, "MSE": 0.2949422748664174, "poisson_deviance_explained": 0.5270350823152119}, "25": {"AUC": NaN, "kappa": NaN, "f1": NaN, "precision": NaN, "recall": NaN, "average_precision": NaN, "Spearman_r": 0.7783299525629351, "Pearson_r": 0.7978455441287269, "R2": 0.6304717344621856, "MAE": 0.4421071162927841, "MSE": 0.3335348211541323, "poisson_deviance_explained": 0.5471791132254612}, "26": {"AUC": NaN, "kappa": NaN, "f1": NaN, "precision": NaN, "recall": NaN, "average_precision": NaN, "Spearman_r": 0.7662973859135823, "Pearson_r": 0.7852115446453501, "R2": 0.6107327779147375, "MAE": 0.43451192744948386, "MSE": 0.3224398165296933, "poisson_deviance_explained": 0.5312168634639334}, "27": {"AUC": NaN, "kappa": NaN, "f1": NaN, "precision": NaN, "recall": NaN, "average_precision": NaN, "Spearman_r": 0.7639214577183354, "Pearson_r": 0.7983530520165969,