{"1": {"AUC": NaN, "kappa": NaN, "f1": NaN, "precision": NaN, "recall": NaN, "average_precision": NaN, "Spearman_r": 0.49955733766698107, "Pearson_r": 0.8105456418410354, "R2": 0.6564967117862694, "MAE": 0.10366907242771979, "MSE": 0.045890440396349264, "poisson_deviance_explained": 0.6222205975565862}, "2": {"AUC": NaN, "kappa": NaN, "f1": NaN, "precision": NaN, "recall": NaN, "average_precision": NaN, "Spearman_r": 0.5247826114938495, "Pearson_r": 0.8140359041095405, "R2": 0.6625048417118107, "MAE": 0.11000573696841069, "MSE": 0.051714210930012404, "poisson_deviance_explained": 0.6429840996608833}, "3": {"AUC": NaN, "kappa": NaN, "f1": NaN, "precision": NaN, "recall": NaN, "average_precision": NaN, "Spearman_r": 0.5427815704359523, "Pearson_r": 0.8423596123009648, "R2": 0.709381081412132, "MAE": 0.11134063434435934, "MSE": 0.05359335190299542, "poisson_deviance_explained": 0.6849803462365371}, "4": {"AUC": NaN, "kappa": NaN, "f1": NaN, "precision": NaN, "recall": NaN, "average_precision": NaN, "Spearman_r": 0.48970682365425183, "Pearson_r": 0.7895391446031316, "R2": 0.6231927199964314, "MAE": 0.0990386664780849, "MSE": 0.04426068381249538, "poisson_deviance_explained": 0.6055945588552876}, "5": {"AUC": NaN, "kappa": NaN, "f1": NaN, "precision": NaN, "recall": NaN, "average_precision": NaN, "Spearman_r": 0.546835920385307, "Pearson_r": 0.8207109073521126, "R2": 0.6732150120867162, "MAE": 0.11396078039355226, "MSE": 0.05189597948947795, "poisson_deviance_explained": 0.6427561604852347}, "6": {"AUC": NaN, "kappa": NaN, "f1": NaN, "precision": NaN, "recall": NaN, "average_precision": NaN, "Spearman_r": 0.5195745284200937, "Pearson_r": 0.8230704118561706, "R2": 0.6767031163927955, "MAE": 0.1008956817670441, "MSE": 0.04359707062561685, "poisson_deviance_explained": 0.6522795332186617}, "7": {"AUC": NaN, "kappa": NaN, "f1": NaN, "precision": NaN, "recall": NaN, "average_precision": NaN, "Spearman_r": 0.5304075925841544, "Pearson_r": 0.8508579335970229, "R2": 0.7235565839911386, "MAE": 0.08596361690320184, "MSE": 0.03620194703132947, "poisson_deviance_explained": 0.6965288910420641}, "8": {"AUC": NaN, "kappa": NaN, "f1": NaN, "precision": NaN, "recall": NaN, "average_precision": NaN, "Spearman_r": 0.5183526299300227, "Pearson_r": 0.8372347784708577, "R2": 0.7004762615855464, "MAE": 0.08383974603953294, "MSE": 0.032793345258411426, "poisson_deviance_explained": 0.6626153748998915}, "9": {"AUC": NaN, "kappa": NaN, "f1": NaN, "precision": NaN, "recall": NaN, "average_precision": NaN, "Spearman_r": 0.4445267661414144, "Pearson_r": 0.8398311788874586, "R2": 0.7048675503234403, "MAE": 0.06550073866384584, "MSE": 0.02496707184769425, "poisson_deviance_explained": 0.6680705416245374}, "10": {"AUC": NaN, "kappa": NaN, "f1": NaN, "precision": NaN, "recall": NaN, "average_precision": NaN, "Spearman_r": 0.46313826457004176, "Pearson_r": 0.807996261512634, "R2": 0.6523577541009613, "MAE": 0.0746223028848797, "MSE": 0.02804225549060548, "poisson_deviance_explained": 0.6108442596384138}, "11": {"AUC": NaN, "kappa": NaN, "f1": NaN, "precision": NaN, "recall": NaN, "average_precision": NaN, "Spearman_r": 0.4895936341840512, "Pearson_r": 0.8025322424124459, "R2": 0.6430249006431499, "MAE": 0.10653205383857176, "MSE": 0.04473582967891443, "poisson_deviance_explained": 0.5769542434904829}, "12": {"AUC": NaN, "kappa": NaN, "f1": NaN, "precision": NaN, "recall": NaN, "average_precision": NaN, "Spearman_r": 0.5260170530088225, "Pearson_r": 0.7304050342004742, "R2": 0.531637770059933, "MAE": 0.1458112915132442, "MSE": 0.053280631877197525, "poisson_deviance_explained": 0.45561973776195897}, "13": {"AUC": NaN, "kappa": NaN, "f1": NaN, "precision": NaN, "recall": NaN, "average_precision": NaN, "Spearman_r": 0.5742417633561181, "Pearson_r": 0.748674582392177, "R2": 0.559049411556188, "MAE": 0.16095519012436285, "MSE": 0.05901011509497715, "poisson_deviance_explained": 0.4764000235863932}, "14": {"AUC": NaN, "kappa": NaN, "f1": NaN, "precision": NaN, "recall": NaN, "average_precision": NaN, "Spearman_r": 0.5820805883520103, "Pearson_r": 0.7462368313796015, "R2": 0.5559475836565848, "MAE": 0.1641922285442142, "MSE": 0.06014355958960605, "poisson_deviance_explained": 0.4732314708254748}, "15": {"AUC": NaN, "kappa": NaN, "f1": NaN, "precision": NaN, "recall": NaN, "average_precision": NaN, "Spearman_r": 0.5866986754337103, "Pearson_r": 0.7725204721011437, "R2": 0.5947710457527247, "MAE": 0.16342871427490072, "MSE": 0.061058393272649406, "poisson_deviance_explained": 0.503903233334414}, "16": {"AUC": NaN, "kappa": NaN, "f1": NaN, "precision": NaN, "recall": NaN, "average_precision": NaN, "Spearman_r": 0.6083763127841733, "Pearson_r": 0.777121290656741, "R2": 0.6030158034340827, "MAE": 0.15759083682746544, "MSE": 0.06003224257836254, "poisson_deviance_explained": 0.5271066325897983}, "17": {"AUC": NaN, "kappa": NaN, "f1": NaN, "precision": NaN, "recall": NaN, "average_precision": NaN, "Spearman_r": 0.60832672748351, "Pearson_r": 0.7684032699259449, "R2": 0.5896373870942786, "MAE": 0.16240532159381016, "MSE": 0.06072452459003907, "poisson_deviance_explained": 0.50696652256791}, "18": {"AUC": NaN, "kappa": NaN, "f1": NaN, "precision": NaN, "recall": NaN, "average_precision": NaN, "Spearman_r": 0.5834854342685758, "Pearson_r": 0.7726610448029698, "R2": 0.5952051442639579, "MAE": 0.15634196686042462, "MSE": 0.059975094438903996, "poisson_deviance_explained": 0.5133798806267307}, "19": {"AUC": NaN, "kappa": NaN, "f1": NaN, "precision": NaN, "recall": NaN, "average_precision": NaN, "Spearman_r": 0.580726764499699, "Pearson_r": 0.7288043001599872, "R2": 0.5299144405327108, "MAE": 0.15817419116110978, "MSE": 0.05868274603827085, "poisson_deviance_explained": 0.47138866590500383}, "20": {"AUC": NaN, "kappa": NaN, "f1": NaN, "precision": NaN, "recall": NaN, "average_precision": NaN, "Spearman_r": 0.5635235638158597, "Pearson_r": 0.7354143638066181, "R2": 0.5404819992337324, "MAE": 0.15048430053157416, "MSE": 0.057068318466836576, "poisson_deviance_explained": 0.4830701608604724}, "21": {"AUC": NaN, "kappa": NaN, "f1": NaN, "precision": NaN, "recall": NaN, "average_precision": NaN, "Spearman_r": 0.5005993469951516, "Pearson_r": 0.7583479236871591, "R2": 0.5744457105348748, "MAE": 0.11910088506687694, "MSE": 0.04562666461509424, "poisson_deviance_explained": 0.5184202987287307}, "22": {"AUC": NaN, "kappa": NaN, "f1": NaN, "precision": NaN, "recall": NaN, "average_precision": NaN, "Spearman_r": 0.5147920347539283, "Pearson_r": 0.7543445595472177, "R2": 0.5682685242837632, "MAE": 0.1292319274222312, "MSE": 0.04978619475351364, "poisson_deviance_explained": 0.5076323639636694}, "23": {"AUC": NaN, "kappa": NaN, "f1": NaN, "precision": NaN, "recall": NaN, "average_precision": NaN, "Spearman_r": 0.5341556545020273, "Pearson_r": 0.7956558265834244, "R2": 0.6327606609710495, "MAE": 0.12339504651549169, "MSE": 0.0543146290364544, "poisson_deviance_explained": 0.5805260277389601}, "24": {"AUC": NaN, "kappa": NaN, "f1": NaN, "precision": NaN, "recall": NaN, "average_precision": NaN, "Spearman_r": 0.5274119555315345, "Pearson_r": 0.7866634295601772, "R2": 0.6182897299424417, "MAE": 0.11731226640869236, "MSE": 0.04937725397269033, "poisson_deviance_explained": 0.5798450722081713}, "25": {"AUC": NaN, "kappa": NaN, "f1": NaN, "precision": NaN, "recall": NaN, "average_precision": NaN, "Spearman_r": 0.5055017843922528, "Pearson_r": 0.7544935947320722, "R2": 0.5689457119425994, "MAE": 0.12365535895701497, "MSE": 0.04942880544809566, "poisson_deviance_explained": 0.5274390563727498}, "26": {"AUC": NaN, "kappa": NaN, "f1": NaN, "precision": NaN, "recall": NaN, "average_precision": NaN, "Spearman_r": 0.5335312181686128, "Pearson_r": 0.7919105141988808, "R2": 0.6269199842880755, "MAE": 0.11738672996815776, "MSE": 0.04954902950478896, "poisson_deviance_explained": 0.5876273830889924}, "27": {"AUC": NaN, "kappa": NaN, "f1": NaN, "precision": NaN, "recall": NaN, "average_precision": NaN, "Spearman_r": 0.49326587624251483,