{"AUC": NaN, "kappa": NaN, "f1": NaN, "precision": NaN, "recall": NaN, "average_precision": NaN, "Spearman_r": 0.5457746005977132, "Pearson_r": 0.7966391826531346, "R2": 0.6345750746996863, "MAE": 0.11378939431891515, "MSE": 0.04763075586014363, "poisson_deviance_explained": 0.5928178619846987}
