{"1": {"AUC": NaN, "kappa": NaN, "f1": NaN, "precision": NaN, "recall": NaN, "average_precision": NaN, "Spearman_r": 0.509599194821889, "Pearson_r": 0.7907721840194537, "R2": 0.6250487284956181, "MAE": 0.11348135690140586, "MSE": 0.053587602151266324, "poisson_deviance_explained": 0.5933533297297693}, "2": {"AUC": NaN, "kappa": NaN, "f1": NaN, "precision": NaN, "recall": NaN, "average_precision": NaN, "Spearman_r": 0.5522882722866551, "Pearson_r": 0.8140255924927561, "R2": 0.6623608086648143, "MAE": 0.11305170699653562, "MSE": 0.05644937621424783, "poisson_deviance_explained": 0.6458949005179779}, "3": {"AUC": NaN, "kappa": NaN, "f1": NaN, "precision": NaN, "recall": NaN, "average_precision": NaN, "Spearman_r": 0.5490443108395211, "Pearson_r": 0.8254915576875251, "R2": 0.68118096515949, "MAE": 0.11303259775269056, "MSE": 0.05480409968179376, "poisson_deviance_explained": 0.6551745489355533}, "4": {"AUC": NaN, "kappa": NaN, "f1": NaN, "precision": NaN, "recall": NaN, "average_precision": NaN, "Spearman_r": 0.468263034053127, "Pearson_r": 0.7942797923925285, "R2": 0.6307583745009776, "MAE": 0.08677206896029446, "MSE": 0.037794634803927536, "poisson_deviance_explained": 0.6107428992015346}, "5": {"AUC": NaN, "kappa": NaN, "f1": NaN, "precision": NaN, "recall": NaN, "average_precision": NaN, "Spearman_r": 0.5347468419554611, "Pearson_r": 0.8212488219291867, "R2": 0.6743721238800098, "MAE": 0.10471674986666908, "MSE": 0.04987523813241901, "poisson_deviance_explained": 0.6641883108704721}, "6": {"AUC": NaN, "kappa": NaN, "f1": NaN, "precision": NaN, "recall": NaN, "average_precision": NaN, "Spearman_r": 0.5561720858716086, "Pearson_r": 0.845128175143921, "R2": 0.714077598199456, "MAE": 0.09898221058633179, "MSE": 0.0492243802037263, "poisson_deviance_explained": 0.7038088563102751}, "7": {"AUC": NaN, "kappa": NaN, "f1": NaN, "precision": NaN, "recall": NaN, "average_precision": NaN, "Spearman_r": 0.5200517613785676, "Pearson_r": 0.8330962818690487, "R2": 0.693980880811041, "MAE": 0.0860024327893997, "MSE": 0.03660624012280118, "poisson_deviance_explained": 0.6725080719114451}, "8": {"AUC": NaN, "kappa": NaN, "f1": NaN, "precision": NaN, "recall": NaN, "average_precision": NaN, "Spearman_r": 0.4900809197515662, "Pearson_r": 0.8500149546501552, "R2": 0.7225196525901092, "MAE": 0.07199270129362982, "MSE": 0.029688652137631548, "poisson_deviance_explained": 0.6889124375178057}, "9": {"AUC": NaN, "kappa": NaN, "f1": NaN, "precision": NaN, "recall": NaN, "average_precision": NaN, "Spearman_r": 0.47264490272147297, "Pearson_r": 0.840615705040022, "R2": 0.7066063906212263, "MAE": 0.0665513401686815, "MSE": 0.026165978432974066, "poisson_deviance_explained": 0.6733490890270653}, "10": {"AUC": NaN, "kappa": NaN, "f1": NaN, "precision": NaN, "recall": NaN, "average_precision": NaN, "Spearman_r": 0.4578908876258529, "Pearson_r": 0.8109116453005509, "R2": 0.6574890925770642, "MAE": 0.07400916965165792, "MSE": 0.028268348051882383, "poisson_deviance_explained": 0.6117425737615487}, "11": {"AUC": NaN, "kappa": NaN, "f1": NaN, "precision": NaN, "recall": NaN, "average_precision": NaN, "Spearman_r": 0.5190995907146349, "Pearson_r": 0.8075341789673122, "R2": 0.6519920307511121, "MAE": 0.10699867073249396, "MSE": 0.04305388392956166, "poisson_deviance_explained": 0.5854900133192618}, "12": {"AUC": NaN, "kappa": NaN, "f1": NaN, "precision": NaN, "recall": NaN, "average_precision": NaN, "Spearman_r": 0.5387598914591943, "Pearson_r": 0.7273076259606708, "R2": 0.5287965866481552, "MAE": 0.14876075936214772, "MSE": 0.05529938192630923, "poisson_deviance_explained": 0.4503842806078515}, "13": {"AUC": NaN, "kappa": NaN, "f1": NaN, "precision": NaN, "recall": NaN, "average_precision": NaN, "Spearman_r": 0.5686482913832129, "Pearson_r": 0.7502251553895106, "R2": 0.5626033467097299, "MAE": 0.15270382930696344, "MSE": 0.05671336749599002, "poisson_deviance_explained": 0.48628155653981275}, "14": {"AUC": NaN, "kappa": NaN, "f1": NaN, "precision": NaN, "recall": NaN, "average_precision": NaN, "Spearman_r": 0.577898453709314, "Pearson_r": 0.7124620121407408, "R2": 0.50755552974113, "MAE": 0.1479019362411158, "MSE": 0.054440302239062315, "poisson_deviance_explained": 0.45835895735221077}, "15": {"AUC": NaN, "kappa": NaN, "f1": NaN, "precision": NaN, "recall": NaN, "average_precision": NaN, "Spearman_r": 0.5968530643730249, "Pearson_r": 0.7664405390073997, "R2": 0.5872890051435058, "MAE": 0.15372425873652704, "MSE": 0.05935993755809524, "poisson_deviance_explained": 0.5131521423350622}, "16": {"AUC": NaN, "kappa": NaN, "f1": NaN, "precision": NaN, "recall": NaN, "average_precision": NaN, "Spearman_r": 0.6092486254159802, "Pearson_r": 0.7806098716221679, "R2": 0.6092047125858664, "MAE": 0.1573824826472244, "MSE": 0.06332147319122008, "poisson_deviance_explained": 0.5323625667128612}, "17": {"AUC": NaN, "kappa": NaN, "f1": NaN, "precision": NaN, "recall": NaN, "average_precision": NaN, "Spearman_r": 0.5812179706211131, "Pearson_r": 0.7543372663728326, "R2": 0.5689492094550967, "MAE": 0.1430411199900511, "MSE": 0.054568487475397866, "poisson_deviance_explained": 0.5072789424976105}, "18": {"AUC": NaN, "kappa": NaN, "f1": NaN, "precision": NaN, "recall": NaN, "average_precision": NaN, "Spearman_r": 0.5946876522975469, "Pearson_r": 0.745915336455086, "R2": 0.5562445374043372, "MAE": 0.14922993735638196, "MSE": 0.05662963685079063, "poisson_deviance_explained": 0.5023174993923909}, "19": {"AUC": NaN, "kappa": NaN, "f1": NaN, "precision": NaN, "recall": NaN, "average_precision": NaN, "Spearman_r": 0.5860551285075449, "Pearson_r": 0.7750057142407168, "R2": 0.6004589849202828, "MAE": 0.13976342605411346, "MSE": 0.05680363261706538, "poisson_deviance_explained": 0.5329338741284806}, "20": {"AUC": NaN, "kappa": NaN, "f1": NaN, "precision": NaN, "recall": NaN, "average_precision": NaN, "Spearman_r": 0.5651310525549516, "Pearson_r": 0.7534792015886806, "R2": 0.5676431582125768, "MAE": 0.13936649893635242, "MSE": 0.05413611527230578, "poisson_deviance_explained": 0.5103898565978573}, "21": {"AUC": NaN, "kappa": NaN, "f1": NaN, "precision": NaN, "recall": NaN, "average_precision": NaN, "Spearman_r": 0.5554678941700316, "Pearson_r": 0.7869256295825747, "R2": 0.6191175864525097, "MAE": 0.12492457510142525, "MSE": 0.05005094587805581, "poisson_deviance_explained": 0.5606026519464471}, "22": {"AUC": NaN, "kappa": NaN, "f1": NaN, "precision": NaN, "recall": NaN, "average_precision": NaN, "Spearman_r": 0.5499368056143709, "Pearson_r": 0.7984584199648294, "R2": 0.6374784355586212, "MAE": 0.11868213782598483, "MSE": 0.05080393942634123, "poisson_deviance_explained": 0.586585888661088}, "23": {"AUC": NaN, "kappa": NaN, "f1": NaN, "precision": NaN, "recall": NaN, "average_precision": NaN, "Spearman_r": 0.558312760653114, "Pearson_r": 0.8090728670746966, "R2": 0.6545310769234991, "MAE": 0.11864807955020186, "MSE": 0.054990458767902727, "poisson_deviance_explained": 0.6158542409394077}, "24": {"AUC": NaN, "kappa": NaN, "f1": NaN, "precision": NaN, "recall": NaN, "average_precision": NaN, "Spearman_r": 0.5257327022828568, "Pearson_r": 0.7984148554196785, "R2": 0.6373674734759731, "MAE": 0.10643908270052373, "MSE": 0.04538525304665203, "poisson_deviance_explained": 0.5998990211966257}, "25": {"AUC": NaN, "kappa": NaN, "f1": NaN, "precision": NaN, "recall": NaN, "average_precision": NaN, "Spearman_r": 0.5240840400017509, "Pearson_r": 0.7937781736094711, "R2": 0.6298422706091329, "MAE": 0.1146955897264154, "MSE": 0.04821151088588267, "poisson_deviance_explained": 0.5821062040751998}, "26": {"AUC": NaN, "kappa": NaN, "f1": NaN, "precision": NaN, "recall": NaN, "average_precision": NaN, "Spearman_r": 0.5416330783664431, "Pearson_r": 0.8041967231053607, "R2": 0.6466928373843268, "MAE": 0.111852162344279, "MSE": 0.05023349950567659, "poisson_deviance_explained": 0.6104870484310887}, "27": {"AUC": NaN, "kappa": NaN, "f1": NaN, "precision": NaN, "recall": NaN, "average_precision": NaN, "Spearman_r": 0.520284620503407,