{"1": {"AUC": NaN, "kappa": NaN, "f1": NaN, "precision": NaN, "recall": NaN, "average_precision": NaN, "Spearman_r": 0.4835436605793805, "Pearson_r": 0.7998082469998592, "R2": 0.6394612476753132, "MAE": 0.09673570185563841, "MSE": 0.04403528849715236, "poisson_deviance_explained": 0.6206995018655184}, "2": {"AUC": NaN, "kappa": NaN, "f1": NaN, "precision": NaN, "recall": NaN, "average_precision": NaN, "Spearman_r": 0.5249912785834507, "Pearson_r": 0.8073825635538423, "R2": 0.6515918530557989, "MAE": 0.10701641722473453, "MSE": 0.04855156730331469, "poisson_deviance_explained": 0.6397025221911496}, "3": {"AUC": NaN, "kappa": NaN, "f1": NaN, "precision": NaN, "recall": NaN, "average_precision": NaN, "Spearman_r": 0.5253501199295313, "Pearson_r": 0.8135255073589283, "R2": 0.6617751596631971, "MAE": 0.11095208075929995, "MSE": 0.05219426736196504, "poisson_deviance_explained": 0.6356735240416427}, "4": {"AUC": NaN, "kappa": NaN, "f1": NaN, "precision": NaN, "recall": NaN, "average_precision": NaN, "Spearman_r": 0.49708685648207135, "Pearson_r": 0.824919558484382, "R2": 0.6797648941371106, "MAE": 0.09315783673593896, "MSE": 0.04309715844639052, "poisson_deviance_explained": 0.6647620085142467}, "5": {"AUC": NaN, "kappa": NaN, "f1": NaN, "precision": NaN, "recall": NaN, "average_precision": NaN, "Spearman_r": 0.5124993360286048, "Pearson_r": 0.8275302542353883, "R2": 0.6846910816547358, "MAE": 0.09500534713416603, "MSE": 0.04378167835917358, "poisson_deviance_explained": 0.6745594889790226}, "6": {"AUC": NaN, "kappa": NaN, "f1": NaN, "precision": NaN, "recall": NaN, "average_precision": NaN, "Spearman_r": 0.5039993294134728, "Pearson_r": 0.822815708848759, "R2": 0.6762450401525211, "MAE": 0.09193986982725162, "MSE": 0.04128232889723933, "poisson_deviance_explained": 0.6618982855368925}, "7": {"AUC": NaN, "kappa": NaN, "f1": NaN, "precision": NaN, "recall": NaN, "average_precision": NaN, "Spearman_r": 0.49861704005481494, "Pearson_r": 0.8317361381960872, "R2": 0.6914854388089279, "MAE": 0.08960914943064172, "MSE": 0.04007411418018782, "poisson_deviance_explained": 0.6759407598051671}, "8": {"AUC": NaN, "kappa": NaN, "f1": NaN, "precision": NaN, "recall": NaN, "average_precision": NaN, "Spearman_r": 0.5080055780410134, "Pearson_r": 0.8407911382901486, "R2": 0.7067569035800114, "MAE": 0.08408733654503844, "MSE": 0.03677521593931677, "poisson_deviance_explained": 0.690921906168023}, "9": {"AUC": NaN, "kappa": NaN, "f1": NaN, "precision": NaN, "recall": NaN, "average_precision": NaN, "Spearman_r": 0.43769039796234116, "Pearson_r": 0.8206254189588839, "R2": 0.6730159615554969, "MAE": 0.06861321611114884, "MSE": 0.029578148706750254, "poisson_deviance_explained": 0.6547990232292623}, "10": {"AUC": NaN, "kappa": NaN, "f1": NaN, "precision": NaN, "recall": NaN, "average_precision": NaN, "Spearman_r": 0.4426825235485172, "Pearson_r": 0.8139311029383821, "R2": 0.6610968871061776, "MAE": 0.0794865471973089, "MSE": 0.03484253270393283, "poisson_deviance_explained": 0.6347507551536652}, "11": {"AUC": NaN, "kappa": NaN, "f1": NaN, "precision": NaN, "recall": NaN, "average_precision": NaN, "Spearman_r": 0.4877062933323013, "Pearson_r": 0.7833501406328919, "R2": 0.6132100385406438, "MAE": 0.1051797064420086, "MSE": 0.04143154041090441, "poisson_deviance_explained": 0.5580205592203884}, "12": {"AUC": NaN, "kappa": NaN, "f1": NaN, "precision": NaN, "recall": NaN, "average_precision": NaN, "Spearman_r": 0.5099170331483469, "Pearson_r": 0.775072798423969, "R2": 0.6001837326532896, "MAE": 0.131227710213004, "MSE": 0.05157131837620295, "poisson_deviance_explained": 0.5209615981988078}, "13": {"AUC": NaN, "kappa": NaN, "f1": NaN, "precision": NaN, "recall": NaN, "average_precision": NaN, "Spearman_r": 0.5431366603715196, "Pearson_r": 0.7397884222340195, "R2": 0.546091700902698, "MAE": 0.15393264637402443, "MSE": 0.05796533614685267, "poisson_deviance_explained": 0.4728845118185572}, "14": {"AUC": NaN, "kappa": NaN, "f1": NaN, "precision": NaN, "recall": NaN, "average_precision": NaN, "Spearman_r": 0.5636979321060351, "Pearson_r": 0.7493692083983825, "R2": 0.5601077820965378, "MAE": 0.15887225792749285, "MSE": 0.061162275854529886, "poisson_deviance_explained": 0.48655653114547937}, "15": {"AUC": NaN, "kappa": NaN, "f1": NaN, "precision": NaN, "recall": NaN, "average_precision": NaN, "Spearman_r": 0.5698986672946529, "Pearson_r": 0.7568623046188886, "R2": 0.5724456145615229, "MAE": 0.15261646728217126, "MSE": 0.05865277965815187, "poisson_deviance_explained": 0.5008165113139147}, "16": {"AUC": NaN, "kappa": NaN, "f1": NaN, "precision": NaN, "recall": NaN, "average_precision": NaN, "Spearman_r": 0.6081159428123383, "Pearson_r": 0.8012656981994406, "R2": 0.6419861359653569, "MAE": 0.1528608398409854, "MSE": 0.06687844540028147, "poisson_deviance_explained": 0.580318718468045}, "17": {"AUC": NaN, "kappa": NaN, "f1": NaN, "precision": NaN, "recall": NaN, "average_precision": NaN, "Spearman_r": 0.5950398200837077, "Pearson_r": 0.8155494919202426, "R2": 0.6642292542334445, "MAE": 0.15145858387296918, "MSE": 0.06299035120935026, "poisson_deviance_explained": 0.5752366217347404}, "18": {"AUC": NaN, "kappa": NaN, "f1": NaN, "precision": NaN, "recall": NaN, "average_precision": NaN, "Spearman_r": 0.5738169368257243, "Pearson_r": 0.747546039342322, "R2": 0.5586511208642768, "MAE": 0.1651342524818521, "MSE": 0.06365106527601001, "poisson_deviance_explained": 0.4860384555552456}, "19": {"AUC": NaN, "kappa": NaN, "f1": NaN, "precision": NaN, "recall": NaN, "average_precision": NaN, "Spearman_r": 0.5778459295675752, "Pearson_r": 0.7832004076981322, "R2": 0.6129841218514667, "MAE": 0.14777626302833893, "MSE": 0.0596398108562351, "poisson_deviance_explained": 0.5501209896917761}, "20": {"AUC": NaN, "kappa": NaN, "f1": NaN, "precision": NaN, "recall": NaN, "average_precision": NaN, "Spearman_r": 0.5669622633602902, "Pearson_r": 0.7688803038185628, "R2": 0.5908423399787277, "MAE": 0.14471305491116587, "MSE": 0.05685673398682846, "poisson_deviance_explained": 0.5201879726177904}, "21": {"AUC": NaN, "kappa": NaN, "f1": NaN, "precision": NaN, "recall": NaN, "average_precision": NaN, "Spearman_r": 0.5565501517139086, "Pearson_r": 0.7984481726774925, "R2": 0.6361246785790156, "MAE": 0.13805554925754643, "MSE": 0.05765807790414116, "poisson_deviance_explained": 0.5698846018962602}, "22": {"AUC": NaN, "kappa": NaN, "f1": NaN, "precision": NaN, "recall": NaN, "average_precision": NaN, "Spearman_r": 0.540527082015532, "Pearson_r": 0.7979972246012955, "R2": 0.6347799613881739, "MAE": 0.12794498625864884, "MSE": 0.05659936604142967, "poisson_deviance_explained": 0.5792631322783522}, "23": {"AUC": NaN, "kappa": NaN, "f1": NaN, "precision": NaN, "recall": NaN, "average_precision": NaN, "Spearman_r": 0.5326408584697867, "Pearson_r": 0.7860035793428304, "R2": 0.6177239992987219, "MAE": 0.1242787752817919, "MSE": 0.0567367820618699, "poisson_deviance_explained": 0.580303236946362}, "24": {"AUC": NaN, "kappa": NaN, "f1": NaN, "precision": NaN, "recall": NaN, "average_precision": NaN, "Spearman_r": 0.5533893308038416, "Pearson_r": 0.8054591594241381, "R2": 0.6483173656006003, "MAE": 0.11699883616999947, "MSE": 0.05554792540966039, "poisson_deviance_explained": 0.6290318796199208}, "25": {"AUC": NaN, "kappa": NaN, "f1": NaN, "precision": NaN, "recall": NaN, "average_precision": NaN, "Spearman_r": 0.5216002131954346, "Pearson_r": 0.8025070312318409, "R2": 0.643891489768249, "MAE": 0.11151591617474867, "MSE": 0.050892029808664085, "poisson_deviance_explained": 0.6153811613473272}, "26": {"AUC": NaN, "kappa": NaN, "f1": NaN, "precision": NaN, "recall": NaN, "average_precision": NaN, "Spearman_r": 0.5801047188527426, "Pearson_r": 0.8130991014160659, "R2": 0.6610692873477573, "MAE": 0.12909479386966663, "MSE": 0.06073175908653401, "poisson_deviance_explained": 0.6272639514361776}, "27": {"AUC": NaN, "kappa": NaN, "f1": NaN, "precision": NaN, "recall": NaN, "average_precision": NaN, "Spearman_r": 0.5382577003378919,