{"1": {"AUC": NaN, "kappa": NaN, "f1": NaN, "precision": NaN, "recall": NaN, "average_precision": NaN, "Spearman_r": 0.35035610286695096, "Pearson_r": 0.634891573855335, "R2": 0.40301743204130736, "MAE": 0.07532674382079863, "MSE": 0.029429653357601823, "poisson_deviance_explained": 0.43138038896231456}, "2": {"AUC": NaN, "kappa": NaN, "f1": NaN, "precision": NaN, "recall": NaN, "average_precision": NaN, "Spearman_r": 0.4130843415574314, "Pearson_r": 0.6695743416794051, "R2": 0.4456648611974354, "MAE": 0.0915902071061645, "MSE": 0.03850270791616403, "poisson_deviance_explained": 0.48511023939940656}, "3": {"AUC": NaN, "kappa": NaN, "f1": NaN, "precision": NaN, "recall": NaN, "average_precision": NaN, "Spearman_r": 0.40923768230911006, "Pearson_r": 0.7098158315069626, "R2": 0.5037824484589674, "MAE": 0.08406780418763363, "MSE": 0.037164556685768985, "poisson_deviance_explained": 0.533161197898824}, "4": {"AUC": NaN, "kappa": NaN, "f1": NaN, "precision": NaN, "recall": NaN, "average_precision": NaN, "Spearman_r": 0.3445215433449516, "Pearson_r": 0.7534363357026734, "R2": 0.5673199716645829, "MAE": 0.05604547371412427, "MSE": 0.02308118648821557, "poisson_deviance_explained": 0.5718091729507567}, "5": {"AUC": NaN, "kappa": NaN, "f1": NaN, "precision": NaN, "recall": NaN, "average_precision": NaN, "Spearman_r": 0.39355092668043656, "Pearson_r": 0.747920495710614, "R2": 0.558762719265329, "MAE": 0.06781706709907744, "MSE": 0.031569850280542204, "poisson_deviance_explained": 0.5902395007241291}, "6": {"AUC": NaN, "kappa": NaN, "f1": NaN, "precision": NaN, "recall": NaN, "average_precision": NaN, "Spearman_r": 0.44895611920088185, "Pearson_r": 0.759142134890926, "R2": 0.5755871268622217, "MAE": 0.07770448624060425, "MSE": 0.031992200288934, "poisson_deviance_explained": 0.6015919927966904}, "7": {"AUC": NaN, "kappa": NaN, "f1": NaN, "precision": NaN, "recall": NaN, "average_precision": NaN, "Spearman_r": 0.4002093856835551, "Pearson_r": 0.74921280799383, "R2": 0.5611116982643853, "MAE": 0.0732767194654188, "MSE": 0.03070577581789941, "poisson_deviance_explained": 0.5631586933262782}, "8": {"AUC": NaN, "kappa": NaN, "f1": NaN, "precision": NaN, "recall": NaN, "average_precision": NaN, "Spearman_r": 0.3839817522340352, "Pearson_r": 0.67408855027636, "R2": 0.45424894953233574, "MAE": 0.06902685625268568, "MSE": 0.025681198902025432, "poisson_deviance_explained": 0.48989484021899254}, "9": {"AUC": NaN, "kappa": NaN, "f1": NaN, "precision": NaN, "recall": NaN, "average_precision": NaN, "Spearman_r": 0.3506315899312519, "Pearson_r": 0.7258935477330636, "R2": 0.526347538849961, "MAE": 0.05912022554709039, "MSE": 0.022683188102574522, "poisson_deviance_explained": 0.5230991807424242}, "10": {"AUC": NaN, "kappa": NaN, "f1": NaN, "precision": NaN, "recall": NaN, "average_precision": NaN, "Spearman_r": 0.37549738406867356, "Pearson_r": 0.6881378982934616, "R2": 0.47164233699055225, "MAE": 0.07258234506013211, "MSE": 0.026746057715816257, "poisson_deviance_explained": 0.46854600016340564}, "11": {"AUC": NaN, "kappa": NaN, "f1": NaN, "precision": NaN, "recall": NaN, "average_precision": NaN, "Spearman_r": 0.3469238671117579, "Pearson_r": 0.6034699305932114, "R2": 0.363081350966894, "MAE": 0.08678337134353166, "MSE": 0.03125826433973664, "poisson_deviance_explained": 0.3589719039148559}, "12": {"AUC": NaN, "kappa": NaN, "f1": NaN, "precision": NaN, "recall": NaN, "average_precision": NaN, "Spearman_r": 0.4790652488746566, "Pearson_r": 0.6022604583235606, "R2": 0.3617535047522421, "MAE": 0.1426403394689216, "MSE": 0.04982843799245241, "poisson_deviance_explained": 0.3626161623543498}, "13": {"AUC": NaN, "kappa": NaN, "f1": NaN, "precision": NaN, "recall": NaN, "average_precision": NaN, "Spearman_r": 0.5023957783015486, "Pearson_r": 0.5877210801206425, "R2": 0.3450412075422682, "MAE": 0.16755603299693747, "MSE": 0.05954796720910872, "poisson_deviance_explained": 0.3336290826242898}, "14": {"AUC": NaN, "kappa": NaN, "f1": NaN, "precision": NaN, "recall": NaN, "average_precision": NaN, "Spearman_r": 0.5485440520617151, "Pearson_r": 0.6901746329205829, "R2": 0.47360554779737807, "MAE": 0.15758220355005592, "MSE": 0.05782703807354394, "poisson_deviance_explained": 0.43964611509630525}, "15": {"AUC": NaN, "kappa": NaN, "f1": NaN, "precision": NaN, "recall": NaN, "average_precision": NaN, "Spearman_r": 0.5303881079434809, "Pearson_r": 0.6475069707739121, "R2": 0.41866255558560694, "MAE": 0.16483427725338629, "MSE": 0.06470884548126726, "poisson_deviance_explained": 0.40139027398666616}, "16": {"AUC": NaN, "kappa": NaN, "f1": NaN, "precision": NaN, "recall": NaN, "average_precision": NaN, "Spearman_r": 0.5383726048637185, "Pearson_r": 0.673521295944831, "R2": 0.4510304695969072, "MAE": 0.14577769919527261, "MSE": 0.05409485454073583, "poisson_deviance_explained": 0.41196751528678244}, "17": {"AUC": NaN, "kappa": NaN, "f1": NaN, "precision": NaN, "recall": NaN, "average_precision": NaN, "Spearman_r": 0.5454631455228391, "Pearson_r": 0.65388808430926, "R2": 0.4268531175628534, "MAE": 0.1416458301713752, "MSE": 0.05181995815637065, "poisson_deviance_explained": 0.426603818335373}, "18": {"AUC": NaN, "kappa": NaN, "f1": NaN, "precision": NaN, "recall": NaN, "average_precision": NaN, "Spearman_r": 0.5592984803040296, "Pearson_r": 0.6476277469862762, "R2": 0.41871764927995225, "MAE": 0.1580328537944595, "MSE": 0.056058960588206475, "poisson_deviance_explained": 0.4140302246640867}, "19": {"AUC": NaN, "kappa": NaN, "f1": NaN, "precision": NaN, "recall": NaN, "average_precision": NaN, "Spearman_r": 0.5402477893153588, "Pearson_r": 0.6995600943774326, "R2": 0.48641220775600247, "MAE": 0.15356422684883597, "MSE": 0.056933979415259864, "poisson_deviance_explained": 0.4440210684393079}, "20": {"AUC": NaN, "kappa": NaN, "f1": NaN, "precision": NaN, "recall": NaN, "average_precision": NaN, "Spearman_r": 0.5197796395044868, "Pearson_r": 0.6440826229392398, "R2": 0.4147926397141207, "MAE": 0.15811737212591886, "MSE": 0.0582310504428551, "poisson_deviance_explained": 0.38041143000708644}, "21": {"AUC": NaN, "kappa": NaN, "f1": NaN, "precision": NaN, "recall": NaN, "average_precision": NaN, "Spearman_r": 0.49318181737873446, "Pearson_r": 0.6074450245635418, "R2": 0.3686846682488092, "MAE": 0.14109574496984256, "MSE": 0.05027533419609344, "poisson_deviance_explained": 0.37208575493023066}, "22": {"AUC": NaN, "kappa": NaN, "f1": NaN, "precision": NaN, "recall": NaN, "average_precision": NaN, "Spearman_r": 0.46298317915801834, "Pearson_r": 0.6810830796655902, "R2": 0.461336567661527, "MAE": 0.12621195459239226, "MSE": 0.045958456106453174, "poisson_deviance_explained": 0.420440680987054}, "23": {"AUC": NaN, "kappa": NaN, "f1": NaN, "precision": NaN, "recall": NaN, "average_precision": NaN, "Spearman_r": 0.43661300476397097, "Pearson_r": 0.6891005583417509, "R2": 0.47347230466459633, "MAE": 0.1068175543426168, "MSE": 0.03932861688479032, "poisson_deviance_explained": 0.4333672410214192}, "24": {"AUC": NaN, "kappa": NaN, "f1": NaN, "precision": NaN, "recall": NaN, "average_precision": NaN, "Spearman_r": 0.40906122506140313, "Pearson_r": 0.6727867858392733, "R2": 0.45059818929195816, "MAE": 0.1026915505664546, "MSE": 0.040244471167195095, "poisson_deviance_explained": 0.4245618178860904}, "25": {"AUC": NaN, "kappa": NaN, "f1": NaN, "precision": NaN, "recall": NaN, "average_precision": NaN, "Spearman_r": 0.4586252877086782, "Pearson_r": 0.7116843240920072, "R2": 0.5024041270318058, "MAE": 0.11734424479682667, "MSE": 0.050343125805584574, "poisson_deviance_explained": 0.48550063388760756}, "26": {"AUC": NaN, "kappa": NaN, "f1": NaN, "precision": NaN, "recall": NaN, "average_precision": NaN, "Spearman_r": 0.4290048844806724, "Pearson_r": 0.6725964036692696, "R2": 0.45199521636452555, "MAE": 0.1159165892189115, "MSE": 0.047899352682958224, "poisson_deviance_explained": 0.43070862900741713}, "27": {"AUC": NaN, "kappa": NaN, "f1": NaN, "precision": NaN, "recall": NaN, "average_precision": NaN,