{"1": {"AUC": NaN, "kappa": NaN, "f1": NaN, "precision": NaN, "recall": NaN, "average_precision": NaN, "Spearman_r": 0.4559148345133937, "Pearson_r": 0.757261769301133, "R2": 0.5734086936879964, "MAE": 0.1032047542209024, "MSE": 0.04406821826036664, "poisson_deviance_explained": 0.5247012709061161}, "2": {"AUC": NaN, "kappa": NaN, "f1": NaN, "precision": NaN, "recall": NaN, "average_precision": NaN, "Spearman_r": 0.4957428767517536, "Pearson_r": 0.7777890681867531, "R2": 0.6042993185249521, "MAE": 0.11067022418254388, "MSE": 0.05195208163304503, "poisson_deviance_explained": 0.5830747743075257}, "3": {"AUC": NaN, "kappa": NaN, "f1": NaN, "precision": NaN, "recall": NaN, "average_precision": NaN, "Spearman_r": 0.4917738993540947, "Pearson_r": 0.7845308960192553, "R2": 0.6152882010363334, "MAE": 0.1075683704949725, "MSE": 0.05075206232517707, "poisson_deviance_explained": 0.5830662487765255}, "4": {"AUC": NaN, "kappa": NaN, "f1": NaN, "precision": NaN, "recall": NaN, "average_precision": NaN, "Spearman_r": 0.46450244741930674, "Pearson_r": 0.7983083156061839, "R2": 0.6366124543850351, "MAE": 0.08792160701620787, "MSE": 0.04076056005098204, "poisson_deviance_explained": 0.6268769542224399}, "5": {"AUC": NaN, "kappa": NaN, "f1": NaN, "precision": NaN, "recall": NaN, "average_precision": NaN, "Spearman_r": 0.5059216299866329, "Pearson_r": 0.7943301700893771, "R2": 0.6305870142680375, "MAE": 0.10049812982081617, "MSE": 0.04600016097222405, "poisson_deviance_explained": 0.6181809007723261}, "6": {"AUC": NaN, "kappa": NaN, "f1": NaN, "precision": NaN, "recall": NaN, "average_precision": NaN, "Spearman_r": 0.46270960270119144, "Pearson_r": 0.8075686467495449, "R2": 0.6521001762412633, "MAE": 0.08416420686552595, "MSE": 0.03976308981736186, "poisson_deviance_explained": 0.6367490356827377}, "7": {"AUC": NaN, "kappa": NaN, "f1": NaN, "precision": NaN, "recall": NaN, "average_precision": NaN, "Spearman_r": 0.47242505722891115, "Pearson_r": 0.8070357982796837, "R2": 0.6511744618193459, "MAE": 0.08448362898613365, "MSE": 0.03847558523705295, "poisson_deviance_explained": 0.6367200307696179}, "8": {"AUC": NaN, "kappa": NaN, "f1": NaN, "precision": NaN, "recall": NaN, "average_precision": NaN, "Spearman_r": 0.40996675409657685, "Pearson_r": 0.7691821278639437, "R2": 0.5914433856867791, "MAE": 0.07135611680640816, "MSE": 0.029123243919834604, "poisson_deviance_explained": 0.575492605332935}, "9": {"AUC": NaN, "kappa": NaN, "f1": NaN, "precision": NaN, "recall": NaN, "average_precision": NaN, "Spearman_r": 0.4135912707835354, "Pearson_r": 0.7791806281681886, "R2": 0.6067875513191192, "MAE": 0.07062005909773475, "MSE": 0.02848802825813207, "poisson_deviance_explained": 0.5868001711510757}, "10": {"AUC": NaN, "kappa": NaN, "f1": NaN, "precision": NaN, "recall": NaN, "average_precision": NaN, "Spearman_r": 0.4459618603682662, "Pearson_r": 0.7888266534388734, "R2": 0.6218611843977091, "MAE": 0.07871725947447737, "MSE": 0.03236042833975308, "poisson_deviance_explained": 0.5914007113187532}, "11": {"AUC": NaN, "kappa": NaN, "f1": NaN, "precision": NaN, "recall": NaN, "average_precision": NaN, "Spearman_r": 0.4628510066937073, "Pearson_r": 0.7451041070599718, "R2": 0.5547108928325403, "MAE": 0.11136632549179015, "MSE": 0.04701236187811022, "poisson_deviance_explained": 0.5021536157641335}, "12": {"AUC": NaN, "kappa": NaN, "f1": NaN, "precision": NaN, "recall": NaN, "average_precision": NaN, "Spearman_r": 0.48647212103081044, "Pearson_r": 0.6802399557367104, "R2": 0.46260678176460857, "MAE": 0.1461436028494352, "MSE": 0.056096021921761885, "poisson_deviance_explained": 0.4089340502033294}, "13": {"AUC": NaN, "kappa": NaN, "f1": NaN, "precision": NaN, "recall": NaN, "average_precision": NaN, "Spearman_r": 0.5476453959888808, "Pearson_r": 0.7112094068352476, "R2": 0.5051271138682741, "MAE": 0.16661331848893463, "MSE": 0.06532559876921869, "poisson_deviance_explained": 0.4414407252572303}, "14": {"AUC": NaN, "kappa": NaN, "f1": NaN, "precision": NaN, "recall": NaN, "average_precision": NaN, "Spearman_r": 0.5818509267986922, "Pearson_r": 0.7268623279370736, "R2": 0.5275848051862088, "MAE": 0.1720514705402806, "MSE": 0.06886724209719419, "poisson_deviance_explained": 0.460924676531953}, "15": {"AUC": NaN, "kappa": NaN, "f1": NaN, "precision": NaN, "recall": NaN, "average_precision": NaN, "Spearman_r": 0.5738834578782014, "Pearson_r": 0.7206232971694313, "R2": 0.5180776769931486, "MAE": 0.15977294550724416, "MSE": 0.06654762158142635, "poisson_deviance_explained": 0.48033385719561483}, "16": {"AUC": NaN, "kappa": NaN, "f1": NaN, "precision": NaN, "recall": NaN, "average_precision": NaN, "Spearman_r": 0.5879292705192007, "Pearson_r": 0.7386001101294507, "R2": 0.5453703736261712, "MAE": 0.16822715178230027, "MSE": 0.06858400575292942, "poisson_deviance_explained": 0.4774304414033069}, "17": {"AUC": NaN, "kappa": NaN, "f1": NaN, "precision": NaN, "recall": NaN, "average_precision": NaN, "Spearman_r": 0.6048620366640495, "Pearson_r": 0.7559194081542876, "R2": 0.5713815592769631, "MAE": 0.1568955079820544, "MSE": 0.06387547373834727, "poisson_deviance_explained": 0.5110803036459295}, "18": {"AUC": NaN, "kappa": NaN, "f1": NaN, "precision": NaN, "recall": NaN, "average_precision": NaN, "Spearman_r": 0.5816532372205079, "Pearson_r": 0.7093563087167827, "R2": 0.5027699608488537, "MAE": 0.15390782444779952, "MSE": 0.06086321622976983, "poisson_deviance_explained": 0.46471184259335696}, "19": {"AUC": NaN, "kappa": NaN, "f1": NaN, "precision": NaN, "recall": NaN, "average_precision": NaN, "Spearman_r": 0.5498316033261105, "Pearson_r": 0.7403370344367867, "R2": 0.5471317867885899, "MAE": 0.14009338208672834, "MSE": 0.06029324372972304, "poisson_deviance_explained": 0.4980323274894697}, "20": {"AUC": NaN, "kappa": NaN, "f1": NaN, "precision": NaN, "recall": NaN, "average_precision": NaN, "Spearman_r": 0.5562295554882679, "Pearson_r": 0.7255988174280136, "R2": 0.525134830808228, "MAE": 0.14795279152364188, "MSE": 0.06405516321076188, "poisson_deviance_explained": 0.4940711456988375}, "21": {"AUC": NaN, "kappa": NaN, "f1": NaN, "precision": NaN, "recall": NaN, "average_precision": NaN, "Spearman_r": 0.5254937878770943, "Pearson_r": 0.7451780503853412, "R2": 0.5552503029399993, "MAE": 0.13720449188408035, "MSE": 0.05735830202217558, "poisson_deviance_explained": 0.49555171360520833}, "22": {"AUC": NaN, "kappa": NaN, "f1": NaN, "precision": NaN, "recall": NaN, "average_precision": NaN, "Spearman_r": 0.5032351956902945, "Pearson_r": 0.7585046657006677, "R2": 0.5752021834570544, "MAE": 0.11923524738370185, "MSE": 0.04878225894759057, "poisson_deviance_explained": 0.514547483009005}, "23": {"AUC": NaN, "kappa": NaN, "f1": NaN, "precision": NaN, "recall": NaN, "average_precision": NaN, "Spearman_r": 0.4835752684831513, "Pearson_r": 0.7790862237672318, "R2": 0.606528342761706, "MAE": 0.11138903033548003, "MSE": 0.04943472535608342, "poisson_deviance_explained": 0.5592127401933847}, "24": {"AUC": NaN, "kappa": NaN, "f1": NaN, "precision": NaN, "recall": NaN, "average_precision": NaN, "Spearman_r": 0.490982810639662, "Pearson_r": 0.746530208009131, "R2": 0.5570270307834128, "MAE": 0.11839180224890508, "MSE": 0.04932611027315762, "poisson_deviance_explained": 0.5109880296289775}, "25": {"AUC": NaN, "kappa": NaN, "f1": NaN, "precision": NaN, "recall": NaN, "average_precision": NaN, "Spearman_r": 0.4838717880208376, "Pearson_r": 0.7428235422962064, "R2": 0.5515303229876632, "MAE": 0.12586346579131708, "MSE": 0.05260451463670222, "poisson_deviance_explained": 0.49831397780575637}, "26": {"AUC": NaN, "kappa": NaN, "f1": NaN, "precision": NaN, "recall": NaN, "average_precision": NaN, "Spearman_r": 0.5092266912398878, "Pearson_r": 0.7781911484745683, "R2": 0.6054037108381666, "MAE": 0.11778045811627741, "MSE": 0.05463660138720979, "poisson_deviance_explained": 0.5655216278116887}, "27": {"AUC": NaN, "kappa": NaN, "f1": NaN, "precision": NaN, "recall": NaN, "average_precision": NaN,