{"1": {"AUC": NaN, "kappa": NaN, "f1": NaN, "precision": NaN, "recall": NaN, "average_precision": NaN, "Spearman_r": 0.3997277106575897, "Pearson_r": 0.6677290267693541, "R2": 0.44186653001602205, "MAE": 0.0900151636286362, "MSE": 0.03781613821637275, "poisson_deviance_explained": 0.45355165599262315}, "2": {"AUC": NaN, "kappa": NaN, "f1": NaN, "precision": NaN, "recall": NaN, "average_precision": NaN, "Spearman_r": 0.4721097346759475, "Pearson_r": 0.7466493481096956, "R2": 0.5571109736307209, "MAE": 0.10216729184065719, "MSE": 0.045362113983971504, "poisson_deviance_explained": 0.5488601717042951}, "3": {"AUC": NaN, "kappa": NaN, "f1": NaN, "precision": NaN, "recall": NaN, "average_precision": NaN, "Spearman_r": 0.4092398960729736, "Pearson_r": 0.7349080188548086, "R2": 0.5382965556229947, "MAE": 0.0835598301566691, "MSE": 0.03981747684619012, "poisson_deviance_explained": 0.5449328537723714}, "4": {"AUC": NaN, "kappa": NaN, "f1": NaN, "precision": NaN, "recall": NaN, "average_precision": NaN, "Spearman_r": 0.38403770312369345, "Pearson_r": 0.7381812015982132, "R2": 0.5427678717034642, "MAE": 0.06966790138486145, "MSE": 0.029660597322573628, "poisson_deviance_explained": 0.5451714064574309}, "5": {"AUC": NaN, "kappa": NaN, "f1": NaN, "precision": NaN, "recall": NaN, "average_precision": NaN, "Spearman_r": 0.46787398460738033, "Pearson_r": 0.778137719017613, "R2": 0.6046091844294371, "MAE": 0.09587279366583583, "MSE": 0.04640323709421678, "poisson_deviance_explained": 0.6061350875013549}, "6": {"AUC": NaN, "kappa": NaN, "f1": NaN, "precision": NaN, "recall": NaN, "average_precision": NaN, "Spearman_r": 0.41258690563399003, "Pearson_r": 0.7909353994844137, "R2": 0.625545351974973, "MAE": 0.0714086914019833, "MSE": 0.033240736217635306, "poisson_deviance_explained": 0.6233870260012306}, "7": {"AUC": NaN, "kappa": NaN, "f1": NaN, "precision": NaN, "recall": NaN, "average_precision": NaN, "Spearman_r": 0.4874765180796777, "Pearson_r": 0.8038640524786188, "R2": 0.6460111378755681, "MAE": 0.09055541737136388, "MSE": 0.045376598295731485, "poisson_deviance_explained": 0.6363430311374267}, "8": {"AUC": NaN, "kappa": NaN, "f1": NaN, "precision": NaN, "recall": NaN, "average_precision": NaN, "Spearman_r": 0.4000536132109047, "Pearson_r": 0.7937052011626206, "R2": 0.6297655843123242, "MAE": 0.0633062452726494, "MSE": 0.027142375371997228, "poisson_deviance_explained": 0.6160814843064054}, "9": {"AUC": NaN, "kappa": NaN, "f1": NaN, "precision": NaN, "recall": NaN, "average_precision": NaN, "Spearman_r": 0.44249463407007306, "Pearson_r": 0.7823760937176073, "R2": 0.6108688591333234, "MAE": 0.07768699089404797, "MSE": 0.03294904167225403, "poisson_deviance_explained": 0.5946977550260923}, "10": {"AUC": NaN, "kappa": NaN, "f1": NaN, "precision": NaN, "recall": NaN, "average_precision": NaN, "Spearman_r": 0.3993424075409168, "Pearson_r": 0.7247685577049359, "R2": 0.5244287098468717, "MAE": 0.06945779701032534, "MSE": 0.02767597207959593, "poisson_deviance_explained": 0.5347239726769539}, "11": {"AUC": NaN, "kappa": NaN, "f1": NaN, "precision": NaN, "recall": NaN, "average_precision": NaN, "Spearman_r": 0.41720877566522213, "Pearson_r": 0.7070313041743655, "R2": 0.4990050887211468, "MAE": 0.09912242698862844, "MSE": 0.040763951808291406, "poisson_deviance_explained": 0.4656882052770317}, "12": {"AUC": NaN, "kappa": NaN, "f1": NaN, "precision": NaN, "recall": NaN, "average_precision": NaN, "Spearman_r": 0.47241831829556213, "Pearson_r": 0.6269134370000726, "R2": 0.3913510806476953, "MAE": 0.1527223168405287, "MSE": 0.056493342910464615, "poisson_deviance_explained": 0.36001337612593765}, "13": {"AUC": NaN, "kappa": NaN, "f1": NaN, "precision": NaN, "recall": NaN, "average_precision": NaN, "Spearman_r": 0.5527910268862489, "Pearson_r": 0.6628633667192774, "R2": 0.43901314888895526, "MAE": 0.17445276216840086, "MSE": 0.06488905636955099, "poisson_deviance_explained": 0.39547697789983316}, "14": {"AUC": NaN, "kappa": NaN, "f1": NaN, "precision": NaN, "recall": NaN, "average_precision": NaN, "Spearman_r": 0.5489616680099426, "Pearson_r": 0.688672044904049, "R2": 0.47403698315373377, "MAE": 0.14459097730679077, "MSE": 0.05861773961787962, "poisson_deviance_explained": 0.4582961280069182}, "15": {"AUC": NaN, "kappa": NaN, "f1": NaN, "precision": NaN, "recall": NaN, "average_precision": NaN, "Spearman_r": 0.5808559472452395, "Pearson_r": 0.6998389006400665, "R2": 0.48971924939385325, "MAE": 0.1799415278067086, "MSE": 0.0736428906866938, "poisson_deviance_explained": 0.4315847527018165}, "16": {"AUC": NaN, "kappa": NaN, "f1": NaN, "precision": NaN, "recall": NaN, "average_precision": NaN, "Spearman_r": 0.5818180872051503, "Pearson_r": 0.7076224769300262, "R2": 0.5005228836976323, "MAE": 0.16238978987501498, "MSE": 0.06332311291106507, "poisson_deviance_explained": 0.44509868338084224}, "17": {"AUC": NaN, "kappa": NaN, "f1": NaN, "precision": NaN, "recall": NaN, "average_precision": NaN, "Spearman_r": 0.5879862086938807, "Pearson_r": 0.702547540821206, "R2": 0.49222752028568817, "MAE": 0.1656082467029418, "MSE": 0.06789953426673372, "poisson_deviance_explained": 0.4508784223394712}, "18": {"AUC": NaN, "kappa": NaN, "f1": NaN, "precision": NaN, "recall": NaN, "average_precision": NaN, "Spearman_r": 0.5736764538817488, "Pearson_r": 0.7321065184984886, "R2": 0.535716851948921, "MAE": 0.14235758463400497, "MSE": 0.057788451086024276, "poisson_deviance_explained": 0.4971104001103128}, "19": {"AUC": NaN, "kappa": NaN, "f1": NaN, "precision": NaN, "recall": NaN, "average_precision": NaN, "Spearman_r": 0.5806325661085274, "Pearson_r": 0.717951654932516, "R2": 0.5149854369246545, "MAE": 0.15930083101254713, "MSE": 0.06575174404424697, "poisson_deviance_explained": 0.47047876454842796}, "20": {"AUC": NaN, "kappa": NaN, "f1": NaN, "precision": NaN, "recall": NaN, "average_precision": NaN, "Spearman_r": 0.5621603236978183, "Pearson_r": 0.6790584786326358, "R2": 0.4610284566573787, "MAE": 0.15841892902222654, "MSE": 0.06094475207374539, "poisson_deviance_explained": 0.43245072965574904}, "21": {"AUC": NaN, "kappa": NaN, "f1": NaN, "precision": NaN, "recall": NaN, "average_precision": NaN, "Spearman_r": 0.520395926268212, "Pearson_r": 0.6765112866436901, "R2": 0.45728747518119417, "MAE": 0.14042483723643384, "MSE": 0.055283562929995846, "poisson_deviance_explained": 0.4254775369655923}, "22": {"AUC": NaN, "kappa": NaN, "f1": NaN, "precision": NaN, "recall": NaN, "average_precision": NaN, "Spearman_r": 0.509890596082498, "Pearson_r": 0.7174964120237207, "R2": 0.5142556132692246, "MAE": 0.13378805657875434, "MSE": 0.05631082817125353, "poisson_deviance_explained": 0.477370745345279}, "23": {"AUC": NaN, "kappa": NaN, "f1": NaN, "precision": NaN, "recall": NaN, "average_precision": NaN, "Spearman_r": 0.49155309880927966, "Pearson_r": 0.7047115283189321, "R2": 0.4954431543893204, "MAE": 0.1285008178703138, "MSE": 0.054859819003252396, "poisson_deviance_explained": 0.46740141786832123}, "24": {"AUC": NaN, "kappa": NaN, "f1": NaN, "precision": NaN, "recall": NaN, "average_precision": NaN, "Spearman_r": 0.5176366126655012, "Pearson_r": 0.7503430106449694, "R2": 0.5629647137409941, "MAE": 0.1349229105113031, "MSE": 0.060831348734928896, "poisson_deviance_explained": 0.5097199696940995}, "25": {"AUC": NaN, "kappa": NaN, "f1": NaN, "precision": NaN, "recall": NaN, "average_precision": NaN, "Spearman_r": 0.49321776686044144, "Pearson_r": 0.751297292653268, "R2": 0.5640726625740404, "MAE": 0.12820924450066432, "MSE": 0.05575307992246757, "poisson_deviance_explained": 0.5092069327440268}, "26": {"AUC": NaN, "kappa": NaN, "f1": NaN, "precision": NaN, "recall": NaN, "average_precision": NaN, "Spearman_r": 0.5039837416814306, "Pearson_r": 0.741445592258601, "R2": 0.5497130208711531, "MAE": 0.12634186209103698, "MSE": 0.0565769315163445, "poisson_deviance_explained": 0.5112022173962218}, "27": {"AUC": NaN, "kappa": NaN, "f1": NaN, "precision": NaN, "recall": NaN, "average_precision": NaN,