{"1": {"AUC": NaN, "kappa": NaN, "f1": NaN, "precision": NaN, "recall": NaN, "average_precision": NaN, "Spearman_r": 0.5185532912930331, "Pearson_r": 0.7882786773614299, "R2": 0.6210410660891449, "MAE": 0.11347520921702337, "MSE": 0.053741007572551354, "poisson_deviance_explained": 0.5962550494520211}, "2": {"AUC": NaN, "kappa": NaN, "f1": NaN, "precision": NaN, "recall": NaN, "average_precision": NaN, "Spearman_r": 0.5164111381999235, "Pearson_r": 0.809428724957643, "R2": 0.6550611920345241, "MAE": 0.11277733504218602, "MSE": 0.053496724149276614, "poisson_deviance_explained": 0.6213902695220723}, "3": {"AUC": NaN, "kappa": NaN, "f1": NaN, "precision": NaN, "recall": NaN, "average_precision": NaN, "Spearman_r": 0.5271200206451657, "Pearson_r": 0.8159386401876253, "R2": 0.6656491970461033, "MAE": 0.1096307769126572, "MSE": 0.051284039399854875, "poisson_deviance_explained": 0.6350680496667924}, "4": {"AUC": NaN, "kappa": NaN, "f1": NaN, "precision": NaN, "recall": NaN, "average_precision": NaN, "Spearman_r": 0.5077384235132583, "Pearson_r": 0.8004361137089815, "R2": 0.6403234464476522, "MAE": 0.10439565225243107, "MSE": 0.05096344396734596, "poisson_deviance_explained": 0.628880613364673}, "5": {"AUC": NaN, "kappa": NaN, "f1": NaN, "precision": NaN, "recall": NaN, "average_precision": NaN, "Spearman_r": 0.5224150309323657, "Pearson_r": 0.8172940671073198, "R2": 0.6676282168789488, "MAE": 0.10195528997640986, "MSE": 0.048608403202056324, "poisson_deviance_explained": 0.6528572151572345}, "6": {"AUC": NaN, "kappa": NaN, "f1": NaN, "precision": NaN, "recall": NaN, "average_precision": NaN, "Spearman_r": 0.5165841052298381, "Pearson_r": 0.8175524954865734, "R2": 0.6679680754156885, "MAE": 0.09976046150700672, "MSE": 0.04535199790253797, "poisson_deviance_explained": 0.6383752857005749}, "7": {"AUC": NaN, "kappa": NaN, "f1": NaN, "precision": NaN, "recall": NaN, "average_precision": NaN, "Spearman_r": 0.49987397591419597, "Pearson_r": 0.8299185328120952, "R2": 0.6887302198142886, "MAE": 0.0895086476046447, "MSE": 0.04138970660228409, "poisson_deviance_explained": 0.6648624159050066}, "8": {"AUC": NaN, "kappa": NaN, "f1": NaN, "precision": NaN, "recall": NaN, "average_precision": NaN, "Spearman_r": 0.5025309917574726, "Pearson_r": 0.8164860166247297, "R2": 0.6663029356191619, "MAE": 0.09484385773736133, "MSE": 0.044057853583638736, "poisson_deviance_explained": 0.6403483523974671}, "9": {"AUC": NaN, "kappa": NaN, "f1": NaN, "precision": NaN, "recall": NaN, "average_precision": NaN, "Spearman_r": 0.48974675527589884, "Pearson_r": 0.82858760975712, "R2": 0.6864888352563911, "MAE": 0.08653297521198819, "MSE": 0.03714635413359495, "poisson_deviance_explained": 0.6464610313971557}, "10": {"AUC": NaN, "kappa": NaN, "f1": NaN, "precision": NaN, "recall": NaN, "average_precision": NaN, "Spearman_r": 0.49945133900612504, "Pearson_r": 0.8231641187506833, "R2": 0.6774000331942434, "MAE": 0.09945251004231151, "MSE": 0.04680331409667622, "poisson_deviance_explained": 0.6381606350304858}, "11": {"AUC": NaN, "kappa": NaN, "f1": NaN, "precision": NaN, "recall": NaN, "average_precision": NaN, "Spearman_r": 0.4586778678287875, "Pearson_r": 0.7593962030468817, "R2": 0.5763883805783881, "MAE": 0.09660328620891497, "MSE": 0.03835304749652078, "poisson_deviance_explained": 0.5305400936031238}, "12": {"AUC": NaN, "kappa": NaN, "f1": NaN, "precision": NaN, "recall": NaN, "average_precision": NaN, "Spearman_r": 0.5278023902638044, "Pearson_r": 0.7368003282202805, "R2": 0.5427158247389514, "MAE": 0.1492047383777702, "MSE": 0.05697245038253233, "poisson_deviance_explained": 0.46930772761442063}, "13": {"AUC": NaN, "kappa": NaN, "f1": NaN, "precision": NaN, "recall": NaN, "average_precision": NaN, "Spearman_r": 0.5441106934659754, "Pearson_r": 0.7488508432314389, "R2": 0.5606205293162814, "MAE": 0.15064830632355655, "MSE": 0.05772392203943994, "poisson_deviance_explained": 0.47913236777824575}, "14": {"AUC": NaN, "kappa": NaN, "f1": NaN, "precision": NaN, "recall": NaN, "average_precision": NaN, "Spearman_r": 0.5752356238921374, "Pearson_r": 0.7442636540673588, "R2": 0.5538159996247562, "MAE": 0.14879998990895305, "MSE": 0.05848315643585853, "poisson_deviance_explained": 0.4999564406459004}, "15": {"AUC": NaN, "kappa": NaN, "f1": NaN, "precision": NaN, "recall": NaN, "average_precision": NaN, "Spearman_r": 0.5807925447582039, "Pearson_r": 0.7769471500844195, "R2": 0.6035979891267432, "MAE": 0.1544827453797255, "MSE": 0.06341908936975442, "poisson_deviance_explained": 0.5268239644995905}, "16": {"AUC": NaN, "kappa": NaN, "f1": NaN, "precision": NaN, "recall": NaN, "average_precision": NaN, "Spearman_r": 0.5632349771059937, "Pearson_r": 0.7653802580838552, "R2": 0.5854955523428518, "MAE": 0.13858815497897653, "MSE": 0.056455285713057926, "poisson_deviance_explained": 0.5348921653113119}, "17": {"AUC": NaN, "kappa": NaN, "f1": NaN, "precision": NaN, "recall": NaN, "average_precision": NaN, "Spearman_r": 0.5781502219236233, "Pearson_r": 0.7631337829308311, "R2": 0.5823005657078456, "MAE": 0.1465933916092088, "MSE": 0.058972785600569635, "poisson_deviance_explained": 0.5158106131169267}, "18": {"AUC": NaN, "kappa": NaN, "f1": NaN, "precision": NaN, "recall": NaN, "average_precision": NaN, "Spearman_r": 0.6006766975236763, "Pearson_r": 0.771238591245083, "R2": 0.5946904974110057, "MAE": 0.15098275194517963, "MSE": 0.06237876372728409, "poisson_deviance_explained": 0.5342183762634891}, "19": {"AUC": NaN, "kappa": NaN, "f1": NaN, "precision": NaN, "recall": NaN, "average_precision": NaN, "Spearman_r": 0.5691592786592911, "Pearson_r": 0.7804421039354917, "R2": 0.6084886992972731, "MAE": 0.1442329836255223, "MSE": 0.06157368970543999, "poisson_deviance_explained": 0.5401045844767882}, "20": {"AUC": NaN, "kappa": NaN, "f1": NaN, "precision": NaN, "recall": NaN, "average_precision": NaN, "Spearman_r": 0.5754222357335569, "Pearson_r": 0.7585023139180342, "R2": 0.5748380140539052, "MAE": 0.1543801756605908, "MSE": 0.06457435552301537, "poisson_deviance_explained": 0.5110507443749539}, "21": {"AUC": NaN, "kappa": NaN, "f1": NaN, "precision": NaN, "recall": NaN, "average_precision": NaN, "Spearman_r": 0.578166401392767, "Pearson_r": 0.7997591243596818, "R2": 0.6391561596942414, "MAE": 0.12763096625040665, "MSE": 0.056598050730779455, "poisson_deviance_explained": 0.5903949261805499}, "22": {"AUC": NaN, "kappa": NaN, "f1": NaN, "precision": NaN, "recall": NaN, "average_precision": NaN, "Spearman_r": 0.5624694047724255, "Pearson_r": 0.8099357902072624, "R2": 0.6554468080084592, "MAE": 0.12161421827885767, "MSE": 0.055883414382118975, "poisson_deviance_explained": 0.6142072377004222}, "23": {"AUC": NaN, "kappa": NaN, "f1": NaN, "precision": NaN, "recall": NaN, "average_precision": NaN, "Spearman_r": 0.554177132703502, "Pearson_r": 0.798134991340844, "R2": 0.6366906604414861, "MAE": 0.1286890839263851, "MSE": 0.061939883937522686, "poisson_deviance_explained": 0.5933813676326031}, "24": {"AUC": NaN, "kappa": NaN, "f1": NaN, "precision": NaN, "recall": NaN, "average_precision": NaN, "Spearman_r": 0.5172710566542085, "Pearson_r": 0.7780140151800714, "R2": 0.6048961996606246, "MAE": 0.11606578157033091, "MSE": 0.0513331608229544, "poisson_deviance_explained": 0.5758844603574856}, "25": {"AUC": NaN, "kappa": NaN, "f1": NaN, "precision": NaN, "recall": NaN, "average_precision": NaN, "Spearman_r": 0.5278792267144273, "Pearson_r": 0.7892869176744336, "R2": 0.6226964269654487, "MAE": 0.11720223884899175, "MSE": 0.053406593092713284, "poisson_deviance_explained": 0.5839555459024162}, "26": {"AUC": NaN, "kappa": NaN, "f1": NaN, "precision": NaN, "recall": NaN, "average_precision": NaN, "Spearman_r": 0.5039361694936293, "Pearson_r": 0.7854611401823409, "R2": 0.616665866456923, "MAE": 0.10944918776711804, "MSE": 0.05004396105912549, "poisson_deviance_explained": 0.5853523109560168}, "27": {"AUC": NaN, "kappa": NaN, "f1": NaN, "precision": NaN, "recall": NaN, "average_precision": NaN,