{"1": {"AUC": NaN, "kappa": NaN, "f1": NaN, "precision": NaN, "recall": NaN, "average_precision": NaN, "Spearman_r": 0.4576303148339495, "Pearson_r": 0.7695202598545061, "R2": 0.5914432387957942, "MAE": 0.09827791633877843, "MSE": 0.04104820465771208, "poisson_deviance_explained": 0.5679655676105126}, "2": {"AUC": NaN, "kappa": NaN, "f1": NaN, "precision": NaN, "recall": NaN, "average_precision": NaN, "Spearman_r": 0.49240479803748943, "Pearson_r": 0.7568882820123385, "R2": 0.57246441691105, "MAE": 0.11875757192999409, "MSE": 0.053047214031296266, "poisson_deviance_explained": 0.5521877428540023}, "3": {"AUC": NaN, "kappa": NaN, "f1": NaN, "precision": NaN, "recall": NaN, "average_precision": NaN, "Spearman_r": 0.4878005617779355, "Pearson_r": 0.790585280565954, "R2": 0.6247544456797884, "MAE": 0.10786802186784357, "MSE": 0.047284622321484344, "poisson_deviance_explained": 0.5869246350832313}, "4": {"AUC": NaN, "kappa": NaN, "f1": NaN, "precision": NaN, "recall": NaN, "average_precision": NaN, "Spearman_r": 0.47404096376756244, "Pearson_r": 0.7936992032268421, "R2": 0.6295540079518123, "MAE": 0.09240809875469992, "MSE": 0.04073163912296477, "poisson_deviance_explained": 0.6183406884733245}, "5": {"AUC": NaN, "kappa": NaN, "f1": NaN, "precision": NaN, "recall": NaN, "average_precision": NaN, "Spearman_r": 0.5055239350404613, "Pearson_r": 0.7853216428525192, "R2": 0.6154655003285725, "MAE": 0.1055788457329306, "MSE": 0.04693789627749894, "poisson_deviance_explained": 0.6010348367580389}, "6": {"AUC": NaN, "kappa": NaN, "f1": NaN, "precision": NaN, "recall": NaN, "average_precision": NaN, "Spearman_r": 0.49759216867011147, "Pearson_r": 0.8076506066931415, "R2": 0.6517473414793977, "MAE": 0.09735249803249064, "MSE": 0.04559647460673581, "poisson_deviance_explained": 0.641110722483726}, "7": {"AUC": NaN, "kappa": NaN, "f1": NaN, "precision": NaN, "recall": NaN, "average_precision": NaN, "Spearman_r": 0.4831261658921842, "Pearson_r": 0.7937559211741362, "R2": 0.6300232082133673, "MAE": 0.09751533622130043, "MSE": 0.04447629683808638, "poisson_deviance_explained": 0.6140254598451134}, "8": {"AUC": NaN, "kappa": NaN, "f1": NaN, "precision": NaN, "recall": NaN, "average_precision": NaN, "Spearman_r": 0.42715003559405434, "Pearson_r": 0.765136661760021, "R2": 0.5843085491560356, "MAE": 0.08066270888244532, "MSE": 0.031316741568561415, "poisson_deviance_explained": 0.566448831387614}, "9": {"AUC": NaN, "kappa": NaN, "f1": NaN, "precision": NaN, "recall": NaN, "average_precision": NaN, "Spearman_r": 0.4040040186932282, "Pearson_r": 0.7499792188020139, "R2": 0.5619117199548392, "MAE": 0.07924186294652315, "MSE": 0.03088448514139784, "poisson_deviance_explained": 0.534149907986647}, "10": {"AUC": NaN, "kappa": NaN, "f1": NaN, "precision": NaN, "recall": NaN, "average_precision": NaN, "Spearman_r": 0.40214904548191466, "Pearson_r": 0.7667771783867259, "R2": 0.5866742080739593, "MAE": 0.07162202640571254, "MSE": 0.027825570187549883, "poisson_deviance_explained": 0.555515522968354}, "11": {"AUC": NaN, "kappa": NaN, "f1": NaN, "precision": NaN, "recall": NaN, "average_precision": NaN, "Spearman_r": 0.44939781888884767, "Pearson_r": 0.7329161867516221, "R2": 0.5360427400776017, "MAE": 0.11577396462788941, "MSE": 0.04784261969936704, "poisson_deviance_explained": 0.48874427295199085}, "12": {"AUC": NaN, "kappa": NaN, "f1": NaN, "precision": NaN, "recall": NaN, "average_precision": NaN, "Spearman_r": 0.48890893548679915, "Pearson_r": 0.6842143189739429, "R2": 0.46775139736893145, "MAE": 0.16525628455726837, "MSE": 0.061893213265509346, "poisson_deviance_explained": 0.3967389363683601}, "13": {"AUC": NaN, "kappa": NaN, "f1": NaN, "precision": NaN, "recall": NaN, "average_precision": NaN, "Spearman_r": 0.5288030848169464, "Pearson_r": 0.6999478079587722, "R2": 0.4897726639724078, "MAE": 0.16049522516837061, "MSE": 0.06119428195310691, "poisson_deviance_explained": 0.4310869114495679}, "14": {"AUC": NaN, "kappa": NaN, "f1": NaN, "precision": NaN, "recall": NaN, "average_precision": NaN, "Spearman_r": 0.573800218003263, "Pearson_r": 0.7334278999143149, "R2": 0.537424953168808, "MAE": 0.18446684430444912, "MSE": 0.07103639744935222, "poisson_deviance_explained": 0.44879322447053616}, "15": {"AUC": NaN, "kappa": NaN, "f1": NaN, "precision": NaN, "recall": NaN, "average_precision": NaN, "Spearman_r": 0.5702783363468084, "Pearson_r": 0.7006506551780627, "R2": 0.4908109667245427, "MAE": 0.15991509012555352, "MSE": 0.06179450150623333, "poisson_deviance_explained": 0.45059313479684693}, "16": {"AUC": NaN, "kappa": NaN, "f1": NaN, "precision": NaN, "recall": NaN, "average_precision": NaN, "Spearman_r": 0.5797245552194432, "Pearson_r": 0.7238805815912172, "R2": 0.5232331542327271, "MAE": 0.17344603457441157, "MSE": 0.06829713201262355, "poisson_deviance_explained": 0.4608861108036353}, "17": {"AUC": NaN, "kappa": NaN, "f1": NaN, "precision": NaN, "recall": NaN, "average_precision": NaN, "Spearman_r": 0.594686863940055, "Pearson_r": 0.7697149961352988, "R2": 0.5914131500848523, "MAE": 0.15957960845548796, "MSE": 0.06516534943768824, "poisson_deviance_explained": 0.5241023588343992}, "18": {"AUC": NaN, "kappa": NaN, "f1": NaN, "precision": NaN, "recall": NaN, "average_precision": NaN, "Spearman_r": 0.6165669344620582, "Pearson_r": 0.7594362079802295, "R2": 0.576532310371747, "MAE": 0.17163572568046453, "MSE": 0.0735521593280173, "poisson_deviance_explained": 0.5270402587313345}, "19": {"AUC": NaN, "kappa": NaN, "f1": NaN, "precision": NaN, "recall": NaN, "average_precision": NaN, "Spearman_r": 0.5925348901578599, "Pearson_r": 0.7481543693214416, "R2": 0.5593281855137007, "MAE": 0.17343903702770744, "MSE": 0.06905182203383979, "poisson_deviance_explained": 0.485996977942428}, "20": {"AUC": NaN, "kappa": NaN, "f1": NaN, "precision": NaN, "recall": NaN, "average_precision": NaN, "Spearman_r": 0.5621046594386572, "Pearson_r": 0.7383997440657607, "R2": 0.5447492224578947, "MAE": 0.15854393859230223, "MSE": 0.06364283904678862, "poisson_deviance_explained": 0.48607389993969474}, "21": {"AUC": NaN, "kappa": NaN, "f1": NaN, "precision": NaN, "recall": NaN, "average_precision": NaN, "Spearman_r": 0.5170978001731672, "Pearson_r": 0.7245078646988622, "R2": 0.5244747115968484, "MAE": 0.14764880377288095, "MSE": 0.05894909513287315, "poisson_deviance_explained": 0.46650824757720855}, "22": {"AUC": NaN, "kappa": NaN, "f1": NaN, "precision": NaN, "recall": NaN, "average_precision": NaN, "Spearman_r": 0.508928634118777, "Pearson_r": 0.7806870346835345, "R2": 0.6077353235599943, "MAE": 0.12211132670122485, "MSE": 0.04745040863905555, "poisson_deviance_explained": 0.5401765902679598}, "23": {"AUC": NaN, "kappa": NaN, "f1": NaN, "precision": NaN, "recall": NaN, "average_precision": NaN, "Spearman_r": 0.5074063200746741, "Pearson_r": 0.7749635480056676, "R2": 0.6000937415310199, "MAE": 0.11978636901359238, "MSE": 0.04868278849279982, "poisson_deviance_explained": 0.5440784107644387}, "24": {"AUC": NaN, "kappa": NaN, "f1": NaN, "precision": NaN, "recall": NaN, "average_precision": NaN, "Spearman_r": 0.5384776805496652, "Pearson_r": 0.8028634554627616, "R2": 0.6444272656128993, "MAE": 0.12258157209108314, "MSE": 0.054191723780956, "poisson_deviance_explained": 0.5928476313108231}, "25": {"AUC": NaN, "kappa": NaN, "f1": NaN, "precision": NaN, "recall": NaN, "average_precision": NaN, "Spearman_r": 0.5077329391013479, "Pearson_r": 0.7525983723656593, "R2": 0.5661754290003553, "MAE": 0.12413063248963296, "MSE": 0.0560549721132189, "poisson_deviance_explained": 0.5407332041047712}, "26": {"AUC": NaN, "kappa": NaN, "f1": NaN, "precision": NaN, "recall": NaN, "average_precision": NaN, "Spearman_r": 0.5355047523052235, "Pearson_r": 0.7863037113708905, "R2": 0.6177722459410291, "MAE": 0.13100809230661065, "MSE": 0.060665013551178475, "poisson_deviance_explained": 0.5718660086598915}, "27": {"AUC": NaN, "kappa": NaN, "f1": NaN, "precision": NaN, "recall": NaN, "average_precision": NaN,