{"1": {"AUC": NaN, "kappa": NaN, "f1": NaN, "precision": NaN, "recall": NaN, "average_precision": NaN, "Spearman_r": 0.3987168035974063, "Pearson_r": 0.7068552638800485, "R2": 0.4991095516299048, "MAE": 0.09859838618203406, "MSE": 0.041262910961420686, "poisson_deviance_explained": 0.48478952482475723}, "2": {"AUC": NaN, "kappa": NaN, "f1": NaN, "precision": NaN, "recall": NaN, "average_precision": NaN, "Spearman_r": 0.41572583357571097, "Pearson_r": 0.7105242440121761, "R2": 0.5037557010280294, "MAE": 0.0924692970250435, "MSE": 0.03924529568292727, "poisson_deviance_explained": 0.5047367790480639}, "3": {"AUC": NaN, "kappa": NaN, "f1": NaN, "precision": NaN, "recall": NaN, "average_precision": NaN, "Spearman_r": 0.4160654738561793, "Pearson_r": 0.7303924530116584, "R2": 0.5327809022656884, "MAE": 0.09219854786467796, "MSE": 0.037893839171708, "poisson_deviance_explained": 0.5155720280773789}, "4": {"AUC": NaN, "kappa": NaN, "f1": NaN, "precision": NaN, "recall": NaN, "average_precision": NaN, "Spearman_r": 0.4140588146811197, "Pearson_r": 0.6956782516975281, "R2": 0.4833291512131255, "MAE": 0.08803364027013844, "MSE": 0.0396258968348522, "poisson_deviance_explained": 0.5230560331515299}, "5": {"AUC": NaN, "kappa": NaN, "f1": NaN, "precision": NaN, "recall": NaN, "average_precision": NaN, "Spearman_r": 0.40601524707271613, "Pearson_r": 0.7410139608636954, "R2": 0.5488131107180595, "MAE": 0.07754818865497186, "MSE": 0.032558774971629546, "poisson_deviance_explained": 0.5454359412819912}, "6": {"AUC": NaN, "kappa": NaN, "f1": NaN, "precision": NaN, "recall": NaN, "average_precision": NaN, "Spearman_r": 0.41037572324381555, "Pearson_r": 0.7447641390489065, "R2": 0.5542065347384529, "MAE": 0.09080480437195532, "MSE": 0.03824069452297738, "poisson_deviance_explained": 0.5215465114652265}, "7": {"AUC": NaN, "kappa": NaN, "f1": NaN, "precision": NaN, "recall": NaN, "average_precision": NaN, "Spearman_r": 0.3933665616573433, "Pearson_r": 0.7352367901155191, "R2": 0.5400204660145989, "MAE": 0.07216944106186209, "MSE": 0.02964942052597626, "poisson_deviance_explained": 0.5379626936193197}, "8": {"AUC": NaN, "kappa": NaN, "f1": NaN, "precision": NaN, "recall": NaN, "average_precision": NaN, "Spearman_r": 0.3956658434772621, "Pearson_r": 0.6414221458253412, "R2": 0.4111572573572222, "MAE": 0.08118748404415907, "MSE": 0.029794934290484083, "poisson_deviance_explained": 0.45378038144673305}, "9": {"AUC": NaN, "kappa": NaN, "f1": NaN, "precision": NaN, "recall": NaN, "average_precision": NaN, "Spearman_r": 0.41301170189881903, "Pearson_r": 0.7189534204458312, "R2": 0.515542718232749, "MAE": 0.0819673101518343, "MSE": 0.03317351613833908, "poisson_deviance_explained": 0.5165223610486263}, "10": {"AUC": NaN, "kappa": NaN, "f1": NaN, "precision": NaN, "recall": NaN, "average_precision": NaN, "Spearman_r": 0.3940560639697895, "Pearson_r": 0.6849306689591224, "R2": 0.4680789637572714, "MAE": 0.08184211874076605, "MSE": 0.030078636285546204, "poisson_deviance_explained": 0.46814303458323203}, "11": {"AUC": NaN, "kappa": NaN, "f1": NaN, "precision": NaN, "recall": NaN, "average_precision": NaN, "Spearman_r": 0.42086386221283795, "Pearson_r": 0.6510212270725781, "R2": 0.4234502758061839, "MAE": 0.11194146104986652, "MSE": 0.04202181510747326, "poisson_deviance_explained": 0.39947163444671263}, "12": {"AUC": NaN, "kappa": NaN, "f1": NaN, "precision": NaN, "recall": NaN, "average_precision": NaN, "Spearman_r": 0.4799789911905555, "Pearson_r": 0.6318933227836678, "R2": 0.39849233419509966, "MAE": 0.14474223434211445, "MSE": 0.05211010518724643, "poisson_deviance_explained": 0.3784483039128135}, "13": {"AUC": NaN, "kappa": NaN, "f1": NaN, "precision": NaN, "recall": NaN, "average_precision": NaN, "Spearman_r": 0.5258375143885787, "Pearson_r": 0.6505536491584003, "R2": 0.42291052666541695, "MAE": 0.16706760186212405, "MSE": 0.06050268165895096, "poisson_deviance_explained": 0.38627808370842087}, "14": {"AUC": NaN, "kappa": NaN, "f1": NaN, "precision": NaN, "recall": NaN, "average_precision": NaN, "Spearman_r": 0.5406967057709744, "Pearson_r": 0.679445107501998, "R2": 0.45826952176480706, "MAE": 0.1655487002813586, "MSE": 0.06089234916721688, "poisson_deviance_explained": 0.40427889507002446}, "15": {"AUC": NaN, "kappa": NaN, "f1": NaN, "precision": NaN, "recall": NaN, "average_precision": NaN, "Spearman_r": 0.5582034894066538, "Pearson_r": 0.6870507301734611, "R2": 0.4713718747712752, "MAE": 0.16053203704550356, "MSE": 0.059370188371530117, "poisson_deviance_explained": 0.4288647903108387}, "16": {"AUC": NaN, "kappa": NaN, "f1": NaN, "precision": NaN, "recall": NaN, "average_precision": NaN, "Spearman_r": 0.5185068802471435, "Pearson_r": 0.7056871844230616, "R2": 0.49631801906385375, "MAE": 0.13955295157037226, "MSE": 0.05309863626521559, "poisson_deviance_explained": 0.4555118497092452}, "17": {"AUC": NaN, "kappa": NaN, "f1": NaN, "precision": NaN, "recall": NaN, "average_precision": NaN, "Spearman_r": 0.5496456717541692, "Pearson_r": 0.7091000908121772, "R2": 0.502405598473985, "MAE": 0.14443114712209026, "MSE": 0.05270079587396503, "poisson_deviance_explained": 0.4592856095477904}, "18": {"AUC": NaN, "kappa": NaN, "f1": NaN, "precision": NaN, "recall": NaN, "average_precision": NaN, "Spearman_r": 0.5625596095701351, "Pearson_r": 0.6826831488825222, "R2": 0.4650897014594767, "MAE": 0.16534537847173342, "MSE": 0.06213656598592694, "poisson_deviance_explained": 0.42796229885834813}, "19": {"AUC": NaN, "kappa": NaN, "f1": NaN, "precision": NaN, "recall": NaN, "average_precision": NaN, "Spearman_r": 0.5666687594469901, "Pearson_r": 0.6592366435309334, "R2": 0.43313359599648393, "MAE": 0.17674444250939444, "MSE": 0.06469638514612429, "poisson_deviance_explained": 0.387165345085979}, "20": {"AUC": NaN, "kappa": NaN, "f1": NaN, "precision": NaN, "recall": NaN, "average_precision": NaN, "Spearman_r": 0.5108848256670506, "Pearson_r": 0.6234237943628923, "R2": 0.3875737247469099, "MAE": 0.1545189104355048, "MSE": 0.055588851135596605, "poisson_deviance_explained": 0.3681978655859113}, "21": {"AUC": NaN, "kappa": NaN, "f1": NaN, "precision": NaN, "recall": NaN, "average_precision": NaN, "Spearman_r": 0.5048658386190163, "Pearson_r": 0.6945454598280272, "R2": 0.4809562212607462, "MAE": 0.13816339818582563, "MSE": 0.052119592293033486, "poisson_deviance_explained": 0.43018248259031666}, "22": {"AUC": NaN, "kappa": NaN, "f1": NaN, "precision": NaN, "recall": NaN, "average_precision": NaN, "Spearman_r": 0.48862215968901523, "Pearson_r": 0.7169805377709558, "R2": 0.5133557684172574, "MAE": 0.13125424550595488, "MSE": 0.052394651903261834, "poisson_deviance_explained": 0.46595953495445586}, "23": {"AUC": NaN, "kappa": NaN, "f1": NaN, "precision": NaN, "recall": NaN, "average_precision": NaN, "Spearman_r": 0.4707156127857579, "Pearson_r": 0.7327946039888218, "R2": 0.5367979335912836, "MAE": 0.11121396938339914, "MSE": 0.045178076682766174, "poisson_deviance_explained": 0.5017516538790705}, "24": {"AUC": NaN, "kappa": NaN, "f1": NaN, "precision": NaN, "recall": NaN, "average_precision": NaN, "Spearman_r": 0.4524333291269932, "Pearson_r": 0.6567652809542451, "R2": 0.4309312454356544, "MAE": 0.12127269882967784, "MSE": 0.047121592248601345, "poisson_deviance_explained": 0.425143196972367}, "25": {"AUC": NaN, "kappa": NaN, "f1": NaN, "precision": NaN, "recall": NaN, "average_precision": NaN, "Spearman_r": 0.46071644075797064, "Pearson_r": 0.717361129859032, "R2": 0.5140646066434298, "MAE": 0.11298144861110904, "MSE": 0.044023782241651356, "poisson_deviance_explained": 0.48981043177042205}, "26": {"AUC": NaN, "kappa": NaN, "f1": NaN, "precision": NaN, "recall": NaN, "average_precision": NaN, "Spearman_r": 0.46976549723481803, "Pearson_r": 0.7425331574802829, "R2": 0.5500273506462676, "MAE": 0.11587262732774445, "MSE": 0.047215196908282124, "poisson_deviance_explained": 0.5011638420637371}, "27": {"AUC": NaN, "kappa": NaN, "f1": NaN, "precision": NaN, "recall": NaN, "average_precision": NaN,