{"1": {"AUC": NaN, "kappa": NaN, "f1": NaN, "precision": NaN, "recall": NaN, "average_precision": NaN, "Spearman_r": 0.37484841765858046, "Pearson_r": 0.5945788099928702, "R2": 0.3530750737678654, "MAE": 0.09385448530615403, "MSE": 0.036196522983834745, "poisson_deviance_explained": 0.37614616782091725}, "2": {"AUC": NaN, "kappa": NaN, "f1": NaN, "precision": NaN, "recall": NaN, "average_precision": NaN, "Spearman_r": 0.3627639163169121, "Pearson_r": 0.6198774257137193, "R2": 0.3835376945135819, "MAE": 0.08729388819237506, "MSE": 0.034959362465673376, "poisson_deviance_explained": 0.40871396540021443}, "3": {"AUC": NaN, "kappa": NaN, "f1": NaN, "precision": NaN, "recall": NaN, "average_precision": NaN, "Spearman_r": 0.3719359825147073, "Pearson_r": 0.6490110948353863, "R2": 0.41230263788043375, "MAE": 0.08395223437256363, "MSE": 0.03509724291710368, "poisson_deviance_explained": 0.454340073174208}, "4": {"AUC": NaN, "kappa": NaN, "f1": NaN, "precision": NaN, "recall": NaN, "average_precision": NaN, "Spearman_r": 0.35311864799151205, "Pearson_r": 0.6588784963344871, "R2": 0.43303248553432105, "MAE": 0.07669014598806292, "MSE": 0.032380259510446804, "poisson_deviance_explained": 0.45072909893599855}, "5": {"AUC": NaN, "kappa": NaN, "f1": NaN, "precision": NaN, "recall": NaN, "average_precision": NaN, "Spearman_r": 0.4183041339087202, "Pearson_r": 0.773468884123051, "R2": 0.5981228289370383, "MAE": 0.09072487235490231, "MSE": 0.04275621641828841, "poisson_deviance_explained": 0.5556254820099378}, "6": {"AUC": NaN, "kappa": NaN, "f1": NaN, "precision": NaN, "recall": NaN, "average_precision": NaN, "Spearman_r": 0.4365843312219552, "Pearson_r": 0.757720248253048, "R2": 0.5733444028942403, "MAE": 0.09142845700854117, "MSE": 0.040519270169870614, "poisson_deviance_explained": 0.543488559757645}, "7": {"AUC": NaN, "kappa": NaN, "f1": NaN, "precision": NaN, "recall": NaN, "average_precision": NaN, "Spearman_r": 0.40827087325994094, "Pearson_r": 0.7675750510815647, "R2": 0.5886939221829466, "MAE": 0.07464288839698456, "MSE": 0.03196533566596137, "poisson_deviance_explained": 0.5800294918145252}, "8": {"AUC": NaN, "kappa": NaN, "f1": NaN, "precision": NaN, "recall": NaN, "average_precision": NaN, "Spearman_r": 0.40456519422815007, "Pearson_r": 0.7192125257656461, "R2": 0.5163137787009565, "MAE": 0.08135324236871719, "MSE": 0.03289326279509359, "poisson_deviance_explained": 0.5164487210206917}, "9": {"AUC": NaN, "kappa": NaN, "f1": NaN, "precision": NaN, "recall": NaN, "average_precision": NaN, "Spearman_r": 0.3935515932922432, "Pearson_r": 0.6011583547924253, "R2": 0.36113782755552104, "MAE": 0.0832819269030893, "MSE": 0.03143407247279611, "poisson_deviance_explained": 0.413402913933402}, "10": {"AUC": NaN, "kappa": NaN, "f1": NaN, "precision": NaN, "recall": NaN, "average_precision": NaN, "Spearman_r": 0.34825948068603874, "Pearson_r": 0.6278194540242893, "R2": 0.3924227930174894, "MAE": 0.07819552576609616, "MSE": 0.02664764860699436, "poisson_deviance_explained": 0.38914522107564065}, "11": {"AUC": NaN, "kappa": NaN, "f1": NaN, "precision": NaN, "recall": NaN, "average_precision": NaN, "Spearman_r": 0.4169384667378552, "Pearson_r": 0.6077096900935368, "R2": 0.3660474245665185, "MAE": 0.12699103520740662, "MSE": 0.04339629974658903, "poisson_deviance_explained": 0.333235876764048}, "12": {"AUC": NaN, "kappa": NaN, "f1": NaN, "precision": NaN, "recall": NaN, "average_precision": NaN, "Spearman_r": 0.49159082442223356, "Pearson_r": 0.5994420872620256, "R2": 0.3530667449605748, "MAE": 0.17052421528178585, "MSE": 0.05948218554176713, "poisson_deviance_explained": 0.3236273879396786}, "13": {"AUC": NaN, "kappa": NaN, "f1": NaN, "precision": NaN, "recall": NaN, "average_precision": NaN, "Spearman_r": 0.5299997073302444, "Pearson_r": 0.6264135040110184, "R2": 0.391460918857808, "MAE": 0.16865610574270468, "MSE": 0.058414543172721795, "poisson_deviance_explained": 0.3590686237769827}, "14": {"AUC": NaN, "kappa": NaN, "f1": NaN, "precision": NaN, "recall": NaN, "average_precision": NaN, "Spearman_r": 0.5484470904125981, "Pearson_r": 0.6793926542857687, "R2": 0.45423659055888177, "MAE": 0.1712277895692799, "MSE": 0.06069774728121253, "poisson_deviance_explained": 0.40781585355703864}, "15": {"AUC": NaN, "kappa": NaN, "f1": NaN, "precision": NaN, "recall": NaN, "average_precision": NaN, "Spearman_r": 0.5340762789546905, "Pearson_r": 0.6378235153842213, "R2": 0.4047848515860494, "MAE": 0.1621130616939225, "MSE": 0.05939810154920448, "poisson_deviance_explained": 0.37879015353576195}, "16": {"AUC": NaN, "kappa": NaN, "f1": NaN, "precision": NaN, "recall": NaN, "average_precision": NaN, "Spearman_r": 0.5312672675220692, "Pearson_r": 0.6593684874749726, "R2": 0.4345074461445463, "MAE": 0.14338738749053687, "MSE": 0.0508280294162474, "poisson_deviance_explained": 0.4044213044663427}, "17": {"AUC": NaN, "kappa": NaN, "f1": NaN, "precision": NaN, "recall": NaN, "average_precision": NaN, "Spearman_r": 0.5459138071692615, "Pearson_r": 0.6949897845267871, "R2": 0.4818413045779576, "MAE": 0.13800569354024128, "MSE": 0.05113318877161879, "poisson_deviance_explained": 0.4589640178449754}, "18": {"AUC": NaN, "kappa": NaN, "f1": NaN, "precision": NaN, "recall": NaN, "average_precision": NaN, "Spearman_r": 0.5385182852034731, "Pearson_r": 0.6502984440218029, "R2": 0.4215636706175391, "MAE": 0.14616410313282974, "MSE": 0.05287733653094194, "poisson_deviance_explained": 0.405477660658197}, "19": {"AUC": NaN, "kappa": NaN, "f1": NaN, "precision": NaN, "recall": NaN, "average_precision": NaN, "Spearman_r": 0.5361763162099012, "Pearson_r": 0.68061789035932, "R2": 0.45993119318160625, "MAE": 0.1464984250853632, "MSE": 0.0550928440193977, "poisson_deviance_explained": 0.42934084666081485}, "20": {"AUC": NaN, "kappa": NaN, "f1": NaN, "precision": NaN, "recall": NaN, "average_precision": NaN, "Spearman_r": 0.5325029157726454, "Pearson_r": 0.6660679674096511, "R2": 0.44115089017409415, "MAE": 0.15090072769947074, "MSE": 0.05420363122689856, "poisson_deviance_explained": 0.4120386093708813}, "21": {"AUC": NaN, "kappa": NaN, "f1": NaN, "precision": NaN, "recall": NaN, "average_precision": NaN, "Spearman_r": 0.4759859764330384, "Pearson_r": 0.6449044029518443, "R2": 0.41470084595249956, "MAE": 0.13368532983081577, "MSE": 0.05021407551633442, "poisson_deviance_explained": 0.39013261878846617}, "22": {"AUC": NaN, "kappa": NaN, "f1": NaN, "precision": NaN, "recall": NaN, "average_precision": NaN, "Spearman_r": 0.4224470177967264, "Pearson_r": 0.6209269348627373, "R2": 0.38434390814104824, "MAE": 0.11793493522172836, "MSE": 0.04307459791947938, "poisson_deviance_explained": 0.36410384181680544}, "23": {"AUC": NaN, "kappa": NaN, "f1": NaN, "precision": NaN, "recall": NaN, "average_precision": NaN, "Spearman_r": 0.4308105272081242, "Pearson_r": 0.5838925366153348, "R2": 0.3407619057093093, "MAE": 0.12713975597445412, "MSE": 0.048213248280323265, "poisson_deviance_explained": 0.34488759423694804}, "24": {"AUC": NaN, "kappa": NaN, "f1": NaN, "precision": NaN, "recall": NaN, "average_precision": NaN, "Spearman_r": 0.44223833402070517, "Pearson_r": 0.6114320951557833, "R2": 0.3735354307024865, "MAE": 0.12801514895314245, "MSE": 0.05110386021725402, "poisson_deviance_explained": 0.39033996965482654}, "25": {"AUC": NaN, "kappa": NaN, "f1": NaN, "precision": NaN, "recall": NaN, "average_precision": NaN, "Spearman_r": 0.42671536531683824, "Pearson_r": 0.634009901598607, "R2": 0.39939404022236025, "MAE": 0.11254836364885124, "MSE": 0.04403287969686194, "poisson_deviance_explained": 0.40583775776690867}, "26": {"AUC": NaN, "kappa": NaN, "f1": NaN, "precision": NaN, "recall": NaN, "average_precision": NaN, "Spearman_r": 0.3945610431938214, "Pearson_r": 0.5984145154229065, "R2": 0.3559446280856716, "MAE": 0.10476871163303217, "MSE": 0.04264727536905498, "poisson_deviance_explained": 0.37347525829782513}, "27": {"AUC": NaN, "kappa": NaN, "f1": NaN, "precision": NaN, "recall": NaN, "average_precision": NaN,