{"1": {"AUC": NaN, "kappa": NaN, "f1": NaN, "precision": NaN, "recall": NaN, "average_precision": NaN, "Spearman_r": 0.4302089429374594, "Pearson_r": 0.7051092020308083, "R2": 0.4966534701595192, "MAE": 0.09563725517086454, "MSE": 0.038888041155584634, "poisson_deviance_explained": 0.5035621991738854}, "2": {"AUC": NaN, "kappa": NaN, "f1": NaN, "precision": NaN, "recall": NaN, "average_precision": NaN, "Spearman_r": 0.4927203605183227, "Pearson_r": 0.7617833893818925, "R2": 0.5800627375957534, "MAE": 0.10901322461603785, "MSE": 0.04950872916421644, "poisson_deviance_explained": 0.5785453863175978}, "3": {"AUC": NaN, "kappa": NaN, "f1": NaN, "precision": NaN, "recall": NaN, "average_precision": NaN, "Spearman_r": 0.4625648772437474, "Pearson_r": 0.7741793590229726, "R2": 0.5986698949735596, "MAE": 0.09108175442877602, "MSE": 0.04670434760703799, "poisson_deviance_explained": 0.6192849341889315}, "4": {"AUC": NaN, "kappa": NaN, "f1": NaN, "precision": NaN, "recall": NaN, "average_precision": NaN, "Spearman_r": 0.44153553318428523, "Pearson_r": 0.7694347900116636, "R2": 0.5918484799625943, "MAE": 0.08534666467045157, "MSE": 0.03936237162185985, "poisson_deviance_explained": 0.5987590750813858}, "5": {"AUC": NaN, "kappa": NaN, "f1": NaN, "precision": NaN, "recall": NaN, "average_precision": NaN, "Spearman_r": 0.4697765352768083, "Pearson_r": 0.7695950242294387, "R2": 0.5921628902756695, "MAE": 0.10247025077543026, "MSE": 0.04865870322007808, "poisson_deviance_explained": 0.590096057979064}, "6": {"AUC": NaN, "kappa": NaN, "f1": NaN, "precision": NaN, "recall": NaN, "average_precision": NaN, "Spearman_r": 0.44148622593378845, "Pearson_r": 0.7738503097623461, "R2": 0.5986710938352546, "MAE": 0.08266283661789682, "MSE": 0.038327842976756836, "poisson_deviance_explained": 0.6022763878068915}, "7": {"AUC": NaN, "kappa": NaN, "f1": NaN, "precision": NaN, "recall": NaN, "average_precision": NaN, "Spearman_r": 0.4810942041526265, "Pearson_r": 0.8174628494987847, "R2": 0.6675353419821304, "MAE": 0.08640600388454953, "MSE": 0.03855835136638342, "poisson_deviance_explained": 0.6500464933263355}, "8": {"AUC": NaN, "kappa": NaN, "f1": NaN, "precision": NaN, "recall": NaN, "average_precision": NaN, "Spearman_r": 0.4054837368147974, "Pearson_r": 0.7771897293325541, "R2": 0.6024507536304244, "MAE": 0.07004967102189487, "MSE": 0.029895809207467566, "poisson_deviance_explained": 0.6008162712567326}, "9": {"AUC": NaN, "kappa": NaN, "f1": NaN, "precision": NaN, "recall": NaN, "average_precision": NaN, "Spearman_r": 0.3793102448842645, "Pearson_r": 0.7675620914732689, "R2": 0.5883770680228227, "MAE": 0.06084066114570062, "MSE": 0.02510324061758508, "poisson_deviance_explained": 0.5892199599528447}, "10": {"AUC": NaN, "kappa": NaN, "f1": NaN, "precision": NaN, "recall": NaN, "average_precision": NaN, "Spearman_r": 0.39173769252831664, "Pearson_r": 0.7225743812395263, "R2": 0.5218633212443596, "MAE": 0.07457915982271628, "MSE": 0.02882820341055621, "poisson_deviance_explained": 0.517439480758957}, "11": {"AUC": NaN, "kappa": NaN, "f1": NaN, "precision": NaN, "recall": NaN, "average_precision": NaN, "Spearman_r": 0.4325256362948087, "Pearson_r": 0.707769563699119, "R2": 0.49801132616691157, "MAE": 0.11077066727619943, "MSE": 0.042397283241444296, "poisson_deviance_explained": 0.45543703838554594}, "12": {"AUC": NaN, "kappa": NaN, "f1": NaN, "precision": NaN, "recall": NaN, "average_precision": NaN, "Spearman_r": 0.461430661035983, "Pearson_r": 0.6278249048452952, "R2": 0.39291187376147196, "MAE": 0.15061601286050888, "MSE": 0.052518746299209676, "poisson_deviance_explained": 0.35140765140117836}, "13": {"AUC": NaN, "kappa": NaN, "f1": NaN, "precision": NaN, "recall": NaN, "average_precision": NaN, "Spearman_r": 0.5376649375347775, "Pearson_r": 0.6897277770084298, "R2": 0.4752215705713666, "MAE": 0.15089448138326075, "MSE": 0.05537176633403572, "poisson_deviance_explained": 0.44145050076768777}, "14": {"AUC": NaN, "kappa": NaN, "f1": NaN, "precision": NaN, "recall": NaN, "average_precision": NaN, "Spearman_r": 0.5865512402990902, "Pearson_r": 0.7411973579064626, "R2": 0.5487438186022269, "MAE": 0.16468927394177446, "MSE": 0.0637215845748378, "poisson_deviance_explained": 0.4877037730759821}, "15": {"AUC": NaN, "kappa": NaN, "f1": NaN, "precision": NaN, "recall": NaN, "average_precision": NaN, "Spearman_r": 0.6054180724419725, "Pearson_r": 0.7066861572841512, "R2": 0.4989177064107274, "MAE": 0.1863603608983479, "MSE": 0.0720312948366904, "poisson_deviance_explained": 0.44376959833030316}, "16": {"AUC": NaN, "kappa": NaN, "f1": NaN, "precision": NaN, "recall": NaN, "average_precision": NaN, "Spearman_r": 0.6014072067551772, "Pearson_r": 0.7534459268212965, "R2": 0.5676227966562943, "MAE": 0.15553576973271674, "MSE": 0.06456694138611785, "poisson_deviance_explained": 0.5191589546926453}, "17": {"AUC": NaN, "kappa": NaN, "f1": NaN, "precision": NaN, "recall": NaN, "average_precision": NaN, "Spearman_r": 0.5757548316913215, "Pearson_r": 0.7319670474721366, "R2": 0.5354538946029804, "MAE": 0.15594486562579202, "MSE": 0.06256466232662312, "poisson_deviance_explained": 0.4856010958955822}, "18": {"AUC": NaN, "kappa": NaN, "f1": NaN, "precision": NaN, "recall": NaN, "average_precision": NaN, "Spearman_r": 0.5923453024520705, "Pearson_r": 0.7445884527930595, "R2": 0.5534589814620932, "MAE": 0.16087527168605642, "MSE": 0.061928548823692434, "poisson_deviance_explained": 0.48588331870128887}, "19": {"AUC": NaN, "kappa": NaN, "f1": NaN, "precision": NaN, "recall": NaN, "average_precision": NaN, "Spearman_r": 0.5490349150595117, "Pearson_r": 0.6966884540686324, "R2": 0.48439216779919236, "MAE": 0.1406593195450403, "MSE": 0.052031410127509045, "poisson_deviance_explained": 0.45578661156567724}, "20": {"AUC": NaN, "kappa": NaN, "f1": NaN, "precision": NaN, "recall": NaN, "average_precision": NaN, "Spearman_r": 0.5765335708934856, "Pearson_r": 0.7247229275018151, "R2": 0.5244081875580859, "MAE": 0.15544456365770437, "MSE": 0.06101917103499273, "poisson_deviance_explained": 0.48444815988893586}, "21": {"AUC": NaN, "kappa": NaN, "f1": NaN, "precision": NaN, "recall": NaN, "average_precision": NaN, "Spearman_r": 0.5323146687090742, "Pearson_r": 0.6863412386693581, "R2": 0.4706936565832409, "MAE": 0.156760755348639, "MSE": 0.05937945107484603, "poisson_deviance_explained": 0.42104163570218933}, "22": {"AUC": NaN, "kappa": NaN, "f1": NaN, "precision": NaN, "recall": NaN, "average_precision": NaN, "Spearman_r": 0.492596741623465, "Pearson_r": 0.6972830802042155, "R2": 0.4859816632826429, "MAE": 0.12593007030935224, "MSE": 0.04962612774999791, "poisson_deviance_explained": 0.4572041192161186}, "23": {"AUC": NaN, "kappa": NaN, "f1": NaN, "precision": NaN, "recall": NaN, "average_precision": NaN, "Spearman_r": 0.4994426455414878, "Pearson_r": 0.7516396624272175, "R2": 0.5642473545599225, "MAE": 0.1251358422862195, "MSE": 0.05299165362430803, "poisson_deviance_explained": 0.5175831553719474}, "24": {"AUC": NaN, "kappa": NaN, "f1": NaN, "precision": NaN, "recall": NaN, "average_precision": NaN, "Spearman_r": 0.5049848209492706, "Pearson_r": 0.7332284328017473, "R2": 0.5374490101102288, "MAE": 0.12465238989816507, "MSE": 0.05136868152820242, "poisson_deviance_explained": 0.494134734662535}, "25": {"AUC": NaN, "kappa": NaN, "f1": NaN, "precision": NaN, "recall": NaN, "average_precision": NaN, "Spearman_r": 0.5360557020697966, "Pearson_r": 0.7727632656673427, "R2": 0.5968959014147881, "MAE": 0.12967213135166855, "MSE": 0.05444203221116325, "poisson_deviance_explained": 0.5530775827245024}, "26": {"AUC": NaN, "kappa": NaN, "f1": NaN, "precision": NaN, "recall": NaN, "average_precision": NaN, "Spearman_r": 0.4873981596234998, "Pearson_r": 0.7449696005308687, "R2": 0.5542145959025016, "MAE": 0.12053683739325981, "MSE": 0.05019746206933858, "poisson_deviance_explained": 0.5093229032328026}, "27": {"AUC": NaN, "kappa": NaN, "f1": NaN, "precision": NaN, "recall": NaN, "average_precision": NaN,