{"1": {"AUC": NaN, "kappa": NaN, "f1": NaN, "precision": NaN, "recall": NaN, "average_precision": NaN, "Spearman_r": 0.5108246130836265, "Pearson_r": 0.7996580986425875, "R2": 0.6390295783861728, "MAE": 0.11492967329971554, "MSE": 0.05490370065485723, "poisson_deviance_explained": 0.5992751460311458}, "2": {"AUC": NaN, "kappa": NaN, "f1": NaN, "precision": NaN, "recall": NaN, "average_precision": NaN, "Spearman_r": 0.5410527790996363, "Pearson_r": 0.8138018174148873, "R2": 0.6622554227767347, "MAE": 0.11041868256074433, "MSE": 0.053588738480851474, "poisson_deviance_explained": 0.6414323073709098}, "3": {"AUC": NaN, "kappa": NaN, "f1": NaN, "precision": NaN, "recall": NaN, "average_precision": NaN, "Spearman_r": 0.49539271280416636, "Pearson_r": 0.8227477063491152, "R2": 0.676885404754632, "MAE": 0.09316540062005983, "MSE": 0.045185016992173054, "poisson_deviance_explained": 0.6571656285747167}, "4": {"AUC": NaN, "kappa": NaN, "f1": NaN, "precision": NaN, "recall": NaN, "average_precision": NaN, "Spearman_r": 0.5236567810352504, "Pearson_r": 0.8396329401837093, "R2": 0.7049333208970165, "MAE": 0.09335688983821001, "MSE": 0.04597500472259802, "poisson_deviance_explained": 0.6954882801471174}, "5": {"AUC": NaN, "kappa": NaN, "f1": NaN, "precision": NaN, "recall": NaN, "average_precision": NaN, "Spearman_r": 0.5364154456627448, "Pearson_r": 0.8147169352990224, "R2": 0.6637302191551573, "MAE": 0.10045419264442637, "MSE": 0.045425127984356044, "poisson_deviance_explained": 0.6483480647468205}, "6": {"AUC": NaN, "kappa": NaN, "f1": NaN, "precision": NaN, "recall": NaN, "average_precision": NaN, "Spearman_r": 0.5246860078484684, "Pearson_r": 0.8265647877314019, "R2": 0.6830935864494001, "MAE": 0.09795896029148653, "MSE": 0.04510212907923959, "poisson_deviance_explained": 0.6632525652550022}, "7": {"AUC": NaN, "kappa": NaN, "f1": NaN, "precision": NaN, "recall": NaN, "average_precision": NaN, "Spearman_r": 0.5478931470207483, "Pearson_r": 0.8333334819047347, "R2": 0.6943853640882363, "MAE": 0.10187077488329778, "MSE": 0.04712457694690164, "poisson_deviance_explained": 0.670098911990447}, "8": {"AUC": NaN, "kappa": NaN, "f1": NaN, "precision": NaN, "recall": NaN, "average_precision": NaN, "Spearman_r": 0.507648641480352, "Pearson_r": 0.8345688932596487, "R2": 0.6962619262199978, "MAE": 0.08617790609236753, "MSE": 0.03905423685829935, "poisson_deviance_explained": 0.6770530565038558}, "9": {"AUC": NaN, "kappa": NaN, "f1": NaN, "precision": NaN, "recall": NaN, "average_precision": NaN, "Spearman_r": 0.4491055954266128, "Pearson_r": 0.8175396963578079, "R2": 0.668202994300438, "MAE": 0.06919131378570806, "MSE": 0.030889336979108145, "poisson_deviance_explained": 0.659322245718679}, "10": {"AUC": NaN, "kappa": NaN, "f1": NaN, "precision": NaN, "recall": NaN, "average_precision": NaN, "Spearman_r": 0.48581342683222906, "Pearson_r": 0.8406315661557697, "R2": 0.7062514957398001, "MAE": 0.0859054954299715, "MSE": 0.04294612273956452, "poisson_deviance_explained": 0.6882954695479335}, "11": {"AUC": NaN, "kappa": NaN, "f1": NaN, "precision": NaN, "recall": NaN, "average_precision": NaN, "Spearman_r": 0.46320738597427663, "Pearson_r": 0.7849331621375508, "R2": 0.6155245918144088, "MAE": 0.0921472848295203, "MSE": 0.03774983830342909, "poisson_deviance_explained": 0.5748216422652574}, "12": {"AUC": NaN, "kappa": NaN, "f1": NaN, "precision": NaN, "recall": NaN, "average_precision": NaN, "Spearman_r": 0.5059032080887876, "Pearson_r": 0.7409929332649847, "R2": 0.5485176892931536, "MAE": 0.13711529307051176, "MSE": 0.05278721001968415, "poisson_deviance_explained": 0.48085909558919715}, "13": {"AUC": NaN, "kappa": NaN, "f1": NaN, "precision": NaN, "recall": NaN, "average_precision": NaN, "Spearman_r": 0.5614541462516592, "Pearson_r": 0.7614473405184594, "R2": 0.5792848127150186, "MAE": 0.1600164735633925, "MSE": 0.06670925975240305, "poisson_deviance_explained": 0.5017045955377384}, "14": {"AUC": NaN, "kappa": NaN, "f1": NaN, "precision": NaN, "recall": NaN, "average_precision": NaN, "Spearman_r": 0.5695948728877331, "Pearson_r": 0.7550268632722772, "R2": 0.5696423741367536, "MAE": 0.15391963747326692, "MSE": 0.06228221396494215, "poisson_deviance_explained": 0.4998088982109995}, "15": {"AUC": NaN, "kappa": NaN, "f1": NaN, "precision": NaN, "recall": NaN, "average_precision": NaN, "Spearman_r": 0.5764396571696272, "Pearson_r": 0.789955935967258, "R2": 0.6238682829180318, "MAE": 0.13974566673320213, "MSE": 0.057939151660566554, "poisson_deviance_explained": 0.5520237634714875}, "16": {"AUC": NaN, "kappa": NaN, "f1": NaN, "precision": NaN, "recall": NaN, "average_precision": NaN, "Spearman_r": 0.6153577734607685, "Pearson_r": 0.77654030378226, "R2": 0.6029179021889566, "MAE": 0.16827231057206396, "MSE": 0.07271805515269379, "poisson_deviance_explained": 0.5330467355752819}, "17": {"AUC": NaN, "kappa": NaN, "f1": NaN, "precision": NaN, "recall": NaN, "average_precision": NaN, "Spearman_r": 0.5916497354563942, "Pearson_r": 0.778317053554498, "R2": 0.6055877299748451, "MAE": 0.1518956993350768, "MSE": 0.06342283313048853, "poisson_deviance_explained": 0.5424341674265264}, "18": {"AUC": NaN, "kappa": NaN, "f1": NaN, "precision": NaN, "recall": NaN, "average_precision": NaN, "Spearman_r": 0.5902606961567839, "Pearson_r": 0.7767717911616356, "R2": 0.6030664250082955, "MAE": 0.15121987294588365, "MSE": 0.06261004700655365, "poisson_deviance_explained": 0.5378502544250534}, "19": {"AUC": NaN, "kappa": NaN, "f1": NaN, "precision": NaN, "recall": NaN, "average_precision": NaN, "Spearman_r": 0.5883373716377956, "Pearson_r": 0.777112368715427, "R2": 0.6036264626325063, "MAE": 0.15056330482796906, "MSE": 0.06243361397803504, "poisson_deviance_explained": 0.5392102121736373}, "20": {"AUC": NaN, "kappa": NaN, "f1": NaN, "precision": NaN, "recall": NaN, "average_precision": NaN, "Spearman_r": 0.5447560564863172, "Pearson_r": 0.7651404554079609, "R2": 0.5853661146407889, "MAE": 0.14110950860321955, "MSE": 0.05789394845796708, "poisson_deviance_explained": 0.511941060904145}, "21": {"AUC": NaN, "kappa": NaN, "f1": NaN, "precision": NaN, "recall": NaN, "average_precision": NaN, "Spearman_r": 0.5261973257520992, "Pearson_r": 0.7694258744575527, "R2": 0.5919491167585615, "MAE": 0.12105248409212012, "MSE": 0.05054800442857569, "poisson_deviance_explained": 0.5425956052026732}, "22": {"AUC": NaN, "kappa": NaN, "f1": NaN, "precision": NaN, "recall": NaN, "average_precision": NaN, "Spearman_r": 0.5253398751840611, "Pearson_r": 0.7767612994794483, "R2": 0.6033358938587101, "MAE": 0.11470182686392554, "MSE": 0.050867675280643794, "poisson_deviance_explained": 0.5651271035483654}, "23": {"AUC": NaN, "kappa": NaN, "f1": NaN, "precision": NaN, "recall": NaN, "average_precision": NaN, "Spearman_r": 0.5434776628280032, "Pearson_r": 0.7814626688862382, "R2": 0.6105072515105588, "MAE": 0.12075205976549581, "MSE": 0.05277065773115698, "poisson_deviance_explained": 0.5663337479409303}, "24": {"AUC": NaN, "kappa": NaN, "f1": NaN, "precision": NaN, "recall": NaN, "average_precision": NaN, "Spearman_r": 0.5931056427333855, "Pearson_r": 0.7982424557268186, "R2": 0.637175211091455, "MAE": 0.13961760464107717, "MSE": 0.07027561808670217, "poisson_deviance_explained": 0.6068617508056762}, "25": {"AUC": NaN, "kappa": NaN, "f1": NaN, "precision": NaN, "recall": NaN, "average_precision": NaN, "Spearman_r": 0.5290589396138399, "Pearson_r": 0.7933959743590535, "R2": 0.6293295990041996, "MAE": 0.1160810048296737, "MSE": 0.051936430987793054, "poisson_deviance_explained": 0.5953642754233002}, "26": {"AUC": NaN, "kappa": NaN, "f1": NaN, "precision": NaN, "recall": NaN, "average_precision": NaN, "Spearman_r": 0.5523710576168713, "Pearson_r": 0.7971388471627265, "R2": 0.6350104115662152, "MAE": 0.12369706435486504, "MSE": 0.05904518971670897, "poisson_deviance_explained": 0.604590392055095}, "27": {"AUC": NaN, "kappa": NaN, "f1": NaN, "precision": NaN, "recall": NaN, "average_precision": NaN, "Spearman_r": 0.5380070800720156,