{"1": {"AUC": NaN, "kappa": NaN, "f1": NaN, "precision": NaN, "recall": NaN, "average_precision": NaN, "Spearman_r": 0.3483295346715843, "Pearson_r": 0.6000547432429099, "R2": 0.34317738689551236, "MAE": 0.08675697940097322, "MSE": 0.03494069381007945, "poisson_deviance_explained": 0.35835655340360595}, "2": {"AUC": NaN, "kappa": NaN, "f1": NaN, "precision": NaN, "recall": NaN, "average_precision": NaN, "Spearman_r": 0.37338825212989374, "Pearson_r": 0.6905155176109873, "R2": 0.46666816575649783, "MAE": 0.08673168178567789, "MSE": 0.03631655281256787, "poisson_deviance_explained": 0.4443787649533185}, "3": {"AUC": NaN, "kappa": NaN, "f1": NaN, "precision": NaN, "recall": NaN, "average_precision": NaN, "Spearman_r": 0.3562972189278335, "Pearson_r": 0.7102484819462818, "R2": 0.5003542058145934, "MAE": 0.0745613828347968, "MSE": 0.03366334005168264, "poisson_deviance_explained": 0.4901797881390588}, "4": {"AUC": NaN, "kappa": NaN, "f1": NaN, "precision": NaN, "recall": NaN, "average_precision": NaN, "Spearman_r": 0.4094480720671247, "Pearson_r": 0.7963089172838577, "R2": 0.6260075107572751, "MAE": 0.08768043350000546, "MSE": 0.04312777363868465, "poisson_deviance_explained": 0.5879089767243852}, "5": {"AUC": NaN, "kappa": NaN, "f1": NaN, "precision": NaN, "recall": NaN, "average_precision": NaN, "Spearman_r": 0.3910952902973883, "Pearson_r": 0.7250997036689818, "R2": 0.5255629092631482, "MAE": 0.07279144478594096, "MSE": 0.029434125685018964, "poisson_deviance_explained": 0.5095626646938212}, "6": {"AUC": NaN, "kappa": NaN, "f1": NaN, "precision": NaN, "recall": NaN, "average_precision": NaN, "Spearman_r": 0.4240889155926072, "Pearson_r": 0.7250951347137496, "R2": 0.525541428931164, "MAE": 0.08875594412104329, "MSE": 0.03765572978731616, "poisson_deviance_explained": 0.5162462946173605}, "7": {"AUC": NaN, "kappa": NaN, "f1": NaN, "precision": NaN, "recall": NaN, "average_precision": NaN, "Spearman_r": 0.41865179492151333, "Pearson_r": 0.7329302234468036, "R2": 0.536251084931272, "MAE": 0.08334344960473289, "MSE": 0.038225509761447514, "poisson_deviance_explained": 0.5156360127521029}, "8": {"AUC": NaN, "kappa": NaN, "f1": NaN, "precision": NaN, "recall": NaN, "average_precision": NaN, "Spearman_r": 0.3428822609509116, "Pearson_r": 0.6794543538036012, "R2": 0.4611817056947356, "MAE": 0.07295065860006658, "MSE": 0.033108475509843076, "poisson_deviance_explained": 0.47213600123981303}, "9": {"AUC": NaN, "kappa": NaN, "f1": NaN, "precision": NaN, "recall": NaN, "average_precision": NaN, "Spearman_r": 0.36476755449047993, "Pearson_r": 0.6952104369055991, "R2": 0.48318786598533414, "MAE": 0.07007054100602668, "MSE": 0.027849362127975886, "poisson_deviance_explained": 0.463671983402824}, "10": {"AUC": NaN, "kappa": NaN, "f1": NaN, "precision": NaN, "recall": NaN, "average_precision": NaN, "Spearman_r": 0.4083456739048444, "Pearson_r": 0.6361827431902479, "R2": 0.40446316435029017, "MAE": 0.0842199822892579, "MSE": 0.031561312096917496, "poisson_deviance_explained": 0.41491680789781593}, "11": {"AUC": NaN, "kappa": NaN, "f1": NaN, "precision": NaN, "recall": NaN, "average_precision": NaN, "Spearman_r": 0.3634736495355599, "Pearson_r": 0.5768069521515761, "R2": 0.33199659725318087, "MAE": 0.09515348829009565, "MSE": 0.03500149979787685, "poisson_deviance_explained": 0.33320971352496664}, "12": {"AUC": NaN, "kappa": NaN, "f1": NaN, "precision": NaN, "recall": NaN, "average_precision": NaN, "Spearman_r": 0.4687773488430779, "Pearson_r": 0.5966080271942185, "R2": 0.3556110504309993, "MAE": 0.1511300118653394, "MSE": 0.05628244300160999, "poisson_deviance_explained": 0.33265838184367924}, "13": {"AUC": NaN, "kappa": NaN, "f1": NaN, "precision": NaN, "recall": NaN, "average_precision": NaN, "Spearman_r": 0.4792212012728971, "Pearson_r": 0.6028717491398385, "R2": 0.3609372533700005, "MAE": 0.14832130675668292, "MSE": 0.05519685316301395, "poisson_deviance_explained": 0.3461520670979067}, "14": {"AUC": NaN, "kappa": NaN, "f1": NaN, "precision": NaN, "recall": NaN, "average_precision": NaN, "Spearman_r": 0.5109354329014755, "Pearson_r": 0.607687454003556, "R2": 0.3671954309848423, "MAE": 0.1569918478417791, "MSE": 0.06270231416220812, "poisson_deviance_explained": 0.3675395985802109}, "15": {"AUC": NaN, "kappa": NaN, "f1": NaN, "precision": NaN, "recall": NaN, "average_precision": NaN, "Spearman_r": 0.4900768960979436, "Pearson_r": 0.6410026572863066, "R2": 0.41049413062969753, "MAE": 0.11641046895212183, "MSE": 0.045816709781068346, "poisson_deviance_explained": 0.4352442640789811}, "16": {"AUC": NaN, "kappa": NaN, "f1": NaN, "precision": NaN, "recall": NaN, "average_precision": NaN, "Spearman_r": 0.4951035202513067, "Pearson_r": 0.6319946712218524, "R2": 0.399396488552636, "MAE": 0.13485491756472331, "MSE": 0.054136886759570166, "poisson_deviance_explained": 0.38039496528836736}, "17": {"AUC": NaN, "kappa": NaN, "f1": NaN, "precision": NaN, "recall": NaN, "average_precision": NaN, "Spearman_r": 0.5163611724184322, "Pearson_r": 0.6466046689798342, "R2": 0.4162497126322564, "MAE": 0.12201759095876089, "MSE": 0.045671497865763085, "poisson_deviance_explained": 0.4068640403938101}, "18": {"AUC": NaN, "kappa": NaN, "f1": NaN, "precision": NaN, "recall": NaN, "average_precision": NaN, "Spearman_r": 0.5152546687329723, "Pearson_r": 0.7107029026139781, "R2": 0.5050627567945438, "MAE": 0.11004137607281683, "MSE": 0.042113835715545, "poisson_deviance_explained": 0.46310140316750104}, "19": {"AUC": NaN, "kappa": NaN, "f1": NaN, "precision": NaN, "recall": NaN, "average_precision": NaN, "Spearman_r": 0.5525403897046883, "Pearson_r": 0.675123739653737, "R2": 0.4540011130611131, "MAE": 0.12122107025236477, "MSE": 0.043204582953309915, "poisson_deviance_explained": 0.45096736088628964}, "20": {"AUC": NaN, "kappa": NaN, "f1": NaN, "precision": NaN, "recall": NaN, "average_precision": NaN, "Spearman_r": 0.4646406330360934, "Pearson_r": 0.618824557799477, "R2": 0.38181531836292826, "MAE": 0.10985223498419626, "MSE": 0.040544423501290644, "poisson_deviance_explained": 0.37501538962843606}, "21": {"AUC": NaN, "kappa": NaN, "f1": NaN, "precision": NaN, "recall": NaN, "average_precision": NaN, "Spearman_r": 0.46393205798355086, "Pearson_r": 0.6333154901035595, "R2": 0.4010876193900256, "MAE": 0.12532429698858766, "MSE": 0.05454860318885694, "poisson_deviance_explained": 0.40510435716409854}, "22": {"AUC": NaN, "kappa": NaN, "f1": NaN, "precision": NaN, "recall": NaN, "average_precision": NaN, "Spearman_r": 0.43001305827987446, "Pearson_r": 0.6492099136784514, "R2": 0.4192383608906375, "MAE": 0.10182835389227679, "MSE": 0.03984251999506551, "poisson_deviance_explained": 0.41925623644390586}, "23": {"AUC": NaN, "kappa": NaN, "f1": NaN, "precision": NaN, "recall": NaN, "average_precision": NaN, "Spearman_r": 0.3984237564818255, "Pearson_r": 0.6406405869921593, "R2": 0.40470565620075205, "MAE": 0.10608206765071004, "MSE": 0.042988861154969416, "poisson_deviance_explained": 0.38790359847076783}, "24": {"AUC": NaN, "kappa": NaN, "f1": NaN, "precision": NaN, "recall": NaN, "average_precision": NaN, "Spearman_r": 0.40739620708149726, "Pearson_r": 0.6266630786095538, "R2": 0.37677292276547847, "MAE": 0.10549120827669886, "MSE": 0.043490055235315836, "poisson_deviance_explained": 0.3848482618989185}, "25": {"AUC": NaN, "kappa": NaN, "f1": NaN, "precision": NaN, "recall": NaN, "average_precision": NaN, "Spearman_r": 0.4506080564805172, "Pearson_r": 0.7689548422026798, "R2": 0.5908192109940119, "MAE": 0.11311996266505134, "MSE": 0.05333873903297575, "poisson_deviance_explained": 0.5147032041433712}, "26": {"AUC": NaN, "kappa": NaN, "f1": NaN, "precision": NaN, "recall": NaN, "average_precision": NaN, "Spearman_r": 0.420150311510791, "Pearson_r": 0.6846042962107152, "R2": 0.46861378582363644, "MAE": 0.12571237041839978, "MSE": 0.05325424939945936, "poisson_deviance_explained": 0.40673940049574464}, "27": {"AUC": NaN, "kappa": NaN, "f1": NaN, "precision": NaN, "recall": NaN, "average_precision": NaN,