{"1": {"AUC": NaN, "kappa": NaN, "f1": NaN, "precision": NaN, "recall": NaN, "average_precision": NaN, "Spearman_r": 0.39735182813652237, "Pearson_r": 0.6306234368129016, "R2": 0.39314669664365276, "MAE": 0.0955367876186874, "MSE": 0.044372744285630726, "poisson_deviance_explained": 0.44166156441823257}, "2": {"AUC": NaN, "kappa": NaN, "f1": NaN, "precision": NaN, "recall": NaN, "average_precision": NaN, "Spearman_r": 0.38123618336263176, "Pearson_r": 0.5460959498457008, "R2": 0.2761440622116196, "MAE": 0.09241397071466596, "MSE": 0.039769653690244954, "poisson_deviance_explained": 0.39668391101091616}, "3": {"AUC": NaN, "kappa": NaN, "f1": NaN, "precision": NaN, "recall": NaN, "average_precision": NaN, "Spearman_r": 0.42152164655320173, "Pearson_r": 0.805364962573644, "R2": 0.6444625670835683, "MAE": 0.08603261663143234, "MSE": 0.03417561326162797, "poisson_deviance_explained": 0.5695374082569137}, "4": {"AUC": NaN, "kappa": NaN, "f1": NaN, "precision": NaN, "recall": NaN, "average_precision": NaN, "Spearman_r": 0.449517464288429, "Pearson_r": 0.7155227732249203, "R2": 0.5081789996131034, "MAE": 0.10209903016600072, "MSE": 0.044434991631510386, "poisson_deviance_explained": 0.5229617724511374}, "5": {"AUC": NaN, "kappa": NaN, "f1": NaN, "precision": NaN, "recall": NaN, "average_precision": NaN, "Spearman_r": 0.42311893178862064, "Pearson_r": 0.7166964077550392, "R2": 0.5129497604986981, "MAE": 0.08843725179160368, "MSE": 0.038824656934420713, "poisson_deviance_explained": 0.5239025632847419}, "6": {"AUC": NaN, "kappa": NaN, "f1": NaN, "precision": NaN, "recall": NaN, "average_precision": NaN, "Spearman_r": 0.42383665075452454, "Pearson_r": 0.7604274820039171, "R2": 0.5769155866932751, "MAE": 0.0858223815473644, "MSE": 0.038038116170333175, "poisson_deviance_explained": 0.5588208687397178}, "7": {"AUC": NaN, "kappa": NaN, "f1": NaN, "precision": NaN, "recall": NaN, "average_precision": NaN, "Spearman_r": 0.4121045543072302, "Pearson_r": 0.6912067037096464, "R2": 0.47752831917797944, "MAE": 0.08356744176078826, "MSE": 0.03406802968440257, "poisson_deviance_explained": 0.4957058450183537}, "8": {"AUC": NaN, "kappa": NaN, "f1": NaN, "precision": NaN, "recall": NaN, "average_precision": NaN, "Spearman_r": 0.4124532238502276, "Pearson_r": 0.7616430538718215, "R2": 0.5800162183383741, "MAE": 0.09397298779993188, "MSE": 0.043337463520315464, "poisson_deviance_explained": 0.5332057723702759}, "9": {"AUC": NaN, "kappa": NaN, "f1": NaN, "precision": NaN, "recall": NaN, "average_precision": NaN, "Spearman_r": 0.36799582096017847, "Pearson_r": 0.7216452831448745, "R2": 0.5201629894867392, "MAE": 0.08087792923708775, "MSE": 0.033957057291773084, "poisson_deviance_explained": 0.48200449681009216}, "10": {"AUC": NaN, "kappa": NaN, "f1": NaN, "precision": NaN, "recall": NaN, "average_precision": NaN, "Spearman_r": 0.3479639396672413, "Pearson_r": 0.5877418668832987, "R2": 0.34486287761797707, "MAE": 0.08466287845312995, "MSE": 0.02912382986961846, "poisson_deviance_explained": 0.3396396800902459}, "11": {"AUC": NaN, "kappa": NaN, "f1": NaN, "precision": NaN, "recall": NaN, "average_precision": NaN, "Spearman_r": 0.3901933197456108, "Pearson_r": 0.5494601857450141, "R2": 0.2999557286823914, "MAE": 0.11539718889910656, "MSE": 0.04072636185673701, "poisson_deviance_explained": 0.3123008696275327}, "12": {"AUC": NaN, "kappa": NaN, "f1": NaN, "precision": NaN, "recall": NaN, "average_precision": NaN, "Spearman_r": 0.46062519253972894, "Pearson_r": 0.5628276838640303, "R2": 0.3146412792318134, "MAE": 0.1469597176318403, "MSE": 0.050797513169944554, "poisson_deviance_explained": 0.32582124477392593}, "13": {"AUC": NaN, "kappa": NaN, "f1": NaN, "precision": NaN, "recall": NaN, "average_precision": NaN, "Spearman_r": 0.5019421467983288, "Pearson_r": 0.6324718746159115, "R2": 0.39876162505927626, "MAE": 0.14018144389914866, "MSE": 0.047590790638370475, "poisson_deviance_explained": 0.39847742756304505}, "14": {"AUC": NaN, "kappa": NaN, "f1": NaN, "precision": NaN, "recall": NaN, "average_precision": NaN, "Spearman_r": 0.5212401551774999, "Pearson_r": 0.6403580410205844, "R2": 0.40997119267967164, "MAE": 0.15425297954366296, "MSE": 0.05757858994437286, "poisson_deviance_explained": 0.3715985585579987}, "15": {"AUC": NaN, "kappa": NaN, "f1": NaN, "precision": NaN, "recall": NaN, "average_precision": NaN, "Spearman_r": 0.4474763394632394, "Pearson_r": 0.7075758485654347, "R2": 0.49815398705892033, "MAE": 0.09992232552675985, "MSE": 0.034266201222525, "poisson_deviance_explained": 0.45977066237144004}, "16": {"AUC": NaN, "kappa": NaN, "f1": NaN, "precision": NaN, "recall": NaN, "average_precision": NaN, "Spearman_r": 0.5409892729756609, "Pearson_r": 0.7402471806137865, "R2": 0.5478351839641091, "MAE": 0.13026271353930527, "MSE": 0.05192167923922731, "poisson_deviance_explained": 0.5067916428622621}, "17": {"AUC": NaN, "kappa": NaN, "f1": NaN, "precision": NaN, "recall": NaN, "average_precision": NaN, "Spearman_r": 0.5184182430171284, "Pearson_r": 0.7145186600879945, "R2": 0.506690058219551, "MAE": 0.12368070861872288, "MSE": 0.0533677850156911, "poisson_deviance_explained": 0.4845777454239655}, "18": {"AUC": NaN, "kappa": NaN, "f1": NaN, "precision": NaN, "recall": NaN, "average_precision": NaN, "Spearman_r": 0.5256173643171534, "Pearson_r": 0.6704645266482789, "R2": 0.4471089317171857, "MAE": 0.136822386589266, "MSE": 0.051164133897218786, "poisson_deviance_explained": 0.4357801169085207}, "19": {"AUC": NaN, "kappa": NaN, "f1": NaN, "precision": NaN, "recall": NaN, "average_precision": NaN, "Spearman_r": 0.5661178942530339, "Pearson_r": 0.7082078745106759, "R2": 0.49852371004084994, "MAE": 0.14164993426858566, "MSE": 0.05939532934491392, "poisson_deviance_explained": 0.49014265132362234}, "20": {"AUC": NaN, "kappa": NaN, "f1": NaN, "precision": NaN, "recall": NaN, "average_precision": NaN, "Spearman_r": 0.5086586403092488, "Pearson_r": 0.763169379523409, "R2": 0.5800794001453706, "MAE": 0.10800233601982306, "MSE": 0.03784628135191392, "poisson_deviance_explained": 0.5160789895852731}, "21": {"AUC": NaN, "kappa": NaN, "f1": NaN, "precision": NaN, "recall": NaN, "average_precision": NaN, "Spearman_r": 0.45658425101402716, "Pearson_r": 0.5832139652232804, "R2": 0.338653933393419, "MAE": 0.12063663421548693, "MSE": 0.04546161879980031, "poisson_deviance_explained": 0.37238410599645744}, "22": {"AUC": NaN, "kappa": NaN, "f1": NaN, "precision": NaN, "recall": NaN, "average_precision": NaN, "Spearman_r": 0.44299305130267236, "Pearson_r": 0.7261288721395659, "R2": 0.5258430888902941, "MAE": 0.1067412524797038, "MSE": 0.04140238302528267, "poisson_deviance_explained": 0.4350694044782141}, "23": {"AUC": NaN, "kappa": NaN, "f1": NaN, "precision": NaN, "recall": NaN, "average_precision": NaN, "Spearman_r": 0.4453017462491649, "Pearson_r": 0.6308420538743353, "R2": 0.3968876917844548, "MAE": 0.11562353317131834, "MSE": 0.044674996218053674, "poisson_deviance_explained": 0.3827883147018183}, "24": {"AUC": NaN, "kappa": NaN, "f1": NaN, "precision": NaN, "recall": NaN, "average_precision": NaN, "Spearman_r": 0.4373885145041667, "Pearson_r": 0.7249074828662538, "R2": 0.5191280455703704, "MAE": 0.09698258531584386, "MSE": 0.035845822186218214, "poisson_deviance_explained": 0.454537426661039}, "25": {"AUC": NaN, "kappa": NaN, "f1": NaN, "precision": NaN, "recall": NaN, "average_precision": NaN, "Spearman_r": 0.4252459599984854, "Pearson_r": 0.7509231745538015, "R2": 0.56362082056601, "MAE": 0.10996985093066197, "MSE": 0.05289073860014483, "poisson_deviance_explained": 0.5147490423697321}, "26": {"AUC": NaN, "kappa": NaN, "f1": NaN, "precision": NaN, "recall": NaN, "average_precision": NaN, "Spearman_r": 0.38713481397806604, "Pearson_r": 0.6845188244093892, "R2": 0.46719766628878845, "MAE": 0.08991279790416734, "MSE": 0.03769759594925513, "poisson_deviance_explained": 0.442656152372478}, "27": {"AUC": NaN, "kappa": NaN, "f1": NaN, "precision": NaN, "recall": NaN, "average_precision": NaN,