{"1": {"AUC": NaN, "kappa": NaN, "f1": NaN, "precision": NaN, "recall": NaN, "average_precision": NaN, "Spearman_r": 0.36118810799604784, "Pearson_r": 0.5953750037400746, "R2": 0.33246446119765594, "MAE": 0.09857997672046276, "MSE": 0.04020693556530044, "poisson_deviance_explained": 0.3717228633913843}, "2": {"AUC": NaN, "kappa": NaN, "f1": NaN, "precision": NaN, "recall": NaN, "average_precision": NaN, "Spearman_r": 0.3955660499453857, "Pearson_r": 0.7066269170139297, "R2": 0.4981167516950279, "MAE": 0.08737760468274187, "MSE": 0.03613674981913346, "poisson_deviance_explained": 0.475961037908044}, "3": {"AUC": NaN, "kappa": NaN, "f1": NaN, "precision": NaN, "recall": NaN, "average_precision": NaN, "Spearman_r": 0.369597172788567, "Pearson_r": 0.6937506018460899, "R2": 0.478599396240451, "MAE": 0.08764442214864135, "MSE": 0.0399002823767228, "poisson_deviance_explained": 0.45828054833134724}, "4": {"AUC": NaN, "kappa": NaN, "f1": NaN, "precision": NaN, "recall": NaN, "average_precision": NaN, "Spearman_r": 0.4227153886835865, "Pearson_r": 0.7797013269617691, "R2": 0.6059284377326575, "MAE": 0.09352041838263553, "MSE": 0.04790585556846161, "poisson_deviance_explained": 0.6038036236908033}, "5": {"AUC": NaN, "kappa": NaN, "f1": NaN, "precision": NaN, "recall": NaN, "average_precision": NaN, "Spearman_r": 0.35331305001339264, "Pearson_r": 0.7111797073888956, "R2": 0.5057013482734014, "MAE": 0.06424498973044364, "MSE": 0.027770375928004118, "poisson_deviance_explained": 0.5048199286108233}, "6": {"AUC": NaN, "kappa": NaN, "f1": NaN, "precision": NaN, "recall": NaN, "average_precision": NaN, "Spearman_r": 0.40345720158580684, "Pearson_r": 0.7127380661584631, "R2": 0.507842233553232, "MAE": 0.07720384551446313, "MSE": 0.0339395194158235, "poisson_deviance_explained": 0.5158312089885486}, "7": {"AUC": NaN, "kappa": NaN, "f1": NaN, "precision": NaN, "recall": NaN, "average_precision": NaN, "Spearman_r": 0.4397707618410846, "Pearson_r": 0.7585286786254076, "R2": 0.5750478619725823, "MAE": 0.08812046236147071, "MSE": 0.04123996512285179, "poisson_deviance_explained": 0.5712586056545356}, "8": {"AUC": NaN, "kappa": NaN, "f1": NaN, "precision": NaN, "recall": NaN, "average_precision": NaN, "Spearman_r": 0.3813435731603687, "Pearson_r": 0.6913424211982063, "R2": 0.47422692813716727, "MAE": 0.0696103134766803, "MSE": 0.026950600590486377, "poisson_deviance_explained": 0.4858729724592443}, "9": {"AUC": NaN, "kappa": NaN, "f1": NaN, "precision": NaN, "recall": NaN, "average_precision": NaN, "Spearman_r": 0.36597090016168576, "Pearson_r": 0.6500973184193093, "R2": 0.422383129698474, "MAE": 0.06577695166625216, "MSE": 0.025713489978847568, "poisson_deviance_explained": 0.4696023812843735}, "10": {"AUC": NaN, "kappa": NaN, "f1": NaN, "precision": NaN, "recall": NaN, "average_precision": NaN, "Spearman_r": 0.3432283425649378, "Pearson_r": 0.6792013360210374, "R2": 0.456751159930323, "MAE": 0.0725642031702022, "MSE": 0.026640303954976, "poisson_deviance_explained": 0.4260988505091292}, "11": {"AUC": NaN, "kappa": NaN, "f1": NaN, "precision": NaN, "recall": NaN, "average_precision": NaN, "Spearman_r": 0.39942159019879153, "Pearson_r": 0.6631210919585868, "R2": 0.43799783453800467, "MAE": 0.09004683837385655, "MSE": 0.031828515906794835, "poisson_deviance_explained": 0.4217916448197234}, "12": {"AUC": NaN, "kappa": NaN, "f1": NaN, "precision": NaN, "recall": NaN, "average_precision": NaN, "Spearman_r": 0.466876276168097, "Pearson_r": 0.582848675308627, "R2": 0.33856794714205674, "MAE": 0.15486713132749816, "MSE": 0.05471353878726742, "poisson_deviance_explained": 0.32943818189633767}, "13": {"AUC": NaN, "kappa": NaN, "f1": NaN, "precision": NaN, "recall": NaN, "average_precision": NaN, "Spearman_r": 0.49746046796015503, "Pearson_r": 0.5800885108835988, "R2": 0.33555130595508986, "MAE": 0.15820377774876895, "MSE": 0.05698357678180007, "poisson_deviance_explained": 0.3404748392483836}, "14": {"AUC": NaN, "kappa": NaN, "f1": NaN, "precision": NaN, "recall": NaN, "average_precision": NaN, "Spearman_r": 0.48686730045159493, "Pearson_r": 0.630749826879645, "R2": 0.3965258965714432, "MAE": 0.12452346233205955, "MSE": 0.04465378329057221, "poisson_deviance_explained": 0.4025885253226905}, "15": {"AUC": NaN, "kappa": NaN, "f1": NaN, "precision": NaN, "recall": NaN, "average_precision": NaN, "Spearman_r": 0.5094333414909511, "Pearson_r": 0.61245066654128, "R2": 0.3736410399872814, "MAE": 0.13525868339503855, "MSE": 0.04680654977705525, "poisson_deviance_explained": 0.38525091948750056}, "16": {"AUC": NaN, "kappa": NaN, "f1": NaN, "precision": NaN, "recall": NaN, "average_precision": NaN, "Spearman_r": 0.5326658911469135, "Pearson_r": 0.6496697576120608, "R2": 0.4203480869722548, "MAE": 0.14151428131356578, "MSE": 0.058735538460991506, "poisson_deviance_explained": 0.4192946862199668}, "17": {"AUC": NaN, "kappa": NaN, "f1": NaN, "precision": NaN, "recall": NaN, "average_precision": NaN, "Spearman_r": 0.5316229120479675, "Pearson_r": 0.6808520830134616, "R2": 0.4614958628504824, "MAE": 0.12154218620485345, "MSE": 0.054104548986134295, "poisson_deviance_explained": 0.48483932044872724}, "18": {"AUC": NaN, "kappa": NaN, "f1": NaN, "precision": NaN, "recall": NaN, "average_precision": NaN, "Spearman_r": 0.5244174806818439, "Pearson_r": 0.6604418386690779, "R2": 0.4359166175122273, "MAE": 0.1253466327129697, "MSE": 0.04485322879508496, "poisson_deviance_explained": 0.44044443644705633}, "19": {"AUC": NaN, "kappa": NaN, "f1": NaN, "precision": NaN, "recall": NaN, "average_precision": NaN, "Spearman_r": 0.5156763563649579, "Pearson_r": 0.6224959375351137, "R2": 0.38443340026873185, "MAE": 0.11692232748833446, "MSE": 0.0434266420326489, "poisson_deviance_explained": 0.42442393950042967}, "20": {"AUC": NaN, "kappa": NaN, "f1": NaN, "precision": NaN, "recall": NaN, "average_precision": NaN, "Spearman_r": 0.5166289654003016, "Pearson_r": 0.6526466671380889, "R2": 0.4250092788354861, "MAE": 0.1250037786174093, "MSE": 0.04672504402501013, "poisson_deviance_explained": 0.42111667151155974}, "21": {"AUC": NaN, "kappa": NaN, "f1": NaN, "precision": NaN, "recall": NaN, "average_precision": NaN, "Spearman_r": 0.4729479297900699, "Pearson_r": 0.680997679979132, "R2": 0.463257190877593, "MAE": 0.12362370595075026, "MSE": 0.049078566324966676, "poisson_deviance_explained": 0.4334524998396778}, "22": {"AUC": NaN, "kappa": NaN, "f1": NaN, "precision": NaN, "recall": NaN, "average_precision": NaN, "Spearman_r": 0.44443745120431377, "Pearson_r": 0.6402562030061466, "R2": 0.4086261448447531, "MAE": 0.10549991948149974, "MSE": 0.037990026886988354, "poisson_deviance_explained": 0.4101566976899079}, "23": {"AUC": NaN, "kappa": NaN, "f1": NaN, "precision": NaN, "recall": NaN, "average_precision": NaN, "Spearman_r": 0.4270040624942125, "Pearson_r": 0.6530504707155849, "R2": 0.4243967916589986, "MAE": 0.11549157491029297, "MSE": 0.04125373502158554, "poisson_deviance_explained": 0.38640743617245277}, "24": {"AUC": NaN, "kappa": NaN, "f1": NaN, "precision": NaN, "recall": NaN, "average_precision": NaN, "Spearman_r": 0.4213358434752555, "Pearson_r": 0.7334641841607101, "R2": 0.5376256179915815, "MAE": 0.11160458946252134, "MSE": 0.04368180635892622, "poisson_deviance_explained": 0.44682091420162817}, "25": {"AUC": NaN, "kappa": NaN, "f1": NaN, "precision": NaN, "recall": NaN, "average_precision": NaN, "Spearman_r": 0.4323985279726598, "Pearson_r": 0.6428676613342507, "R2": 0.4127565178217327, "MAE": 0.12124353421534301, "MSE": 0.045005941159447754, "poisson_deviance_explained": 0.387967642215416}, "26": {"AUC": NaN, "kappa": NaN, "f1": NaN, "precision": NaN, "recall": NaN, "average_precision": NaN, "Spearman_r": 0.4340313810420179, "Pearson_r": 0.6902645742019042, "R2": 0.4733013916271791, "MAE": 0.11952547686874693, "MSE": 0.05409858794834687, "poisson_deviance_explained": 0.4591024653382282}, "27": {"AUC": NaN, "kappa": NaN, "f1": NaN, "precision": NaN, "recall": NaN, "average_precision": NaN,