{"1": {"AUC": NaN, "kappa": NaN, "f1": NaN, "precision": NaN, "recall": NaN, "average_precision": NaN, "Spearman_r": 0.4610187606530391, "Pearson_r": 0.7956597039670615, "R2": 0.6329899719050776, "MAE": 0.08828068313201298, "MSE": 0.04000216034829748, "poisson_deviance_explained": 0.6157048737007089}, "2": {"AUC": NaN, "kappa": NaN, "f1": NaN, "precision": NaN, "recall": NaN, "average_precision": NaN, "Spearman_r": 0.49376625902861365, "Pearson_r": 0.7887860252510275, "R2": 0.622121668416111, "MAE": 0.10141887445441654, "MSE": 0.04655916373165568, "poisson_deviance_explained": 0.6138552981400198}, "3": {"AUC": NaN, "kappa": NaN, "f1": NaN, "precision": NaN, "recall": NaN, "average_precision": NaN, "Spearman_r": 0.5099166796336169, "Pearson_r": 0.8056810928731271, "R2": 0.6485734712557463, "MAE": 0.10093282772490188, "MSE": 0.046260260819372574, "poisson_deviance_explained": 0.6375621820031276}, "4": {"AUC": NaN, "kappa": NaN, "f1": NaN, "precision": NaN, "recall": NaN, "average_precision": NaN, "Spearman_r": 0.4733954721632204, "Pearson_r": 0.7926195489180722, "R2": 0.6281992756922299, "MAE": 0.09558728896026163, "MSE": 0.04335032003518807, "poisson_deviance_explained": 0.6132014160877054}, "5": {"AUC": NaN, "kappa": NaN, "f1": NaN, "precision": NaN, "recall": NaN, "average_precision": NaN, "Spearman_r": 0.47389867765296934, "Pearson_r": 0.813423925590297, "R2": 0.6612929704340398, "MAE": 0.08313997146025387, "MSE": 0.03639499243183858, "poisson_deviance_explained": 0.6473901885404986}, "6": {"AUC": NaN, "kappa": NaN, "f1": NaN, "precision": NaN, "recall": NaN, "average_precision": NaN, "Spearman_r": 0.5246454886398474, "Pearson_r": 0.8165745337576269, "R2": 0.666720010918213, "MAE": 0.10887497566486966, "MSE": 0.05038441057156672, "poisson_deviance_explained": 0.6470316301822214}, "7": {"AUC": NaN, "kappa": NaN, "f1": NaN, "precision": NaN, "recall": NaN, "average_precision": NaN, "Spearman_r": 0.4671497329057117, "Pearson_r": 0.8303891246813879, "R2": 0.689465350683385, "MAE": 0.08090244441945768, "MSE": 0.037342141657985065, "poisson_deviance_explained": 0.67439525094967}, "8": {"AUC": NaN, "kappa": NaN, "f1": NaN, "precision": NaN, "recall": NaN, "average_precision": NaN, "Spearman_r": 0.4509853892798771, "Pearson_r": 0.8170551193145356, "R2": 0.66727016110202, "MAE": 0.07503624714917442, "MSE": 0.03188589630842979, "poisson_deviance_explained": 0.6425821751509178}, "9": {"AUC": NaN, "kappa": NaN, "f1": NaN, "precision": NaN, "recall": NaN, "average_precision": NaN, "Spearman_r": 0.46232587531364777, "Pearson_r": 0.7994017365189159, "R2": 0.6390141471875617, "MAE": 0.08443987153362306, "MSE": 0.035514869139337026, "poisson_deviance_explained": 0.6088182147313537}, "10": {"AUC": NaN, "kappa": NaN, "f1": NaN, "precision": NaN, "recall": NaN, "average_precision": NaN, "Spearman_r": 0.4218194178107078, "Pearson_r": 0.7890984612768797, "R2": 0.6216526571959036, "MAE": 0.08301633239340644, "MSE": 0.03338499018239104, "poisson_deviance_explained": 0.56606699212708}, "11": {"AUC": NaN, "kappa": NaN, "f1": NaN, "precision": NaN, "recall": NaN, "average_precision": NaN, "Spearman_r": 0.48201625745696375, "Pearson_r": 0.7706673378707881, "R2": 0.5931536758908798, "MAE": 0.11397106980667247, "MSE": 0.050370786734227076, "poisson_deviance_explained": 0.5524017274053088}, "12": {"AUC": NaN, "kappa": NaN, "f1": NaN, "precision": NaN, "recall": NaN, "average_precision": NaN, "Spearman_r": 0.5152617770681404, "Pearson_r": 0.7545198203976996, "R2": 0.568447248439055, "MAE": 0.14224118076402026, "MSE": 0.05509694716080865, "poisson_deviance_explained": 0.4950155087776791}, "13": {"AUC": NaN, "kappa": NaN, "f1": NaN, "precision": NaN, "recall": NaN, "average_precision": NaN, "Spearman_r": 0.5614268635965773, "Pearson_r": 0.7699181022703608, "R2": 0.5916498599039579, "MAE": 0.1553753635385997, "MSE": 0.061345626526796884, "poisson_deviance_explained": 0.5126138657210471}, "14": {"AUC": NaN, "kappa": NaN, "f1": NaN, "precision": NaN, "recall": NaN, "average_precision": NaN, "Spearman_r": 0.5513615588678863, "Pearson_r": 0.7569798651336447, "R2": 0.5724853181123528, "MAE": 0.1552446117670888, "MSE": 0.05904264947912709, "poisson_deviance_explained": 0.4879748804217998}, "15": {"AUC": NaN, "kappa": NaN, "f1": NaN, "precision": NaN, "recall": NaN, "average_precision": NaN, "Spearman_r": 0.5912496432840543, "Pearson_r": 0.7708132231673324, "R2": 0.5919078882624873, "MAE": 0.15797772138777672, "MSE": 0.06160935054643462, "poisson_deviance_explained": 0.5138125029600893}, "16": {"AUC": NaN, "kappa": NaN, "f1": NaN, "precision": NaN, "recall": NaN, "average_precision": NaN, "Spearman_r": 0.5951366791520152, "Pearson_r": 0.7628496775118032, "R2": 0.5811146012091515, "MAE": 0.16426555372093554, "MSE": 0.0674182841368239, "poisson_deviance_explained": 0.5067938172592754}, "17": {"AUC": NaN, "kappa": NaN, "f1": NaN, "precision": NaN, "recall": NaN, "average_precision": NaN, "Spearman_r": 0.6166338548883586, "Pearson_r": 0.7943580639275212, "R2": 0.6307720786162494, "MAE": 0.1790435267557563, "MSE": 0.07635120602647831, "poisson_deviance_explained": 0.5407433313113799}, "18": {"AUC": NaN, "kappa": NaN, "f1": NaN, "precision": NaN, "recall": NaN, "average_precision": NaN, "Spearman_r": 0.6060443391865371, "Pearson_r": 0.7595006607898952, "R2": 0.5758901232402938, "MAE": 0.1669086983355836, "MSE": 0.06789300432695114, "poisson_deviance_explained": 0.5153349276275279}, "19": {"AUC": NaN, "kappa": NaN, "f1": NaN, "precision": NaN, "recall": NaN, "average_precision": NaN, "Spearman_r": 0.5681301268103336, "Pearson_r": 0.7437738201651529, "R2": 0.5528436537409933, "MAE": 0.14379997911202635, "MSE": 0.05562797797164843, "poisson_deviance_explained": 0.5073819850522329}, "20": {"AUC": NaN, "kappa": NaN, "f1": NaN, "precision": NaN, "recall": NaN, "average_precision": NaN, "Spearman_r": 0.5727888138416288, "Pearson_r": 0.7437075541215858, "R2": 0.552819235304847, "MAE": 0.17017745813058785, "MSE": 0.0674801514839312, "poisson_deviance_explained": 0.4823661772873581}, "21": {"AUC": NaN, "kappa": NaN, "f1": NaN, "precision": NaN, "recall": NaN, "average_precision": NaN, "Spearman_r": 0.548200118773144, "Pearson_r": 0.7981422111785199, "R2": 0.6366694959710699, "MAE": 0.13266958182964886, "MSE": 0.05481531145364824, "poisson_deviance_explained": 0.5666117607897379}, "22": {"AUC": NaN, "kappa": NaN, "f1": NaN, "precision": NaN, "recall": NaN, "average_precision": NaN, "Spearman_r": 0.5143181921430308, "Pearson_r": 0.7902100899654256, "R2": 0.6242101044821289, "MAE": 0.12983780720524654, "MSE": 0.05480664521356877, "poisson_deviance_explained": 0.5444933222273081}, "23": {"AUC": NaN, "kappa": NaN, "f1": NaN, "precision": NaN, "recall": NaN, "average_precision": NaN, "Spearman_r": 0.5067899278600019, "Pearson_r": 0.7981496970072299, "R2": 0.6364737234535298, "MAE": 0.11262423726997961, "MSE": 0.048807177424744885, "poisson_deviance_explained": 0.578426229984726}, "24": {"AUC": NaN, "kappa": NaN, "f1": NaN, "precision": NaN, "recall": NaN, "average_precision": NaN, "Spearman_r": 0.5199827272144413, "Pearson_r": 0.7789437791090128, "R2": 0.6065057107768277, "MAE": 0.11992173238903388, "MSE": 0.051500444848689424, "poisson_deviance_explained": 0.5696730341091569}, "25": {"AUC": NaN, "kappa": NaN, "f1": NaN, "precision": NaN, "recall": NaN, "average_precision": NaN, "Spearman_r": 0.4949407568447252, "Pearson_r": 0.7981699109684532, "R2": 0.6358184706618897, "MAE": 0.11071312652078096, "MSE": 0.04916090619945738, "poisson_deviance_explained": 0.589212455198588}, "26": {"AUC": NaN, "kappa": NaN, "f1": NaN, "precision": NaN, "recall": NaN, "average_precision": NaN, "Spearman_r": 0.5450375822310005, "Pearson_r": 0.8239441283863246, "R2": 0.6782237061447323, "MAE": 0.11727942410330451, "MSE": 0.05329615950876192, "poisson_deviance_explained": 0.6287449526609656}, "27": {"AUC": NaN, "kappa": NaN, "f1": NaN, "precision": NaN, "recall": NaN, "average_precision": NaN, "Spearman_r": 0.4667508575993127,