{"1": {"AUC": NaN, "kappa": NaN, "f1": NaN, "precision": NaN, "recall": NaN, "average_precision": NaN, "Spearman_r": 0.3508454709135982, "Pearson_r": 0.5747054939741388, "R2": 0.31871410573029946, "MAE": 0.09190480276372731, "MSE": 0.04071566801295269, "poisson_deviance_explained": 0.3546643975987519}, "2": {"AUC": NaN, "kappa": NaN, "f1": NaN, "precision": NaN, "recall": NaN, "average_precision": NaN, "Spearman_r": 0.399902826505973, "Pearson_r": 0.6694631584777165, "R2": 0.4479384897139146, "MAE": 0.09095924631360801, "MSE": 0.04008639536793793, "poisson_deviance_explained": 0.45915297183528925}, "3": {"AUC": NaN, "kappa": NaN, "f1": NaN, "precision": NaN, "recall": NaN, "average_precision": NaN, "Spearman_r": 0.45573723336792066, "Pearson_r": 0.6685746715727731, "R2": 0.442460614791814, "MAE": 0.1264131742748739, "MSE": 0.057221440609989176, "poisson_deviance_explained": 0.4273701982276502}, "4": {"AUC": NaN, "kappa": NaN, "f1": NaN, "precision": NaN, "recall": NaN, "average_precision": NaN, "Spearman_r": 0.3734987555360577, "Pearson_r": 0.6743829279044552, "R2": 0.45433199848769834, "MAE": 0.08319297274658426, "MSE": 0.03799737066552858, "poisson_deviance_explained": 0.4595020343782079}, "5": {"AUC": NaN, "kappa": NaN, "f1": NaN, "precision": NaN, "recall": NaN, "average_precision": NaN, "Spearman_r": 0.40518558580122416, "Pearson_r": 0.6864321787581866, "R2": 0.4711822981753798, "MAE": 0.09259616165228633, "MSE": 0.038758589088181555, "poisson_deviance_explained": 0.45604965901498395}, "6": {"AUC": NaN, "kappa": NaN, "f1": NaN, "precision": NaN, "recall": NaN, "average_precision": NaN, "Spearman_r": 0.3661680164774203, "Pearson_r": 0.6373582324845022, "R2": 0.404638891312439, "MAE": 0.07557278084494029, "MSE": 0.03247927803692475, "poisson_deviance_explained": 0.44415326131025323}, "7": {"AUC": NaN, "kappa": NaN, "f1": NaN, "precision": NaN, "recall": NaN, "average_precision": NaN, "Spearman_r": 0.4239723259952739, "Pearson_r": 0.749200053253715, "R2": 0.5603103250082951, "MAE": 0.08102220051417339, "MSE": 0.03920692830563854, "poisson_deviance_explained": 0.5740969045377771}, "8": {"AUC": NaN, "kappa": NaN, "f1": NaN, "precision": NaN, "recall": NaN, "average_precision": NaN, "Spearman_r": 0.3872601218467196, "Pearson_r": 0.6841109839858438, "R2": 0.4652326042743459, "MAE": 0.06900427267700968, "MSE": 0.02716795648898737, "poisson_deviance_explained": 0.48979182170583513}, "9": {"AUC": NaN, "kappa": NaN, "f1": NaN, "precision": NaN, "recall": NaN, "average_precision": NaN, "Spearman_r": 0.32800117804179846, "Pearson_r": 0.5672308433463746, "R2": 0.31506359903982706, "MAE": 0.062094398640717016, "MSE": 0.022327749966802077, "poisson_deviance_explained": 0.4047054411879545}, "10": {"AUC": NaN, "kappa": NaN, "f1": NaN, "precision": NaN, "recall": NaN, "average_precision": NaN, "Spearman_r": 0.35163506804190137, "Pearson_r": 0.6244318980428628, "R2": 0.38919452171216373, "MAE": 0.07375722724555761, "MSE": 0.025562194962891655, "poisson_deviance_explained": 0.3864564822094241}, "11": {"AUC": NaN, "kappa": NaN, "f1": NaN, "precision": NaN, "recall": NaN, "average_precision": NaN, "Spearman_r": 0.4550981236633678, "Pearson_r": 0.6254570857563474, "R2": 0.38907798252321424, "MAE": 0.13335702624918255, "MSE": 0.050288520772330335, "poisson_deviance_explained": 0.3686802034536877}, "12": {"AUC": NaN, "kappa": NaN, "f1": NaN, "precision": NaN, "recall": NaN, "average_precision": NaN, "Spearman_r": 0.4937480376176006, "Pearson_r": 0.6045517753695822, "R2": 0.36473050407143315, "MAE": 0.1514507237695998, "MSE": 0.05553917459797893, "poisson_deviance_explained": 0.3437610231014473}, "13": {"AUC": NaN, "kappa": NaN, "f1": NaN, "precision": NaN, "recall": NaN, "average_precision": NaN, "Spearman_r": 0.5287164538165289, "Pearson_r": 0.5972467299786207, "R2": 0.3553283028013212, "MAE": 0.17381984837974207, "MSE": 0.06079296238406129, "poisson_deviance_explained": 0.34229463763634316}, "14": {"AUC": NaN, "kappa": NaN, "f1": NaN, "precision": NaN, "recall": NaN, "average_precision": NaN, "Spearman_r": 0.5258109425587918, "Pearson_r": 0.6568927016124452, "R2": 0.43117891665300856, "MAE": 0.14852659045577613, "MSE": 0.05924298720766969, "poisson_deviance_explained": 0.40979990382335263}, "15": {"AUC": NaN, "kappa": NaN, "f1": NaN, "precision": NaN, "recall": NaN, "average_precision": NaN, "Spearman_r": 0.5099262529525925, "Pearson_r": 0.6338435697129658, "R2": 0.3997961822143131, "MAE": 0.13882756780456684, "MSE": 0.056372370323784275, "poisson_deviance_explained": 0.3897427029654925}, "16": {"AUC": NaN, "kappa": NaN, "f1": NaN, "precision": NaN, "recall": NaN, "average_precision": NaN, "Spearman_r": 0.5353325025291136, "Pearson_r": 0.6572918959630774, "R2": 0.428526678716009, "MAE": 0.1284982692814903, "MSE": 0.048800700230359324, "poisson_deviance_explained": 0.4402764919466676}, "17": {"AUC": NaN, "kappa": NaN, "f1": NaN, "precision": NaN, "recall": NaN, "average_precision": NaN, "Spearman_r": 0.5565203689573833, "Pearson_r": 0.662777771305236, "R2": 0.4368595863171424, "MAE": 0.15132894714220801, "MSE": 0.05801962037166502, "poisson_deviance_explained": 0.4127248868448271}, "18": {"AUC": NaN, "kappa": NaN, "f1": NaN, "precision": NaN, "recall": NaN, "average_precision": NaN, "Spearman_r": 0.560477588781434, "Pearson_r": 0.6940362958596292, "R2": 0.48146114828163467, "MAE": 0.1455536872515304, "MSE": 0.05497168106600022, "poisson_deviance_explained": 0.4500423609189259}, "19": {"AUC": NaN, "kappa": NaN, "f1": NaN, "precision": NaN, "recall": NaN, "average_precision": NaN, "Spearman_r": 0.5589336217659249, "Pearson_r": 0.6844094788000322, "R2": 0.46278652134107046, "MAE": 0.16302282811146285, "MSE": 0.06476022184572715, "poisson_deviance_explained": 0.4096412350224352}, "20": {"AUC": NaN, "kappa": NaN, "f1": NaN, "precision": NaN, "recall": NaN, "average_precision": NaN, "Spearman_r": 0.5216899845470038, "Pearson_r": 0.6346714938430673, "R2": 0.4028004808511151, "MAE": 0.14971486582916513, "MSE": 0.05519905938372304, "poisson_deviance_explained": 0.37695314497682497}, "21": {"AUC": NaN, "kappa": NaN, "f1": NaN, "precision": NaN, "recall": NaN, "average_precision": NaN, "Spearman_r": 0.4699482408129521, "Pearson_r": 0.6175601818139131, "R2": 0.3804392875108258, "MAE": 0.13011661506630728, "MSE": 0.046945475611561246, "poisson_deviance_explained": 0.37357100994339976}, "22": {"AUC": NaN, "kappa": NaN, "f1": NaN, "precision": NaN, "recall": NaN, "average_precision": NaN, "Spearman_r": 0.4251567269393053, "Pearson_r": 0.6020794381426654, "R2": 0.35752805458323267, "MAE": 0.11014343319659517, "MSE": 0.039870784847581754, "poisson_deviance_explained": 0.37817460496318467}, "23": {"AUC": NaN, "kappa": NaN, "f1": NaN, "precision": NaN, "recall": NaN, "average_precision": NaN, "Spearman_r": 0.4007674682131097, "Pearson_r": 0.5985078256252531, "R2": 0.3569110216248692, "MAE": 0.10100777256578324, "MSE": 0.03608344969646335, "poisson_deviance_explained": 0.3667605280216536}, "24": {"AUC": NaN, "kappa": NaN, "f1": NaN, "precision": NaN, "recall": NaN, "average_precision": NaN, "Spearman_r": 0.3977550459281691, "Pearson_r": 0.619975401668079, "R2": 0.38272082882213876, "MAE": 0.1025338316429669, "MSE": 0.03838009485935196, "poisson_deviance_explained": 0.3874996245375014}, "25": {"AUC": NaN, "kappa": NaN, "f1": NaN, "precision": NaN, "recall": NaN, "average_precision": NaN, "Spearman_r": 0.4355870157186374, "Pearson_r": 0.652524941494461, "R2": 0.4257241840318472, "MAE": 0.12202411679098601, "MSE": 0.048846014038359496, "poisson_deviance_explained": 0.39271920872378385}, "26": {"AUC": NaN, "kappa": NaN, "f1": NaN, "precision": NaN, "recall": NaN, "average_precision": NaN, "Spearman_r": 0.39221776468410924, "Pearson_r": 0.6512778663471919, "R2": 0.42326315449608665, "MAE": 0.09538089898091852, "MSE": 0.037858970598175876, "poisson_deviance_explained": 0.41740513776473454}, "27": {"AUC": NaN, "kappa": NaN, "f1": NaN, "precision": NaN, "recall": NaN, "average_precision": NaN,