{"1": {"AUC": NaN, "kappa": NaN, "f1": NaN, "precision": NaN, "recall": NaN, "average_precision": NaN, "Spearman_r": 0.36628012326176423, "Pearson_r": 0.6111212460964582, "R2": 0.3702881535224032, "MAE": 0.08819950735734922, "MSE": 0.03640850667202448, "poisson_deviance_explained": 0.40369843557600793}, "2": {"AUC": NaN, "kappa": NaN, "f1": NaN, "precision": NaN, "recall": NaN, "average_precision": NaN, "Spearman_r": 0.4121671186794813, "Pearson_r": 0.7107051104332673, "R2": 0.5046612629938976, "MAE": 0.09426634697979543, "MSE": 0.04179099678975142, "poisson_deviance_explained": 0.48983420263668687}, "3": {"AUC": NaN, "kappa": NaN, "f1": NaN, "precision": NaN, "recall": NaN, "average_precision": NaN, "Spearman_r": 0.3740391980889636, "Pearson_r": 0.7136704352301438, "R2": 0.5067567562343998, "MAE": 0.08555004566540207, "MSE": 0.037855543419745896, "poisson_deviance_explained": 0.4821784301042221}, "4": {"AUC": NaN, "kappa": NaN, "f1": NaN, "precision": NaN, "recall": NaN, "average_precision": NaN, "Spearman_r": 0.33332062825436143, "Pearson_r": 0.6907852210355968, "R2": 0.4724735708699318, "MAE": 0.056673401280117545, "MSE": 0.02520711106333537, "poisson_deviance_explained": 0.5301170483816626}, "5": {"AUC": NaN, "kappa": NaN, "f1": NaN, "precision": NaN, "recall": NaN, "average_precision": NaN, "Spearman_r": 0.37280860820811657, "Pearson_r": 0.7338481499351079, "R2": 0.5382099442775123, "MAE": 0.06776984017942478, "MSE": 0.03285996841884498, "poisson_deviance_explained": 0.5737736685494972}, "6": {"AUC": NaN, "kappa": NaN, "f1": NaN, "precision": NaN, "recall": NaN, "average_precision": NaN, "Spearman_r": 0.41645833676429034, "Pearson_r": 0.7751547501917445, "R2": 0.6008244442211554, "MAE": 0.07411199522097077, "MSE": 0.0334862421817112, "poisson_deviance_explained": 0.5994921919997653}, "7": {"AUC": NaN, "kappa": NaN, "f1": NaN, "precision": NaN, "recall": NaN, "average_precision": NaN, "Spearman_r": 0.3632576851626306, "Pearson_r": 0.7057085477409654, "R2": 0.49728544077826187, "MAE": 0.06550792177065418, "MSE": 0.028751859113187315, "poisson_deviance_explained": 0.5225844953724184}, "8": {"AUC": NaN, "kappa": NaN, "f1": NaN, "precision": NaN, "recall": NaN, "average_precision": NaN, "Spearman_r": 0.34044019482748294, "Pearson_r": 0.6826683595874491, "R2": 0.4645717912960444, "MAE": 0.052305668693403855, "MSE": 0.020772892495481508, "poisson_deviance_explained": 0.5174009979919844}, "9": {"AUC": NaN, "kappa": NaN, "f1": NaN, "precision": NaN, "recall": NaN, "average_precision": NaN, "Spearman_r": 0.30945204448427993, "Pearson_r": 0.6929773668521332, "R2": 0.47815960576037675, "MAE": 0.04913335618976592, "MSE": 0.019651345085978014, "poisson_deviance_explained": 0.5001328142283548}, "10": {"AUC": NaN, "kappa": NaN, "f1": NaN, "precision": NaN, "recall": NaN, "average_precision": NaN, "Spearman_r": 0.3367812877587662, "Pearson_r": 0.6879198397864082, "R2": 0.4717262865964459, "MAE": 0.056822866091097, "MSE": 0.02144222772824256, "poisson_deviance_explained": 0.4824713240658214}, "11": {"AUC": NaN, "kappa": NaN, "f1": NaN, "precision": NaN, "recall": NaN, "average_precision": NaN, "Spearman_r": 0.3475062914221632, "Pearson_r": 0.5127752991960015, "R2": 0.2625962402835774, "MAE": 0.09490963422259684, "MSE": 0.03547324760048364, "poisson_deviance_explained": 0.29880583603684596}, "12": {"AUC": NaN, "kappa": NaN, "f1": NaN, "precision": NaN, "recall": NaN, "average_precision": NaN, "Spearman_r": 0.45431045840731876, "Pearson_r": 0.6152160184146465, "R2": 0.37795946098843625, "MAE": 0.13304191156455247, "MSE": 0.04766921124743255, "poisson_deviance_explained": 0.35317636788012396}, "13": {"AUC": NaN, "kappa": NaN, "f1": NaN, "precision": NaN, "recall": NaN, "average_precision": NaN, "Spearman_r": 0.5056264591532941, "Pearson_r": 0.624018693785831, "R2": 0.38925836852175566, "MAE": 0.15681103892730855, "MSE": 0.05619430733754717, "poisson_deviance_explained": 0.35687180811316177}, "14": {"AUC": NaN, "kappa": NaN, "f1": NaN, "precision": NaN, "recall": NaN, "average_precision": NaN, "Spearman_r": 0.5456538615096911, "Pearson_r": 0.6368436572264126, "R2": 0.40473529382810625, "MAE": 0.14622924289685935, "MSE": 0.05344923373092819, "poisson_deviance_explained": 0.4122810148855137}, "15": {"AUC": NaN, "kappa": NaN, "f1": NaN, "precision": NaN, "recall": NaN, "average_precision": NaN, "Spearman_r": 0.5327087835523141, "Pearson_r": 0.6677052403277858, "R2": 0.4457194285426129, "MAE": 0.13340494057550928, "MSE": 0.047768418011621204, "poisson_deviance_explained": 0.4298212414192655}, "16": {"AUC": NaN, "kappa": NaN, "f1": NaN, "precision": NaN, "recall": NaN, "average_precision": NaN, "Spearman_r": 0.5296698061368952, "Pearson_r": 0.6882895268750698, "R2": 0.47299588388455116, "MAE": 0.13633968504103158, "MSE": 0.051642526180725234, "poisson_deviance_explained": 0.4568108309775015}, "17": {"AUC": NaN, "kappa": NaN, "f1": NaN, "precision": NaN, "recall": NaN, "average_precision": NaN, "Spearman_r": 0.5514912448910725, "Pearson_r": 0.6751396121352078, "R2": 0.455663691994291, "MAE": 0.1480650535182181, "MSE": 0.05591381510524915, "poisson_deviance_explained": 0.41878067650495754}, "18": {"AUC": NaN, "kappa": NaN, "f1": NaN, "precision": NaN, "recall": NaN, "average_precision": NaN, "Spearman_r": 0.5535492392023376, "Pearson_r": 0.6867243892000221, "R2": 0.47098871597610725, "MAE": 0.14213883251590625, "MSE": 0.0544711703876757, "poisson_deviance_explained": 0.42983963928010904}, "19": {"AUC": NaN, "kappa": NaN, "f1": NaN, "precision": NaN, "recall": NaN, "average_precision": NaN, "Spearman_r": 0.5213179341866577, "Pearson_r": 0.65796746129165, "R2": 0.4324553888618847, "MAE": 0.1243595804116673, "MSE": 0.04782501342985671, "poisson_deviance_explained": 0.4259564477146305}, "20": {"AUC": NaN, "kappa": NaN, "f1": NaN, "precision": NaN, "recall": NaN, "average_precision": NaN, "Spearman_r": 0.5270525262293767, "Pearson_r": 0.6900772739476952, "R2": 0.474032300986594, "MAE": 0.13517601633877924, "MSE": 0.05182799919430501, "poisson_deviance_explained": 0.4324801309968611}, "21": {"AUC": NaN, "kappa": NaN, "f1": NaN, "precision": NaN, "recall": NaN, "average_precision": NaN, "Spearman_r": 0.48466985976250604, "Pearson_r": 0.6354761141522156, "R2": 0.40299558610226904, "MAE": 0.12967659606680068, "MSE": 0.04977555825574027, "poisson_deviance_explained": 0.3945259711403126}, "22": {"AUC": NaN, "kappa": NaN, "f1": NaN, "precision": NaN, "recall": NaN, "average_precision": NaN, "Spearman_r": 0.45607491286379087, "Pearson_r": 0.623561168133544, "R2": 0.3880545308794935, "MAE": 0.12993244534152554, "MSE": 0.04957426380551176, "poisson_deviance_explained": 0.36343142984672094}, "23": {"AUC": NaN, "kappa": NaN, "f1": NaN, "precision": NaN, "recall": NaN, "average_precision": NaN, "Spearman_r": 0.44287296261836445, "Pearson_r": 0.6353430448652585, "R2": 0.4036591740721388, "MAE": 0.11568744551374631, "MSE": 0.047613791931539216, "poisson_deviance_explained": 0.3818692808152353}, "24": {"AUC": NaN, "kappa": NaN, "f1": NaN, "precision": NaN, "recall": NaN, "average_precision": NaN, "Spearman_r": 0.3936276722672493, "Pearson_r": 0.6765578479796712, "R2": 0.4565637392266718, "MAE": 0.10181604054307115, "MSE": 0.03886045294210883, "poisson_deviance_explained": 0.40105763258952587}, "25": {"AUC": NaN, "kappa": NaN, "f1": NaN, "precision": NaN, "recall": NaN, "average_precision": NaN, "Spearman_r": 0.4508755228387956, "Pearson_r": 0.6323806949422189, "R2": 0.39955052815568315, "MAE": 0.11656140077946979, "MSE": 0.04535117201242874, "poisson_deviance_explained": 0.405029331241494}, "26": {"AUC": NaN, "kappa": NaN, "f1": NaN, "precision": NaN, "recall": NaN, "average_precision": NaN, "Spearman_r": 0.4128936018856662, "Pearson_r": 0.6173801459229319, "R2": 0.37506608969762933, "MAE": 0.10797463351967682, "MSE": 0.04259858899971291, "poisson_deviance_explained": 0.3890620651431995}, "27": {"AUC": NaN, "kappa": NaN, "f1": NaN, "precision": NaN, "recall": NaN, "average_precision": NaN,