{"1": {"AUC": NaN, "kappa": NaN, "f1": NaN, "precision": NaN, "recall": NaN, "average_precision": NaN, "Spearman_r": 0.5014912354684478, "Pearson_r": 0.7795203412251562, "R2": 0.6072596183968397, "MAE": 0.10331831589257615, "MSE": 0.048743941376746716, "poisson_deviance_explained": 0.5973011711764894}, "2": {"AUC": NaN, "kappa": NaN, "f1": NaN, "precision": NaN, "recall": NaN, "average_precision": NaN, "Spearman_r": 0.48313365142662695, "Pearson_r": 0.7861474610455622, "R2": 0.6175926656383615, "MAE": 0.09820221879685541, "MSE": 0.045462092331305194, "poisson_deviance_explained": 0.5927527799600648}, "3": {"AUC": NaN, "kappa": NaN, "f1": NaN, "precision": NaN, "recall": NaN, "average_precision": NaN, "Spearman_r": 0.5298474890091476, "Pearson_r": 0.8040583504728676, "R2": 0.6452623662302925, "MAE": 0.11220069980878025, "MSE": 0.05343020413586106, "poisson_deviance_explained": 0.616565716916041}, "4": {"AUC": NaN, "kappa": NaN, "f1": NaN, "precision": NaN, "recall": NaN, "average_precision": NaN, "Spearman_r": 0.5180641195684225, "Pearson_r": 0.8222954625353631, "R2": 0.6756004520296213, "MAE": 0.10418634646860225, "MSE": 0.051595305355616065, "poisson_deviance_explained": 0.6604292542947785}, "5": {"AUC": NaN, "kappa": NaN, "f1": NaN, "precision": NaN, "recall": NaN, "average_precision": NaN, "Spearman_r": 0.49399841751202855, "Pearson_r": 0.818353137120996, "R2": 0.6696726356610585, "MAE": 0.09085310259593699, "MSE": 0.04406037692563648, "poisson_deviance_explained": 0.6592952248784025}, "6": {"AUC": NaN, "kappa": NaN, "f1": NaN, "precision": NaN, "recall": NaN, "average_precision": NaN, "Spearman_r": 0.5122661873571994, "Pearson_r": 0.7990581680699972, "R2": 0.6371557510127167, "MAE": 0.09975410848766805, "MSE": 0.04685112137018788, "poisson_deviance_explained": 0.6310712987721889}, "7": {"AUC": NaN, "kappa": NaN, "f1": NaN, "precision": NaN, "recall": NaN, "average_precision": NaN, "Spearman_r": 0.48557681894437943, "Pearson_r": 0.8268149606061608, "R2": 0.6834217761781176, "MAE": 0.0832088004638346, "MSE": 0.037072500782845116, "poisson_deviance_explained": 0.6613239683633212}, "8": {"AUC": NaN, "kappa": NaN, "f1": NaN, "precision": NaN, "recall": NaN, "average_precision": NaN, "Spearman_r": 0.42575789171044265, "Pearson_r": 0.7959631720164863, "R2": 0.6333620479700632, "MAE": 0.0725736180035564, "MSE": 0.030756471864061108, "poisson_deviance_explained": 0.6158918530619952}, "9": {"AUC": NaN, "kappa": NaN, "f1": NaN, "precision": NaN, "recall": NaN, "average_precision": NaN, "Spearman_r": 0.4615719825331832, "Pearson_r": 0.8046769619374292, "R2": 0.6465178872813331, "MAE": 0.07710355897474477, "MSE": 0.03363314543841765, "poisson_deviance_explained": 0.6280726960099501}, "10": {"AUC": NaN, "kappa": NaN, "f1": NaN, "precision": NaN, "recall": NaN, "average_precision": NaN, "Spearman_r": 0.40265722711703733, "Pearson_r": 0.7475677418727233, "R2": 0.5587856349726656, "MAE": 0.07310222902073622, "MSE": 0.028866938834679192, "poisson_deviance_explained": 0.5321732840451179}, "11": {"AUC": NaN, "kappa": NaN, "f1": NaN, "precision": NaN, "recall": NaN, "average_precision": NaN, "Spearman_r": 0.4487887735112055, "Pearson_r": 0.7698324360486991, "R2": 0.5924451038396057, "MAE": 0.0986890604645505, "MSE": 0.042932918096976275, "poisson_deviance_explained": 0.5419451050852087}, "12": {"AUC": NaN, "kappa": NaN, "f1": NaN, "precision": NaN, "recall": NaN, "average_precision": NaN, "Spearman_r": 0.5276515554359997, "Pearson_r": 0.6855668030305593, "R2": 0.46985287288777333, "MAE": 0.15881085469576448, "MSE": 0.058866997437212916, "poisson_deviance_explained": 0.4212035206951499}, "13": {"AUC": NaN, "kappa": NaN, "f1": NaN, "precision": NaN, "recall": NaN, "average_precision": NaN, "Spearman_r": 0.564745692303285, "Pearson_r": 0.7478391003956589, "R2": 0.5590840833408577, "MAE": 0.16456595414564454, "MSE": 0.06534846321390109, "poisson_deviance_explained": 0.4769415749884872}, "14": {"AUC": NaN, "kappa": NaN, "f1": NaN, "precision": NaN, "recall": NaN, "average_precision": NaN, "Spearman_r": 0.5651224463685742, "Pearson_r": 0.7379214841309386, "R2": 0.5441301403649292, "MAE": 0.16119020073277562, "MSE": 0.06271987093372468, "poisson_deviance_explained": 0.4666164115471527}, "15": {"AUC": NaN, "kappa": NaN, "f1": NaN, "precision": NaN, "recall": NaN, "average_precision": NaN, "Spearman_r": 0.5667524029584305, "Pearson_r": 0.7089734193971459, "R2": 0.502509556155153, "MAE": 0.16011175779559692, "MSE": 0.06343448582506842, "poisson_deviance_explained": 0.45347310129641705}, "16": {"AUC": NaN, "kappa": NaN, "f1": NaN, "precision": NaN, "recall": NaN, "average_precision": NaN, "Spearman_r": 0.5775379229830201, "Pearson_r": 0.7292939903755442, "R2": 0.5318490201063871, "MAE": 0.15568394171374714, "MSE": 0.062107082301951826, "poisson_deviance_explained": 0.4762859919925623}, "17": {"AUC": NaN, "kappa": NaN, "f1": NaN, "precision": NaN, "recall": NaN, "average_precision": NaN, "Spearman_r": 0.6032558000975631, "Pearson_r": 0.7679845584380247, "R2": 0.5897426908542075, "MAE": 0.15254365030523276, "MSE": 0.06539519994503454, "poisson_deviance_explained": 0.526466365208061}, "18": {"AUC": NaN, "kappa": NaN, "f1": NaN, "precision": NaN, "recall": NaN, "average_precision": NaN, "Spearman_r": 0.5747892165147086, "Pearson_r": 0.7283151583339873, "R2": 0.5303615903885539, "MAE": 0.13999743946252374, "MSE": 0.05378407161003651, "poisson_deviance_explained": 0.49079107580836523}, "19": {"AUC": NaN, "kappa": NaN, "f1": NaN, "precision": NaN, "recall": NaN, "average_precision": NaN, "Spearman_r": 0.5793615752757343, "Pearson_r": 0.7635065060497739, "R2": 0.582108202337835, "MAE": 0.1454650977409202, "MSE": 0.05849651161622066, "poisson_deviance_explained": 0.5258195537346501}, "20": {"AUC": NaN, "kappa": NaN, "f1": NaN, "precision": NaN, "recall": NaN, "average_precision": NaN, "Spearman_r": 0.5758735804600321, "Pearson_r": 0.738212878067481, "R2": 0.5445736287201793, "MAE": 0.15827809880511973, "MSE": 0.06518442599134798, "poisson_deviance_explained": 0.4926775583925026}, "21": {"AUC": NaN, "kappa": NaN, "f1": NaN, "precision": NaN, "recall": NaN, "average_precision": NaN, "Spearman_r": 0.5442638979559153, "Pearson_r": 0.7659871403122521, "R2": 0.5863093815569915, "MAE": 0.14013267352198738, "MSE": 0.060296709377365774, "poisson_deviance_explained": 0.5187247091966969}, "22": {"AUC": NaN, "kappa": NaN, "f1": NaN, "precision": NaN, "recall": NaN, "average_precision": NaN, "Spearman_r": 0.5067889626466028, "Pearson_r": 0.787189690782952, "R2": 0.619114568467088, "MAE": 0.1213640165043945, "MSE": 0.051698380351528024, "poisson_deviance_explained": 0.553288466717671}, "23": {"AUC": NaN, "kappa": NaN, "f1": NaN, "precision": NaN, "recall": NaN, "average_precision": NaN, "Spearman_r": 0.5222111356417892, "Pearson_r": 0.7978211269375771, "R2": 0.6364306300095861, "MAE": 0.11183779868477882, "MSE": 0.05004905584068519, "poisson_deviance_explained": 0.5885922150318759}, "24": {"AUC": NaN, "kappa": NaN, "f1": NaN, "precision": NaN, "recall": NaN, "average_precision": NaN, "Spearman_r": 0.5160955535917603, "Pearson_r": 0.7540098860316522, "R2": 0.568464311992952, "MAE": 0.12604062615475684, "MSE": 0.05399921411191935, "poisson_deviance_explained": 0.5304283302610291}, "25": {"AUC": NaN, "kappa": NaN, "f1": NaN, "precision": NaN, "recall": NaN, "average_precision": NaN, "Spearman_r": 0.5053165089930548, "Pearson_r": 0.7840947585430647, "R2": 0.6145815019509078, "MAE": 0.10864780281112993, "MSE": 0.04903236294410976, "poisson_deviance_explained": 0.5806234323491093}, "26": {"AUC": NaN, "kappa": NaN, "f1": NaN, "precision": NaN, "recall": NaN, "average_precision": NaN, "Spearman_r": 0.5077132817849148, "Pearson_r": 0.7933970077099526, "R2": 0.629212989055877, "MAE": 0.10774903403213928, "MSE": 0.04862669195547153, "poisson_deviance_explained": 0.5962165486375621}, "27": {"AUC": NaN, "kappa": NaN, "f1": NaN, "precision": NaN, "recall": NaN, "average_precision": NaN,