{"1": {"AUC": NaN, "kappa": NaN, "f1": NaN, "precision": NaN, "recall": NaN, "average_precision": NaN, "Spearman_r": 0.30655302458508654, "Pearson_r": 0.5640138546034058, "R2": 0.28534319621546644, "MAE": 0.0883285035819292, "MSE": 0.03513835749811609, "poisson_deviance_explained": 0.2759305937114962}, "2": {"AUC": NaN, "kappa": NaN, "f1": NaN, "precision": NaN, "recall": NaN, "average_precision": NaN, "Spearman_r": 0.3648997066259856, "Pearson_r": 0.6304464884831611, "R2": 0.3946085075338308, "MAE": 0.07842546774863585, "MSE": 0.03488696818105114, "poisson_deviance_explained": 0.4301971304685023}, "3": {"AUC": NaN, "kappa": NaN, "f1": NaN, "precision": NaN, "recall": NaN, "average_precision": NaN, "Spearman_r": 0.4151297740004596, "Pearson_r": 0.7012889541006481, "R2": 0.4871071735570828, "MAE": 0.09686937030083703, "MSE": 0.040856963977941294, "poisson_deviance_explained": 0.4402594374467482}, "4": {"AUC": NaN, "kappa": NaN, "f1": NaN, "precision": NaN, "recall": NaN, "average_precision": NaN, "Spearman_r": 0.40276676821630814, "Pearson_r": 0.7020685423656677, "R2": 0.49199630383907433, "MAE": 0.09043222781941916, "MSE": 0.036002162312767844, "poisson_deviance_explained": 0.4628933139200303}, "5": {"AUC": NaN, "kappa": NaN, "f1": NaN, "precision": NaN, "recall": NaN, "average_precision": NaN, "Spearman_r": 0.4209156101060248, "Pearson_r": 0.6978883355945265, "R2": 0.47676005453456505, "MAE": 0.09623486710124764, "MSE": 0.04546816471578846, "poisson_deviance_explained": 0.49871927321790543}, "6": {"AUC": NaN, "kappa": NaN, "f1": NaN, "precision": NaN, "recall": NaN, "average_precision": NaN, "Spearman_r": 0.3753687713430425, "Pearson_r": 0.6837854047839607, "R2": 0.46460545034535805, "MAE": 0.07847266175557288, "MSE": 0.03748525997918616, "poisson_deviance_explained": 0.4893563613690137}, "7": {"AUC": NaN, "kappa": NaN, "f1": NaN, "precision": NaN, "recall": NaN, "average_precision": NaN, "Spearman_r": 0.43777832220275165, "Pearson_r": 0.7822825225674298, "R2": 0.6101963189868596, "MAE": 0.10017686116575794, "MSE": 0.04738962791456977, "poisson_deviance_explained": 0.5644525402742866}, "8": {"AUC": NaN, "kappa": NaN, "f1": NaN, "precision": NaN, "recall": NaN, "average_precision": NaN, "Spearman_r": 0.36449174433794296, "Pearson_r": 0.6507444646777067, "R2": 0.41981578283795107, "MAE": 0.08044141950506453, "MSE": 0.032231122172369196, "poisson_deviance_explained": 0.42573070740302466}, "9": {"AUC": NaN, "kappa": NaN, "f1": NaN, "precision": NaN, "recall": NaN, "average_precision": NaN, "Spearman_r": 0.39209816152824545, "Pearson_r": 0.7168845528482872, "R2": 0.5136311833339663, "MAE": 0.0898563074347488, "MSE": 0.03578348604125124, "poisson_deviance_explained": 0.4494470881492485}, "10": {"AUC": NaN, "kappa": NaN, "f1": NaN, "precision": NaN, "recall": NaN, "average_precision": NaN, "Spearman_r": 0.35311715391628906, "Pearson_r": 0.6152414177399875, "R2": 0.37363440180060103, "MAE": 0.07903422580900166, "MSE": 0.027586515297756967, "poisson_deviance_explained": 0.3771970819031917}, "11": {"AUC": NaN, "kappa": NaN, "f1": NaN, "precision": NaN, "recall": NaN, "average_precision": NaN, "Spearman_r": 0.3576632117811031, "Pearson_r": 0.6139356014536979, "R2": 0.3727030967071139, "MAE": 0.09508180437269012, "MSE": 0.03573994970731538, "poisson_deviance_explained": 0.32438141898898243}, "12": {"AUC": NaN, "kappa": NaN, "f1": NaN, "precision": NaN, "recall": NaN, "average_precision": NaN, "Spearman_r": 0.4490154296288763, "Pearson_r": 0.5512467064355817, "R2": 0.3011883714201271, "MAE": 0.14482450128319133, "MSE": 0.053418858442187266, "poisson_deviance_explained": 0.31914971733220143}, "13": {"AUC": NaN, "kappa": NaN, "f1": NaN, "precision": NaN, "recall": NaN, "average_precision": NaN, "Spearman_r": 0.4785884617478356, "Pearson_r": 0.6093993544852999, "R2": 0.3698207035236788, "MAE": 0.13674542326969494, "MSE": 0.04826369120505052, "poisson_deviance_explained": 0.3597551666520621}, "14": {"AUC": NaN, "kappa": NaN, "f1": NaN, "precision": NaN, "recall": NaN, "average_precision": NaN, "Spearman_r": 0.5123423875852801, "Pearson_r": 0.6200574022840154, "R2": 0.38081678013417153, "MAE": 0.14509890473543377, "MSE": 0.0566908601256034, "poisson_deviance_explained": 0.3720875339354829}, "15": {"AUC": NaN, "kappa": NaN, "f1": NaN, "precision": NaN, "recall": NaN, "average_precision": NaN, "Spearman_r": 0.5018974581932787, "Pearson_r": 0.6385982319630674, "R2": 0.3946683958212307, "MAE": 0.1242747106101675, "MSE": 0.047909733208871125, "poisson_deviance_explained": 0.429115910081208}, "16": {"AUC": NaN, "kappa": NaN, "f1": NaN, "precision": NaN, "recall": NaN, "average_precision": NaN, "Spearman_r": 0.5343699731652038, "Pearson_r": 0.7248240306045792, "R2": 0.52410012490522, "MAE": 0.13994403990057924, "MSE": 0.0661513796268288, "poisson_deviance_explained": 0.47476175862024705}, "17": {"AUC": NaN, "kappa": NaN, "f1": NaN, "precision": NaN, "recall": NaN, "average_precision": NaN, "Spearman_r": 0.4864875103490173, "Pearson_r": 0.6550833884620421, "R2": 0.4217218279651116, "MAE": 0.12254857255469359, "MSE": 0.04659482394450619, "poisson_deviance_explained": 0.3990936363581631}, "18": {"AUC": NaN, "kappa": NaN, "f1": NaN, "precision": NaN, "recall": NaN, "average_precision": NaN, "Spearman_r": 0.5303059191583002, "Pearson_r": 0.6601800940922716, "R2": 0.4343572224799488, "MAE": 0.1353740325361183, "MSE": 0.048610372439500185, "poisson_deviance_explained": 0.41533557813397504}, "19": {"AUC": NaN, "kappa": NaN, "f1": NaN, "precision": NaN, "recall": NaN, "average_precision": NaN, "Spearman_r": 0.5219284258457974, "Pearson_r": 0.7554735252426782, "R2": 0.5700231805593197, "MAE": 0.11489359873917784, "MSE": 0.044974441854992754, "poisson_deviance_explained": 0.5022664643475088}, "20": {"AUC": NaN, "kappa": NaN, "f1": NaN, "precision": NaN, "recall": NaN, "average_precision": NaN, "Spearman_r": 0.515709725707046, "Pearson_r": 0.7106556597323984, "R2": 0.5029658263419476, "MAE": 0.12536304976499835, "MSE": 0.05057040084241315, "poisson_deviance_explained": 0.47741886475658835}, "21": {"AUC": NaN, "kappa": NaN, "f1": NaN, "precision": NaN, "recall": NaN, "average_precision": NaN, "Spearman_r": 0.47560700410298307, "Pearson_r": 0.6109371605407101, "R2": 0.372681208484517, "MAE": 0.1152275536450087, "MSE": 0.04436860911515231, "poisson_deviance_explained": 0.38876755265158114}, "22": {"AUC": NaN, "kappa": NaN, "f1": NaN, "precision": NaN, "recall": NaN, "average_precision": NaN, "Spearman_r": 0.42368032450327653, "Pearson_r": 0.6985003452000572, "R2": 0.47734397413567353, "MAE": 0.09461769643252597, "MSE": 0.037904948329038575, "poisson_deviance_explained": 0.44215488810214254}, "23": {"AUC": NaN, "kappa": NaN, "f1": NaN, "precision": NaN, "recall": NaN, "average_precision": NaN, "Spearman_r": 0.3914171360863217, "Pearson_r": 0.6207387709508586, "R2": 0.3793684170265216, "MAE": 0.0957877985568722, "MSE": 0.039273902078681124, "poisson_deviance_explained": 0.3893369806305115}, "24": {"AUC": NaN, "kappa": NaN, "f1": NaN, "precision": NaN, "recall": NaN, "average_precision": NaN, "Spearman_r": 0.42166690956285463, "Pearson_r": 0.6306950615745789, "R2": 0.3976344294880504, "MAE": 0.10266485402392714, "MSE": 0.040514502974458834, "poisson_deviance_explained": 0.4051985226464718}, "25": {"AUC": NaN, "kappa": NaN, "f1": NaN, "precision": NaN, "recall": NaN, "average_precision": NaN, "Spearman_r": 0.40922266490225445, "Pearson_r": 0.6822604365717546, "R2": 0.4652424639757229, "MAE": 0.09955044851261469, "MSE": 0.042912522122339355, "poisson_deviance_explained": 0.45783946834476086}, "26": {"AUC": NaN, "kappa": NaN, "f1": NaN, "precision": NaN, "recall": NaN, "average_precision": NaN, "Spearman_r": 0.33485725823226586, "Pearson_r": 0.6170005677173647, "R2": 0.3600913978862248, "MAE": 0.08909082725047293, "MSE": 0.04704421029043058, "poisson_deviance_explained": 0.39328486238802296}, "27": {"AUC": NaN, "kappa": NaN, "f1": NaN, "precision": NaN, "recall": NaN,