{"1": {"AUC": NaN, "kappa": NaN, "f1": NaN, "precision": NaN, "recall": NaN, "average_precision": NaN, "Spearman_r": 0.35971290331256045, "Pearson_r": 0.6512304622940308, "R2": 0.4110734383030338, "MAE": 0.08987843475486568, "MSE": 0.03957842065978233, "poisson_deviance_explained": 0.4356215940411109}, "2": {"AUC": NaN, "kappa": NaN, "f1": NaN, "precision": NaN, "recall": NaN, "average_precision": NaN, "Spearman_r": 0.4112388596425924, "Pearson_r": 0.6995542939963981, "R2": 0.48873162172362905, "MAE": 0.09558668458818367, "MSE": 0.04299685313008976, "poisson_deviance_explained": 0.48774412732579475}, "3": {"AUC": NaN, "kappa": NaN, "f1": NaN, "precision": NaN, "recall": NaN, "average_precision": NaN, "Spearman_r": 0.38979682694307466, "Pearson_r": 0.7053224247766677, "R2": 0.49713638524511017, "MAE": 0.08772553387706966, "MSE": 0.037592838435373796, "poisson_deviance_explained": 0.49206150399722115}, "4": {"AUC": NaN, "kappa": NaN, "f1": NaN, "precision": NaN, "recall": NaN, "average_precision": NaN, "Spearman_r": 0.37808087739570495, "Pearson_r": 0.6999291121774164, "R2": 0.48679892488108123, "MAE": 0.0832229978690068, "MSE": 0.03723975376273521, "poisson_deviance_explained": 0.5028255876486503}, "5": {"AUC": NaN, "kappa": NaN, "f1": NaN, "precision": NaN, "recall": NaN, "average_precision": NaN, "Spearman_r": 0.415268557273978, "Pearson_r": 0.7251977879202081, "R2": 0.5242780160596916, "MAE": 0.0824478676923461, "MSE": 0.03395997009953808, "poisson_deviance_explained": 0.5277796262085769}, "6": {"AUC": NaN, "kappa": NaN, "f1": NaN, "precision": NaN, "recall": NaN, "average_precision": NaN, "Spearman_r": 0.4161637946265657, "Pearson_r": 0.7419937144277642, "R2": 0.5493035410603416, "MAE": 0.08724155264833341, "MSE": 0.03840010596186981, "poisson_deviance_explained": 0.5348673416062721}, "7": {"AUC": NaN, "kappa": NaN, "f1": NaN, "precision": NaN, "recall": NaN, "average_precision": NaN, "Spearman_r": 0.3898337019289456, "Pearson_r": 0.7163913994435214, "R2": 0.5061513923298111, "MAE": 0.07582527024683965, "MSE": 0.033451867644411305, "poisson_deviance_explained": 0.5318334155806214}, "8": {"AUC": NaN, "kappa": NaN, "f1": NaN, "precision": NaN, "recall": NaN, "average_precision": NaN, "Spearman_r": 0.3773446287818431, "Pearson_r": 0.6939156931251058, "R2": 0.4803452886968492, "MAE": 0.07226528973755761, "MSE": 0.029484496627015005, "poisson_deviance_explained": 0.48161579416146005}, "9": {"AUC": NaN, "kappa": NaN, "f1": NaN, "precision": NaN, "recall": NaN, "average_precision": NaN, "Spearman_r": 0.3868315938479905, "Pearson_r": 0.6969094728862598, "R2": 0.4855443152583041, "MAE": 0.08023711350577194, "MSE": 0.03220681162935399, "poisson_deviance_explained": 0.4743106462340402}, "10": {"AUC": NaN, "kappa": NaN, "f1": NaN, "precision": NaN, "recall": NaN, "average_precision": NaN, "Spearman_r": 0.3480150902657945, "Pearson_r": 0.6657538202799079, "R2": 0.4409290983722055, "MAE": 0.06902290512576191, "MSE": 0.026315974675473714, "poisson_deviance_explained": 0.44458953571192594}, "11": {"AUC": NaN, "kappa": NaN, "f1": NaN, "precision": NaN, "recall": NaN, "average_precision": NaN, "Spearman_r": 0.4068808774750207, "Pearson_r": 0.6708328215257973, "R2": 0.44986252510538827, "MAE": 0.10489289392148504, "MSE": 0.038778931246706554, "poisson_deviance_explained": 0.3988274263187912}, "12": {"AUC": NaN, "kappa": NaN, "f1": NaN, "precision": NaN, "recall": NaN, "average_precision": NaN, "Spearman_r": 0.4694783243801985, "Pearson_r": 0.6347639135159316, "R2": 0.4027745211851478, "MAE": 0.13469723769611314, "MSE": 0.05074172656804105, "poisson_deviance_explained": 0.38402127949474396}, "13": {"AUC": NaN, "kappa": NaN, "f1": NaN, "precision": NaN, "recall": NaN, "average_precision": NaN, "Spearman_r": 0.5142261393975874, "Pearson_r": 0.6217401850499962, "R2": 0.3864446759678748, "MAE": 0.16610288498573617, "MSE": 0.060929052690305546, "poisson_deviance_explained": 0.3505942151671042}, "14": {"AUC": NaN, "kappa": NaN, "f1": NaN, "precision": NaN, "recall": NaN, "average_precision": NaN, "Spearman_r": 0.5306722564579178, "Pearson_r": 0.6603528220495306, "R2": 0.4356279558697209, "MAE": 0.1709219006265359, "MSE": 0.06469675311988651, "poisson_deviance_explained": 0.3860858505182456}, "15": {"AUC": NaN, "kappa": NaN, "f1": NaN, "precision": NaN, "recall": NaN, "average_precision": NaN, "Spearman_r": 0.5313976286812591, "Pearson_r": 0.6695520092465811, "R2": 0.44819348047897767, "MAE": 0.14718896417036248, "MSE": 0.055604582132302155, "poisson_deviance_explained": 0.4122442427695048}, "16": {"AUC": NaN, "kappa": NaN, "f1": NaN, "precision": NaN, "recall": NaN, "average_precision": NaN, "Spearman_r": 0.5515742807030698, "Pearson_r": 0.7020370983946003, "R2": 0.4924151072726599, "MAE": 0.14810439329621564, "MSE": 0.0575774790303946, "poisson_deviance_explained": 0.44544712755108185}, "17": {"AUC": NaN, "kappa": NaN, "f1": NaN, "precision": NaN, "recall": NaN, "average_precision": NaN, "Spearman_r": 0.5419017374582669, "Pearson_r": 0.6479134979155212, "R2": 0.4182250564673672, "MAE": 0.1685107067981319, "MSE": 0.06528356576787955, "poisson_deviance_explained": 0.38402815137820845}, "18": {"AUC": NaN, "kappa": NaN, "f1": NaN, "precision": NaN, "recall": NaN, "average_precision": NaN, "Spearman_r": 0.554002804840316, "Pearson_r": 0.7217280228104912, "R2": 0.5204978813689488, "MAE": 0.13536946274140724, "MSE": 0.05372107799672304, "poisson_deviance_explained": 0.493805620713641}, "19": {"AUC": NaN, "kappa": NaN, "f1": NaN, "precision": NaN, "recall": NaN, "average_precision": NaN, "Spearman_r": 0.5374821807211226, "Pearson_r": 0.6572904530114835, "R2": 0.43088787644564186, "MAE": 0.15046631650488138, "MSE": 0.057742388175014724, "poisson_deviance_explained": 0.4128942790504794}, "20": {"AUC": NaN, "kappa": NaN, "f1": NaN, "precision": NaN, "recall": NaN, "average_precision": NaN, "Spearman_r": 0.507051049323898, "Pearson_r": 0.6514924669030298, "R2": 0.4239605551396213, "MAE": 0.15367023711164274, "MSE": 0.05629123639596746, "poisson_deviance_explained": 0.3757028436947222}, "21": {"AUC": NaN, "kappa": NaN, "f1": NaN, "precision": NaN, "recall": NaN, "average_precision": NaN, "Spearman_r": 0.49413433225421427, "Pearson_r": 0.6519510397007321, "R2": 0.4249041539117753, "MAE": 0.14067898092023526, "MSE": 0.058271175942126364, "poisson_deviance_explained": 0.4102832955472918}, "22": {"AUC": NaN, "kappa": NaN, "f1": NaN, "precision": NaN, "recall": NaN, "average_precision": NaN, "Spearman_r": 0.47123066599575436, "Pearson_r": 0.686507602547958, "R2": 0.46970572097714025, "MAE": 0.11498479416841617, "MSE": 0.049776632504157994, "poisson_deviance_explained": 0.4692270735994828}, "23": {"AUC": NaN, "kappa": NaN, "f1": NaN, "precision": NaN, "recall": NaN, "average_precision": NaN, "Spearman_r": 0.47174615843335405, "Pearson_r": 0.6908048420423372, "R2": 0.4770871870708052, "MAE": 0.11501300157411969, "MSE": 0.046277965444943614, "poisson_deviance_explained": 0.45289817417433664}, "24": {"AUC": NaN, "kappa": NaN, "f1": NaN, "precision": NaN, "recall": NaN, "average_precision": NaN, "Spearman_r": 0.47887225346043905, "Pearson_r": 0.7305354187641204, "R2": 0.533434210773938, "MAE": 0.12282931780229962, "MSE": 0.05031228110043183, "poisson_deviance_explained": 0.4857255761946567}, "25": {"AUC": NaN, "kappa": NaN, "f1": NaN, "precision": NaN, "recall": NaN, "average_precision": NaN, "Spearman_r": 0.4578294559566513, "Pearson_r": 0.7183916989719985, "R2": 0.5149519924512946, "MAE": 0.11584750079216255, "MSE": 0.04886647129929735, "poisson_deviance_explained": 0.48703969480666043}, "26": {"AUC": NaN, "kappa": NaN, "f1": NaN, "precision": NaN, "recall": NaN, "average_precision": NaN, "Spearman_r": 0.4767526616834446, "Pearson_r": 0.7769623038311796, "R2": 0.60300405484721, "MAE": 0.11384872588314873, "MSE": 0.048924731883711575, "poisson_deviance_explained": 0.5461686659145064}, "27": {"AUC": NaN, "kappa": NaN, "f1": NaN, "precision": NaN, "recall": NaN, "average_precision": NaN,