{"1": {"AUC": NaN, "kappa": NaN, "f1": NaN, "precision": NaN, "recall": NaN, "average_precision": NaN, "Spearman_r": 0.4726366962089877, "Pearson_r": 0.7867767080762103, "R2": 0.6188766278734861, "MAE": 0.09441332886888426, "MSE": 0.04141994998551738, "poisson_deviance_explained": 0.6048726441004162}, "2": {"AUC": NaN, "kappa": NaN, "f1": NaN, "precision": NaN, "recall": NaN, "average_precision": NaN, "Spearman_r": 0.4787796973796998, "Pearson_r": 0.7925341453100805, "R2": 0.6280559697748671, "MAE": 0.0987465269446489, "MSE": 0.04552874673023657, "poisson_deviance_explained": 0.6119135389653115}, "3": {"AUC": NaN, "kappa": NaN, "f1": NaN, "precision": NaN, "recall": NaN, "average_precision": NaN, "Spearman_r": 0.5125573797593231, "Pearson_r": 0.8224216632880019, "R2": 0.6757296447211109, "MAE": 0.1030628532742858, "MSE": 0.04588084092481659, "poisson_deviance_explained": 0.647499393136472}, "4": {"AUC": NaN, "kappa": NaN, "f1": NaN, "precision": NaN, "recall": NaN, "average_precision": NaN, "Spearman_r": 0.466670789205216, "Pearson_r": 0.7896126945642555, "R2": 0.6234044663615418, "MAE": 0.0938665988390312, "MSE": 0.04287674083189017, "poisson_deviance_explained": 0.6103466261297223}, "5": {"AUC": NaN, "kappa": NaN, "f1": NaN, "precision": NaN, "recall": NaN, "average_precision": NaN, "Spearman_r": 0.48884204810764864, "Pearson_r": 0.8136004015470709, "R2": 0.6609928562421088, "MAE": 0.10034735753836309, "MSE": 0.043931322792708914, "poisson_deviance_explained": 0.6114532752264651}, "6": {"AUC": NaN, "kappa": NaN, "f1": NaN, "precision": NaN, "recall": NaN, "average_precision": NaN, "Spearman_r": 0.5169068377926462, "Pearson_r": 0.8138295090076316, "R2": 0.6618278588569355, "MAE": 0.10158353595211621, "MSE": 0.044512062343118955, "poisson_deviance_explained": 0.6317908389416989}, "7": {"AUC": NaN, "kappa": NaN, "f1": NaN, "precision": NaN, "recall": NaN, "average_precision": NaN, "Spearman_r": 0.48966056480613307, "Pearson_r": 0.8150224041475957, "R2": 0.6641043204278684, "MAE": 0.09735711303600052, "MSE": 0.04221612552761825, "poisson_deviance_explained": 0.6312648413642281}, "8": {"AUC": NaN, "kappa": NaN, "f1": NaN, "precision": NaN, "recall": NaN, "average_precision": NaN, "Spearman_r": 0.4568442598163196, "Pearson_r": 0.8052584424812222, "R2": 0.6479473996121397, "MAE": 0.09020250676724012, "MSE": 0.03760073788890875, "poisson_deviance_explained": 0.6015127920902433}, "9": {"AUC": NaN, "kappa": NaN, "f1": NaN, "precision": NaN, "recall": NaN, "average_precision": NaN, "Spearman_r": 0.4760885201821567, "Pearson_r": 0.8434523362292311, "R2": 0.7100868143175726, "MAE": 0.08391837113962788, "MSE": 0.035260492254958635, "poisson_deviance_explained": 0.6620722037362642}, "10": {"AUC": NaN, "kappa": NaN, "f1": NaN, "precision": NaN, "recall": NaN, "average_precision": NaN, "Spearman_r": 0.4640009982654579, "Pearson_r": 0.7889056055485373, "R2": 0.6220271544081339, "MAE": 0.09939982177612487, "MSE": 0.04325884645690703, "poisson_deviance_explained": 0.5781760369615457}, "11": {"AUC": NaN, "kappa": NaN, "f1": NaN, "precision": NaN, "recall": NaN, "average_precision": NaN, "Spearman_r": 0.4444150204368524, "Pearson_r": 0.7640235827697782, "R2": 0.5836375070619458, "MAE": 0.10235927145815713, "MSE": 0.039380088747400295, "poisson_deviance_explained": 0.5165578818847891}, "12": {"AUC": NaN, "kappa": NaN, "f1": NaN, "precision": NaN, "recall": NaN, "average_precision": NaN, "Spearman_r": 0.524533366497457, "Pearson_r": 0.7482635880269094, "R2": 0.5582100460146939, "MAE": 0.15658710455031144, "MSE": 0.06056074399689624, "poisson_deviance_explained": 0.4682406873695052}, "13": {"AUC": NaN, "kappa": NaN, "f1": NaN, "precision": NaN, "recall": NaN, "average_precision": NaN, "Spearman_r": 0.5417738487245114, "Pearson_r": 0.7271301329277869, "R2": 0.5282498642324803, "MAE": 0.16004794247001206, "MSE": 0.06054642805133098, "poisson_deviance_explained": 0.4591690873981036}, "14": {"AUC": NaN, "kappa": NaN, "f1": NaN, "precision": NaN, "recall": NaN, "average_precision": NaN, "Spearman_r": 0.5676791034017289, "Pearson_r": 0.7512176465235907, "R2": 0.5640350350070154, "MAE": 0.16442073347939198, "MSE": 0.0636555679875396, "poisson_deviance_explained": 0.4909600358175138}, "15": {"AUC": NaN, "kappa": NaN, "f1": NaN, "precision": NaN, "recall": NaN, "average_precision": NaN, "Spearman_r": 0.5845685553751235, "Pearson_r": 0.7874916071690062, "R2": 0.6196769931445173, "MAE": 0.14286032063183693, "MSE": 0.05802662640477952, "poisson_deviance_explained": 0.5562351168056391}, "16": {"AUC": NaN, "kappa": NaN, "f1": NaN, "precision": NaN, "recall": NaN, "average_precision": NaN, "Spearman_r": 0.5898704092127494, "Pearson_r": 0.7770788542747944, "R2": 0.6037067081605778, "MAE": 0.1652454533049781, "MSE": 0.06786257567422753, "poisson_deviance_explained": 0.5261148683277266}, "17": {"AUC": NaN, "kappa": NaN, "f1": NaN, "precision": NaN, "recall": NaN, "average_precision": NaN, "Spearman_r": 0.5925055277269907, "Pearson_r": 0.7929557466452538, "R2": 0.6282906131804704, "MAE": 0.14956545682436556, "MSE": 0.06055385862548415, "poisson_deviance_explained": 0.550535525958014}, "18": {"AUC": NaN, "kappa": NaN, "f1": NaN, "precision": NaN, "recall": NaN, "average_precision": NaN, "Spearman_r": 0.6043999642770955, "Pearson_r": 0.7970789291322105, "R2": 0.6350149763449948, "MAE": 0.15175605788001903, "MSE": 0.0619397010374378, "poisson_deviance_explained": 0.5608193900244145}, "19": {"AUC": NaN, "kappa": NaN, "f1": NaN, "precision": NaN, "recall": NaN, "average_precision": NaN, "Spearman_r": 0.5779649740570836, "Pearson_r": 0.8043234220317704, "R2": 0.6464919436212395, "MAE": 0.13912463350492693, "MSE": 0.05749354022142645, "poisson_deviance_explained": 0.5748442669754583}, "20": {"AUC": NaN, "kappa": NaN, "f1": NaN, "precision": NaN, "recall": NaN, "average_precision": NaN, "Spearman_r": 0.5570899417244519, "Pearson_r": 0.789322744236648, "R2": 0.6222682294477123, "MAE": 0.13796612128613925, "MSE": 0.05744287544286527, "poisson_deviance_explained": 0.5509469788409038}, "21": {"AUC": NaN, "kappa": NaN, "f1": NaN, "precision": NaN, "recall": NaN, "average_precision": NaN, "Spearman_r": 0.5254990865680741, "Pearson_r": 0.7542605357933174, "R2": 0.5679708851449117, "MAE": 0.13957282981823035, "MSE": 0.054905434394164794, "poisson_deviance_explained": 0.49524967143403276}, "22": {"AUC": NaN, "kappa": NaN, "f1": NaN, "precision": NaN, "recall": NaN, "average_precision": NaN, "Spearman_r": 0.5095974511036259, "Pearson_r": 0.7326129088630732, "R2": 0.5365630250224731, "MAE": 0.12259410785169338, "MSE": 0.049900348006575154, "poisson_deviance_explained": 0.5035263597805129}, "23": {"AUC": NaN, "kappa": NaN, "f1": NaN, "precision": NaN, "recall": NaN, "average_precision": NaN, "Spearman_r": 0.49108112138908394, "Pearson_r": 0.7529424695355236, "R2": 0.5667822557013907, "MAE": 0.1175647871388201, "MSE": 0.04978772349459043, "poisson_deviance_explained": 0.5272115234632597}, "24": {"AUC": NaN, "kappa": NaN, "f1": NaN, "precision": NaN, "recall": NaN, "average_precision": NaN, "Spearman_r": 0.5040081086043077, "Pearson_r": 0.779268896727644, "R2": 0.6068686263083957, "MAE": 0.11196010569064017, "MSE": 0.0471047288141982, "poisson_deviance_explained": 0.5671515947419161}, "25": {"AUC": NaN, "kappa": NaN, "f1": NaN, "precision": NaN, "recall": NaN, "average_precision": NaN, "Spearman_r": 0.5278269268657275, "Pearson_r": 0.8007847667142886, "R2": 0.6411780018448612, "MAE": 0.12406136123588396, "MSE": 0.05586202268592057, "poisson_deviance_explained": 0.594712374639409}, "26": {"AUC": NaN, "kappa": NaN, "f1": NaN, "precision": NaN, "recall": NaN, "average_precision": NaN, "Spearman_r": 0.5240662112088079, "Pearson_r": 0.8076143548116111, "R2": 0.6517138710533489, "MAE": 0.11686453083975269, "MSE": 0.052824347832625164, "poisson_deviance_explained": 0.6121725925893995}, "27": {"AUC": NaN, "kappa": NaN, "f1": NaN, "precision": NaN, "recall": NaN, "average_precision": NaN,