{"AUC": NaN, "kappa": NaN, "f1": NaN, "precision": NaN, "recall": NaN, "average_precision": NaN, "Spearman_r": 0.5233983306078175, "Pearson_r": 0.7915763751607753, "R2": 0.6262898736024873, "MAE": 0.1162096332427184, "MSE": 0.0494661295995006, "poisson_deviance_explained": 0.5858646332482675}