{"1": {"AUC": NaN, "kappa": NaN, "f1": NaN, "precision": NaN, "recall": NaN, "average_precision": NaN, "Spearman_r": 0.745494288452055, "Pearson_r": 0.7086347865921678, "R2": 0.49905284649665127, "MAE": 0.4464345781029369, "MSE": 0.4027495664867525, "poisson_deviance_explained": 0.4203929390768164}, "2": {"AUC": NaN, "kappa": NaN, "f1": NaN, "precision": NaN, "recall": NaN, "average_precision": NaN, "Spearman_r": 0.73392892414888, "Pearson_r": 0.7098383045777064, "R2": 0.5016901904894093, "MAE": 0.4489846471815034, "MSE": 0.4049816826327156, "poisson_deviance_explained": 0.4303382252193724}, "3": {"AUC": NaN, "kappa": NaN, "f1": NaN, "precision": NaN, "recall": NaN, "average_precision": NaN, "Spearman_r": 0.7609085414021434, "Pearson_r": 0.7389759955701033, "R2": 0.5428833741447621, "MAE": 0.4231405247054522, "MSE": 0.3525860906174222, "poisson_deviance_explained": 0.46517709214319036}, "4": {"AUC": NaN, "kappa": NaN, "f1": NaN, "precision": NaN, "recall": NaN, "average_precision": NaN, "Spearman_r": 0.6795108768269678, "Pearson_r": 0.6797830879460839, "R2": 0.46034890262449313, "MAE": 0.7152670164744612, "MSE": 0.8103420876576856, "poisson_deviance_explained": 0.3497531173300278}, "5": {"AUC": NaN, "kappa": NaN, "f1": NaN, "precision": NaN, "recall": NaN, "average_precision": NaN, "Spearman_r": 0.7721713063541776, "Pearson_r": 0.7490745600353053, "R2": 0.5572140026670211, "MAE": 0.4292843355116416, "MSE": 0.3713509975164882, "poisson_deviance_explained": 0.4667908613649957}, "6": {"AUC": NaN, "kappa": NaN, "f1": NaN, "precision": NaN, "recall": NaN, "average_precision": NaN, "Spearman_r": 0.754348199542135, "Pearson_r": 0.723219583542025, "R2": 0.5210535748978085, "MAE": 0.4293279463587797, "MSE": 0.3616991436032508, "poisson_deviance_explained": 0.4405252776519203}, "7": {"AUC": NaN, "kappa": NaN, "f1": NaN, "precision": NaN, "recall": NaN, "average_precision": NaN, "Spearman_r": 0.7674487617760255, "Pearson_r": 0.7377944491355635, "R2": 0.5413204775472977, "MAE": 0.41894313785283654, "MSE": 0.35787960708295796, "poisson_deviance_explained": 0.4669153251678818}, "8": {"AUC": NaN, "kappa": NaN, "f1": NaN, "precision": NaN, "recall": NaN, "average_precision": NaN, "Spearman_r": 0.7755788525620712, "Pearson_r": 0.7520456309972066, "R2": 0.5617631343783946, "MAE": 0.41679800882089635, "MSE": 0.3488841326445077, "poisson_deviance_explained": 0.48435214358422163}, "9": {"AUC": NaN, "kappa": NaN, "f1": NaN, "precision": NaN, "recall": NaN, "average_precision": NaN, "Spearman_r": 0.7726389247616807, "Pearson_r": 0.7335543509048238, "R2": 0.535561769648598, "MAE": 0.4382939795847436, "MSE": 0.4075889965853279, "poisson_deviance_explained": 0.4521559366022543}, "10": {"AUC": NaN, "kappa": NaN, "f1": NaN, "precision": NaN, "recall": NaN, "average_precision": NaN, "Spearman_r": 0.7854424196312695, "Pearson_r": 0.7446941087391733, "R2": 0.5483688324365406, "MAE": 0.4288964506389815, "MSE": 0.38497630876727024, "poisson_deviance_explained": 0.4616515471661947}, "11": {"AUC": NaN, "kappa": NaN, "f1": NaN, "precision": NaN, "recall": NaN, "average_precision": NaN, "Spearman_r": 0.7723294617683055, "Pearson_r": 0.7316768406069966, "R2": 0.5294402784609541, "MAE": 0.4394210944372911, "MSE": 0.40371956298134287, "poisson_deviance_explained": 0.44447473340908095}, "12": {"AUC": NaN, "kappa": NaN, "f1": NaN, "precision": NaN, "recall": NaN, "average_precision": NaN, "Spearman_r": 0.7739411774660924, "Pearson_r": 0.7399391986728706, "R2": 0.5442498203731588, "MAE": 0.42290764455976526, "MSE": 0.3647834540250232, "poisson_deviance_explained": 0.4684941643220907}, "13": {"AUC": NaN, "kappa": NaN, "f1": NaN, "precision": NaN, "recall": NaN, "average_precision": NaN, "Spearman_r": 0.7620910830785492, "Pearson_r": 0.7201161144193026, "R2": 0.5158208210044686, "MAE": 0.4264739312915186, "MSE": 0.3841311135556167, "poisson_deviance_explained": 0.4361211411396201}, "14": {"AUC": NaN, "kappa": NaN, "f1": NaN, "precision": NaN, "recall": NaN, "average_precision": NaN, "Spearman_r": 0.7802884813849387, "Pearson_r": 0.7508706708168882, "R2": 0.560161038687561, "MAE": 0.4130932849896904, "MSE": 0.35417522793922335, "poisson_deviance_explained": 0.4802040562451886}, "15": {"AUC": NaN, "kappa": NaN, "f1": NaN, "precision": NaN, "recall": NaN, "average_precision": NaN, "Spearman_r": 0.7776768236311058, "Pearson_r": 0.7495596027027501, "R2": 0.5568903957435349, "MAE": 0.4255466853136174, "MSE": 0.37375534432064417, "poisson_deviance_explained": 0.4754710999078341}, "16": {"AUC": NaN, "kappa": NaN, "f1": NaN, "precision": NaN, "recall": NaN, "average_precision": NaN, "Spearman_r": 0.7928162478618908, "Pearson_r": 0.768697299877033, "R2": 0.5867304250241925, "MAE": 0.4193969552215156, "MSE": 0.36389443691185946, "poisson_deviance_explained": 0.5019387459903777}, "17": {"AUC": NaN, "kappa": NaN, "f1": NaN, "precision": NaN, "recall": NaN, "average_precision": NaN, "Spearman_r": 0.7747551636653606, "Pearson_r": 0.7555529595902899, "R2": 0.5679117501050313, "MAE": 0.40792622984527405, "MSE": 0.3427400373709302, "poisson_deviance_explained": 0.4888004770657395}, "18": {"AUC": NaN, "kappa": NaN, "f1": NaN, "precision": NaN, "recall": NaN, "average_precision": NaN, "Spearman_r": 0.7800915562550534, "Pearson_r": 0.760698864941127, "R2": 0.5763925724978771, "MAE": 0.4073446225281032, "MSE": 0.34791247763034017, "poisson_deviance_explained": 0.4954833286715937}, "19": {"AUC": NaN, "kappa": NaN, "f1": NaN, "precision": NaN, "recall": NaN, "average_precision": NaN, "Spearman_r": 0.8027654707985903, "Pearson_r": 0.7847946266257966, "R2": 0.6143131768892688, "MAE": 0.3896108750218319, "MSE": 0.31640627408130645, "poisson_deviance_explained": 0.528622181297647}, "20": {"AUC": NaN, "kappa": NaN, "f1": NaN, "precision": NaN, "recall": NaN, "average_precision": NaN, "Spearman_r": 0.7929774891221333, "Pearson_r": 0.7672837061662887, "R2": 0.5868393735428896, "MAE": 0.4023301004014768, "MSE": 0.35088928541505165, "poisson_deviance_explained": 0.49193812738997167}, "21": {"AUC": NaN, "kappa": NaN, "f1": NaN, "precision": NaN, "recall": NaN, "average_precision": NaN, "Spearman_r": 0.7987060664321645, "Pearson_r": 0.7770516490723559, "R2": 0.6024156694018462, "MAE": 0.3908256431550337, "MSE": 0.3249185439613791, "poisson_deviance_explained": 0.5223112420197136}, "22": {"AUC": NaN, "kappa": NaN, "f1": NaN, "precision": NaN, "recall": NaN, "average_precision": NaN, "Spearman_r": 0.8183505990773489, "Pearson_r": 0.7973631194747491, "R2": 0.6345901822150091, "MAE": 0.3685875689575747, "MSE": 0.28644735410655403, "poisson_deviance_explained": 0.5573738263898389}, "23": {"AUC": NaN, "kappa": NaN, "f1": NaN, "precision": NaN, "recall": NaN, "average_precision": NaN, "Spearman_r": 0.7882638439623977, "Pearson_r": 0.7604720503565054, "R2": 0.5774153199652678, "MAE": 0.39097752648615863, "MSE": 0.3316171316496272, "poisson_deviance_explained": 0.5002109246988454}, "24": {"AUC": NaN, "kappa": NaN, "f1": NaN, "precision": NaN, "recall": NaN, "average_precision": NaN, "Spearman_r": 0.8026898975897225, "Pearson_r": 0.7897174278899072, "R2": 0.620855267744807, "MAE": 0.37983263686898017, "MSE": 0.2989715428735259, "poisson_deviance_explained": 0.548105488470651}, "25": {"AUC": NaN, "kappa": NaN, "f1": NaN, "precision": NaN, "recall": NaN, "average_precision": NaN, "Spearman_r": 0.7793018686697771, "Pearson_r": 0.7558818436787774, "R2": 0.5697021683919996, "MAE": 0.3921253320569689, "MSE": 0.3144996371609909, "poisson_deviance_explained": 0.4973929607271046}, "26": {"AUC": NaN, "kappa": NaN, "f1": NaN, "precision": NaN, "recall": NaN, "average_precision": NaN, "Spearman_r": 0.7859315773152403, "Pearson_r": 0.7665814322349128, "R2": 0.5849347832816167, "MAE": 0.3865203579996266, "MSE": 0.29862478021464, "poisson_deviance_explained": 0.5162419565854497}, "27": {"AUC": NaN, "kappa": NaN, "f1": NaN, "precision": NaN, "recall": NaN, "average_precision": NaN, "Spearman_r": 0.7636074736216681, "Pearson_r": 0.7282295554865257,