{"1": {"AUC": NaN, "kappa": NaN, "f1": NaN, "precision": NaN, "recall": NaN, "average_precision": NaN, "Spearman_r": 0.7197456070021228, "Pearson_r": 0.6957150319091053, "R2": 0.4801509105055153, "MAE": 0.462501662209986, "MSE": 0.4171635128808564, "poisson_deviance_explained": 0.3971450723350748}, "2": {"AUC": NaN, "kappa": NaN, "f1": NaN, "precision": NaN, "recall": NaN, "average_precision": NaN, "Spearman_r": 0.7376448691514911, "Pearson_r": 0.7074464201581829, "R2": 0.49643172633319865, "MAE": 0.4582786117203183, "MSE": 0.41529813651465264, "poisson_deviance_explained": 0.4151560997616224}, "3": {"AUC": NaN, "kappa": NaN, "f1": NaN, "precision": NaN, "recall": NaN, "average_precision": NaN, "Spearman_r": 0.775383993804771, "Pearson_r": 0.7474034223953172, "R2": 0.5524852994583067, "MAE": 0.41679350219561356, "MSE": 0.35212728519823255, "poisson_deviance_explained": 0.47054667467503575}, "4": {"AUC": NaN, "kappa": NaN, "f1": NaN, "precision": NaN, "recall": NaN, "average_precision": NaN, "Spearman_r": 0.7551074358216023, "Pearson_r": 0.721935578239632, "R2": 0.5164261708237425, "MAE": 0.43941828077093126, "MSE": 0.3886066896379224, "poisson_deviance_explained": 0.4382751859413063}, "5": {"AUC": NaN, "kappa": NaN, "f1": NaN, "precision": NaN, "recall": NaN, "average_precision": NaN, "Spearman_r": 0.7342910399098252, "Pearson_r": 0.7064850053406083, "R2": 0.49560087858833757, "MAE": 0.44943865825561174, "MSE": 0.4093778056395069, "poisson_deviance_explained": 0.4160546564988902}, "6": {"AUC": NaN, "kappa": NaN, "f1": NaN, "precision": NaN, "recall": NaN, "average_precision": NaN, "Spearman_r": 0.7641198724693237, "Pearson_r": 0.7369325163139141, "R2": 0.5386861063172006, "MAE": 0.41662102138673185, "MSE": 0.3519573960634622, "poisson_deviance_explained": 0.4582899817335232}, "7": {"AUC": NaN, "kappa": NaN, "f1": NaN, "precision": NaN, "recall": NaN, "average_precision": NaN, "Spearman_r": 0.7590757095183994, "Pearson_r": 0.7297374643722271, "R2": 0.5266802247161497, "MAE": 0.42343642028339146, "MSE": 0.3737535511786464, "poisson_deviance_explained": 0.43516704106543747}, "8": {"AUC": NaN, "kappa": NaN, "f1": NaN, "precision": NaN, "recall": NaN, "average_precision": NaN, "Spearman_r": 0.7558934958387533, "Pearson_r": 0.7294874423696328, "R2": 0.5289456224755, "MAE": 0.41647870155269273, "MSE": 0.36572532656564755, "poisson_deviance_explained": 0.4483391420668248}, "9": {"AUC": NaN, "kappa": NaN, "f1": NaN, "precision": NaN, "recall": NaN, "average_precision": NaN, "Spearman_r": 0.7606902025196769, "Pearson_r": 0.7174879074128673, "R2": 0.5125314228132097, "MAE": 0.4381982437376251, "MSE": 0.41803037564942425, "poisson_deviance_explained": 0.4259120274169368}, "10": {"AUC": NaN, "kappa": NaN, "f1": NaN, "precision": NaN, "recall": NaN, "average_precision": NaN, "Spearman_r": 0.7642760330623328, "Pearson_r": 0.721351719277063, "R2": 0.513160755192632, "MAE": 0.46041787710144283, "MSE": 0.45038783091803153, "poisson_deviance_explained": 0.42254523928293886}, "11": {"AUC": NaN, "kappa": NaN, "f1": NaN, "precision": NaN, "recall": NaN, "average_precision": NaN, "Spearman_r": 0.7634030121495236, "Pearson_r": 0.7103225450044192, "R2": 0.5005440786871089, "MAE": 0.45478389878765474, "MSE": 0.45393146421490144, "poisson_deviance_explained": 0.41130605444063584}, "12": {"AUC": NaN, "kappa": NaN, "f1": NaN, "precision": NaN, "recall": NaN, "average_precision": NaN, "Spearman_r": 0.7601414685131223, "Pearson_r": 0.706862651644461, "R2": 0.49383197264655276, "MAE": 0.46439531128220946, "MSE": 0.4718087380014343, "poisson_deviance_explained": 0.40244142946654915}, "13": {"AUC": NaN, "kappa": NaN, "f1": NaN, "precision": NaN, "recall": NaN, "average_precision": NaN, "Spearman_r": 0.7604918632741304, "Pearson_r": 0.7103781805986892, "R2": 0.5002080298625837, "MAE": 0.43939619397788426, "MSE": 0.42228154576962423, "poisson_deviance_explained": 0.41098662427638766}, "14": {"AUC": NaN, "kappa": NaN, "f1": NaN, "precision": NaN, "recall": NaN, "average_precision": NaN, "Spearman_r": 0.7433388416451875, "Pearson_r": 0.6932203542898417, "R2": 0.4771117276168859, "MAE": 0.44655649158394956, "MSE": 0.4355758227449867, "poisson_deviance_explained": 0.38600310390531634}, "15": {"AUC": NaN, "kappa": NaN, "f1": NaN, "precision": NaN, "recall": NaN, "average_precision": NaN, "Spearman_r": 0.7696453361793852, "Pearson_r": 0.7250655840406435, "R2": 0.5193505100579099, "MAE": 0.4303591647793216, "MSE": 0.4025851888853968, "poisson_deviance_explained": 0.4263272026220899}, "16": {"AUC": NaN, "kappa": NaN, "f1": NaN, "precision": NaN, "recall": NaN, "average_precision": NaN, "Spearman_r": 0.7892588193121559, "Pearson_r": 0.7651993143833467, "R2": 0.5822076057873924, "MAE": 0.38590174787004394, "MSE": 0.32105126421245517, "poisson_deviance_explained": 0.5097564619049739}, "17": {"AUC": NaN, "kappa": NaN, "f1": NaN, "precision": NaN, "recall": NaN, "average_precision": NaN, "Spearman_r": 0.7870830368339659, "Pearson_r": 0.756039060220249, "R2": 0.5686252554674465, "MAE": 0.39529720270157287, "MSE": 0.32989451412069, "poisson_deviance_explained": 0.48911617587099476}, "18": {"AUC": NaN, "kappa": NaN, "f1": NaN, "precision": NaN, "recall": NaN, "average_precision": NaN, "Spearman_r": 0.7853610497267021, "Pearson_r": 0.7582754618180757, "R2": 0.5720935312174849, "MAE": 0.4018100695258049, "MSE": 0.33242848604913866, "poisson_deviance_explained": 0.48928264738814575}, "19": {"AUC": NaN, "kappa": NaN, "f1": NaN, "precision": NaN, "recall": NaN, "average_precision": NaN, "Spearman_r": 0.7704167543574993, "Pearson_r": 0.7383476117280993, "R2": 0.5421859041131469, "MAE": 0.41589037021210623, "MSE": 0.35960936485356476, "poisson_deviance_explained": 0.4566269668370164}, "20": {"AUC": NaN, "kappa": NaN, "f1": NaN, "precision": NaN, "recall": NaN, "average_precision": NaN, "Spearman_r": 0.7901624064605134, "Pearson_r": 0.7602991362895557, "R2": 0.5747627232536123, "MAE": 0.4082968776446028, "MSE": 0.34207027278582186, "poisson_deviance_explained": 0.48430349068856937}, "21": {"AUC": NaN, "kappa": NaN, "f1": NaN, "precision": NaN, "recall": NaN, "average_precision": NaN, "Spearman_r": 0.809282447541978, "Pearson_r": 0.7776248518595037, "R2": 0.5999098618468994, "MAE": 0.39900647822179464, "MSE": 0.3302579181091163, "poisson_deviance_explained": 0.5141114688950306}, "22": {"AUC": NaN, "kappa": NaN, "f1": NaN, "precision": NaN, "recall": NaN, "average_precision": NaN, "Spearman_r": 0.803839375665579, "Pearson_r": 0.7773069618804186, "R2": 0.6003887951486968, "MAE": 0.3769548523516408, "MSE": 0.29964239521625907, "poisson_deviance_explained": 0.508741396642556}, "23": {"AUC": NaN, "kappa": NaN, "f1": NaN, "precision": NaN, "recall": NaN, "average_precision": NaN, "Spearman_r": 0.7802181341788043, "Pearson_r": 0.7464351727823322, "R2": 0.5547252732974168, "MAE": 0.39912422905130185, "MSE": 0.346277166031247, "poisson_deviance_explained": 0.47007336956888424}, "24": {"AUC": NaN, "kappa": NaN, "f1": NaN, "precision": NaN, "recall": NaN, "average_precision": NaN, "Spearman_r": 0.7900631197685548, "Pearson_r": 0.757657645340963, "R2": 0.5722460026647405, "MAE": 0.3899023884355669, "MSE": 0.3340003599461874, "poisson_deviance_explained": 0.49052300169864516}, "25": {"AUC": NaN, "kappa": NaN, "f1": NaN, "precision": NaN, "recall": NaN, "average_precision": NaN, "Spearman_r": 0.7835102498745915, "Pearson_r": 0.7601681629312974, "R2": 0.5755745287456882, "MAE": 0.3912364030903272, "MSE": 0.31878753229916534, "poisson_deviance_explained": 0.49238668832774013}, "26": {"AUC": NaN, "kappa": NaN, "f1": NaN, "precision": NaN, "recall": NaN, "average_precision": NaN, "Spearman_r": 0.7679250076955638, "Pearson_r": 0.7342041305713355, "R2": 0.5377319777477143, "MAE": 0.40802548541382266, "MSE": 0.35483679609721547, "poisson_deviance_explained": 0.4475485018148804}, "27": {"AUC": NaN, "kappa": NaN, "f1": NaN, "precision": NaN, "recall": NaN, "average_precision": NaN, "Spearman_r": 0.7883633689941354,