{"1": {"AUC": NaN, "kappa": NaN, "f1": NaN, "precision": NaN, "recall": NaN, "average_precision": NaN, "Spearman_r": 0.7323963611977048, "Pearson_r": 0.715693221689788, "R2": 0.5105642768043519, "MAE": 0.43538139472552606, "MSE": 0.36441354385498237, "poisson_deviance_explained": 0.4393907500568345}, "2": {"AUC": NaN, "kappa": NaN, "f1": NaN, "precision": NaN, "recall": NaN, "average_precision": NaN, "Spearman_r": 0.7561638469540114, "Pearson_r": 0.7242002342429557, "R2": 0.5234118090608111, "MAE": 0.42635732547968974, "MSE": 0.36274081154923893, "poisson_deviance_explained": 0.44431456132530023}, "3": {"AUC": NaN, "kappa": NaN, "f1": NaN, "precision": NaN, "recall": NaN, "average_precision": NaN, "Spearman_r": 0.78279922687201, "Pearson_r": 0.768340009822474, "R2": 0.5870780360776842, "MAE": 0.3980855680425326, "MSE": 0.301507026781707, "poisson_deviance_explained": 0.5130947101333836}, "4": {"AUC": NaN, "kappa": NaN, "f1": NaN, "precision": NaN, "recall": NaN, "average_precision": NaN, "Spearman_r": 0.7222366249310735, "Pearson_r": 0.7116667089866165, "R2": 0.5046232676941502, "MAE": 0.6497292675637633, "MSE": 0.7158260222315381, "poisson_deviance_explained": 0.3809852933226605}, "5": {"AUC": NaN, "kappa": NaN, "f1": NaN, "precision": NaN, "recall": NaN, "average_precision": NaN, "Spearman_r": 0.764499534743007, "Pearson_r": 0.7342525441068763, "R2": 0.5359796601063223, "MAE": 0.4081479792204771, "MSE": 0.333132156154812, "poisson_deviance_explained": 0.4595791761084653}, "6": {"AUC": NaN, "kappa": NaN, "f1": NaN, "precision": NaN, "recall": NaN, "average_precision": NaN, "Spearman_r": 0.7767790050889417, "Pearson_r": 0.7489322159210231, "R2": 0.5562794713600006, "MAE": 0.4134014161202946, "MSE": 0.344878829884515, "poisson_deviance_explained": 0.47662705230448366}, "7": {"AUC": NaN, "kappa": NaN, "f1": NaN, "precision": NaN, "recall": NaN, "average_precision": NaN, "Spearman_r": 0.7799747101990203, "Pearson_r": 0.7500776207440583, "R2": 0.5585895557235533, "MAE": 0.3978623823741077, "MSE": 0.31162095823328834, "poisson_deviance_explained": 0.48384816189814284}, "8": {"AUC": NaN, "kappa": NaN, "f1": NaN, "precision": NaN, "recall": NaN, "average_precision": NaN, "Spearman_r": 0.7682335323304014, "Pearson_r": 0.7348227787636192, "R2": 0.5385489535538956, "MAE": 0.40107055771405753, "MSE": 0.33211804812576423, "poisson_deviance_explained": 0.45950117354677056}, "9": {"AUC": NaN, "kappa": NaN, "f1": NaN, "precision": NaN, "recall": NaN, "average_precision": NaN, "Spearman_r": 0.7721073480307171, "Pearson_r": 0.7367309182944375, "R2": 0.539380598750109, "MAE": 0.41560243076137615, "MSE": 0.3614278144319111, "poisson_deviance_explained": 0.455772084877047}, "10": {"AUC": NaN, "kappa": NaN, "f1": NaN, "precision": NaN, "recall": NaN, "average_precision": NaN, "Spearman_r": 0.7829861461851301, "Pearson_r": 0.7454321703396454, "R2": 0.5515032144429158, "MAE": 0.41441847450540287, "MSE": 0.3602523954402044, "poisson_deviance_explained": 0.4646640767574114}, "11": {"AUC": NaN, "kappa": NaN, "f1": NaN, "precision": NaN, "recall": NaN, "average_precision": NaN, "Spearman_r": 0.7839248303334201, "Pearson_r": 0.7421310777006858, "R2": 0.5470647720509721, "MAE": 0.42257887159443824, "MSE": 0.378425993644943, "poisson_deviance_explained": 0.46369458286965515}, "12": {"AUC": NaN, "kappa": NaN, "f1": NaN, "precision": NaN, "recall": NaN, "average_precision": NaN, "Spearman_r": 0.7830024726804065, "Pearson_r": 0.7482558520796331, "R2": 0.5563459301000953, "MAE": 0.4035739336728268, "MSE": 0.34234411219607175, "poisson_deviance_explained": 0.4755243490261044}, "13": {"AUC": NaN, "kappa": NaN, "f1": NaN, "precision": NaN, "recall": NaN, "average_precision": NaN, "Spearman_r": 0.7830568841310555, "Pearson_r": 0.7497049063657563, "R2": 0.5590128075694083, "MAE": 0.4034898144868875, "MSE": 0.3410837620334266, "poisson_deviance_explained": 0.4789220151997525}, "14": {"AUC": NaN, "kappa": NaN, "f1": NaN, "precision": NaN, "recall": NaN, "average_precision": NaN, "Spearman_r": 0.7839253126002894, "Pearson_r": 0.753373274455477, "R2": 0.5650756230502583, "MAE": 0.3952194737470454, "MSE": 0.3202137659024772, "poisson_deviance_explained": 0.4890854930433972}, "15": {"AUC": NaN, "kappa": NaN, "f1": NaN, "precision": NaN, "recall": NaN, "average_precision": NaN, "Spearman_r": 0.788446766689488, "Pearson_r": 0.7606033173516431, "R2": 0.575765491174939, "MAE": 0.3892151758707482, "MSE": 0.3127898523402155, "poisson_deviance_explained": 0.4981338744668238}, "16": {"AUC": NaN, "kappa": NaN, "f1": NaN, "precision": NaN, "recall": NaN, "average_precision": NaN, "Spearman_r": 0.7953828629688505, "Pearson_r": 0.7686211712478328, "R2": 0.587476915451605, "MAE": 0.387309546316049, "MSE": 0.3122157092193543, "poisson_deviance_explained": 0.5044309758208454}, "17": {"AUC": NaN, "kappa": NaN, "f1": NaN, "precision": NaN, "recall": NaN, "average_precision": NaN, "Spearman_r": 0.7915111534659437, "Pearson_r": 0.7637302675588183, "R2": 0.5803619672407831, "MAE": 0.3866978627096303, "MSE": 0.30676209293571266, "poisson_deviance_explained": 0.497729080933746}, "18": {"AUC": NaN, "kappa": NaN, "f1": NaN, "precision": NaN, "recall": NaN, "average_precision": NaN, "Spearman_r": 0.8050434317116067, "Pearson_r": 0.7824019702480411, "R2": 0.6103979145669116, "MAE": 0.3623497528208457, "MSE": 0.264612583749656, "poisson_deviance_explained": 0.5358645473207179}, "19": {"AUC": NaN, "kappa": NaN, "f1": NaN, "precision": NaN, "recall": NaN, "average_precision": NaN, "Spearman_r": 0.7911150646728554, "Pearson_r": 0.7697782455387893, "R2": 0.5912746162720997, "MAE": 0.37443376460735306, "MSE": 0.2885578726493372, "poisson_deviance_explained": 0.5160751856105281}, "20": {"AUC": NaN, "kappa": NaN, "f1": NaN, "precision": NaN, "recall": NaN, "average_precision": NaN, "Spearman_r": 0.8074383656959726, "Pearson_r": 0.7941851718416497, "R2": 0.6287179193382015, "MAE": 0.3646989898299585, "MSE": 0.2643407599503008, "poisson_deviance_explained": 0.5565400873403812}, "21": {"AUC": NaN, "kappa": NaN, "f1": NaN, "precision": NaN, "recall": NaN, "average_precision": NaN, "Spearman_r": 0.806080343507628, "Pearson_r": 0.7808644437749995, "R2": 0.6083713965689396, "MAE": 0.3638339761595391, "MSE": 0.27879682107675724, "poisson_deviance_explained": 0.5322019586678437}, "22": {"AUC": NaN, "kappa": NaN, "f1": NaN, "precision": NaN, "recall": NaN, "average_precision": NaN, "Spearman_r": 0.810531734777787, "Pearson_r": 0.8000448501672296, "R2": 0.6379976470491617, "MAE": 0.36302783042429587, "MSE": 0.26544856657451515, "poisson_deviance_explained": 0.5704579905364109}, "23": {"AUC": NaN, "kappa": NaN, "f1": NaN, "precision": NaN, "recall": NaN, "average_precision": NaN, "Spearman_r": 0.8064550307962006, "Pearson_r": 0.7861357168373956, "R2": 0.6163250725520653, "MAE": 0.3660132912067194, "MSE": 0.2817552516057577, "poisson_deviance_explained": 0.5414495217736954}, "24": {"AUC": NaN, "kappa": NaN, "f1": NaN, "precision": NaN, "recall": NaN, "average_precision": NaN, "Spearman_r": 0.8077061416859075, "Pearson_r": 0.7791608027897772, "R2": 0.605568180290001, "MAE": 0.36084179505955266, "MSE": 0.27718369376718216, "poisson_deviance_explained": 0.5294236020246401}, "25": {"AUC": NaN, "kappa": NaN, "f1": NaN, "precision": NaN, "recall": NaN, "average_precision": NaN, "Spearman_r": 0.8021703746024457, "Pearson_r": 0.7776735532422318, "R2": 0.6033638327474217, "MAE": 0.36729310589878783, "MSE": 0.2748278262269227, "poisson_deviance_explained": 0.530882422761664}, "26": {"AUC": NaN, "kappa": NaN, "f1": NaN, "precision": NaN, "recall": NaN, "average_precision": NaN, "Spearman_r": 0.7882016291645035, "Pearson_r": 0.763200701685347, "R2": 0.580801121766677, "MAE": 0.3772149408921862, "MSE": 0.29124194504504713, "poisson_deviance_explained": 0.5024423825488888}, "27": {"AUC": NaN, "kappa": NaN, "f1": NaN, "precision": NaN, "recall": NaN, "average_precision": NaN, "Spearman_r": 0.7891944871733831, "Pearson_r": 0.7662106680289769,