{"1": {"AUC": NaN, "kappa": NaN, "f1": NaN, "precision": NaN, "recall": NaN, "average_precision": NaN, "Spearman_r": 0.755918130235882, "Pearson_r": 0.7339332111286893, "R2": 0.5373009970524503, "MAE": 0.4065797554996905, "MSE": 0.31799962497828943, "poisson_deviance_explained": 0.47012034990007423}, "2": {"AUC": NaN, "kappa": NaN, "f1": NaN, "precision": NaN, "recall": NaN, "average_precision": NaN, "Spearman_r": 0.7645124529182431, "Pearson_r": 0.7489006060902902, "R2": 0.559400423997954, "MAE": 0.3993967926056118, "MSE": 0.31925419827006263, "poisson_deviance_explained": 0.48907853461484807}, "3": {"AUC": NaN, "kappa": NaN, "f1": NaN, "precision": NaN, "recall": NaN, "average_precision": NaN, "Spearman_r": 0.767922736008426, "Pearson_r": 0.7547361414575969, "R2": 0.5668365066475501, "MAE": 0.38211030954531605, "MSE": 0.2874073617184989, "poisson_deviance_explained": 0.5018398317684979}, "4": {"AUC": NaN, "kappa": NaN, "f1": NaN, "precision": NaN, "recall": NaN, "average_precision": NaN, "Spearman_r": 0.7227976800700637, "Pearson_r": 0.7179492928948586, "R2": 0.5124387384608268, "MAE": 0.5964434467703088, "MSE": 0.6226956596351284, "poisson_deviance_explained": 0.38977738793072103}, "5": {"AUC": NaN, "kappa": NaN, "f1": NaN, "precision": NaN, "recall": NaN, "average_precision": NaN, "Spearman_r": 0.787901193896593, "Pearson_r": 0.7696449233602396, "R2": 0.5900585602845356, "MAE": 0.3680667880311507, "MSE": 0.27080827024596776, "poisson_deviance_explained": 0.51792322828181}, "6": {"AUC": NaN, "kappa": NaN, "f1": NaN, "precision": NaN, "recall": NaN, "average_precision": NaN, "Spearman_r": 0.7848956870661947, "Pearson_r": 0.7601982600745717, "R2": 0.5744834578489006, "MAE": 0.3727109353647426, "MSE": 0.2719921969625836, "poisson_deviance_explained": 0.5074801787388692}, "7": {"AUC": NaN, "kappa": NaN, "f1": NaN, "precision": NaN, "recall": NaN, "average_precision": NaN, "Spearman_r": 0.7830913404258341, "Pearson_r": 0.7638975397300539, "R2": 0.5805540912632224, "MAE": 0.37392276927047563, "MSE": 0.28279467755251425, "poisson_deviance_explained": 0.5140842790275769}, "8": {"AUC": NaN, "kappa": NaN, "f1": NaN, "precision": NaN, "recall": NaN, "average_precision": NaN, "Spearman_r": 0.7804531068006926, "Pearson_r": 0.7578140279752537, "R2": 0.5720460945905245, "MAE": 0.37315413270772124, "MSE": 0.28413241696832375, "poisson_deviance_explained": 0.5016681338403357}, "9": {"AUC": NaN, "kappa": NaN, "f1": NaN, "precision": NaN, "recall": NaN, "average_precision": NaN, "Spearman_r": 0.7893802750549804, "Pearson_r": 0.7685829867938208, "R2": 0.5871373196487821, "MAE": 0.36620661113318576, "MSE": 0.26815805730497294, "poisson_deviance_explained": 0.5191968272097929}, "10": {"AUC": NaN, "kappa": NaN, "f1": NaN, "precision": NaN, "recall": NaN, "average_precision": NaN, "Spearman_r": 0.7948273820062924, "Pearson_r": 0.7617414870321859, "R2": 0.5775112034379997, "MAE": 0.37041234944327267, "MSE": 0.2926604993490287, "poisson_deviance_explained": 0.5018626246648105}, "11": {"AUC": NaN, "kappa": NaN, "f1": NaN, "precision": NaN, "recall": NaN, "average_precision": NaN, "Spearman_r": 0.7761756898668841, "Pearson_r": 0.733576214304431, "R2": 0.5362188968628416, "MAE": 0.3958449654770938, "MSE": 0.3331920285429761, "poisson_deviance_explained": 0.4595790897934282}, "12": {"AUC": NaN, "kappa": NaN, "f1": NaN, "precision": NaN, "recall": NaN, "average_precision": NaN, "Spearman_r": 0.7814678163987391, "Pearson_r": 0.753917212080687, "R2": 0.5660571808195626, "MAE": 0.38687875769415364, "MSE": 0.3209761252847329, "poisson_deviance_explained": 0.4885668330414459}, "13": {"AUC": NaN, "kappa": NaN, "f1": NaN, "precision": NaN, "recall": NaN, "average_precision": NaN, "Spearman_r": 0.7962715795323085, "Pearson_r": 0.7737890566873528, "R2": 0.5960364174536898, "MAE": 0.3644030742968654, "MSE": 0.27102553087284464, "poisson_deviance_explained": 0.5227561333986421}, "14": {"AUC": NaN, "kappa": NaN, "f1": NaN, "precision": NaN, "recall": NaN, "average_precision": NaN, "Spearman_r": 0.7888216945874174, "Pearson_r": 0.7687730705280547, "R2": 0.5893840712033904, "MAE": 0.3718412908781823, "MSE": 0.2901616736517856, "poisson_deviance_explained": 0.509215666078245}, "15": {"AUC": NaN, "kappa": NaN, "f1": NaN, "precision": NaN, "recall": NaN, "average_precision": NaN, "Spearman_r": 0.7836748649569639, "Pearson_r": 0.7566450563702799, "R2": 0.5699736624870446, "MAE": 0.37336135382277347, "MSE": 0.29788020396382525, "poisson_deviance_explained": 0.4928743735527089}, "16": {"AUC": NaN, "kappa": NaN, "f1": NaN, "precision": NaN, "recall": NaN, "average_precision": NaN, "Spearman_r": 0.7862638983944261, "Pearson_r": 0.7623144499450262, "R2": 0.5792693505009769, "MAE": 0.3619373141596215, "MSE": 0.2744639381217863, "poisson_deviance_explained": 0.5052307396490185}, "17": {"AUC": NaN, "kappa": NaN, "f1": NaN, "precision": NaN, "recall": NaN, "average_precision": NaN, "Spearman_r": 0.7943414028546888, "Pearson_r": 0.7877584978139696, "R2": 0.617909356671853, "MAE": 0.36063459509113566, "MSE": 0.26181659890096715, "poisson_deviance_explained": 0.547986740471334}, "18": {"AUC": NaN, "kappa": NaN, "f1": NaN, "precision": NaN, "recall": NaN, "average_precision": NaN, "Spearman_r": 0.7985984684516283, "Pearson_r": 0.7881140696602423, "R2": 0.6193160972535752, "MAE": 0.35263464022450514, "MSE": 0.252714086966038, "poisson_deviance_explained": 0.5505198492746022}, "19": {"AUC": NaN, "kappa": NaN, "f1": NaN, "precision": NaN, "recall": NaN, "average_precision": NaN, "Spearman_r": 0.8068499255123049, "Pearson_r": 0.7928427158140665, "R2": 0.626966595733176, "MAE": 0.34648578236658817, "MSE": 0.2528912002998388, "poisson_deviance_explained": 0.5554609822015983}, "20": {"AUC": NaN, "kappa": NaN, "f1": NaN, "precision": NaN, "recall": NaN, "average_precision": NaN, "Spearman_r": 0.8077542033611886, "Pearson_r": 0.7909053934130964, "R2": 0.6241987843067651, "MAE": 0.3533291082262327, "MSE": 0.2586486662147923, "poisson_deviance_explained": 0.551470803417768}, "21": {"AUC": NaN, "kappa": NaN, "f1": NaN, "precision": NaN, "recall": NaN, "average_precision": NaN, "Spearman_r": 0.8209555289195362, "Pearson_r": 0.8105277363569501, "R2": 0.6546634237520179, "MAE": 0.33903198653186567, "MSE": 0.23038808958847048, "poisson_deviance_explained": 0.5880755713236578}, "22": {"AUC": NaN, "kappa": NaN, "f1": NaN, "precision": NaN, "recall": NaN, "average_precision": NaN, "Spearman_r": 0.803781259513478, "Pearson_r": 0.7865194367120684, "R2": 0.6175785172272252, "MAE": 0.3501209821806383, "MSE": 0.25152857324422956, "poisson_deviance_explained": 0.5518183955229568}, "23": {"AUC": NaN, "kappa": NaN, "f1": NaN, "precision": NaN, "recall": NaN, "average_precision": NaN, "Spearman_r": 0.8157560808451092, "Pearson_r": 0.7971189730715059, "R2": 0.6336003622254172, "MAE": 0.3403245934522018, "MSE": 0.23724698642591108, "poisson_deviance_explained": 0.5739605858178739}, "24": {"AUC": NaN, "kappa": NaN, "f1": NaN, "precision": NaN, "recall": NaN, "average_precision": NaN, "Spearman_r": 0.8035589812577364, "Pearson_r": 0.7925417418110615, "R2": 0.6266081399104912, "MAE": 0.3528843279734829, "MSE": 0.2512964162751807, "poisson_deviance_explained": 0.5592656006016111}, "25": {"AUC": NaN, "kappa": NaN, "f1": NaN, "precision": NaN, "recall": NaN, "average_precision": NaN, "Spearman_r": 0.8033478931785425, "Pearson_r": 0.790948025871767, "R2": 0.6240263607690959, "MAE": 0.3478970984594689, "MSE": 0.24893937216051745, "poisson_deviance_explained": 0.5537473945142075}, "26": {"AUC": NaN, "kappa": NaN, "f1": NaN, "precision": NaN, "recall": NaN, "average_precision": NaN, "Spearman_r": 0.8146841789323606, "Pearson_r": 0.8063703267073213, "R2": 0.648147258410548, "MAE": 0.33530458063431023, "MSE": 0.2280615381895834, "poisson_deviance_explained": 0.584071668243118}, "27": {"AUC": NaN, "kappa": NaN, "f1": NaN, "precision": NaN, "recall": NaN, "average_precision": NaN, "Spearman_r": 0.7969360815807036, "Pearson_r": 0.7796040254922488,