{"1": {"AUC": NaN, "kappa": NaN, "f1": NaN, "precision": NaN, "recall": NaN, "average_precision": NaN, "Spearman_r": 0.7606758512963253, "Pearson_r": 0.7382705607254345, "R2": 0.5444404569398005, "MAE": 0.4149263091962371, "MSE": 0.3417842333750268, "poisson_deviance_explained": 0.46984970063658216}, "2": {"AUC": NaN, "kappa": NaN, "f1": NaN, "precision": NaN, "recall": NaN, "average_precision": NaN, "Spearman_r": 0.7520020732565057, "Pearson_r": 0.7267203632657392, "R2": 0.5272587522785159, "MAE": 0.44079948479624526, "MSE": 0.40058206322673673, "poisson_deviance_explained": 0.4521057935624484}, "3": {"AUC": NaN, "kappa": NaN, "f1": NaN, "precision": NaN, "recall": NaN, "average_precision": NaN, "Spearman_r": 0.7685434878182053, "Pearson_r": 0.7478571102494681, "R2": 0.5587508205483188, "MAE": 0.41202241536701795, "MSE": 0.3430156841618748, "poisson_deviance_explained": 0.48762275992053994}, "4": {"AUC": NaN, "kappa": NaN, "f1": NaN, "precision": NaN, "recall": NaN, "average_precision": NaN, "Spearman_r": 0.6863075678098846, "Pearson_r": 0.6799287882898772, "R2": 0.45962869837905906, "MAE": 0.6936698899557201, "MSE": 0.7998923486864564, "poisson_deviance_explained": 0.33862005793302963}, "5": {"AUC": NaN, "kappa": NaN, "f1": NaN, "precision": NaN, "recall": NaN, "average_precision": NaN, "Spearman_r": 0.7610336816182564, "Pearson_r": 0.7375635464396505, "R2": 0.5433027147650256, "MAE": 0.42643863274046184, "MSE": 0.3683757819646869, "poisson_deviance_explained": 0.4658774600059079}, "6": {"AUC": NaN, "kappa": NaN, "f1": NaN, "precision": NaN, "recall": NaN, "average_precision": NaN, "Spearman_r": 0.7736143068117116, "Pearson_r": 0.7399099292024162, "R2": 0.5460748016464525, "MAE": 0.41608923641980505, "MSE": 0.3538320321013777, "poisson_deviance_explained": 0.4678857703313234}, "7": {"AUC": NaN, "kappa": NaN, "f1": NaN, "precision": NaN, "recall": NaN, "average_precision": NaN, "Spearman_r": 0.7826841187848863, "Pearson_r": 0.7618409848323071, "R2": 0.5784940501946411, "MAE": 0.40903273376234267, "MSE": 0.346144237265079, "poisson_deviance_explained": 0.4977185436024627}, "8": {"AUC": NaN, "kappa": NaN, "f1": NaN, "precision": NaN, "recall": NaN, "average_precision": NaN, "Spearman_r": 0.7731261159562774, "Pearson_r": 0.7402238351774981, "R2": 0.546681011481235, "MAE": 0.40699813776364496, "MSE": 0.350305327412984, "poisson_deviance_explained": 0.4630763827377625}, "9": {"AUC": NaN, "kappa": NaN, "f1": NaN, "precision": NaN, "recall": NaN, "average_precision": NaN, "Spearman_r": 0.7939530818077588, "Pearson_r": 0.7630482533357414, "R2": 0.5801068312280775, "MAE": 0.41128418362584995, "MSE": 0.35390497262177417, "poisson_deviance_explained": 0.49071393940565233}, "10": {"AUC": NaN, "kappa": NaN, "f1": NaN, "precision": NaN, "recall": NaN, "average_precision": NaN, "Spearman_r": 0.7722560115611568, "Pearson_r": 0.7297883278708874, "R2": 0.5311867730013191, "MAE": 0.42810697127855424, "MSE": 0.39889220469977754, "poisson_deviance_explained": 0.4418893756771931}, "11": {"AUC": NaN, "kappa": NaN, "f1": NaN, "precision": NaN, "recall": NaN, "average_precision": NaN, "Spearman_r": 0.7728249393560088, "Pearson_r": 0.7297428484764323, "R2": 0.5312109127398617, "MAE": 0.4296675102826632, "MSE": 0.4051687647551504, "poisson_deviance_explained": 0.4465319712523993}, "12": {"AUC": NaN, "kappa": NaN, "f1": NaN, "precision": NaN, "recall": NaN, "average_precision": NaN, "Spearman_r": 0.7696946462613874, "Pearson_r": 0.7356790253166097, "R2": 0.5387444669300779, "MAE": 0.4312902753099802, "MSE": 0.40214699112402424, "poisson_deviance_explained": 0.4535957353245822}, "13": {"AUC": NaN, "kappa": NaN, "f1": NaN, "precision": NaN, "recall": NaN, "average_precision": NaN, "Spearman_r": 0.7869376921381499, "Pearson_r": 0.7566218160171605, "R2": 0.5708316969055712, "MAE": 0.4075067004403713, "MSE": 0.3575116485619899, "poisson_deviance_explained": 0.49525951778720867}, "14": {"AUC": NaN, "kappa": NaN, "f1": NaN, "precision": NaN, "recall": NaN, "average_precision": NaN, "Spearman_r": 0.7881670878380516, "Pearson_r": 0.7597759820729875, "R2": 0.5757282875539493, "MAE": 0.40183187999603487, "MSE": 0.34428701611089396, "poisson_deviance_explained": 0.49689735412461133}, "15": {"AUC": NaN, "kappa": NaN, "f1": NaN, "precision": NaN, "recall": NaN, "average_precision": NaN, "Spearman_r": 0.788134091149452, "Pearson_r": 0.7622835106356813, "R2": 0.5795552126379471, "MAE": 0.3983256616057168, "MSE": 0.33567479430977004, "poisson_deviance_explained": 0.4974976894429821}, "16": {"AUC": NaN, "kappa": NaN, "f1": NaN, "precision": NaN, "recall": NaN, "average_precision": NaN, "Spearman_r": 0.7987567783331664, "Pearson_r": 0.7815029956966959, "R2": 0.6073431457121338, "MAE": 0.3968746139352574, "MSE": 0.327170028332645, "poisson_deviance_explained": 0.524304599287738}, "17": {"AUC": NaN, "kappa": NaN, "f1": NaN, "precision": NaN, "recall": NaN, "average_precision": NaN, "Spearman_r": 0.793919659334017, "Pearson_r": 0.7747530742795127, "R2": 0.5996775292201366, "MAE": 0.3813426340499122, "MSE": 0.3173457528641916, "poisson_deviance_explained": 0.5185426831021255}, "18": {"AUC": NaN, "kappa": NaN, "f1": NaN, "precision": NaN, "recall": NaN, "average_precision": NaN, "Spearman_r": 0.7966562855632413, "Pearson_r": 0.7750505518372176, "R2": 0.6002899845393299, "MAE": 0.3857080452146419, "MSE": 0.3058171471721473, "poisson_deviance_explained": 0.5168941031743981}, "19": {"AUC": NaN, "kappa": NaN, "f1": NaN, "precision": NaN, "recall": NaN, "average_precision": NaN, "Spearman_r": 0.8111977619747545, "Pearson_r": 0.8034539963729642, "R2": 0.6443302853042266, "MAE": 0.3696939455166003, "MSE": 0.2863227748404233, "poisson_deviance_explained": 0.5722016554121384}, "20": {"AUC": NaN, "kappa": NaN, "f1": NaN, "precision": NaN, "recall": NaN, "average_precision": NaN, "Spearman_r": 0.8013188834560749, "Pearson_r": 0.7730992274772931, "R2": 0.5972297103057296, "MAE": 0.3899734484714606, "MSE": 0.33217247030142916, "poisson_deviance_explained": 0.5003806680178355}, "21": {"AUC": NaN, "kappa": NaN, "f1": NaN, "precision": NaN, "recall": NaN, "average_precision": NaN, "Spearman_r": 0.7960885480352557, "Pearson_r": 0.7776201872430424, "R2": 0.6043043587477943, "MAE": 0.3868381892692453, "MSE": 0.3223990455997105, "poisson_deviance_explained": 0.5331457168813405}, "22": {"AUC": NaN, "kappa": NaN, "f1": NaN, "precision": NaN, "recall": NaN, "average_precision": NaN, "Spearman_r": 0.8183296078398057, "Pearson_r": 0.7896824393881925, "R2": 0.6227675627064057, "MAE": 0.3718071924648654, "MSE": 0.3038001932095668, "poisson_deviance_explained": 0.5396927006482657}, "23": {"AUC": NaN, "kappa": NaN, "f1": NaN, "precision": NaN, "recall": NaN, "average_precision": NaN, "Spearman_r": 0.8047266176081963, "Pearson_r": 0.7972490260136108, "R2": 0.6338831344973586, "MAE": 0.38443519746458843, "MSE": 0.30773908654332427, "poisson_deviance_explained": 0.562023883895689}, "24": {"AUC": NaN, "kappa": NaN, "f1": NaN, "precision": NaN, "recall": NaN, "average_precision": NaN, "Spearman_r": 0.8044567114125207, "Pearson_r": 0.7810821076436872, "R2": 0.6086642328339618, "MAE": 0.3741051006591448, "MSE": 0.2952873550063736, "poisson_deviance_explained": 0.5301622784744202}, "25": {"AUC": NaN, "kappa": NaN, "f1": NaN, "precision": NaN, "recall": NaN, "average_precision": NaN, "Spearman_r": 0.8064676883286277, "Pearson_r": 0.7945812583688503, "R2": 0.6301782345881815, "MAE": 0.37892024903092075, "MSE": 0.2972392241929133, "poisson_deviance_explained": 0.5559351185132178}, "26": {"AUC": NaN, "kappa": NaN, "f1": NaN, "precision": NaN, "recall": NaN, "average_precision": NaN, "Spearman_r": 0.788811351621098, "Pearson_r": 0.7689188287312517, "R2": 0.5896829885616228, "MAE": 0.38818884726830855, "MSE": 0.32463496604391545, "poisson_deviance_explained": 0.5209021258223501}, "27": {"AUC": NaN, "kappa": NaN, "f1": NaN, "precision": NaN, "recall": NaN, "average_precision": NaN, "Spearman_r": 0.7629198820916363,