{"1": {"AUC": NaN, "kappa": NaN, "f1": NaN, "precision": NaN, "recall": NaN, "average_precision": NaN, "Spearman_r": 0.6982610674027879, "Pearson_r": 0.6683865059284765, "R2": 0.44143322479223635, "MAE": 0.4626126840933938, "MSE": 0.4685779861468237, "poisson_deviance_explained": 0.35517800010191125}, "2": {"AUC": NaN, "kappa": NaN, "f1": NaN, "precision": NaN, "recall": NaN, "average_precision": NaN, "Spearman_r": 0.7515564772229857, "Pearson_r": 0.7346973823657184, "R2": 0.5393681532113503, "MAE": 0.4330231249696489, "MSE": 0.40081568147264024, "poisson_deviance_explained": 0.46193719595272187}, "3": {"AUC": NaN, "kappa": NaN, "f1": NaN, "precision": NaN, "recall": NaN, "average_precision": NaN, "Spearman_r": 0.7831087336529008, "Pearson_r": 0.7572359559599751, "R2": 0.5727590234877411, "MAE": 0.4035765470786308, "MSE": 0.3619968303752386, "poisson_deviance_explained": 0.5039696391721137}, "4": {"AUC": NaN, "kappa": NaN, "f1": NaN, "precision": NaN, "recall": NaN, "average_precision": NaN, "Spearman_r": 0.7672362036858633, "Pearson_r": 0.7507830311921972, "R2": 0.5622170973293774, "MAE": 0.4221306823263179, "MSE": 0.400314149887383, "poisson_deviance_explained": 0.4782257660583793}, "5": {"AUC": NaN, "kappa": NaN, "f1": NaN, "precision": NaN, "recall": NaN, "average_precision": NaN, "Spearman_r": 0.7750845200482454, "Pearson_r": 0.7588818033736541, "R2": 0.5742408975852562, "MAE": 0.40505934134801513, "MSE": 0.3606770417347606, "poisson_deviance_explained": 0.49790107490376034}, "6": {"AUC": NaN, "kappa": NaN, "f1": NaN, "precision": NaN, "recall": NaN, "average_precision": NaN, "Spearman_r": 0.777614553434537, "Pearson_r": 0.7394041722285474, "R2": 0.5444282897424446, "MAE": 0.4309114619298029, "MSE": 0.4140548315561221, "poisson_deviance_explained": 0.4542101831777705}, "7": {"AUC": NaN, "kappa": NaN, "f1": NaN, "precision": NaN, "recall": NaN, "average_precision": NaN, "Spearman_r": 0.7769215299238111, "Pearson_r": 0.7366853207802803, "R2": 0.541091314410149, "MAE": 0.4324584600614665, "MSE": 0.416590457705096, "poisson_deviance_explained": 0.44692892000715423}, "8": {"AUC": NaN, "kappa": NaN, "f1": NaN, "precision": NaN, "recall": NaN, "average_precision": NaN, "Spearman_r": 0.7861658200205912, "Pearson_r": 0.7586747367357521, "R2": 0.5729474469618256, "MAE": 0.41744137601101605, "MSE": 0.3799254139068191, "poisson_deviance_explained": 0.4726699853070806}, "9": {"AUC": NaN, "kappa": NaN, "f1": NaN, "precision": NaN, "recall": NaN, "average_precision": NaN, "Spearman_r": 0.7881142861257244, "Pearson_r": 0.7434265422436742, "R2": 0.5503146727268813, "MAE": 0.4230258850602766, "MSE": 0.40886326583461396, "poisson_deviance_explained": 0.4472574396298853}, "10": {"AUC": NaN, "kappa": NaN, "f1": NaN, "precision": NaN, "recall": NaN, "average_precision": NaN, "Spearman_r": 0.787700659414538, "Pearson_r": 0.7382944531880595, "R2": 0.5439014475986375, "MAE": 0.4263812507301162, "MSE": 0.41304811880855985, "poisson_deviance_explained": 0.4475142855487396}, "11": {"AUC": NaN, "kappa": NaN, "f1": NaN, "precision": NaN, "recall": NaN, "average_precision": NaN, "Spearman_r": 0.746998620404666, "Pearson_r": 0.6961777821698826, "R2": 0.4826097523537216, "MAE": 0.49058978268753595, "MSE": 0.5387468690147226, "poisson_deviance_explained": 0.3912469545022609}, "12": {"AUC": NaN, "kappa": NaN, "f1": NaN, "precision": NaN, "recall": NaN, "average_precision": NaN, "Spearman_r": 0.7642865009501366, "Pearson_r": 0.7267454731240918, "R2": 0.5256910084003271, "MAE": 0.4691146791454912, "MSE": 0.49015966231826985, "poisson_deviance_explained": 0.4419591072328968}, "13": {"AUC": NaN, "kappa": NaN, "f1": NaN, "precision": NaN, "recall": NaN, "average_precision": NaN, "Spearman_r": 0.7877964085763614, "Pearson_r": 0.7591386934025044, "R2": 0.5729943486730287, "MAE": 0.4420849396851787, "MSE": 0.43067270431053206, "poisson_deviance_explained": 0.48741418506975975}, "14": {"AUC": NaN, "kappa": NaN, "f1": NaN, "precision": NaN, "recall": NaN, "average_precision": NaN, "Spearman_r": 0.7939636383355654, "Pearson_r": 0.7732038892227879, "R2": 0.5956150073656825, "MAE": 0.4053629607325922, "MSE": 0.355758003463103, "poisson_deviance_explained": 0.5197171095491313}, "15": {"AUC": NaN, "kappa": NaN, "f1": NaN, "precision": NaN, "recall": NaN, "average_precision": NaN, "Spearman_r": 0.7804427938906576, "Pearson_r": 0.7538194625887349, "R2": 0.5653364186373795, "MAE": 0.43842437837473125, "MSE": 0.40978292360879387, "poisson_deviance_explained": 0.46891070329595885}, "16": {"AUC": NaN, "kappa": NaN, "f1": NaN, "precision": NaN, "recall": NaN, "average_precision": NaN, "Spearman_r": 0.7851839603334888, "Pearson_r": 0.7550546028263745, "R2": 0.5679265728687705, "MAE": 0.4222710535258697, "MSE": 0.4006494089766718, "poisson_deviance_explained": 0.479609255790741}, "17": {"AUC": NaN, "kappa": NaN, "f1": NaN, "precision": NaN, "recall": NaN, "average_precision": NaN, "Spearman_r": 0.7665512687344472, "Pearson_r": 0.7359180174314461, "R2": 0.5403911480755407, "MAE": 0.42393266975155075, "MSE": 0.4110269106112849, "poisson_deviance_explained": 0.45186498839000866}, "18": {"AUC": NaN, "kappa": NaN, "f1": NaN, "precision": NaN, "recall": NaN, "average_precision": NaN, "Spearman_r": 0.8107311043846083, "Pearson_r": 0.7887576455304622, "R2": 0.6206685529466744, "MAE": 0.40059102740516817, "MSE": 0.34284003382606276, "poisson_deviance_explained": 0.5092646295963159}, "19": {"AUC": NaN, "kappa": NaN, "f1": NaN, "precision": NaN, "recall": NaN, "average_precision": NaN, "Spearman_r": 0.8051224895547934, "Pearson_r": 0.7781281007190812, "R2": 0.6016031092545917, "MAE": 0.4018592070634666, "MSE": 0.36507170630283026, "poisson_deviance_explained": 0.500609394882154}, "20": {"AUC": NaN, "kappa": NaN, "f1": NaN, "precision": NaN, "recall": NaN, "average_precision": NaN, "Spearman_r": 0.8205322523281111, "Pearson_r": 0.7999176138693427, "R2": 0.6390516671233726, "MAE": 0.3856685363256671, "MSE": 0.3189835986311274, "poisson_deviance_explained": 0.5521374708799378}, "21": {"AUC": NaN, "kappa": NaN, "f1": NaN, "precision": NaN, "recall": NaN, "average_precision": NaN, "Spearman_r": 0.8173614634335954, "Pearson_r": 0.7980537624319339, "R2": 0.6364686107245665, "MAE": 0.38573699242158044, "MSE": 0.3415489728488643, "poisson_deviance_explained": 0.5592746470987098}, "22": {"AUC": NaN, "kappa": NaN, "f1": NaN, "precision": NaN, "recall": NaN, "average_precision": NaN, "Spearman_r": 0.7973587172013403, "Pearson_r": 0.7715125026924556, "R2": 0.5938494773412241, "MAE": 0.39497629172593585, "MSE": 0.3459686747154187, "poisson_deviance_explained": 0.4957773834013135}, "23": {"AUC": NaN, "kappa": NaN, "f1": NaN, "precision": NaN, "recall": NaN, "average_precision": NaN, "Spearman_r": 0.8078854866424947, "Pearson_r": 0.7757598620696774, "R2": 0.5999619051977845, "MAE": 0.3995122838994187, "MSE": 0.356252359520267, "poisson_deviance_explained": 0.5104138337614132}, "24": {"AUC": NaN, "kappa": NaN, "f1": NaN, "precision": NaN, "recall": NaN, "average_precision": NaN, "Spearman_r": 0.813956238134656, "Pearson_r": 0.783826543467187, "R2": 0.6134117914808199, "MAE": 0.36969521227407326, "MSE": 0.3043975987032947, "poisson_deviance_explained": 0.5236235993521405}, "25": {"AUC": NaN, "kappa": NaN, "f1": NaN, "precision": NaN, "recall": NaN, "average_precision": NaN, "Spearman_r": 0.7918779449630916, "Pearson_r": 0.7677028620163194, "R2": 0.5879135548705872, "MAE": 0.40272010354802257, "MSE": 0.3527547743701415, "poisson_deviance_explained": 0.5022151977882958}, "26": {"AUC": NaN, "kappa": NaN, "f1": NaN, "precision": NaN, "recall": NaN, "average_precision": NaN, "Spearman_r": 0.7491860349380671, "Pearson_r": 0.726732979770733, "R2": 0.5281344234840384, "MAE": 0.4139178319413334, "MSE": 0.3769982378351088, "poisson_deviance_explained": 0.4458038756062275}, "27": {"AUC": NaN, "kappa": NaN, "f1": NaN, "precision": NaN, "recall": NaN, "average_precision": NaN, "Spearman_r": 0.7417954289656519, "Pearson_r": 0.7206121019457598,