{"AUC": NaN, "kappa": NaN, "f1": NaN, "precision": NaN, "recall": NaN, "average_precision": NaN, "Spearman_r": 0.7791731388724028, "Pearson_r": 0.7446273602822363, "R2": 0.5533212748618591, "MAE": 0.41110788277270655, "MSE": 0.364842337407931, "poisson_deviance_explained": 0.4664683040361117}
