{"AUC": NaN, "kappa": NaN, "f1": NaN, "precision": NaN, "recall": NaN, "average_precision": NaN, "Spearman_r": 0.7815543891293, "Pearson_r": 0.7472828128376141, "R2": 0.5549510038385135, "MAE": 0.4307357865012094, "MSE": 0.40227034984812793, "poisson_deviance_explained": 0.4670125831910362}
