{"AUC": NaN, "kappa": NaN, "f1": NaN, "precision": NaN, "recall": NaN, "average_precision": NaN, "Spearman_r": 0.7739940312785111, "Pearson_r": 0.7386276708288175, "R2": 0.5422137572636909, "MAE": 0.4240035697676157, "MSE": 0.3789648266264922, "poisson_deviance_explained": 0.4561139851942009}
