{"1": {"AUC": NaN, "kappa": NaN, "f1": NaN, "precision": NaN, "recall": NaN, "average_precision": NaN, "Spearman_r": 0.8026777751223746, "Pearson_r": 0.7978588710811908, "R2": 0.6350975872636788, "MAE": 0.36591320167630825, "MSE": 0.24251855282795243, "poisson_deviance_explained": 0.5808120243404868}, "2": {"AUC": NaN, "kappa": NaN, "f1": NaN, "precision": NaN, "recall": NaN, "average_precision": NaN, "Spearman_r": 0.8095725594193586, "Pearson_r": 0.8062245698007724, "R2": 0.647668543667431, "MAE": 0.36143312154393464, "MSE": 0.2406456635275339, "poisson_deviance_explained": 0.5935012473567631}, "3": {"AUC": NaN, "kappa": NaN, "f1": NaN, "precision": NaN, "recall": NaN, "average_precision": NaN, "Spearman_r": 0.8144053304963288, "Pearson_r": 0.8069234041953324, "R2": 0.6493338673917659, "MAE": 0.3564893299337355, "MSE": 0.235506238014461, "poisson_deviance_explained": 0.5867353929492771}, "4": {"AUC": NaN, "kappa": NaN, "f1": NaN, "precision": NaN, "recall": NaN, "average_precision": NaN, "Spearman_r": 0.7452011957155538, "Pearson_r": 0.7167518234394648, "R2": 0.5115635721875726, "MAE": 0.4732953831237822, "MSE": 0.4379975820876002, "poisson_deviance_explained": 0.39023833026292787}, "5": {"AUC": NaN, "kappa": NaN, "f1": NaN, "precision": NaN, "recall": NaN, "average_precision": NaN, "Spearman_r": 0.8096807943616505, "Pearson_r": 0.8032831647977673, "R2": 0.6430913842240835, "MAE": 0.35620083120871787, "MSE": 0.235629359646559, "poisson_deviance_explained": 0.5888042635789958}, "6": {"AUC": NaN, "kappa": NaN, "f1": NaN, "precision": NaN, "recall": NaN, "average_precision": NaN, "Spearman_r": 0.8142459158145359, "Pearson_r": 0.8088508880600828, "R2": 0.6516487983702313, "MAE": 0.3529605160260708, "MSE": 0.22632540787087066, "poisson_deviance_explained": 0.5982575554216882}, "7": {"AUC": NaN, "kappa": NaN, "f1": NaN, "precision": NaN, "recall": NaN, "average_precision": NaN, "Spearman_r": 0.8050943565761939, "Pearson_r": 0.7983554322229595, "R2": 0.6349020473358244, "MAE": 0.3451744553238406, "MSE": 0.21971718103110602, "poisson_deviance_explained": 0.5831231939869229}, "8": {"AUC": NaN, "kappa": NaN, "f1": NaN, "precision": NaN, "recall": NaN, "average_precision": NaN, "Spearman_r": 0.8050276736893954, "Pearson_r": 0.7920447095055047, "R2": 0.6252677102721764, "MAE": 0.3465604197478631, "MSE": 0.22742263617607403, "poisson_deviance_explained": 0.5699359558872699}, "9": {"AUC": NaN, "kappa": NaN, "f1": NaN, "precision": NaN, "recall": NaN, "average_precision": NaN, "Spearman_r": 0.8012940938385513, "Pearson_r": 0.7923401645631095, "R2": 0.6262292322043879, "MAE": 0.3473784223625903, "MSE": 0.22703335032276864, "poisson_deviance_explained": 0.572869669082554}, "10": {"AUC": NaN, "kappa": NaN, "f1": NaN, "precision": NaN, "recall": NaN, "average_precision": NaN, "Spearman_r": 0.8005693166374889, "Pearson_r": 0.7836466994199721, "R2": 0.6130246008119715, "MAE": 0.36463801077525265, "MSE": 0.26042075050020586, "poisson_deviance_explained": 0.5525685518995952}, "11": {"AUC": NaN, "kappa": NaN, "f1": NaN, "precision": NaN, "recall": NaN, "average_precision": NaN, "Spearman_r": 0.8125429306648763, "Pearson_r": 0.7935152245849835, "R2": 0.6279944130717278, "MAE": 0.35864403633265873, "MSE": 0.25505619710907224, "poisson_deviance_explained": 0.5646578356033396}, "12": {"AUC": NaN, "kappa": NaN, "f1": NaN, "precision": NaN, "recall": NaN, "average_precision": NaN, "Spearman_r": 0.810092787071866, "Pearson_r": 0.8043218945351819, "R2": 0.6448754216399788, "MAE": 0.3552459751532996, "MSE": 0.23763937963329304, "poisson_deviance_explained": 0.586281213307303}, "13": {"AUC": NaN, "kappa": NaN, "f1": NaN, "precision": NaN, "recall": NaN, "average_precision": NaN, "Spearman_r": 0.8014213633694348, "Pearson_r": 0.78987405220008, "R2": 0.6223789303765284, "MAE": 0.34663061441787407, "MSE": 0.22832374522454518, "poisson_deviance_explained": 0.5625844068691612}, "14": {"AUC": NaN, "kappa": NaN, "f1": NaN, "precision": NaN, "recall": NaN, "average_precision": NaN, "Spearman_r": 0.8053557911151662, "Pearson_r": 0.7920732600131646, "R2": 0.6259067913902892, "MAE": 0.3473854466164929, "MSE": 0.23068283245113963, "poisson_deviance_explained": 0.5683095152122364}, "15": {"AUC": NaN, "kappa": NaN, "f1": NaN, "precision": NaN, "recall": NaN, "average_precision": NaN, "Spearman_r": 0.8094875452673493, "Pearson_r": 0.8032130300464754, "R2": 0.643536594577748, "MAE": 0.3462438028757448, "MSE": 0.2277612105265394, "poisson_deviance_explained": 0.5882796136481041}, "16": {"AUC": NaN, "kappa": NaN, "f1": NaN, "precision": NaN, "recall": NaN, "average_precision": NaN, "Spearman_r": 0.8150648759477356, "Pearson_r": 0.8102504933505805, "R2": 0.6549974314892276, "MAE": 0.3426158341188655, "MSE": 0.22342438854381919, "poisson_deviance_explained": 0.6023156318867704}, "17": {"AUC": NaN, "kappa": NaN, "f1": NaN, "precision": NaN, "recall": NaN, "average_precision": NaN, "Spearman_r": 0.8113367953623949, "Pearson_r": 0.8021706060214266, "R2": 0.6417912341973813, "MAE": 0.34118292141038925, "MSE": 0.22165482623726135, "poisson_deviance_explained": 0.5858647721768375}, "18": {"AUC": NaN, "kappa": NaN, "f1": NaN, "precision": NaN, "recall": NaN, "average_precision": NaN, "Spearman_r": 0.8153779561164494, "Pearson_r": 0.8073782703687751, "R2": 0.6498109444528489, "MAE": 0.33936888963941797, "MSE": 0.21970480874517676, "poisson_deviance_explained": 0.5935181628484938}, "19": {"AUC": NaN, "kappa": NaN, "f1": NaN, "precision": NaN, "recall": NaN, "average_precision": NaN, "Spearman_r": 0.8103152832680701, "Pearson_r": 0.8038129622543184, "R2": 0.644212014688469, "MAE": 0.34438039464471604, "MSE": 0.22152105595479366, "poisson_deviance_explained": 0.5856658719997246}, "20": {"AUC": NaN, "kappa": NaN, "f1": NaN, "precision": NaN, "recall": NaN, "average_precision": NaN, "Spearman_r": 0.8201545357355498, "Pearson_r": 0.8153546639592809, "R2": 0.6631105585309423, "MAE": 0.3383489523755733, "MSE": 0.21107479174968902, "poisson_deviance_explained": 0.6115385674401042}, "21": {"AUC": NaN, "kappa": NaN, "f1": NaN, "precision": NaN, "recall": NaN, "average_precision": NaN, "Spearman_r": 0.8172947967033095, "Pearson_r": 0.8122894927372261, "R2": 0.6585469601872397, "MAE": 0.34225507634937813, "MSE": 0.21807243496523018, "poisson_deviance_explained": 0.6077395484776246}, "22": {"AUC": NaN, "kappa": NaN, "f1": NaN, "precision": NaN, "recall": NaN, "average_precision": NaN, "Spearman_r": 0.8187674473005815, "Pearson_r": 0.8075779922179773, "R2": 0.6502653479983522, "MAE": 0.34229988120689, "MSE": 0.2219523088831466, "poisson_deviance_explained": 0.591509540881718}, "23": {"AUC": NaN, "kappa": NaN, "f1": NaN, "precision": NaN, "recall": NaN, "average_precision": NaN, "Spearman_r": 0.817075125506904, "Pearson_r": 0.8091486987640868, "R2": 0.6525421124068115, "MAE": 0.34648779478350394, "MSE": 0.22384165428040667, "poisson_deviance_explained": 0.5973821145585734}, "24": {"AUC": NaN, "kappa": NaN, "f1": NaN, "precision": NaN, "recall": NaN, "average_precision": NaN, "Spearman_r": 0.8122489214224643, "Pearson_r": 0.7990661171184353, "R2": 0.6370392747302684, "MAE": 0.35776749611058756, "MSE": 0.2470602613467063, "poisson_deviance_explained": 0.5808879159852386}, "25": {"AUC": NaN, "kappa": NaN, "f1": NaN, "precision": NaN, "recall": NaN, "average_precision": NaN, "Spearman_r": 0.8064256446222069, "Pearson_r": 0.8004078540857775, "R2": 0.6383037498936397, "MAE": 0.35090262037404835, "MSE": 0.23084272777497783, "poisson_deviance_explained": 0.5832827773472843}, "26": {"AUC": NaN, "kappa": NaN, "f1": NaN, "precision": NaN, "recall": NaN, "average_precision": NaN, "Spearman_r": 0.8138141814517114, "Pearson_r": 0.8057927198634438, "R2": 0.6479020676818696, "MAE": 0.35257821359199853, "MSE": 0.23542634188401, "poisson_deviance_explained": 0.5929998054533496}, "27": {"AUC": NaN, "kappa": NaN, "f1": NaN, "precision": NaN, "recall": NaN, "average_precision": NaN, "Spearman_r": 0.8120315802081869,