{"1": {"AUC": NaN, "kappa": NaN, "f1": NaN, "precision": NaN, "recall": NaN, "average_precision": NaN, "Spearman_r": 0.7402313868674536, "Pearson_r": 0.7194366468280549, "R2": 0.5158269685281469, "MAE": 0.44464528781018664, "MSE": 0.3820218281435394, "poisson_deviance_explained": 0.4374011864061179}, "2": {"AUC": NaN, "kappa": NaN, "f1": NaN, "precision": NaN, "recall": NaN, "average_precision": NaN, "Spearman_r": 0.7521660196911841, "Pearson_r": 0.7226328405932053, "R2": 0.5204363345892751, "MAE": 0.44325272521560055, "MSE": 0.41064248024556765, "poisson_deviance_explained": 0.4284317025859202}, "3": {"AUC": NaN, "kappa": NaN, "f1": NaN, "precision": NaN, "recall": NaN, "average_precision": NaN, "Spearman_r": 0.7737478741182043, "Pearson_r": 0.739836584704934, "R2": 0.5450841972369662, "MAE": 0.42605942685399134, "MSE": 0.380830979234859, "poisson_deviance_explained": 0.45599873315313266}, "4": {"AUC": NaN, "kappa": NaN, "f1": NaN, "precision": NaN, "recall": NaN, "average_precision": NaN, "Spearman_r": 0.7576918814914649, "Pearson_r": 0.7290369926619568, "R2": 0.5308174542722001, "MAE": 0.42154099986061855, "MSE": 0.3876444626250253, "poisson_deviance_explained": 0.453025267391411}, "5": {"AUC": NaN, "kappa": NaN, "f1": NaN, "precision": NaN, "recall": NaN, "average_precision": NaN, "Spearman_r": 0.7483427304910953, "Pearson_r": 0.71587994440787, "R2": 0.5114094110016754, "MAE": 0.4369978464818928, "MSE": 0.4099618446945498, "poisson_deviance_explained": 0.43331593963007486}, "6": {"AUC": NaN, "kappa": NaN, "f1": NaN, "precision": NaN, "recall": NaN, "average_precision": NaN, "Spearman_r": 0.7781339975142664, "Pearson_r": 0.7470137571476663, "R2": 0.5552022213973333, "MAE": 0.4087200870701147, "MSE": 0.35568559918173753, "poisson_deviance_explained": 0.4681135096661756}, "7": {"AUC": NaN, "kappa": NaN, "f1": NaN, "precision": NaN, "recall": NaN, "average_precision": NaN, "Spearman_r": 0.7619192767368659, "Pearson_r": 0.7297198024100371, "R2": 0.5309441339954049, "MAE": 0.41631128502429704, "MSE": 0.37440331859054315, "poisson_deviance_explained": 0.44034930521275517}, "8": {"AUC": NaN, "kappa": NaN, "f1": NaN, "precision": NaN, "recall": NaN, "average_precision": NaN, "Spearman_r": 0.7736973159694327, "Pearson_r": 0.7419302926643615, "R2": 0.5488260381311605, "MAE": 0.4074343097166172, "MSE": 0.3655285530456663, "poisson_deviance_explained": 0.4642180579171912}, "9": {"AUC": NaN, "kappa": NaN, "f1": NaN, "precision": NaN, "recall": NaN, "average_precision": NaN, "Spearman_r": 0.7728418736676048, "Pearson_r": 0.7263702436765561, "R2": 0.5260070308827018, "MAE": 0.42458278925492815, "MSE": 0.3910358268494053, "poisson_deviance_explained": 0.4417882635479331}, "10": {"AUC": NaN, "kappa": NaN, "f1": NaN, "precision": NaN, "recall": NaN, "average_precision": NaN, "Spearman_r": 0.7799522878894832, "Pearson_r": 0.7315878288836407, "R2": 0.5338219249695457, "MAE": 0.4248869246309263, "MSE": 0.4057570692419896, "poisson_deviance_explained": 0.43851589858045503}, "11": {"AUC": NaN, "kappa": NaN, "f1": NaN, "precision": NaN, "recall": NaN, "average_precision": NaN, "Spearman_r": 0.7780221339523822, "Pearson_r": 0.7318911418342716, "R2": 0.5333702925049493, "MAE": 0.42607511580142327, "MSE": 0.40800601271433046, "poisson_deviance_explained": 0.4417856802493736}, "12": {"AUC": NaN, "kappa": NaN, "f1": NaN, "precision": NaN, "recall": NaN, "average_precision": NaN, "Spearman_r": 0.7498509361225235, "Pearson_r": 0.7079019230728001, "R2": 0.49956773146809874, "MAE": 0.44496148586010525, "MSE": 0.43191597649254243, "poisson_deviance_explained": 0.4163369766056072}, "13": {"AUC": NaN, "kappa": NaN, "f1": NaN, "precision": NaN, "recall": NaN, "average_precision": NaN, "Spearman_r": 0.7741038950965872, "Pearson_r": 0.7320928069917976, "R2": 0.5314163308858284, "MAE": 0.4287207551340231, "MSE": 0.39019633579941304, "poisson_deviance_explained": 0.4397905234352374}, "14": {"AUC": NaN, "kappa": NaN, "f1": NaN, "precision": NaN, "recall": NaN, "average_precision": NaN, "Spearman_r": 0.7624292062439006, "Pearson_r": 0.7136568669637967, "R2": 0.5086245360995663, "MAE": 0.428066097352391, "MSE": 0.411560416075145, "poisson_deviance_explained": 0.41757971827646867}, "15": {"AUC": NaN, "kappa": NaN, "f1": NaN, "precision": NaN, "recall": NaN, "average_precision": NaN, "Spearman_r": 0.7642361474674809, "Pearson_r": 0.7160280024556995, "R2": 0.5122935733650427, "MAE": 0.4199723499918308, "MSE": 0.3863984871099004, "poisson_deviance_explained": 0.42221420656215924}, "16": {"AUC": NaN, "kappa": NaN, "f1": NaN, "precision": NaN, "recall": NaN, "average_precision": NaN, "Spearman_r": 0.7716575032746765, "Pearson_r": 0.7326219642136044, "R2": 0.5362598006595267, "MAE": 0.39081933905295885, "MSE": 0.34029486146814925, "poisson_deviance_explained": 0.4452546554586956}, "17": {"AUC": NaN, "kappa": NaN, "f1": NaN, "precision": NaN, "recall": NaN, "average_precision": NaN, "Spearman_r": 0.7971166685863456, "Pearson_r": 0.7579244556769492, "R2": 0.573111863511164, "MAE": 0.3839936543602809, "MSE": 0.33316259648758056, "poisson_deviance_explained": 0.47900873425180657}, "18": {"AUC": NaN, "kappa": NaN, "f1": NaN, "precision": NaN, "recall": NaN, "average_precision": NaN, "Spearman_r": 0.7886768552114019, "Pearson_r": 0.7640022811829369, "R2": 0.5825328125126852, "MAE": 0.37732789962359203, "MSE": 0.3131372309807803, "poisson_deviance_explained": 0.4998736735268038}, "19": {"AUC": NaN, "kappa": NaN, "f1": NaN, "precision": NaN, "recall": NaN, "average_precision": NaN, "Spearman_r": 0.7925324907087983, "Pearson_r": 0.7631393915137957, "R2": 0.5815601382312845, "MAE": 0.3880926638393743, "MSE": 0.325440806491866, "poisson_deviance_explained": 0.4987705686895926}, "20": {"AUC": NaN, "kappa": NaN, "f1": NaN, "precision": NaN, "recall": NaN, "average_precision": NaN, "Spearman_r": 0.7879068484304107, "Pearson_r": 0.7607858084260262, "R2": 0.5774423936069444, "MAE": 0.39743514411957864, "MSE": 0.33955825236807324, "poisson_deviance_explained": 0.48306311479436737}, "21": {"AUC": NaN, "kappa": NaN, "f1": NaN, "precision": NaN, "recall": NaN, "average_precision": NaN, "Spearman_r": 0.7952620489557027, "Pearson_r": 0.7650228859842819, "R2": 0.5843409943577381, "MAE": 0.39401288080242763, "MSE": 0.3418116840780759, "poisson_deviance_explained": 0.4973396804740957}, "22": {"AUC": NaN, "kappa": NaN, "f1": NaN, "precision": NaN, "recall": NaN, "average_precision": NaN, "Spearman_r": 0.8107293013160553, "Pearson_r": 0.7821214762735352, "R2": 0.6107365885406777, "MAE": 0.372387259150486, "MSE": 0.2983620980361739, "poisson_deviance_explained": 0.5286145549210506}, "23": {"AUC": NaN, "kappa": NaN, "f1": NaN, "precision": NaN, "recall": NaN, "average_precision": NaN, "Spearman_r": 0.7979786643489335, "Pearson_r": 0.7626645659744987, "R2": 0.5809389602545751, "MAE": 0.3858633533003547, "MSE": 0.3228074837608176, "poisson_deviance_explained": 0.4961879015735262}, "24": {"AUC": NaN, "kappa": NaN, "f1": NaN, "precision": NaN, "recall": NaN, "average_precision": NaN, "Spearman_r": 0.7910448395987344, "Pearson_r": 0.7620017204070656, "R2": 0.5799753316870782, "MAE": 0.38335475239779887, "MSE": 0.3244483815645485, "poisson_deviance_explained": 0.5013497237450013}, "25": {"AUC": NaN, "kappa": NaN, "f1": NaN, "precision": NaN, "recall": NaN, "average_precision": NaN, "Spearman_r": 0.7974144034232056, "Pearson_r": 0.7766911512267063, "R2": 0.6011711406260563, "MAE": 0.3759859921813257, "MSE": 0.29128382477963344, "poisson_deviance_explained": 0.5216919622503854}, "26": {"AUC": NaN, "kappa": NaN, "f1": NaN, "precision": NaN, "recall": NaN, "average_precision": NaN, "Spearman_r": 0.769348466108701, "Pearson_r": 0.7387298789571349, "R2": 0.544932328813598, "MAE": 0.4015163463841362, "MSE": 0.3354245595784979, "poisson_deviance_explained": 0.4561102475889063}, "27": {"AUC": NaN, "kappa": NaN, "f1": NaN, "precision": NaN, "recall": NaN, "average_precision": NaN, "Spearman_r": 0.7792117021763003,