{"1": {"AUC": NaN, "kappa": NaN, "f1": NaN, "precision": NaN, "recall": NaN, "average_precision": NaN, "Spearman_r": 0.7746646094041917, "Pearson_r": 0.7533458827611836, "R2": 0.5662751561834193, "MAE": 0.43328608827835224, "MSE": 0.393000462516636, "poisson_deviance_explained": 0.4934890937361076}, "2": {"AUC": NaN, "kappa": NaN, "f1": NaN, "precision": NaN, "recall": NaN, "average_precision": NaN, "Spearman_r": 0.7683389785142668, "Pearson_r": 0.7499517269876154, "R2": 0.5596015164961499, "MAE": 0.4118163693825615, "MSE": 0.3457551138992646, "poisson_deviance_explained": 0.48334549101617086}, "3": {"AUC": NaN, "kappa": NaN, "f1": NaN, "precision": NaN, "recall": NaN, "average_precision": NaN, "Spearman_r": 0.7982638450637822, "Pearson_r": 0.7727589706620236, "R2": 0.5934093606031794, "MAE": 0.4003652237931084, "MSE": 0.3283783881688044, "poisson_deviance_explained": 0.5111729970184504}, "4": {"AUC": NaN, "kappa": NaN, "f1": NaN, "precision": NaN, "recall": NaN, "average_precision": NaN, "Spearman_r": 0.7895399968052486, "Pearson_r": 0.759218198606343, "R2": 0.5740270775640479, "MAE": 0.41283583285800546, "MSE": 0.3898716761116424, "poisson_deviance_explained": 0.4929598510567834}, "5": {"AUC": NaN, "kappa": NaN, "f1": NaN, "precision": NaN, "recall": NaN, "average_precision": NaN, "Spearman_r": 0.7804296994959631, "Pearson_r": 0.7571502175028866, "R2": 0.568928019120106, "MAE": 0.41208226535683656, "MSE": 0.3663197776371133, "poisson_deviance_explained": 0.49104547380066865}, "6": {"AUC": NaN, "kappa": NaN, "f1": NaN, "precision": NaN, "recall": NaN, "average_precision": NaN, "Spearman_r": 0.7705467266673769, "Pearson_r": 0.7354538457382547, "R2": 0.5356347791556015, "MAE": 0.4397597695364798, "MSE": 0.40153565129267843, "poisson_deviance_explained": 0.44785224430806647}, "7": {"AUC": NaN, "kappa": NaN, "f1": NaN, "precision": NaN, "recall": NaN, "average_precision": NaN, "Spearman_r": 0.8035571577748029, "Pearson_r": 0.7623935737108843, "R2": 0.5757830251952547, "MAE": 0.4066162660136361, "MSE": 0.35622625081632536, "poisson_deviance_explained": 0.4845196760566809}, "8": {"AUC": NaN, "kappa": NaN, "f1": NaN, "precision": NaN, "recall": NaN, "average_precision": NaN, "Spearman_r": 0.7615292884558442, "Pearson_r": 0.7083333741545185, "R2": 0.4939936269334839, "MAE": 0.46564526272073936, "MSE": 0.48015020919881185, "poisson_deviance_explained": 0.3953507030427478}, "9": {"AUC": NaN, "kappa": NaN, "f1": NaN, "precision": NaN, "recall": NaN, "average_precision": NaN, "Spearman_r": 0.7816384186100905, "Pearson_r": 0.7369056585769888, "R2": 0.5349887707289073, "MAE": 0.45398153129405633, "MSE": 0.4494214012478428, "poisson_deviance_explained": 0.44021900761630106}, "10": {"AUC": NaN, "kappa": NaN, "f1": NaN, "precision": NaN, "recall": NaN, "average_precision": NaN, "Spearman_r": 0.7543723295711111, "Pearson_r": 0.7076380296106578, "R2": 0.49493194124755613, "MAE": 0.48273327539487504, "MSE": 0.5022966461265395, "poisson_deviance_explained": 0.40386177669626433}, "11": {"AUC": NaN, "kappa": NaN, "f1": NaN, "precision": NaN, "recall": NaN, "average_precision": NaN, "Spearman_r": 0.753488465726825, "Pearson_r": 0.7091172770387172, "R2": 0.497579371873215, "MAE": 0.49361142999423396, "MSE": 0.5374428740455424, "poisson_deviance_explained": 0.40496318579999546}, "12": {"AUC": NaN, "kappa": NaN, "f1": NaN, "precision": NaN, "recall": NaN, "average_precision": NaN, "Spearman_r": 0.7819091272899674, "Pearson_r": 0.7461607263786149, "R2": 0.5493811797485134, "MAE": 0.4704879028459977, "MSE": 0.48054624639540644, "poisson_deviance_explained": 0.4599658231363014}, "13": {"AUC": NaN, "kappa": NaN, "f1": NaN, "precision": NaN, "recall": NaN, "average_precision": NaN, "Spearman_r": 0.7753292577650778, "Pearson_r": 0.7328642764689651, "R2": 0.5304881582353373, "MAE": 0.43468102138400927, "MSE": 0.40247441982203375, "poisson_deviance_explained": 0.44777790848092636}, "14": {"AUC": NaN, "kappa": NaN, "f1": NaN, "precision": NaN, "recall": NaN, "average_precision": NaN, "Spearman_r": 0.7931218519076988, "Pearson_r": 0.7559742110732466, "R2": 0.5652097057419398, "MAE": 0.436540222637847, "MSE": 0.41016743779739534, "poisson_deviance_explained": 0.4748764549673754}, "15": {"AUC": NaN, "kappa": NaN, "f1": NaN, "precision": NaN, "recall": NaN, "average_precision": NaN, "Spearman_r": 0.7787525425305939, "Pearson_r": 0.7468699042764646, "R2": 0.5560683258497026, "MAE": 0.4256151119602208, "MSE": 0.3808401153128617, "poisson_deviance_explained": 0.4705579051763883}, "16": {"AUC": NaN, "kappa": NaN, "f1": NaN, "precision": NaN, "recall": NaN, "average_precision": NaN, "Spearman_r": 0.7623458239828488, "Pearson_r": 0.7314255199610413, "R2": 0.5323349449963422, "MAE": 0.4415114612029072, "MSE": 0.4273260754491912, "poisson_deviance_explained": 0.4448359944735716}, "17": {"AUC": NaN, "kappa": NaN, "f1": NaN, "precision": NaN, "recall": NaN, "average_precision": NaN, "Spearman_r": 0.7774873957150658, "Pearson_r": 0.7538313528561768, "R2": 0.5646258349214088, "MAE": 0.4198263753114861, "MSE": 0.3885792829550738, "poisson_deviance_explained": 0.4731913656901653}, "18": {"AUC": NaN, "kappa": NaN, "f1": NaN, "precision": NaN, "recall": NaN, "average_precision": NaN, "Spearman_r": 0.7646941275729161, "Pearson_r": 0.7455496195496545, "R2": 0.5543759133343173, "MAE": 0.41665290504478886, "MSE": 0.37041805556797647, "poisson_deviance_explained": 0.47391074292091695}, "19": {"AUC": NaN, "kappa": NaN, "f1": NaN, "precision": NaN, "recall": NaN, "average_precision": NaN, "Spearman_r": 0.7785967857339321, "Pearson_r": 0.7399739858470107, "R2": 0.5429995168254835, "MAE": 0.44116122351187775, "MSE": 0.43778156607620067, "poisson_deviance_explained": 0.4393392637664797}, "20": {"AUC": NaN, "kappa": NaN, "f1": NaN, "precision": NaN, "recall": NaN, "average_precision": NaN, "Spearman_r": 0.8098439266586435, "Pearson_r": 0.772472175497083, "R2": 0.5934047060415273, "MAE": 0.39821279776124757, "MSE": 0.3442580604235093, "poisson_deviance_explained": 0.4996125787156107}, "21": {"AUC": NaN, "kappa": NaN, "f1": NaN, "precision": NaN, "recall": NaN, "average_precision": NaN, "Spearman_r": 0.8169652299726731, "Pearson_r": 0.7993257560628575, "R2": 0.6348551650974688, "MAE": 0.3865167651409992, "MSE": 0.3250024442622969, "poisson_deviance_explained": 0.5525247884961368}, "22": {"AUC": NaN, "kappa": NaN, "f1": NaN, "precision": NaN, "recall": NaN, "average_precision": NaN, "Spearman_r": 0.788225722321176, "Pearson_r": 0.750489508767414, "R2": 0.5610547397621812, "MAE": 0.41017748176819036, "MSE": 0.37776259531717904, "poisson_deviance_explained": 0.4751199510616124}, "23": {"AUC": NaN, "kappa": NaN, "f1": NaN, "precision": NaN, "recall": NaN, "average_precision": NaN, "Spearman_r": 0.8127207174045425, "Pearson_r": 0.7740497383006875, "R2": 0.5955282239663853, "MAE": 0.40846847341314835, "MSE": 0.3823045342360619, "poisson_deviance_explained": 0.49349708972472406}, "24": {"AUC": NaN, "kappa": NaN, "f1": NaN, "precision": NaN, "recall": NaN, "average_precision": NaN, "Spearman_r": 0.7970203473199844, "Pearson_r": 0.7665182911067807, "R2": 0.5817357641638994, "MAE": 0.4156822529303343, "MSE": 0.373432255524873, "poisson_deviance_explained": 0.48432721207543283}, "25": {"AUC": NaN, "kappa": NaN, "f1": NaN, "precision": NaN, "recall": NaN, "average_precision": NaN, "Spearman_r": 0.7639887478070744, "Pearson_r": 0.7362761406330771, "R2": 0.538934976964366, "MAE": 0.42012384735802644, "MSE": 0.37637558652559094, "poisson_deviance_explained": 0.45278711056990484}, "26": {"AUC": NaN, "kappa": NaN, "f1": NaN, "precision": NaN, "recall": NaN, "average_precision": NaN, "Spearman_r": 0.7548486008667378, "Pearson_r": 0.7272763514956929, "R2": 0.5276841803518195, "MAE": 0.41686852337460545, "MSE": 0.36401316628782876, "poisson_deviance_explained": 0.449111171118589}, "27": {"AUC": NaN, "kappa": NaN, "f1": NaN, "precision": NaN, "recall": NaN, "average_precision": NaN, "Spearman_r": 0.7435008784246437,