{"1": {"AUC": NaN, "kappa": NaN, "f1": NaN, "precision": NaN, "recall": NaN, "average_precision": NaN, "Spearman_r": 0.7944910757380212, "Pearson_r": 0.7899450431282691, "R2": 0.6228658149554378, "MAE": 0.3655220492601705, "MSE": 0.24687120956770933, "poisson_deviance_explained": 0.5658016523792119}, "2": {"AUC": NaN, "kappa": NaN, "f1": NaN, "precision": NaN, "recall": NaN, "average_precision": NaN, "Spearman_r": 0.8156106137994135, "Pearson_r": 0.8088238696364883, "R2": 0.6520653515997126, "MAE": 0.3546946753087, "MSE": 0.23055681976996392, "poisson_deviance_explained": 0.5954628523357545}, "3": {"AUC": NaN, "kappa": NaN, "f1": NaN, "precision": NaN, "recall": NaN, "average_precision": NaN, "Spearman_r": 0.8020068159469429, "Pearson_r": 0.7943433430173017, "R2": 0.6297408186496036, "MAE": 0.3717447238003904, "MSE": 0.2586859328058467, "poisson_deviance_explained": 0.5725309617896981}, "4": {"AUC": NaN, "kappa": NaN, "f1": NaN, "precision": NaN, "recall": NaN, "average_precision": NaN, "Spearman_r": 0.7620780003919778, "Pearson_r": 0.7323548406694329, "R2": 0.5353370402123827, "MAE": 0.4491455900832193, "MSE": 0.4032481493097724, "poisson_deviance_explained": 0.42111050029892927}, "5": {"AUC": NaN, "kappa": NaN, "f1": NaN, "precision": NaN, "recall": NaN, "average_precision": NaN, "Spearman_r": 0.8141719727683003, "Pearson_r": 0.8067613628625464, "R2": 0.6493795120606995, "MAE": 0.35311840691887564, "MSE": 0.23300275873648077, "poisson_deviance_explained": 0.5944346239322731}, "6": {"AUC": NaN, "kappa": NaN, "f1": NaN, "precision": NaN, "recall": NaN, "average_precision": NaN, "Spearman_r": 0.8119215688893084, "Pearson_r": 0.8054510100463047, "R2": 0.6463271616209514, "MAE": 0.3472065222393262, "MSE": 0.22445905644420677, "poisson_deviance_explained": 0.5917833097310738}, "7": {"AUC": NaN, "kappa": NaN, "f1": NaN, "precision": NaN, "recall": NaN, "average_precision": NaN, "Spearman_r": 0.8078978824920514, "Pearson_r": 0.7961214707398597, "R2": 0.6315308127383316, "MAE": 0.3548466985686346, "MSE": 0.23918417078040868, "poisson_deviance_explained": 0.5740479245447814}, "8": {"AUC": NaN, "kappa": NaN, "f1": NaN, "precision": NaN, "recall": NaN, "average_precision": NaN, "Spearman_r": 0.8041443922550009, "Pearson_r": 0.7914068772390104, "R2": 0.624678306918764, "MAE": 0.3451118526062212, "MSE": 0.22354732984734477, "poisson_deviance_explained": 0.5702367135077655}, "9": {"AUC": NaN, "kappa": NaN, "f1": NaN, "precision": NaN, "recall": NaN, "average_precision": NaN, "Spearman_r": 0.8056317252756239, "Pearson_r": 0.7915559514639438, "R2": 0.624765230447571, "MAE": 0.3498207978207737, "MSE": 0.23517551945829004, "poisson_deviance_explained": 0.5676198221396682}, "10": {"AUC": NaN, "kappa": NaN, "f1": NaN, "precision": NaN, "recall": NaN, "average_precision": NaN, "Spearman_r": 0.8018014910179109, "Pearson_r": 0.7809541981463436, "R2": 0.6086959221738837, "MAE": 0.36350409322516314, "MSE": 0.2645562594488307, "poisson_deviance_explained": 0.5502979434511085}, "11": {"AUC": NaN, "kappa": NaN, "f1": NaN, "precision": NaN, "recall": NaN, "average_precision": NaN, "Spearman_r": 0.8049091138223091, "Pearson_r": 0.7854318377525936, "R2": 0.6155066329055905, "MAE": 0.3579525322525996, "MSE": 0.2542328548955803, "poisson_deviance_explained": 0.5559448359675672}, "12": {"AUC": NaN, "kappa": NaN, "f1": NaN, "precision": NaN, "recall": NaN, "average_precision": NaN, "Spearman_r": 0.8104957880839772, "Pearson_r": 0.79296207209977, "R2": 0.6270604907952019, "MAE": 0.3506460348942199, "MSE": 0.24172997162372847, "poisson_deviance_explained": 0.5672725627769433}, "13": {"AUC": NaN, "kappa": NaN, "f1": NaN, "precision": NaN, "recall": NaN, "average_precision": NaN, "Spearman_r": 0.8143250764313908, "Pearson_r": 0.8042746811877939, "R2": 0.6438849274653728, "MAE": 0.3442436244688942, "MSE": 0.22693507543549038, "poisson_deviance_explained": 0.5824682411307348}, "14": {"AUC": NaN, "kappa": NaN, "f1": NaN, "precision": NaN, "recall": NaN, "average_precision": NaN, "Spearman_r": 0.8078327258873571, "Pearson_r": 0.7999953872266229, "R2": 0.6380214406097471, "MAE": 0.34647679692232297, "MSE": 0.22866927342962037, "poisson_deviance_explained": 0.5841700878678976}, "15": {"AUC": NaN, "kappa": NaN, "f1": NaN, "precision": NaN, "recall": NaN, "average_precision": NaN, "Spearman_r": 0.815434589136072, "Pearson_r": 0.8126742402174096, "R2": 0.6577347458749151, "MAE": 0.3419005823901123, "MSE": 0.22409947146045547, "poisson_deviance_explained": 0.6002788590335344}, "16": {"AUC": NaN, "kappa": NaN, "f1": NaN, "precision": NaN, "recall": NaN, "average_precision": NaN, "Spearman_r": 0.8151039000319971, "Pearson_r": 0.8042408562731239, "R2": 0.64495611504412, "MAE": 0.34136076456975467, "MSE": 0.2238157366582405, "poisson_deviance_explained": 0.5869816565257072}, "17": {"AUC": NaN, "kappa": NaN, "f1": NaN, "precision": NaN, "recall": NaN, "average_precision": NaN, "Spearman_r": 0.8145749231763904, "Pearson_r": 0.8106605653906025, "R2": 0.6549892626190924, "MAE": 0.3373604830726933, "MSE": 0.2146118687526786, "poisson_deviance_explained": 0.6027982454884191}, "18": {"AUC": NaN, "kappa": NaN, "f1": NaN, "precision": NaN, "recall": NaN, "average_precision": NaN, "Spearman_r": 0.8037794759659085, "Pearson_r": 0.7961412564540853, "R2": 0.6325683853449174, "MAE": 0.3413978529918152, "MSE": 0.22638035107062698, "poisson_deviance_explained": 0.5757970729138164}, "19": {"AUC": NaN, "kappa": NaN, "f1": NaN, "precision": NaN, "recall": NaN, "average_precision": NaN, "Spearman_r": 0.8151423119968523, "Pearson_r": 0.8138915656569041, "R2": 0.6606831594937539, "MAE": 0.3423029765959293, "MSE": 0.2215644294147074, "poisson_deviance_explained": 0.6057433976028994}, "20": {"AUC": NaN, "kappa": NaN, "f1": NaN, "precision": NaN, "recall": NaN, "average_precision": NaN, "Spearman_r": 0.829297485370135, "Pearson_r": 0.8231178707591336, "R2": 0.6755378851025078, "MAE": 0.32943194427440486, "MSE": 0.20279898991678053, "poisson_deviance_explained": 0.624560019824365}, "21": {"AUC": NaN, "kappa": NaN, "f1": NaN, "precision": NaN, "recall": NaN, "average_precision": NaN, "Spearman_r": 0.8201821347091154, "Pearson_r": 0.8075891550829751, "R2": 0.6506307861686472, "MAE": 0.3414027296271209, "MSE": 0.22798596030661872, "poisson_deviance_explained": 0.5938455544322162}, "22": {"AUC": NaN, "kappa": NaN, "f1": NaN, "precision": NaN, "recall": NaN, "average_precision": NaN, "Spearman_r": 0.8289543509888695, "Pearson_r": 0.8174922016425014, "R2": 0.6661591076444348, "MAE": 0.33547415624412935, "MSE": 0.21772905327428763, "poisson_deviance_explained": 0.6103190517192958}, "23": {"AUC": NaN, "kappa": NaN, "f1": NaN, "precision": NaN, "recall": NaN, "average_precision": NaN, "Spearman_r": 0.8165228746657724, "Pearson_r": 0.8049144481540312, "R2": 0.6459673018709626, "MAE": 0.345295738371114, "MSE": 0.229156222745676, "poisson_deviance_explained": 0.5876027152556611}, "24": {"AUC": NaN, "kappa": NaN, "f1": NaN, "precision": NaN, "recall": NaN, "average_precision": NaN, "Spearman_r": 0.8171859811196726, "Pearson_r": 0.8099660079950392, "R2": 0.6543647586877546, "MAE": 0.34990280393474615, "MSE": 0.22807566150861985, "poisson_deviance_explained": 0.6012596297011514}, "25": {"AUC": NaN, "kappa": NaN, "f1": NaN, "precision": NaN, "recall": NaN, "average_precision": NaN, "Spearman_r": 0.8103020219235657, "Pearson_r": 0.8010378014891786, "R2": 0.6402897199377999, "MAE": 0.35333402711814405, "MSE": 0.23843360654094414, "poisson_deviance_explained": 0.5833168453690155}, "26": {"AUC": NaN, "kappa": NaN, "f1": NaN, "precision": NaN, "recall": NaN, "average_precision": NaN, "Spearman_r": 0.8041184079256718, "Pearson_r": 0.8008993052160189, "R2": 0.6395745615161053, "MAE": 0.34968601126951476, "MSE": 0.2284986280881933, "poisson_deviance_explained": 0.5807550132144303}, "27": {"AUC": NaN, "kappa": NaN, "f1": NaN, "precision": NaN, "recall": NaN, "average_precision": NaN, "Spearman_r": 0.8162336635695757, "Pearson_r": 0.8080980145523462,