{"1": {"AUC": NaN, "kappa": NaN, "f1": NaN, "precision": NaN, "recall": NaN, "average_precision": NaN, "Spearman_r": 0.8110012377190294, "Pearson_r": 0.8050059695732488, "R2": 0.6472902599335649, "MAE": 0.3576296291533157, "MSE": 0.2364895853819111, "poisson_deviance_explained": 0.5925247629039538}, "2": {"AUC": NaN, "kappa": NaN, "f1": NaN, "precision": NaN, "recall": NaN, "average_precision": NaN, "Spearman_r": 0.81125298012668, "Pearson_r": 0.8047471031122332, "R2": 0.6472262625637208, "MAE": 0.34547541833634726, "MSE": 0.22543718427554965, "poisson_deviance_explained": 0.595227668091681}, "3": {"AUC": NaN, "kappa": NaN, "f1": NaN, "precision": NaN, "recall": NaN, "average_precision": NaN, "Spearman_r": 0.8203586674930367, "Pearson_r": 0.8099852871022266, "R2": 0.6551934169284106, "MAE": 0.3446434857427621, "MSE": 0.22971045550685654, "poisson_deviance_explained": 0.5980060976958803}, "4": {"AUC": NaN, "kappa": NaN, "f1": NaN, "precision": NaN, "recall": NaN, "average_precision": NaN, "Spearman_r": 0.7745610143428874, "Pearson_r": 0.7535627985727023, "R2": 0.5666189385672817, "MAE": 0.4355966765794293, "MSE": 0.37443488217357024, "poisson_deviance_explained": 0.451026422901887}, "5": {"AUC": NaN, "kappa": NaN, "f1": NaN, "precision": NaN, "recall": NaN, "average_precision": NaN, "Spearman_r": 0.8131560587592708, "Pearson_r": 0.8040172127000739, "R2": 0.6450990011381112, "MAE": 0.342008363323631, "MSE": 0.221461548127016, "poisson_deviance_explained": 0.5865100841435079}, "6": {"AUC": NaN, "kappa": NaN, "f1": NaN, "precision": NaN, "recall": NaN, "average_precision": NaN, "Spearman_r": 0.8106241767078667, "Pearson_r": 0.803403728685191, "R2": 0.6439880646851108, "MAE": 0.3398185428797369, "MSE": 0.21523148444659138, "poisson_deviance_explained": 0.5871664692566408}, "7": {"AUC": NaN, "kappa": NaN, "f1": NaN, "precision": NaN, "recall": NaN, "average_precision": NaN, "Spearman_r": 0.8271724598207145, "Pearson_r": 0.8175608910894862, "R2": 0.6661071006152126, "MAE": 0.30467675925505183, "MSE": 0.17930274326722348, "poisson_deviance_explained": 0.6111812233757155}, "8": {"AUC": NaN, "kappa": NaN, "f1": NaN, "precision": NaN, "recall": NaN, "average_precision": NaN, "Spearman_r": 0.8391115269268757, "Pearson_r": 0.8293600190338547, "R2": 0.6860240540760838, "MAE": 0.29053505067552876, "MSE": 0.16515147875498096, "poisson_deviance_explained": 0.6287797684310559}, "9": {"AUC": NaN, "kappa": NaN, "f1": NaN, "precision": NaN, "recall": NaN, "average_precision": NaN, "Spearman_r": 0.84202748181164, "Pearson_r": 0.8269669284164309, "R2": 0.6817006848559654, "MAE": 0.29772245569481687, "MSE": 0.17531071674330342, "poisson_deviance_explained": 0.6240215532139408}, "10": {"AUC": NaN, "kappa": NaN, "f1": NaN, "precision": NaN, "recall": NaN, "average_precision": NaN, "Spearman_r": 0.8391907573282534, "Pearson_r": 0.8214972326614064, "R2": 0.6733902551973037, "MAE": 0.302056375575067, "MSE": 0.1823391783086427, "poisson_deviance_explained": 0.6151402645414028}, "11": {"AUC": NaN, "kappa": NaN, "f1": NaN, "precision": NaN, "recall": NaN, "average_precision": NaN, "Spearman_r": 0.8236544244256665, "Pearson_r": 0.8054156440194723, "R2": 0.6477417952368674, "MAE": 0.3247933492299219, "MSE": 0.2121409671950663, "poisson_deviance_explained": 0.58614492485254}, "12": {"AUC": NaN, "kappa": NaN, "f1": NaN, "precision": NaN, "recall": NaN, "average_precision": NaN, "Spearman_r": 0.8341991384480074, "Pearson_r": 0.8188877911988138, "R2": 0.6692605061457759, "MAE": 0.31585562249076465, "MSE": 0.20003536950477277, "poisson_deviance_explained": 0.6084368952407713}, "13": {"AUC": NaN, "kappa": NaN, "f1": NaN, "precision": NaN, "recall": NaN, "average_precision": NaN, "Spearman_r": 0.8312605964579787, "Pearson_r": 0.8247986082303294, "R2": 0.6788398420440356, "MAE": 0.31316601333628746, "MSE": 0.19551434157424333, "poisson_deviance_explained": 0.6209427180677434}, "14": {"AUC": NaN, "kappa": NaN, "f1": NaN, "precision": NaN, "recall": NaN, "average_precision": NaN, "Spearman_r": 0.8242658048557122, "Pearson_r": 0.814092348123867, "R2": 0.6615670739633983, "MAE": 0.31166822988633064, "MSE": 0.19464659152409364, "poisson_deviance_explained": 0.6033441855723656}, "15": {"AUC": NaN, "kappa": NaN, "f1": NaN, "precision": NaN, "recall": NaN, "average_precision": NaN, "Spearman_r": 0.8231790059496523, "Pearson_r": 0.814022853224346, "R2": 0.6610919617957711, "MAE": 0.30897551255983924, "MSE": 0.18682960492584644, "poisson_deviance_explained": 0.6054146841696865}, "16": {"AUC": NaN, "kappa": NaN, "f1": NaN, "precision": NaN, "recall": NaN, "average_precision": NaN, "Spearman_r": 0.8160190133155157, "Pearson_r": 0.8093306199163657, "R2": 0.6540602695250876, "MAE": 0.3106813993296118, "MSE": 0.1886749377722649, "poisson_deviance_explained": 0.6028993958132582}, "17": {"AUC": NaN, "kappa": NaN, "f1": NaN, "precision": NaN, "recall": NaN, "average_precision": NaN, "Spearman_r": 0.8243165633142681, "Pearson_r": 0.8147868366895451, "R2": 0.6621555997470701, "MAE": 0.3085583850951987, "MSE": 0.18490680414586028, "poisson_deviance_explained": 0.6070481582931231}, "18": {"AUC": NaN, "kappa": NaN, "f1": NaN, "precision": NaN, "recall": NaN, "average_precision": NaN, "Spearman_r": 0.823532581043827, "Pearson_r": 0.817418609469266, "R2": 0.6667858063919785, "MAE": 0.3140523271636901, "MSE": 0.18853599486393002, "poisson_deviance_explained": 0.6128728771152385}, "19": {"AUC": NaN, "kappa": NaN, "f1": NaN, "precision": NaN, "recall": NaN, "average_precision": NaN, "Spearman_r": 0.8265985068486079, "Pearson_r": 0.8186826270020665, "R2": 0.6693002136791317, "MAE": 0.31685819193187, "MSE": 0.19231762866031024, "poisson_deviance_explained": 0.6136092794164059}, "20": {"AUC": NaN, "kappa": NaN, "f1": NaN, "precision": NaN, "recall": NaN, "average_precision": NaN, "Spearman_r": 0.8301786501379175, "Pearson_r": 0.8231596225571193, "R2": 0.6767193719221044, "MAE": 0.3147662647321981, "MSE": 0.18888691669543317, "poisson_deviance_explained": 0.6232438540301919}, "21": {"AUC": NaN, "kappa": NaN, "f1": NaN, "precision": NaN, "recall": NaN, "average_precision": NaN, "Spearman_r": 0.8321030767095915, "Pearson_r": 0.822450856234525, "R2": 0.675043621595153, "MAE": 0.3182570065304781, "MSE": 0.19344636451334152, "poisson_deviance_explained": 0.6176512486188741}, "22": {"AUC": NaN, "kappa": NaN, "f1": NaN, "precision": NaN, "recall": NaN, "average_precision": NaN, "Spearman_r": 0.834149878226761, "Pearson_r": 0.8258985731815299, "R2": 0.6812729701680833, "MAE": 0.31339287032270763, "MSE": 0.18955330750231894, "poisson_deviance_explained": 0.6259581849470139}, "23": {"AUC": NaN, "kappa": NaN, "f1": NaN, "precision": NaN, "recall": NaN, "average_precision": NaN, "Spearman_r": 0.8192954845172074, "Pearson_r": 0.8084107977518922, "R2": 0.6522110439810211, "MAE": 0.3278136823007431, "MSE": 0.20661691819211778, "poisson_deviance_explained": 0.5961006048766335}, "24": {"AUC": NaN, "kappa": NaN, "f1": NaN, "precision": NaN, "recall": NaN, "average_precision": NaN, "Spearman_r": 0.8186771794290947, "Pearson_r": 0.8113801867699714, "R2": 0.6573569148602569, "MAE": 0.31488179412030004, "MSE": 0.18777189009390438, "poisson_deviance_explained": 0.6037824449378044}, "25": {"AUC": NaN, "kappa": NaN, "f1": NaN, "precision": NaN, "recall": NaN, "average_precision": NaN, "Spearman_r": 0.8224025997733008, "Pearson_r": 0.8138452129244004, "R2": 0.6610799250523571, "MAE": 0.31911508126222016, "MSE": 0.19384720173522277, "poisson_deviance_explained": 0.6056219980230398}, "26": {"AUC": NaN, "kappa": NaN, "f1": NaN, "precision": NaN, "recall": NaN, "average_precision": NaN, "Spearman_r": 0.8233403373547402, "Pearson_r": 0.8155996551687513, "R2": 0.664500065709483, "MAE": 0.3164139346822664, "MSE": 0.1917401951786239, "poisson_deviance_explained": 0.6094787004370827}, "27": {"AUC": NaN, "kappa": NaN, "f1": NaN, "precision": NaN, "recall": NaN, "average_precision": NaN, "Spearman_r": 0.829239743117638, "Pearson_r": 0.8178060409823649,