{"AUC": NaN, "kappa": NaN, "f1": NaN, "precision": NaN, "recall": NaN, "average_precision": NaN, "Spearman_r": 0.789898958740536, "Pearson_r": 0.7648090344449119, "R2": 0.5838714063879815, "MAE": 0.4207926360209636, "MSE": 0.370898213594733, "poisson_deviance_explained": 0.4927787769981964}
