{"1": {"AUC": NaN, "kappa": NaN, "f1": NaN, "precision": NaN, "recall": NaN, "average_precision": NaN, "Spearman_r": 0.7810622440666102, "Pearson_r": 0.768287728738962, "R2": 0.58965380359241, "MAE": 0.36869389787052054, "MSE": 0.2641731128140934, "poisson_deviance_explained": 0.531367155576733}, "2": {"AUC": NaN, "kappa": NaN, "f1": NaN, "precision": NaN, "recall": NaN, "average_precision": NaN, "Spearman_r": 0.7832487966956363, "Pearson_r": 0.768881177217222, "R2": 0.5903047307661649, "MAE": 0.37435257736110555, "MSE": 0.27755602069633956, "poisson_deviance_explained": 0.5246137725568214}, "3": {"AUC": NaN, "kappa": NaN, "f1": NaN, "precision": NaN, "recall": NaN, "average_precision": NaN, "Spearman_r": 0.7901290272505783, "Pearson_r": 0.7724951829978643, "R2": 0.5950692410270969, "MAE": 0.377975408164719, "MSE": 0.28543217630215306, "poisson_deviance_explained": 0.5255981130897585}, "4": {"AUC": NaN, "kappa": NaN, "f1": NaN, "precision": NaN, "recall": NaN, "average_precision": NaN, "Spearman_r": 0.7052531143164582, "Pearson_r": 0.6846107575343093, "R2": 0.46726429279679926, "MAE": 0.602840708608366, "MSE": 0.6715228092558699, "poisson_deviance_explained": 0.338868578952479}, "5": {"AUC": NaN, "kappa": NaN, "f1": NaN, "precision": NaN, "recall": NaN, "average_precision": NaN, "Spearman_r": 0.8010931233998435, "Pearson_r": 0.7855473383078151, "R2": 0.6148695318436836, "MAE": 0.35694421484133393, "MSE": 0.2511672721356247, "poisson_deviance_explained": 0.5490469436565967}, "6": {"AUC": NaN, "kappa": NaN, "f1": NaN, "precision": NaN, "recall": NaN, "average_precision": NaN, "Spearman_r": 0.7871257879526011, "Pearson_r": 0.7745529394981526, "R2": 0.5977571870454716, "MAE": 0.3604458981445739, "MSE": 0.2535950415870966, "poisson_deviance_explained": 0.5377202324216867}, "7": {"AUC": NaN, "kappa": NaN, "f1": NaN, "precision": NaN, "recall": NaN, "average_precision": NaN, "Spearman_r": 0.7939150836199899, "Pearson_r": 0.7799151107986223, "R2": 0.6055959544748643, "MAE": 0.3551712195045451, "MSE": 0.24968634774064744, "poisson_deviance_explained": 0.5423391781976095}, "8": {"AUC": NaN, "kappa": NaN, "f1": NaN, "precision": NaN, "recall": NaN, "average_precision": NaN, "Spearman_r": 0.7892919693174175, "Pearson_r": 0.7698503958217113, "R2": 0.5907984239829938, "MAE": 0.3571640260740668, "MSE": 0.2546648942470943, "poisson_deviance_explained": 0.5316977900091958}, "9": {"AUC": NaN, "kappa": NaN, "f1": NaN, "precision": NaN, "recall": NaN, "average_precision": NaN, "Spearman_r": 0.797888278220922, "Pearson_r": 0.772755253168556, "R2": 0.5951033439327431, "MAE": 0.34975780138512574, "MSE": 0.2555520894020074, "poisson_deviance_explained": 0.5248391037820818}, "10": {"AUC": NaN, "kappa": NaN, "f1": NaN, "precision": NaN, "recall": NaN, "average_precision": NaN, "Spearman_r": 0.8062317546959106, "Pearson_r": 0.7835955489053688, "R2": 0.6105367917065907, "MAE": 0.35540131023136406, "MSE": 0.2585523182793276, "poisson_deviance_explained": 0.5390044402487821}, "11": {"AUC": NaN, "kappa": NaN, "f1": NaN, "precision": NaN, "recall": NaN, "average_precision": NaN, "Spearman_r": 0.795621891834128, "Pearson_r": 0.7674488712995713, "R2": 0.5866091680017569, "MAE": 0.3688020275769903, "MSE": 0.28501750140503035, "poisson_deviance_explained": 0.5152843051804081}, "12": {"AUC": NaN, "kappa": NaN, "f1": NaN, "precision": NaN, "recall": NaN, "average_precision": NaN, "Spearman_r": 0.7965297344091403, "Pearson_r": 0.7724588421607472, "R2": 0.5957920529857503, "MAE": 0.36588968414252465, "MSE": 0.2771274016493677, "poisson_deviance_explained": 0.5311289188501576}, "13": {"AUC": NaN, "kappa": NaN, "f1": NaN, "precision": NaN, "recall": NaN, "average_precision": NaN, "Spearman_r": 0.7975626612719002, "Pearson_r": 0.7672682484872233, "R2": 0.5864674776164168, "MAE": 0.35878928925701764, "MSE": 0.26936172385092977, "poisson_deviance_explained": 0.5120724040857119}, "14": {"AUC": NaN, "kappa": NaN, "f1": NaN, "precision": NaN, "recall": NaN, "average_precision": NaN, "Spearman_r": 0.8031619609656899, "Pearson_r": 0.7821162178689853, "R2": 0.6099652344321385, "MAE": 0.3502097815802264, "MSE": 0.2508959986627738, "poisson_deviance_explained": 0.5368536677063722}, "15": {"AUC": NaN, "kappa": NaN, "f1": NaN, "precision": NaN, "recall": NaN, "average_precision": NaN, "Spearman_r": 0.8005693748590026, "Pearson_r": 0.7803485356701465, "R2": 0.6057485804962123, "MAE": 0.3554521988652137, "MSE": 0.2641062285627563, "poisson_deviance_explained": 0.5365036514283512}, "16": {"AUC": NaN, "kappa": NaN, "f1": NaN, "precision": NaN, "recall": NaN, "average_precision": NaN, "Spearman_r": 0.8031397220855125, "Pearson_r": 0.7913353573930805, "R2": 0.6242406754484402, "MAE": 0.3436105006981789, "MSE": 0.2391524042303064, "poisson_deviance_explained": 0.5692031320917854}, "17": {"AUC": NaN, "kappa": NaN, "f1": NaN, "precision": NaN, "recall": NaN, "average_precision": NaN, "Spearman_r": 0.8005289319543947, "Pearson_r": 0.786820580123929, "R2": 0.6166379377511825, "MAE": 0.3458935428529146, "MSE": 0.23750808414967461, "poisson_deviance_explained": 0.5518822433862307}, "18": {"AUC": NaN, "kappa": NaN, "f1": NaN, "precision": NaN, "recall": NaN, "average_precision": NaN, "Spearman_r": 0.8087914178670157, "Pearson_r": 0.7912474224572218, "R2": 0.6241983917160387, "MAE": 0.35312600786787524, "MSE": 0.25512341813982553, "poisson_deviance_explained": 0.5508991646377583}, "19": {"AUC": NaN, "kappa": NaN, "f1": NaN, "precision": NaN, "recall": NaN, "average_precision": NaN, "Spearman_r": 0.8126398539183017, "Pearson_r": 0.8016190753627563, "R2": 0.641237129159679, "MAE": 0.3437062069890202, "MSE": 0.23790086156914078, "poisson_deviance_explained": 0.5750433855759407}, "20": {"AUC": NaN, "kappa": NaN, "f1": NaN, "precision": NaN, "recall": NaN, "average_precision": NaN, "Spearman_r": 0.8172114964860985, "Pearson_r": 0.801312097964215, "R2": 0.6409043402562324, "MAE": 0.3369580172212188, "MSE": 0.22612046136204272, "poisson_deviance_explained": 0.5805191923190918}, "21": {"AUC": NaN, "kappa": NaN, "f1": NaN, "precision": NaN, "recall": NaN, "average_precision": NaN, "Spearman_r": 0.809534090460549, "Pearson_r": 0.7975718205578232, "R2": 0.6343985318018097, "MAE": 0.34864444928747107, "MSE": 0.2399110090132482, "poisson_deviance_explained": 0.5676010152679489}, "22": {"AUC": NaN, "kappa": NaN, "f1": NaN, "precision": NaN, "recall": NaN, "average_precision": NaN, "Spearman_r": 0.8077213069477226, "Pearson_r": 0.789993807026755, "R2": 0.6223346153387574, "MAE": 0.3518229770859956, "MSE": 0.2476457954886345, "poisson_deviance_explained": 0.5581208480853261}, "23": {"AUC": NaN, "kappa": NaN, "f1": NaN, "precision": NaN, "recall": NaN, "average_precision": NaN, "Spearman_r": 0.8109724830521284, "Pearson_r": 0.7960045688737929, "R2": 0.6326351589026775, "MAE": 0.338544181922649, "MSE": 0.23185022782055, "poisson_deviance_explained": 0.5684722636929855}, "24": {"AUC": NaN, "kappa": NaN, "f1": NaN, "precision": NaN, "recall": NaN, "average_precision": NaN, "Spearman_r": 0.8071054453010147, "Pearson_r": 0.7909294186204906, "R2": 0.6242508439764397, "MAE": 0.34983911002968604, "MSE": 0.24436649090386053, "poisson_deviance_explained": 0.5567595093828807}, "25": {"AUC": NaN, "kappa": NaN, "f1": NaN, "precision": NaN, "recall": NaN, "average_precision": NaN, "Spearman_r": 0.8134608490006783, "Pearson_r": 0.8029962737679639, "R2": 0.6435180077699458, "MAE": 0.34992815433449664, "MSE": 0.24416601358325385, "poisson_deviance_explained": 0.5813026413070776}, "26": {"AUC": NaN, "kappa": NaN, "f1": NaN, "precision": NaN, "recall": NaN, "average_precision": NaN, "Spearman_r": 0.8071744389956522, "Pearson_r": 0.787486969479875, "R2": 0.6195976215149234, "MAE": 0.35470840646307256, "MSE": 0.2606264737211695, "poisson_deviance_explained": 0.5595161509323843}, "27": {"AUC": NaN, "kappa": NaN, "f1": NaN, "precision": NaN, "recall": NaN, "average_precision": NaN, "Spearman_r": 0.8090058785668683, "Pearson_r": 0.7942655565961624,