{"1": {"AUC": NaN, "kappa": NaN, "f1": NaN, "precision": NaN, "recall": NaN, "average_precision": NaN, "Spearman_r": 0.7639657219493733, "Pearson_r": 0.7461092149505875, "R2": 0.5562373416503492, "MAE": 0.394815038437175, "MSE": 0.3048957114149436, "poisson_deviance_explained": 0.48583416041566185}, "2": {"AUC": NaN, "kappa": NaN, "f1": NaN, "precision": NaN, "recall": NaN, "average_precision": NaN, "Spearman_r": 0.7618823400103777, "Pearson_r": 0.7493966967225861, "R2": 0.5608822408774403, "MAE": 0.3889744814942825, "MSE": 0.2992912252098975, "poisson_deviance_explained": 0.49407232714755633}, "3": {"AUC": NaN, "kappa": NaN, "f1": NaN, "precision": NaN, "recall": NaN, "average_precision": NaN, "Spearman_r": 0.7809025693683279, "Pearson_r": 0.7600105450110237, "R2": 0.5770701858299255, "MAE": 0.36911403405264026, "MSE": 0.2773704802709974, "poisson_deviance_explained": 0.513123919328238}, "4": {"AUC": NaN, "kappa": NaN, "f1": NaN, "precision": NaN, "recall": NaN, "average_precision": NaN, "Spearman_r": 0.7168416764173186, "Pearson_r": 0.7084855198783121, "R2": 0.5005082226502944, "MAE": 0.5929741018043396, "MSE": 0.6446714820907687, "poisson_deviance_explained": 0.38544891992892005}, "5": {"AUC": NaN, "kappa": NaN, "f1": NaN, "precision": NaN, "recall": NaN, "average_precision": NaN, "Spearman_r": 0.7890906801782647, "Pearson_r": 0.7689970661491831, "R2": 0.5907465067965619, "MAE": 0.36941227104972757, "MSE": 0.2880389513371235, "poisson_deviance_explained": 0.5179594996364587}, "6": {"AUC": NaN, "kappa": NaN, "f1": NaN, "precision": NaN, "recall": NaN, "average_precision": NaN, "Spearman_r": 0.7913943134048884, "Pearson_r": 0.7732179614914183, "R2": 0.5962171100950626, "MAE": 0.36757071455615636, "MSE": 0.2733271842539036, "poisson_deviance_explained": 0.5286621259121771}, "7": {"AUC": NaN, "kappa": NaN, "f1": NaN, "precision": NaN, "recall": NaN, "average_precision": NaN, "Spearman_r": 0.804093436915237, "Pearson_r": 0.777958596096906, "R2": 0.6032190653971579, "MAE": 0.36206344723050066, "MSE": 0.2710675900078146, "poisson_deviance_explained": 0.5285750281637052}, "8": {"AUC": NaN, "kappa": NaN, "f1": NaN, "precision": NaN, "recall": NaN, "average_precision": NaN, "Spearman_r": 0.7986175790660551, "Pearson_r": 0.7801017260573384, "R2": 0.6073047555313155, "MAE": 0.35934338622572454, "MSE": 0.26638860881652077, "poisson_deviance_explained": 0.5354817910294495}, "9": {"AUC": NaN, "kappa": NaN, "f1": NaN, "precision": NaN, "recall": NaN, "average_precision": NaN, "Spearman_r": 0.7998317717047566, "Pearson_r": 0.7724337127878766, "R2": 0.594639918552877, "MAE": 0.35179078521631807, "MSE": 0.2633976505631553, "poisson_deviance_explained": 0.5196970941247465}, "10": {"AUC": NaN, "kappa": NaN, "f1": NaN, "precision": NaN, "recall": NaN, "average_precision": NaN, "Spearman_r": 0.7967584042151855, "Pearson_r": 0.7606797178626626, "R2": 0.5768877341840657, "MAE": 0.36565027220942153, "MSE": 0.2895873573280315, "poisson_deviance_explained": 0.4965408917437151}, "11": {"AUC": NaN, "kappa": NaN, "f1": NaN, "precision": NaN, "recall": NaN, "average_precision": NaN, "Spearman_r": 0.7747029835469734, "Pearson_r": 0.730290207604973, "R2": 0.5325044916001964, "MAE": 0.3986832894610568, "MSE": 0.35638087210565084, "poisson_deviance_explained": 0.4486716809631729}, "12": {"AUC": NaN, "kappa": NaN, "f1": NaN, "precision": NaN, "recall": NaN, "average_precision": NaN, "Spearman_r": 0.7971595897181887, "Pearson_r": 0.768421956705416, "R2": 0.5890167292190712, "MAE": 0.3667979463059339, "MSE": 0.289552135162497, "poisson_deviance_explained": 0.5092158961652076}, "13": {"AUC": NaN, "kappa": NaN, "f1": NaN, "precision": NaN, "recall": NaN, "average_precision": NaN, "Spearman_r": 0.7915731123223884, "Pearson_r": 0.7612067551148481, "R2": 0.5782838102705377, "MAE": 0.368375795534004, "MSE": 0.2954689859836828, "poisson_deviance_explained": 0.4992413598755029}, "14": {"AUC": NaN, "kappa": NaN, "f1": NaN, "precision": NaN, "recall": NaN, "average_precision": NaN, "Spearman_r": 0.7901525663489011, "Pearson_r": 0.7741497313185938, "R2": 0.5985251351759385, "MAE": 0.36703941520456496, "MSE": 0.28751260595920075, "poisson_deviance_explained": 0.5272058794259815}, "15": {"AUC": NaN, "kappa": NaN, "f1": NaN, "precision": NaN, "recall": NaN, "average_precision": NaN, "Spearman_r": 0.7980854222909637, "Pearson_r": 0.7823398533069901, "R2": 0.6107434699382202, "MAE": 0.3550879806587309, "MSE": 0.269849904805768, "poisson_deviance_explained": 0.5324209151627404}, "16": {"AUC": NaN, "kappa": NaN, "f1": NaN, "precision": NaN, "recall": NaN, "average_precision": NaN, "Spearman_r": 0.805437747336313, "Pearson_r": 0.7903640379897611, "R2": 0.6236103654143397, "MAE": 0.35717535987835164, "MSE": 0.27396549145737287, "poisson_deviance_explained": 0.5471279341800492}, "17": {"AUC": NaN, "kappa": NaN, "f1": NaN, "precision": NaN, "recall": NaN, "average_precision": NaN, "Spearman_r": 0.8059157850376212, "Pearson_r": 0.7861380813117189, "R2": 0.6168891477872578, "MAE": 0.3524731732517723, "MSE": 0.263648540861949, "poisson_deviance_explained": 0.5373447980849151}, "18": {"AUC": NaN, "kappa": NaN, "f1": NaN, "precision": NaN, "recall": NaN, "average_precision": NaN, "Spearman_r": 0.7968723089053467, "Pearson_r": 0.7808878262071982, "R2": 0.6086192434848826, "MAE": 0.35092989309418626, "MSE": 0.25389074687492286, "poisson_deviance_explained": 0.5335430513361239}, "19": {"AUC": NaN, "kappa": NaN, "f1": NaN, "precision": NaN, "recall": NaN, "average_precision": NaN, "Spearman_r": 0.8288956032219406, "Pearson_r": 0.8173053206605403, "R2": 0.6669082633653232, "MAE": 0.33139090830655105, "MSE": 0.2248993714457627, "poisson_deviance_explained": 0.6031806140249579}, "20": {"AUC": NaN, "kappa": NaN, "f1": NaN, "precision": NaN, "recall": NaN, "average_precision": NaN, "Spearman_r": 0.8110184427812619, "Pearson_r": 0.7967485487905863, "R2": 0.6343155647850229, "MAE": 0.3473583777991669, "MSE": 0.25633587131589364, "poisson_deviance_explained": 0.563735080173237}, "21": {"AUC": NaN, "kappa": NaN, "f1": NaN, "precision": NaN, "recall": NaN, "average_precision": NaN, "Spearman_r": 0.8133836514817523, "Pearson_r": 0.7978745607817324, "R2": 0.6364107215609083, "MAE": 0.3325261668611749, "MSE": 0.23272264720972088, "poisson_deviance_explained": 0.5713002109601163}, "22": {"AUC": NaN, "kappa": NaN, "f1": NaN, "precision": NaN, "recall": NaN, "average_precision": NaN, "Spearman_r": 0.8253980097649258, "Pearson_r": 0.8130206927080271, "R2": 0.6604408661316261, "MAE": 0.32856049088302, "MSE": 0.22043660171897397, "poisson_deviance_explained": 0.5886855417043692}, "23": {"AUC": NaN, "kappa": NaN, "f1": NaN, "precision": NaN, "recall": NaN, "average_precision": NaN, "Spearman_r": 0.8178189448077823, "Pearson_r": 0.8047238336463817, "R2": 0.6466618562615668, "MAE": 0.33566397046189006, "MSE": 0.2355022649496051, "poisson_deviance_explained": 0.5809145891399292}, "24": {"AUC": NaN, "kappa": NaN, "f1": NaN, "precision": NaN, "recall": NaN, "average_precision": NaN, "Spearman_r": 0.8205531930975547, "Pearson_r": 0.8031361778603046, "R2": 0.6443491484054809, "MAE": 0.3323696315671733, "MSE": 0.2303222569091797, "poisson_deviance_explained": 0.576893473033609}, "25": {"AUC": NaN, "kappa": NaN, "f1": NaN, "precision": NaN, "recall": NaN, "average_precision": NaN, "Spearman_r": 0.821952892165954, "Pearson_r": 0.8080975397411099, "R2": 0.6519930040043549, "MAE": 0.33470173996525104, "MSE": 0.23016164876484793, "poisson_deviance_explained": 0.5810998682481605}, "26": {"AUC": NaN, "kappa": NaN, "f1": NaN, "precision": NaN, "recall": NaN, "average_precision": NaN, "Spearman_r": 0.8150980928602368, "Pearson_r": 0.8040977142072785, "R2": 0.6458814008901563, "MAE": 0.3359701060394134, "MSE": 0.23389768488921156, "poisson_deviance_explained": 0.5838695244475102}, "27": {"AUC": NaN, "kappa": NaN, "f1": NaN, "precision": NaN, "recall": NaN, "average_precision": NaN, "Spearman_r": 0.7986745632767666, "Pearson_r": 0.7749794642631548,