{"1": {"AUC": NaN, "kappa": NaN, "f1": NaN, "precision": NaN, "recall": NaN, "average_precision": NaN, "Spearman_r": 0.7820043161108197, "Pearson_r": 0.7690017356470643, "R2": 0.59063958236958, "MAE": 0.368031479581316, "MSE": 0.2635830819600274, "poisson_deviance_explained": 0.5265216644533681}, "2": {"AUC": NaN, "kappa": NaN, "f1": NaN, "precision": NaN, "recall": NaN, "average_precision": NaN, "Spearman_r": 0.793071571462078, "Pearson_r": 0.778877329102429, "R2": 0.605981456311942, "MAE": 0.35817207958758046, "MSE": 0.2509686353023101, "poisson_deviance_explained": 0.5392981521885452}, "3": {"AUC": NaN, "kappa": NaN, "f1": NaN, "precision": NaN, "recall": NaN, "average_precision": NaN, "Spearman_r": 0.792036979466547, "Pearson_r": 0.7770363844199125, "R2": 0.6035532304312041, "MAE": 0.3538442617540615, "MSE": 0.25293820795380045, "poisson_deviance_explained": 0.5404080451386467}, "4": {"AUC": NaN, "kappa": NaN, "f1": NaN, "precision": NaN, "recall": NaN, "average_precision": NaN, "Spearman_r": 0.7404535834133567, "Pearson_r": 0.7199879490637638, "R2": 0.5167960862175036, "MAE": 0.5460691370363593, "MSE": 0.5748074316319518, "poisson_deviance_explained": 0.39141247406296786}, "5": {"AUC": NaN, "kappa": NaN, "f1": NaN, "precision": NaN, "recall": NaN, "average_precision": NaN, "Spearman_r": 0.8081865935421017, "Pearson_r": 0.793288733058061, "R2": 0.6271516782787436, "MAE": 0.35247819793521956, "MSE": 0.24923374845929938, "poisson_deviance_explained": 0.5545424610925929}, "6": {"AUC": NaN, "kappa": NaN, "f1": NaN, "precision": NaN, "recall": NaN, "average_precision": NaN, "Spearman_r": 0.8041348267796471, "Pearson_r": 0.7800698275674025, "R2": 0.6075301482830733, "MAE": 0.3474062112892058, "MSE": 0.24888545636879175, "poisson_deviance_explained": 0.5399448615493025}, "7": {"AUC": NaN, "kappa": NaN, "f1": NaN, "precision": NaN, "recall": NaN, "average_precision": NaN, "Spearman_r": 0.7991525430590454, "Pearson_r": 0.784221390833464, "R2": 0.6138032894919364, "MAE": 0.34185347614703565, "MSE": 0.2408966172612913, "poisson_deviance_explained": 0.5496722313043494}, "8": {"AUC": NaN, "kappa": NaN, "f1": NaN, "precision": NaN, "recall": NaN, "average_precision": NaN, "Spearman_r": 0.8094643966012659, "Pearson_r": 0.7902462226051906, "R2": 0.6234547112365154, "MAE": 0.3348009671463522, "MSE": 0.23099849789651497, "poisson_deviance_explained": 0.5591113248423225}, "9": {"AUC": NaN, "kappa": NaN, "f1": NaN, "precision": NaN, "recall": NaN, "average_precision": NaN, "Spearman_r": 0.8135122234122798, "Pearson_r": 0.792656035939008, "R2": 0.6259180943411243, "MAE": 0.3383376658834869, "MSE": 0.24296381288210905, "poisson_deviance_explained": 0.5543668706920799}, "10": {"AUC": NaN, "kappa": NaN, "f1": NaN, "precision": NaN, "recall": NaN, "average_precision": NaN, "Spearman_r": 0.8125954039404923, "Pearson_r": 0.7898200173700615, "R2": 0.6223142111327363, "MAE": 0.3463343656317963, "MSE": 0.2517853129914354, "poisson_deviance_explained": 0.5521381502546432}, "11": {"AUC": NaN, "kappa": NaN, "f1": NaN, "precision": NaN, "recall": NaN, "average_precision": NaN, "Spearman_r": 0.7969832130632399, "Pearson_r": 0.769166567774798, "R2": 0.590667409280341, "MAE": 0.36761113748559615, "MSE": 0.2847049937039402, "poisson_deviance_explained": 0.5197099615407887}, "12": {"AUC": NaN, "kappa": NaN, "f1": NaN, "precision": NaN, "recall": NaN, "average_precision": NaN, "Spearman_r": 0.8141652788677527, "Pearson_r": 0.7841471615450597, "R2": 0.6137427506000126, "MAE": 0.3513404123178303, "MSE": 0.2655349069885996, "poisson_deviance_explained": 0.5380516854640789}, "13": {"AUC": NaN, "kappa": NaN, "f1": NaN, "precision": NaN, "recall": NaN, "average_precision": NaN, "Spearman_r": 0.809049811269691, "Pearson_r": 0.7837011736071164, "R2": 0.6127672592540355, "MAE": 0.34371001736924783, "MSE": 0.2473980729842148, "poisson_deviance_explained": 0.5409339138254738}, "14": {"AUC": NaN, "kappa": NaN, "f1": NaN, "precision": NaN, "recall": NaN, "average_precision": NaN, "Spearman_r": 0.810826730085481, "Pearson_r": 0.7909373908215143, "R2": 0.6248253359938436, "MAE": 0.33833102259439846, "MSE": 0.24427355316996333, "poisson_deviance_explained": 0.5530880615076978}, "15": {"AUC": NaN, "kappa": NaN, "f1": NaN, "precision": NaN, "recall": NaN, "average_precision": NaN, "Spearman_r": 0.8017276623774533, "Pearson_r": 0.7855048446909526, "R2": 0.616302799295698, "MAE": 0.3415466599799582, "MSE": 0.24320119632916848, "poisson_deviance_explained": 0.5467807340482093}, "16": {"AUC": NaN, "kappa": NaN, "f1": NaN, "precision": NaN, "recall": NaN, "average_precision": NaN, "Spearman_r": 0.8013848118518313, "Pearson_r": 0.7818254905776055, "R2": 0.610528187148195, "MAE": 0.3335470625020175, "MSE": 0.23420172359666055, "poisson_deviance_explained": 0.5478928072312574}, "17": {"AUC": NaN, "kappa": NaN, "f1": NaN, "precision": NaN, "recall": NaN, "average_precision": NaN, "Spearman_r": 0.8184919646377528, "Pearson_r": 0.8033548034827693, "R2": 0.64454769307056, "MAE": 0.32768037677057854, "MSE": 0.224276969931923, "poisson_deviance_explained": 0.5794525474531547}, "18": {"AUC": NaN, "kappa": NaN, "f1": NaN, "precision": NaN, "recall": NaN, "average_precision": NaN, "Spearman_r": 0.8048551825287992, "Pearson_r": 0.7921271907246354, "R2": 0.6264329400673896, "MAE": 0.3477668310897341, "MSE": 0.24949598909250814, "poisson_deviance_explained": 0.5590759104136039}, "19": {"AUC": NaN, "kappa": NaN, "f1": NaN, "precision": NaN, "recall": NaN, "average_precision": NaN, "Spearman_r": 0.8141734129604855, "Pearson_r": 0.7974888181843421, "R2": 0.6354298673611006, "MAE": 0.3350207388167254, "MSE": 0.23246800880989177, "poisson_deviance_explained": 0.5659078457858806}, "20": {"AUC": NaN, "kappa": NaN, "f1": NaN, "precision": NaN, "recall": NaN, "average_precision": NaN, "Spearman_r": 0.8257365800232551, "Pearson_r": 0.8126933494907825, "R2": 0.6592182836714284, "MAE": 0.32899772209363304, "MSE": 0.2234937998663761, "poisson_deviance_explained": 0.5925739053169832}, "21": {"AUC": NaN, "kappa": NaN, "f1": NaN, "precision": NaN, "recall": NaN, "average_precision": NaN, "Spearman_r": 0.8180056418219888, "Pearson_r": 0.8028861639458862, "R2": 0.6433261102714101, "MAE": 0.3416005979273389, "MSE": 0.24010633705738424, "poisson_deviance_explained": 0.570719999285749}, "22": {"AUC": NaN, "kappa": NaN, "f1": NaN, "precision": NaN, "recall": NaN, "average_precision": NaN, "Spearman_r": 0.8128138821055623, "Pearson_r": 0.7988682896010811, "R2": 0.6374449077601891, "MAE": 0.34682956952524086, "MSE": 0.24516419283501192, "poisson_deviance_explained": 0.568310514204414}, "23": {"AUC": NaN, "kappa": NaN, "f1": NaN, "precision": NaN, "recall": NaN, "average_precision": NaN, "Spearman_r": 0.8047496566150047, "Pearson_r": 0.7827921282192066, "R2": 0.6126912117985629, "MAE": 0.34590263546569605, "MSE": 0.2585447404160053, "poisson_deviance_explained": 0.5415531826946958}, "24": {"AUC": NaN, "kappa": NaN, "f1": NaN, "precision": NaN, "recall": NaN, "average_precision": NaN, "Spearman_r": 0.8190366455500685, "Pearson_r": 0.8068235988834341, "R2": 0.6499441977832932, "MAE": 0.32944905980324907, "MSE": 0.2181482123852828, "poisson_deviance_explained": 0.5885800520238832}, "25": {"AUC": NaN, "kappa": NaN, "f1": NaN, "precision": NaN, "recall": NaN, "average_precision": NaN, "Spearman_r": 0.8145734988132655, "Pearson_r": 0.8031954326925828, "R2": 0.6448794887641187, "MAE": 0.34575348252334037, "MSE": 0.24488735131809752, "poisson_deviance_explained": 0.5828225532632023}, "26": {"AUC": NaN, "kappa": NaN, "f1": NaN, "precision": NaN, "recall": NaN, "average_precision": NaN, "Spearman_r": 0.8115615762332243, "Pearson_r": 0.7922480843680709, "R2": 0.6270348962164828, "MAE": 0.34396894390355387, "MSE": 0.24592432555746216, "poisson_deviance_explained": 0.5595769064783636}, "27": {"AUC": NaN, "kappa": NaN, "f1": NaN, "precision": NaN, "recall": NaN, "average_precision": NaN, "Spearman_r": 0.8196200060843222, "Pearson_r": 0.8017043081220318,