{"1": {"AUC": NaN, "kappa": NaN, "f1": NaN, "precision": NaN, "recall": NaN, "average_precision": NaN, "Spearman_r": 0.7922887366048305, "Pearson_r": 0.7826718805067556, "R2": 0.6123062883421513, "MAE": 0.35107806815831727, "MSE": 0.2367331239303132, "poisson_deviance_explained": 0.5561638769514405}, "2": {"AUC": NaN, "kappa": NaN, "f1": NaN, "precision": NaN, "recall": NaN, "average_precision": NaN, "Spearman_r": 0.8174533380248374, "Pearson_r": 0.8077186129378845, "R2": 0.6516931705415234, "MAE": 0.34735440813141927, "MSE": 0.2302772038452644, "poisson_deviance_explained": 0.5933934133087633}, "3": {"AUC": NaN, "kappa": NaN, "f1": NaN, "precision": NaN, "recall": NaN, "average_precision": NaN, "Spearman_r": 0.8172709042602391, "Pearson_r": 0.8085478174997968, "R2": 0.6530772545153378, "MAE": 0.3486359636134568, "MSE": 0.24064605659253532, "poisson_deviance_explained": 0.5930492823653113}, "4": {"AUC": NaN, "kappa": NaN, "f1": NaN, "precision": NaN, "recall": NaN, "average_precision": NaN, "Spearman_r": 0.7497217910967319, "Pearson_r": 0.7152388005768101, "R2": 0.510611992439753, "MAE": 0.4973802891050296, "MSE": 0.492895094507451, "poisson_deviance_explained": 0.3870871904941505}, "5": {"AUC": NaN, "kappa": NaN, "f1": NaN, "precision": NaN, "recall": NaN, "average_precision": NaN, "Spearman_r": 0.8132365678091504, "Pearson_r": 0.8011320418660192, "R2": 0.6414124055850721, "MAE": 0.3363969275726705, "MSE": 0.2220781199308774, "poisson_deviance_explained": 0.5834350396006893}, "6": {"AUC": NaN, "kappa": NaN, "f1": NaN, "precision": NaN, "recall": NaN, "average_precision": NaN, "Spearman_r": 0.8123609936335218, "Pearson_r": 0.801775726780707, "R2": 0.642040273164822, "MAE": 0.34437537611012714, "MSE": 0.23477577821583767, "poisson_deviance_explained": 0.5832962064015087}, "7": {"AUC": NaN, "kappa": NaN, "f1": NaN, "precision": NaN, "recall": NaN, "average_precision": NaN, "Spearman_r": 0.8293685603980668, "Pearson_r": 0.8136495621735962, "R2": 0.6608152807881403, "MAE": 0.332606197353777, "MSE": 0.22626079073452215, "poisson_deviance_explained": 0.5977766956343993}, "8": {"AUC": NaN, "kappa": NaN, "f1": NaN, "precision": NaN, "recall": NaN, "average_precision": NaN, "Spearman_r": 0.811203459467424, "Pearson_r": 0.7935736581873262, "R2": 0.628589807099714, "MAE": 0.33544201179817235, "MSE": 0.22940076427533904, "poisson_deviance_explained": 0.5661557820940372}, "9": {"AUC": NaN, "kappa": NaN, "f1": NaN, "precision": NaN, "recall": NaN, "average_precision": NaN, "Spearman_r": 0.815659501592015, "Pearson_r": 0.7958184668346807, "R2": 0.6323876993112036, "MAE": 0.33284011863557167, "MSE": 0.22810430653743008, "poisson_deviance_explained": 0.5691483494941121}, "10": {"AUC": NaN, "kappa": NaN, "f1": NaN, "precision": NaN, "recall": NaN, "average_precision": NaN, "Spearman_r": 0.8175061291641675, "Pearson_r": 0.7975055402349737, "R2": 0.6352260778415506, "MAE": 0.33511157297359884, "MSE": 0.23337736795705719, "poisson_deviance_explained": 0.5701658659451158}, "11": {"AUC": NaN, "kappa": NaN, "f1": NaN, "precision": NaN, "recall": NaN, "average_precision": NaN, "Spearman_r": 0.8151057936779657, "Pearson_r": 0.7891339596935171, "R2": 0.6220596924476763, "MAE": 0.3452918228323163, "MSE": 0.25069822961082894, "poisson_deviance_explained": 0.557328184995335}, "12": {"AUC": NaN, "kappa": NaN, "f1": NaN, "precision": NaN, "recall": NaN, "average_precision": NaN, "Spearman_r": 0.8130642616508535, "Pearson_r": 0.7885133630950697, "R2": 0.6212191079165696, "MAE": 0.3394503907682613, "MSE": 0.23757426365423107, "poisson_deviance_explained": 0.5585918672404829}, "13": {"AUC": NaN, "kappa": NaN, "f1": NaN, "precision": NaN, "recall": NaN, "average_precision": NaN, "Spearman_r": 0.8148355116935804, "Pearson_r": 0.7963284548258918, "R2": 0.6329946409438107, "MAE": 0.33894056491196045, "MSE": 0.23149440331422272, "poisson_deviance_explained": 0.5735117791746336}, "14": {"AUC": NaN, "kappa": NaN, "f1": NaN, "precision": NaN, "recall": NaN, "average_precision": NaN, "Spearman_r": 0.80550626510036, "Pearson_r": 0.7842840949791007, "R2": 0.6145563549842754, "MAE": 0.33626884833685977, "MSE": 0.23475057986620138, "poisson_deviance_explained": 0.5503857705740072}, "15": {"AUC": NaN, "kappa": NaN, "f1": NaN, "precision": NaN, "recall": NaN, "average_precision": NaN, "Spearman_r": 0.8158293518755686, "Pearson_r": 0.8057598449374567, "R2": 0.6480829830207444, "MAE": 0.3335495628334655, "MSE": 0.22348502986544705, "poisson_deviance_explained": 0.5886645254445382}, "16": {"AUC": NaN, "kappa": NaN, "f1": NaN, "precision": NaN, "recall": NaN, "average_precision": NaN, "Spearman_r": 0.8204497482591608, "Pearson_r": 0.8028685226044248, "R2": 0.6439058215267546, "MAE": 0.32866494109914496, "MSE": 0.21923706391719716, "poisson_deviance_explained": 0.5793658393959846}, "17": {"AUC": NaN, "kappa": NaN, "f1": NaN, "precision": NaN, "recall": NaN, "average_precision": NaN, "Spearman_r": 0.8143037617781036, "Pearson_r": 0.798127481560417, "R2": 0.636311420974928, "MAE": 0.33700666422804754, "MSE": 0.23223554849534855, "poisson_deviance_explained": 0.5706844509069542}, "18": {"AUC": NaN, "kappa": NaN, "f1": NaN, "precision": NaN, "recall": NaN, "average_precision": NaN, "Spearman_r": 0.8145383454129993, "Pearson_r": 0.7989742545559085, "R2": 0.6377930864145097, "MAE": 0.33142917259935123, "MSE": 0.2244442863060174, "poisson_deviance_explained": 0.5779709997850915}, "19": {"AUC": NaN, "kappa": NaN, "f1": NaN, "precision": NaN, "recall": NaN, "average_precision": NaN, "Spearman_r": 0.8210889552128374, "Pearson_r": 0.813298327950166, "R2": 0.6609034686209528, "MAE": 0.32998953523782903, "MSE": 0.21140168880242677, "poisson_deviance_explained": 0.6049217985104909}, "20": {"AUC": NaN, "kappa": NaN, "f1": NaN, "precision": NaN, "recall": NaN, "average_precision": NaN, "Spearman_r": 0.8380981753892384, "Pearson_r": 0.8292529552053848, "R2": 0.6866040459221565, "MAE": 0.32455239610091857, "MSE": 0.20687966356513018, "poisson_deviance_explained": 0.6271001958303739}, "21": {"AUC": NaN, "kappa": NaN, "f1": NaN, "precision": NaN, "recall": NaN, "average_precision": NaN, "Spearman_r": 0.8309426462371248, "Pearson_r": 0.8212756231857742, "R2": 0.6737317256797527, "MAE": 0.32852533724332134, "MSE": 0.21251452930550518, "poisson_deviance_explained": 0.6201288384914883}, "22": {"AUC": NaN, "kappa": NaN, "f1": NaN, "precision": NaN, "recall": NaN, "average_precision": NaN, "Spearman_r": 0.8348827073068594, "Pearson_r": 0.8219417131257447, "R2": 0.6752042179469231, "MAE": 0.32294919453025195, "MSE": 0.20966348110408883, "poisson_deviance_explained": 0.6167697006176971}, "23": {"AUC": NaN, "kappa": NaN, "f1": NaN, "precision": NaN, "recall": NaN, "average_precision": NaN, "Spearman_r": 0.8316346300375225, "Pearson_r": 0.8200580681337004, "R2": 0.6715090151755041, "MAE": 0.3275776187471315, "MSE": 0.21796026557907405, "poisson_deviance_explained": 0.6074973961858512}, "24": {"AUC": NaN, "kappa": NaN, "f1": NaN, "precision": NaN, "recall": NaN, "average_precision": NaN, "Spearman_r": 0.8288563915604141, "Pearson_r": 0.8183550855652703, "R2": 0.6687810078217362, "MAE": 0.32956543181587966, "MSE": 0.21601272227758828, "poisson_deviance_explained": 0.61177198934354}, "25": {"AUC": NaN, "kappa": NaN, "f1": NaN, "precision": NaN, "recall": NaN, "average_precision": NaN, "Spearman_r": 0.8137964305961906, "Pearson_r": 0.7987171714357229, "R2": 0.6375575459826679, "MAE": 0.340276475877205, "MSE": 0.23076454230791407, "poisson_deviance_explained": 0.575372444371568}, "26": {"AUC": NaN, "kappa": NaN, "f1": NaN, "precision": NaN, "recall": NaN, "average_precision": NaN, "Spearman_r": 0.822863185086337, "Pearson_r": 0.8131701728867238, "R2": 0.6606255120940918, "MAE": 0.33928287061177426, "MSE": 0.22694120281841768, "poisson_deviance_explained": 0.6077327103961205}, "27": {"AUC": NaN, "kappa": NaN, "f1": NaN, "precision": NaN, "recall": NaN, "average_precision": NaN, "Spearman_r": 0.8237382148467262,