{"1": {"AUC": NaN, "kappa": NaN, "f1": NaN, "precision": NaN, "recall": NaN, "average_precision": NaN, "Spearman_r": 0.7872612836239826, "Pearson_r": 0.7797784557670445, "R2": 0.6064496154855966, "MAE": 0.3680454362455673, "MSE": 0.2527516048076703, "poisson_deviance_explained": 0.5464234603455949}, "2": {"AUC": NaN, "kappa": NaN, "f1": NaN, "precision": NaN, "recall": NaN, "average_precision": NaN, "Spearman_r": 0.7985232889030675, "Pearson_r": 0.787221801394975, "R2": 0.6187262124270185, "MAE": 0.3646696076710122, "MSE": 0.2531548056607961, "poisson_deviance_explained": 0.5620449273465691}, "3": {"AUC": NaN, "kappa": NaN, "f1": NaN, "precision": NaN, "recall": NaN, "average_precision": NaN, "Spearman_r": 0.8027514226803723, "Pearson_r": 0.7958995943073183, "R2": 0.6318303254791438, "MAE": 0.35958441283046383, "MSE": 0.24149990553032424, "poisson_deviance_explained": 0.5727063067886125}, "4": {"AUC": NaN, "kappa": NaN, "f1": NaN, "precision": NaN, "recall": NaN, "average_precision": NaN, "Spearman_r": 0.7394862323955367, "Pearson_r": 0.7041526371551187, "R2": 0.49477001447801416, "MAE": 0.5076340991069195, "MSE": 0.5080904430975016, "poisson_deviance_explained": 0.37169376819477906}, "5": {"AUC": NaN, "kappa": NaN, "f1": NaN, "precision": NaN, "recall": NaN, "average_precision": NaN, "Spearman_r": 0.8060350721811097, "Pearson_r": 0.7892552845412798, "R2": 0.6212365435215407, "MAE": 0.3520550405883074, "MSE": 0.24294869921624668, "poisson_deviance_explained": 0.5592014411130319}, "6": {"AUC": NaN, "kappa": NaN, "f1": NaN, "precision": NaN, "recall": NaN, "average_precision": NaN, "Spearman_r": 0.8110748743807108, "Pearson_r": 0.8015587228413149, "R2": 0.6399905483533684, "MAE": 0.34752403739550114, "MSE": 0.22897209541717825, "poisson_deviance_explained": 0.5800169630198864}, "7": {"AUC": NaN, "kappa": NaN, "f1": NaN, "precision": NaN, "recall": NaN, "average_precision": NaN, "Spearman_r": 0.7999708632890232, "Pearson_r": 0.7862403527293215, "R2": 0.6158962848158593, "MAE": 0.35702941210019107, "MSE": 0.24690750213093768, "poisson_deviance_explained": 0.5531021663127413}, "8": {"AUC": NaN, "kappa": NaN, "f1": NaN, "precision": NaN, "recall": NaN, "average_precision": NaN, "Spearman_r": 0.8045224046243898, "Pearson_r": 0.7890875009202158, "R2": 0.6210350060007775, "MAE": 0.3436150011196903, "MSE": 0.2267969485916412, "poisson_deviance_explained": 0.5609049259031416}, "9": {"AUC": NaN, "kappa": NaN, "f1": NaN, "precision": NaN, "recall": NaN, "average_precision": NaN, "Spearman_r": 0.7978131125160991, "Pearson_r": 0.7776203631950194, "R2": 0.6032433855053733, "MAE": 0.3471108386363959, "MSE": 0.24322240879059726, "poisson_deviance_explained": 0.5380040398766861}, "10": {"AUC": NaN, "kappa": NaN, "f1": NaN, "precision": NaN, "recall": NaN, "average_precision": NaN, "Spearman_r": 0.8132821708516569, "Pearson_r": 0.7898785061916567, "R2": 0.6208171753527656, "MAE": 0.3493334979340704, "MSE": 0.24629993940425177, "poisson_deviance_explained": 0.5502284049471138}, "11": {"AUC": NaN, "kappa": NaN, "f1": NaN, "precision": NaN, "recall": NaN, "average_precision": NaN, "Spearman_r": 0.805944083304438, "Pearson_r": 0.779764468122697, "R2": 0.6061601577649183, "MAE": 0.363472912308311, "MSE": 0.2697440070682465, "poisson_deviance_explained": 0.5441979287831129}, "12": {"AUC": NaN, "kappa": NaN, "f1": NaN, "precision": NaN, "recall": NaN, "average_precision": NaN, "Spearman_r": 0.7983569994479471, "Pearson_r": 0.7814602045503252, "R2": 0.609380899050838, "MAE": 0.35416206180823606, "MSE": 0.25118314088204746, "poisson_deviance_explained": 0.5508980318497287}, "13": {"AUC": NaN, "kappa": NaN, "f1": NaN, "precision": NaN, "recall": NaN, "average_precision": NaN, "Spearman_r": 0.795532299839732, "Pearson_r": 0.7757831723639509, "R2": 0.5999108720905334, "MAE": 0.356621807657338, "MSE": 0.25288962155684297, "poisson_deviance_explained": 0.5380875809235637}, "14": {"AUC": NaN, "kappa": NaN, "f1": NaN, "precision": NaN, "recall": NaN, "average_precision": NaN, "Spearman_r": 0.8023824783961676, "Pearson_r": 0.7856193698657654, "R2": 0.6151416217077414, "MAE": 0.34469132272519776, "MSE": 0.23345584863919677, "poisson_deviance_explained": 0.553517980251115}, "15": {"AUC": NaN, "kappa": NaN, "f1": NaN, "precision": NaN, "recall": NaN, "average_precision": NaN, "Spearman_r": 0.7981254061968625, "Pearson_r": 0.782822896457518, "R2": 0.6111762911310945, "MAE": 0.3474712659391362, "MSE": 0.24100788040084217, "poisson_deviance_explained": 0.5496454059902418}, "16": {"AUC": NaN, "kappa": NaN, "f1": NaN, "precision": NaN, "recall": NaN, "average_precision": NaN, "Spearman_r": 0.7986061361123553, "Pearson_r": 0.7872974425049621, "R2": 0.6178274674453883, "MAE": 0.3454283517089155, "MSE": 0.2324564607739249, "poisson_deviance_explained": 0.5615600536731642}, "17": {"AUC": NaN, "kappa": NaN, "f1": NaN, "precision": NaN, "recall": NaN, "average_precision": NaN, "Spearman_r": 0.8151700798532066, "Pearson_r": 0.8023918735930244, "R2": 0.6416493521952565, "MAE": 0.33883786901347174, "MSE": 0.22500317202561954, "poisson_deviance_explained": 0.5816558590985423}, "18": {"AUC": NaN, "kappa": NaN, "f1": NaN, "precision": NaN, "recall": NaN, "average_precision": NaN, "Spearman_r": 0.8113962599774988, "Pearson_r": 0.803472544094883, "R2": 0.6436703903675838, "MAE": 0.3359741019577899, "MSE": 0.21579967183478221, "poisson_deviance_explained": 0.5882056268946461}, "19": {"AUC": NaN, "kappa": NaN, "f1": NaN, "precision": NaN, "recall": NaN, "average_precision": NaN, "Spearman_r": 0.8118195141771635, "Pearson_r": 0.8029239890897756, "R2": 0.6432413490798657, "MAE": 0.34070213697707374, "MSE": 0.22582564185333912, "poisson_deviance_explained": 0.5915068377559796}, "20": {"AUC": NaN, "kappa": NaN, "f1": NaN, "precision": NaN, "recall": NaN, "average_precision": NaN, "Spearman_r": 0.8212995753766716, "Pearson_r": 0.8122601956326032, "R2": 0.6582585779226346, "MAE": 0.33801189680157373, "MSE": 0.21958952607466858, "poisson_deviance_explained": 0.6057241900213737}, "21": {"AUC": NaN, "kappa": NaN, "f1": NaN, "precision": NaN, "recall": NaN, "average_precision": NaN, "Spearman_r": 0.8296577241026037, "Pearson_r": 0.8169581618330206, "R2": 0.6657040116967037, "MAE": 0.33965520640274904, "MSE": 0.2231987990982743, "poisson_deviance_explained": 0.6087033894323612}, "22": {"AUC": NaN, "kappa": NaN, "f1": NaN, "precision": NaN, "recall": NaN, "average_precision": NaN, "Spearman_r": 0.8316096841793348, "Pearson_r": 0.821356826086303, "R2": 0.6728582124228111, "MAE": 0.3313904629250994, "MSE": 0.21279177125509288, "poisson_deviance_explained": 0.617144004879715}, "23": {"AUC": NaN, "kappa": NaN, "f1": NaN, "precision": NaN, "recall": NaN, "average_precision": NaN, "Spearman_r": 0.826048930410773, "Pearson_r": 0.8138181271885496, "R2": 0.66012760626816, "MAE": 0.3414569657705152, "MSE": 0.2280593902965339, "poisson_deviance_explained": 0.5961088542447878}, "24": {"AUC": NaN, "kappa": NaN, "f1": NaN, "precision": NaN, "recall": NaN, "average_precision": NaN, "Spearman_r": 0.8200233096267051, "Pearson_r": 0.8060051792938059, "R2": 0.647673074253005, "MAE": 0.345246069236254, "MSE": 0.23225040135410105, "poisson_deviance_explained": 0.590097886764098}, "25": {"AUC": NaN, "kappa": NaN, "f1": NaN, "precision": NaN, "recall": NaN, "average_precision": NaN, "Spearman_r": 0.8158685895049349, "Pearson_r": 0.8048686768652933, "R2": 0.6468845025306516, "MAE": 0.34490690541709357, "MSE": 0.2324652147035013, "poisson_deviance_explained": 0.5851190283357619}, "26": {"AUC": NaN, "kappa": NaN, "f1": NaN, "precision": NaN, "recall": NaN, "average_precision": NaN, "Spearman_r": 0.819058451961738, "Pearson_r": 0.8128495984808511, "R2": 0.6590860176020588, "MAE": 0.34949189343781184, "MSE": 0.2326885981054567, "poisson_deviance_explained": 0.6029338790023462}, "27": {"AUC": NaN, "kappa": NaN, "f1": NaN, "precision": NaN, "recall": NaN, "average_precision": NaN, "Spearman_r": 0.8164847517764087, "Pearson_r": 0.8068720688006099,