{"1": {"AUC": NaN, "kappa": NaN, "f1": NaN, "precision": NaN, "recall": NaN, "average_precision": NaN, "Spearman_r": 0.8066699842313029, "Pearson_r": 0.8009339143150098, "R2": 0.6411311878002508, "MAE": 0.35853543904559776, "MSE": 0.24164572868982145, "poisson_deviance_explained": 0.5855402351528929}, "2": {"AUC": NaN, "kappa": NaN, "f1": NaN, "precision": NaN, "recall": NaN, "average_precision": NaN, "Spearman_r": 0.8148065322123218, "Pearson_r": 0.8069254935886484, "R2": 0.6504990257220615, "MAE": 0.3476222634487301, "MSE": 0.23270436195536845, "poisson_deviance_explained": 0.5933767904261462}, "3": {"AUC": NaN, "kappa": NaN, "f1": NaN, "precision": NaN, "recall": NaN, "average_precision": NaN, "Spearman_r": 0.8226340470441974, "Pearson_r": 0.8159856106262805, "R2": 0.6648021012427906, "MAE": 0.3429843588889564, "MSE": 0.22360041109784284, "poisson_deviance_explained": 0.6061056756491995}, "4": {"AUC": NaN, "kappa": NaN, "f1": NaN, "precision": NaN, "recall": NaN, "average_precision": NaN, "Spearman_r": 0.7740424021707564, "Pearson_r": 0.7509052316070273, "R2": 0.5627199756427766, "MAE": 0.4447331097315799, "MSE": 0.3918216408775541, "poisson_deviance_explained": 0.44073649555318617}, "5": {"AUC": NaN, "kappa": NaN, "f1": NaN, "precision": NaN, "recall": NaN, "average_precision": NaN, "Spearman_r": 0.8202559534986708, "Pearson_r": 0.808962669831772, "R2": 0.6539587589354546, "MAE": 0.34118702278638413, "MSE": 0.22615936159465638, "poisson_deviance_explained": 0.5964273436229298}, "6": {"AUC": NaN, "kappa": NaN, "f1": NaN, "precision": NaN, "recall": NaN, "average_precision": NaN, "Spearman_r": 0.8204126821586335, "Pearson_r": 0.8104029737085597, "R2": 0.6556565599542061, "MAE": 0.3387403984061634, "MSE": 0.2179207041127124, "poisson_deviance_explained": 0.5994207005181231}, "7": {"AUC": NaN, "kappa": NaN, "f1": NaN, "precision": NaN, "recall": NaN, "average_precision": NaN, "Spearman_r": 0.8201477976874348, "Pearson_r": 0.8100199328267768, "R2": 0.6552195174273665, "MAE": 0.3288105884160385, "MSE": 0.21018472470151767, "poisson_deviance_explained": 0.6016706264242913}, "8": {"AUC": NaN, "kappa": NaN, "f1": NaN, "precision": NaN, "recall": NaN, "average_precision": NaN, "Spearman_r": 0.8231904180659799, "Pearson_r": 0.8100164245877508, "R2": 0.6549874488736049, "MAE": 0.33053201476754657, "MSE": 0.21491546571465187, "poisson_deviance_explained": 0.5975077645153173}, "9": {"AUC": NaN, "kappa": NaN, "f1": NaN, "precision": NaN, "recall": NaN, "average_precision": NaN, "Spearman_r": 0.8189392834419223, "Pearson_r": 0.8057934380905227, "R2": 0.648328506813369, "MAE": 0.3349166500638398, "MSE": 0.22030742377663945, "poisson_deviance_explained": 0.5881138855445881}, "10": {"AUC": NaN, "kappa": NaN, "f1": NaN, "precision": NaN, "recall": NaN, "average_precision": NaN, "Spearman_r": 0.8093133663027758, "Pearson_r": 0.7985321331451021, "R2": 0.6365945520999936, "MAE": 0.34635019073878004, "MSE": 0.23435664702770678, "poisson_deviance_explained": 0.5839221926912953}, "11": {"AUC": NaN, "kappa": NaN, "f1": NaN, "precision": NaN, "recall": NaN, "average_precision": NaN, "Spearman_r": 0.8229075678694373, "Pearson_r": 0.803756210144104, "R2": 0.6452658988924873, "MAE": 0.3444542827563609, "MSE": 0.23812275388316875, "poisson_deviance_explained": 0.5802621991838954}, "12": {"AUC": NaN, "kappa": NaN, "f1": NaN, "precision": NaN, "recall": NaN, "average_precision": NaN, "Spearman_r": 0.8189031504806374, "Pearson_r": 0.8074711320412955, "R2": 0.650783175240195, "MAE": 0.3465540559190446, "MSE": 0.235450464710436, "poisson_deviance_explained": 0.5907168039805046}, "13": {"AUC": NaN, "kappa": NaN, "f1": NaN, "precision": NaN, "recall": NaN, "average_precision": NaN, "Spearman_r": 0.8066896118209141, "Pearson_r": 0.7935139542238663, "R2": 0.6291524910332368, "MAE": 0.3388411914167885, "MSE": 0.22648213932329375, "poisson_deviance_explained": 0.5704919652283428}, "14": {"AUC": NaN, "kappa": NaN, "f1": NaN, "precision": NaN, "recall": NaN, "average_precision": NaN, "Spearman_r": 0.8147818890084912, "Pearson_r": 0.8015912944219972, "R2": 0.6418146808205296, "MAE": 0.33681398328693546, "MSE": 0.21730396489254372, "poisson_deviance_explained": 0.580986904257206}, "15": {"AUC": NaN, "kappa": NaN, "f1": NaN, "precision": NaN, "recall": NaN, "average_precision": NaN, "Spearman_r": 0.8152965300692151, "Pearson_r": 0.8099795549185038, "R2": 0.6551238219487796, "MAE": 0.3310434077433723, "MSE": 0.2123521059486306, "poisson_deviance_explained": 0.5988953884989818}, "16": {"AUC": NaN, "kappa": NaN, "f1": NaN, "precision": NaN, "recall": NaN, "average_precision": NaN, "Spearman_r": 0.8137187423415694, "Pearson_r": 0.8053216460461826, "R2": 0.6478357462317222, "MAE": 0.3367133979126228, "MSE": 0.2212159751616359, "poisson_deviance_explained": 0.593656840499988}, "17": {"AUC": NaN, "kappa": NaN, "f1": NaN, "precision": NaN, "recall": NaN, "average_precision": NaN, "Spearman_r": 0.8204675461055478, "Pearson_r": 0.8167535717625408, "R2": 0.6663269648614939, "MAE": 0.329218313886865, "MSE": 0.2047138954434155, "poisson_deviance_explained": 0.6124061014468716}, "18": {"AUC": NaN, "kappa": NaN, "f1": NaN, "precision": NaN, "recall": NaN, "average_precision": NaN, "Spearman_r": 0.8156896465157557, "Pearson_r": 0.8063889001123821, "R2": 0.6494213057053612, "MAE": 0.333124028116195, "MSE": 0.2151339862295421, "poisson_deviance_explained": 0.5900953877763266}, "19": {"AUC": NaN, "kappa": NaN, "f1": NaN, "precision": NaN, "recall": NaN, "average_precision": NaN, "Spearman_r": 0.8152254025556321, "Pearson_r": 0.8074879261675726, "R2": 0.6512695623134825, "MAE": 0.33403122492786197, "MSE": 0.21705436324095076, "poisson_deviance_explained": 0.5957603342560767}, "20": {"AUC": NaN, "kappa": NaN, "f1": NaN, "precision": NaN, "recall": NaN, "average_precision": NaN, "Spearman_r": 0.824263976989167, "Pearson_r": 0.816063080146492, "R2": 0.6653881945174547, "MAE": 0.33209194589153773, "MSE": 0.21549708728776418, "poisson_deviance_explained": 0.6120391226805462}, "21": {"AUC": NaN, "kappa": NaN, "f1": NaN, "precision": NaN, "recall": NaN, "average_precision": NaN, "Spearman_r": 0.8291951651035409, "Pearson_r": 0.8238301277013474, "R2": 0.6779771713834892, "MAE": 0.3270964948896776, "MSE": 0.2034182121222158, "poisson_deviance_explained": 0.6266711741547035}, "22": {"AUC": NaN, "kappa": NaN, "f1": NaN, "precision": NaN, "recall": NaN, "average_precision": NaN, "Spearman_r": 0.8289560679105875, "Pearson_r": 0.8124063145156296, "R2": 0.6594231417042314, "MAE": 0.33311431156814153, "MSE": 0.22215930255995864, "poisson_deviance_explained": 0.5989420447764908}, "23": {"AUC": NaN, "kappa": NaN, "f1": NaN, "precision": NaN, "recall": NaN, "average_precision": NaN, "Spearman_r": 0.8199314644191561, "Pearson_r": 0.8113045974039744, "R2": 0.6573035681937498, "MAE": 0.33900941331270457, "MSE": 0.22057397360469588, "poisson_deviance_explained": 0.6024682439039877}, "24": {"AUC": NaN, "kappa": NaN, "f1": NaN, "precision": NaN, "recall": NaN, "average_precision": NaN, "Spearman_r": 0.8125983834705235, "Pearson_r": 0.79951930338837, "R2": 0.6384735955422031, "MAE": 0.34826077364335334, "MSE": 0.23775773410155734, "poisson_deviance_explained": 0.578516912867743}, "25": {"AUC": NaN, "kappa": NaN, "f1": NaN, "precision": NaN, "recall": NaN, "average_precision": NaN, "Spearman_r": 0.8211158484770689, "Pearson_r": 0.8151347168367838, "R2": 0.6636411358573933, "MAE": 0.3332380169306435, "MSE": 0.2107929596456967, "poisson_deviance_explained": 0.6115010223078129}, "26": {"AUC": NaN, "kappa": NaN, "f1": NaN, "precision": NaN, "recall": NaN, "average_precision": NaN, "Spearman_r": 0.8200058144576485, "Pearson_r": 0.8131617173491998, "R2": 0.6605432480313118, "MAE": 0.33789568828308963, "MSE": 0.22004257542462707, "poisson_deviance_explained": 0.6088226712897082}, "27": {"AUC": NaN, "kappa": NaN, "f1": NaN, "precision": NaN, "recall": NaN, "average_precision": NaN, "Spearman_r": 0.8214561547679171,