{"1": {"AUC": NaN, "kappa": NaN, "f1": NaN, "precision": NaN, "recall": NaN, "average_precision": NaN, "Spearman_r": 0.8101142753711558, "Pearson_r": 0.8063026291445894, "R2": 0.6490931855860459, "MAE": 0.3562875830678196, "MSE": 0.23881961323927, "poisson_deviance_explained": 0.5956231772651162}, "2": {"AUC": NaN, "kappa": NaN, "f1": NaN, "precision": NaN, "recall": NaN, "average_precision": NaN, "Spearman_r": 0.8119170163630646, "Pearson_r": 0.7983187691702751, "R2": 0.6366794423852378, "MAE": 0.3534302026651695, "MSE": 0.2433809043139426, "poisson_deviance_explained": 0.5727045928347656}, "3": {"AUC": NaN, "kappa": NaN, "f1": NaN, "precision": NaN, "recall": NaN, "average_precision": NaN, "Spearman_r": 0.8205518924938259, "Pearson_r": 0.8130602385594629, "R2": 0.6604416477906498, "MAE": 0.3446650792144488, "MSE": 0.22789364140253932, "poisson_deviance_explained": 0.6036153528995801}, "4": {"AUC": NaN, "kappa": NaN, "f1": NaN, "precision": NaN, "recall": NaN, "average_precision": NaN, "Spearman_r": 0.7768412741865249, "Pearson_r": 0.7555371589727907, "R2": 0.5690894389191613, "MAE": 0.44876005856247414, "MSE": 0.40344257372517106, "poisson_deviance_explained": 0.45326984592944053}, "5": {"AUC": NaN, "kappa": NaN, "f1": NaN, "precision": NaN, "recall": NaN, "average_precision": NaN, "Spearman_r": 0.8195411320907567, "Pearson_r": 0.8099800944084272, "R2": 0.6551272141572895, "MAE": 0.344552015644495, "MSE": 0.2260842912140891, "poisson_deviance_explained": 0.5977028585799796}, "6": {"AUC": NaN, "kappa": NaN, "f1": NaN, "precision": NaN, "recall": NaN, "average_precision": NaN, "Spearman_r": 0.8263714692959949, "Pearson_r": 0.8190325995288277, "R2": 0.6696305095041887, "MAE": 0.33240286092802007, "MSE": 0.21055662205174586, "poisson_deviance_explained": 0.6185854303807342}, "7": {"AUC": NaN, "kappa": NaN, "f1": NaN, "precision": NaN, "recall": NaN, "average_precision": NaN, "Spearman_r": 0.8246202031513717, "Pearson_r": 0.8103504377978168, "R2": 0.6551175728406335, "MAE": 0.3357848719886667, "MSE": 0.2190637499688462, "poisson_deviance_explained": 0.5959213456128432}, "8": {"AUC": NaN, "kappa": NaN, "f1": NaN, "precision": NaN, "recall": NaN, "average_precision": NaN, "Spearman_r": 0.823594654200267, "Pearson_r": 0.8097124366445564, "R2": 0.654899841301759, "MAE": 0.3301207404799581, "MSE": 0.2142757520270834, "poisson_deviance_explained": 0.6005176102393273}, "9": {"AUC": NaN, "kappa": NaN, "f1": NaN, "precision": NaN, "recall": NaN, "average_precision": NaN, "Spearman_r": 0.8272830727839023, "Pearson_r": 0.8143496475144643, "R2": 0.6616953529889882, "MAE": 0.32665177560424635, "MSE": 0.20727917285142905, "poisson_deviance_explained": 0.6045184095276914}, "10": {"AUC": NaN, "kappa": NaN, "f1": NaN, "precision": NaN, "recall": NaN, "average_precision": NaN, "Spearman_r": 0.8172716878511713, "Pearson_r": 0.8010695051771614, "R2": 0.6407957550014929, "MAE": 0.34684001298824596, "MSE": 0.24232701419234495, "poisson_deviance_explained": 0.581062223139857}, "11": {"AUC": NaN, "kappa": NaN, "f1": NaN, "precision": NaN, "recall": NaN, "average_precision": NaN, "Spearman_r": 0.8215578854217924, "Pearson_r": 0.8026751294762547, "R2": 0.6429813006261587, "MAE": 0.3458357971207166, "MSE": 0.24181365193214271, "poisson_deviance_explained": 0.581746121329255}, "12": {"AUC": NaN, "kappa": NaN, "f1": NaN, "precision": NaN, "recall": NaN, "average_precision": NaN, "Spearman_r": 0.8224957476597202, "Pearson_r": 0.8124180853933086, "R2": 0.6587381163325514, "MAE": 0.3348077851465191, "MSE": 0.22211404494420964, "poisson_deviance_explained": 0.6017766716286277}, "13": {"AUC": NaN, "kappa": NaN, "f1": NaN, "precision": NaN, "recall": NaN, "average_precision": NaN, "Spearman_r": 0.8173594072944013, "Pearson_r": 0.7966076366449345, "R2": 0.6336409517445476, "MAE": 0.3363407727798962, "MSE": 0.2254103904285998, "poisson_deviance_explained": 0.5736229962509973}, "14": {"AUC": NaN, "kappa": NaN, "f1": NaN, "precision": NaN, "recall": NaN, "average_precision": NaN, "Spearman_r": 0.8137494635350169, "Pearson_r": 0.811129849651006, "R2": 0.6568418518138052, "MAE": 0.3328395335494766, "MSE": 0.2158411313528079, "poisson_deviance_explained": 0.6043569298260555}, "15": {"AUC": NaN, "kappa": NaN, "f1": NaN, "precision": NaN, "recall": NaN, "average_precision": NaN, "Spearman_r": 0.8154770273792409, "Pearson_r": 0.8106369000470761, "R2": 0.6557972837607315, "MAE": 0.34268264000983556, "MSE": 0.22785382975140622, "poisson_deviance_explained": 0.5869387275072788}, "16": {"AUC": NaN, "kappa": NaN, "f1": NaN, "precision": NaN, "recall": NaN, "average_precision": NaN, "Spearman_r": 0.8178371380400105, "Pearson_r": 0.8067680586061979, "R2": 0.650334338351227, "MAE": 0.33176535704154336, "MSE": 0.21709159752208423, "poisson_deviance_explained": 0.5966567655883899}, "17": {"AUC": NaN, "kappa": NaN, "f1": NaN, "precision": NaN, "recall": NaN, "average_precision": NaN, "Spearman_r": 0.8219147782586923, "Pearson_r": 0.8104998922925739, "R2": 0.6556213664333956, "MAE": 0.32914291607205987, "MSE": 0.21353161855983363, "poisson_deviance_explained": 0.6006860781925298}, "18": {"AUC": NaN, "kappa": NaN, "f1": NaN, "precision": NaN, "recall": NaN, "average_precision": NaN, "Spearman_r": 0.8158079705944384, "Pearson_r": 0.8053944996703781, "R2": 0.6483413289088769, "MAE": 0.33277717084837394, "MSE": 0.2181412451405671, "poisson_deviance_explained": 0.5923600653860392}, "19": {"AUC": NaN, "kappa": NaN, "f1": NaN, "precision": NaN, "recall": NaN, "average_precision": NaN, "Spearman_r": 0.827834817232617, "Pearson_r": 0.8194194696766982, "R2": 0.6702885897572519, "MAE": 0.334918071645019, "MSE": 0.21742807392070823, "poisson_deviance_explained": 0.6125019117126258}, "20": {"AUC": NaN, "kappa": NaN, "f1": NaN, "precision": NaN, "recall": NaN, "average_precision": NaN, "Spearman_r": 0.8308415101729273, "Pearson_r": 0.8219812489224523, "R2": 0.675015900860819, "MAE": 0.32973890419955765, "MSE": 0.2085656208504591, "poisson_deviance_explained": 0.6208713485194208}, "21": {"AUC": NaN, "kappa": NaN, "f1": NaN, "precision": NaN, "recall": NaN, "average_precision": NaN, "Spearman_r": 0.8310995419280202, "Pearson_r": 0.8224936063925401, "R2": 0.675454722301762, "MAE": 0.3268320682609532, "MSE": 0.2063370017068968, "poisson_deviance_explained": 0.6223770785199634}, "22": {"AUC": NaN, "kappa": NaN, "f1": NaN, "precision": NaN, "recall": NaN, "average_precision": NaN, "Spearman_r": 0.8373767376816448, "Pearson_r": 0.826414129466163, "R2": 0.6822330317373746, "MAE": 0.32464660261580713, "MSE": 0.20511345535324008, "poisson_deviance_explained": 0.6283136275425406}, "23": {"AUC": NaN, "kappa": NaN, "f1": NaN, "precision": NaN, "recall": NaN, "average_precision": NaN, "Spearman_r": 0.8193080563921538, "Pearson_r": 0.8083901640130319, "R2": 0.6528195808151261, "MAE": 0.33886313851845784, "MSE": 0.2216612911708353, "poisson_deviance_explained": 0.6000324490852541}, "24": {"AUC": NaN, "kappa": NaN, "f1": NaN, "precision": NaN, "recall": NaN, "average_precision": NaN, "Spearman_r": 0.8252631376196733, "Pearson_r": 0.8141779183960767, "R2": 0.6619701561748121, "MAE": 0.3327616897874512, "MSE": 0.21945867612747505, "poisson_deviance_explained": 0.6020914777794024}, "25": {"AUC": NaN, "kappa": NaN, "f1": NaN, "precision": NaN, "recall": NaN, "average_precision": NaN, "Spearman_r": 0.8224329754804541, "Pearson_r": 0.8118319051435633, "R2": 0.658300835902556, "MAE": 0.3382110604375415, "MSE": 0.225559884765179, "poisson_deviance_explained": 0.6031661298336286}, "26": {"AUC": NaN, "kappa": NaN, "f1": NaN, "precision": NaN, "recall": NaN, "average_precision": NaN, "Spearman_r": 0.8219972526768261, "Pearson_r": 0.8145599046914174, "R2": 0.6629290588247051, "MAE": 0.32990201727191404, "MSE": 0.2089753803838855, "poisson_deviance_explained": 0.6094982995855842}, "27": {"AUC": NaN, "kappa": NaN, "f1": NaN, "precision": NaN, "recall": NaN, "average_precision": NaN, "Spearman_r": 0.8238705672633843, "Pearson_r": 0.8192283939799289,