{"AUC": NaN, "kappa": NaN, "f1": NaN, "precision": NaN, "recall": NaN, "average_precision": NaN, "Spearman_r": 0.8217441961620251, "Pearson_r": 0.8099812134499206, "R2": 0.6553536592596716, "MAE": 0.3430738233573692, "MSE": 0.22910371971293977, "poisson_deviance_explained": 0.5925626678400486}
