{"1": {"AUC": NaN, "kappa": NaN, "f1": NaN, "precision": NaN, "recall": NaN, "average_precision": NaN, "Spearman_r": 0.8040241899402822, "Pearson_r": 0.7986993843954416, "R2": 0.6365939946676281, "MAE": 0.36584971659881776, "MSE": 0.24064591807468666, "poisson_deviance_explained": 0.5842846043456944}, "2": {"AUC": NaN, "kappa": NaN, "f1": NaN, "precision": NaN, "recall": NaN, "average_precision": NaN, "Spearman_r": 0.7960496099343574, "Pearson_r": 0.7866551698601968, "R2": 0.6172355920161061, "MAE": 0.36500757728806155, "MSE": 0.2457978029729524, "poisson_deviance_explained": 0.5591560866275811}, "3": {"AUC": NaN, "kappa": NaN, "f1": NaN, "precision": NaN, "recall": NaN, "average_precision": NaN, "Spearman_r": 0.8146751819035883, "Pearson_r": 0.809762687774709, "R2": 0.6536198727689144, "MAE": 0.3595508147226633, "MSE": 0.23546246856101283, "poisson_deviance_explained": 0.5965610533303665}, "4": {"AUC": NaN, "kappa": NaN, "f1": NaN, "precision": NaN, "recall": NaN, "average_precision": NaN, "Spearman_r": 0.7714935711170006, "Pearson_r": 0.7488277522074037, "R2": 0.5596959636855678, "MAE": 0.4395512157998977, "MSE": 0.37434093061001655, "poisson_deviance_explained": 0.44606016183796604}, "5": {"AUC": NaN, "kappa": NaN, "f1": NaN, "precision": NaN, "recall": NaN, "average_precision": NaN, "Spearman_r": 0.7985373262072136, "Pearson_r": 0.7913050286814246, "R2": 0.6239397478658484, "MAE": 0.35440282710998744, "MSE": 0.23156406073098862, "poisson_deviance_explained": 0.5665509843074519}, "6": {"AUC": NaN, "kappa": NaN, "f1": NaN, "precision": NaN, "recall": NaN, "average_precision": NaN, "Spearman_r": 0.7888619859079126, "Pearson_r": 0.7784450016508547, "R2": 0.6041378139094364, "MAE": 0.3553280739587213, "MSE": 0.23545737264697156, "poisson_deviance_explained": 0.5434418361427049}, "7": {"AUC": NaN, "kappa": NaN, "f1": NaN, "precision": NaN, "recall": NaN, "average_precision": NaN, "Spearman_r": 0.8066942854295979, "Pearson_r": 0.796209105351142, "R2": 0.6306453881290878, "MAE": 0.3289108976340404, "MSE": 0.20579788791934134, "poisson_deviance_explained": 0.5717286610616212}, "8": {"AUC": NaN, "kappa": NaN, "f1": NaN, "precision": NaN, "recall": NaN, "average_precision": NaN, "Spearman_r": 0.8152325294600078, "Pearson_r": 0.8069336815104373, "R2": 0.647714375638285, "MAE": 0.3160338709092518, "MSE": 0.18615243698590553, "poisson_deviance_explained": 0.5925346311989232}, "9": {"AUC": NaN, "kappa": NaN, "f1": NaN, "precision": NaN, "recall": NaN, "average_precision": NaN, "Spearman_r": 0.8156754101332834, "Pearson_r": 0.8045786635205553, "R2": 0.6443243390375253, "MAE": 0.31676876406402654, "MSE": 0.19051494887168166, "poisson_deviance_explained": 0.5895259268226436}, "10": {"AUC": NaN, "kappa": NaN, "f1": NaN, "precision": NaN, "recall": NaN, "average_precision": NaN, "Spearman_r": 0.8176240264759088, "Pearson_r": 0.8017617865159559, "R2": 0.6413154951040243, "MAE": 0.3214464218188589, "MSE": 0.20133824856591162, "poisson_deviance_explained": 0.5825251840933996}, "11": {"AUC": NaN, "kappa": NaN, "f1": NaN, "precision": NaN, "recall": NaN, "average_precision": NaN, "Spearman_r": 0.8147713130634642, "Pearson_r": 0.7956148329679187, "R2": 0.6311373983096233, "MAE": 0.34114422833723906, "MSE": 0.22685530012146, "poisson_deviance_explained": 0.5694018363933345}, "12": {"AUC": NaN, "kappa": NaN, "f1": NaN, "precision": NaN, "recall": NaN, "average_precision": NaN, "Spearman_r": 0.8096114111993876, "Pearson_r": 0.7946517237557584, "R2": 0.6293229772434034, "MAE": 0.3394646425014576, "MSE": 0.2279109104655332, "poisson_deviance_explained": 0.5627496360642982}, "13": {"AUC": NaN, "kappa": NaN, "f1": NaN, "precision": NaN, "recall": NaN, "average_precision": NaN, "Spearman_r": 0.8104706210569702, "Pearson_r": 0.7988002846689928, "R2": 0.6363451660612128, "MAE": 0.3268650309679206, "MSE": 0.2082342524374885, "poisson_deviance_explained": 0.5814747987623448}, "14": {"AUC": NaN, "kappa": NaN, "f1": NaN, "precision": NaN, "recall": NaN, "average_precision": NaN, "Spearman_r": 0.8098415672950011, "Pearson_r": 0.7996285465298283, "R2": 0.6370262191442395, "MAE": 0.32568721474837314, "MSE": 0.20270493717701255, "poisson_deviance_explained": 0.5814801939426701}, "15": {"AUC": NaN, "kappa": NaN, "f1": NaN, "precision": NaN, "recall": NaN, "average_precision": NaN, "Spearman_r": 0.8087217014789931, "Pearson_r": 0.8021328489533442, "R2": 0.6409369575821835, "MAE": 0.3271300503659882, "MSE": 0.2008735577824384, "poisson_deviance_explained": 0.5880705610108359}, "16": {"AUC": NaN, "kappa": NaN, "f1": NaN, "precision": NaN, "recall": NaN, "average_precision": NaN, "Spearman_r": 0.8040501913653485, "Pearson_r": 0.7969949178057637, "R2": 0.6324924626517687, "MAE": 0.3268316998329498, "MSE": 0.20259173727650925, "poisson_deviance_explained": 0.5787354260853306}, "17": {"AUC": NaN, "kappa": NaN, "f1": NaN, "precision": NaN, "recall": NaN, "average_precision": NaN, "Spearman_r": 0.8097166570353, "Pearson_r": 0.8057699275374107, "R2": 0.6473042764200809, "MAE": 0.32826993269790294, "MSE": 0.20321106456680652, "poisson_deviance_explained": 0.5955183193651677}, "18": {"AUC": NaN, "kappa": NaN, "f1": NaN, "precision": NaN, "recall": NaN, "average_precision": NaN, "Spearman_r": 0.8054871051460627, "Pearson_r": 0.8014541513523041, "R2": 0.6408597956016617, "MAE": 0.32959363017612364, "MSE": 0.20218758669111722, "poisson_deviance_explained": 0.5885817927663644}, "19": {"AUC": NaN, "kappa": NaN, "f1": NaN, "precision": NaN, "recall": NaN, "average_precision": NaN, "Spearman_r": 0.8108025931593597, "Pearson_r": 0.8041983069901805, "R2": 0.6445572066439441, "MAE": 0.335575629904737, "MSE": 0.21046154797238442, "poisson_deviance_explained": 0.5913230490056967}, "20": {"AUC": NaN, "kappa": NaN, "f1": NaN, "precision": NaN, "recall": NaN, "average_precision": NaN, "Spearman_r": 0.8061683322150236, "Pearson_r": 0.7966226591117616, "R2": 0.6323284691692903, "MAE": 0.33756081530731435, "MSE": 0.2143661354081816, "poisson_deviance_explained": 0.5756527053367679}, "21": {"AUC": NaN, "kappa": NaN, "f1": NaN, "precision": NaN, "recall": NaN, "average_precision": NaN, "Spearman_r": 0.819038041134496, "Pearson_r": 0.809539699908543, "R2": 0.6530301494444818, "MAE": 0.33245086489239417, "MSE": 0.20519665595702988, "poisson_deviance_explained": 0.598726979451262}, "22": {"AUC": NaN, "kappa": NaN, "f1": NaN, "precision": NaN, "recall": NaN, "average_precision": NaN, "Spearman_r": 0.8116623793224612, "Pearson_r": 0.8023650497285051, "R2": 0.6416882900465342, "MAE": 0.3347291098592527, "MSE": 0.2091405540637196, "poisson_deviance_explained": 0.5860926813848903}, "23": {"AUC": NaN, "kappa": NaN, "f1": NaN, "precision": NaN, "recall": NaN, "average_precision": NaN, "Spearman_r": 0.8046032377140561, "Pearson_r": 0.7964382329381904, "R2": 0.6323991712399342, "MAE": 0.33986082800044093, "MSE": 0.2174105318565768, "poisson_deviance_explained": 0.5790846061185109}, "24": {"AUC": NaN, "kappa": NaN, "f1": NaN, "precision": NaN, "recall": NaN, "average_precision": NaN, "Spearman_r": 0.8007329103684331, "Pearson_r": 0.7932142581316236, "R2": 0.6275781127694493, "MAE": 0.33513294552798706, "MSE": 0.20956838400427563, "poisson_deviance_explained": 0.5744920627119318}, "25": {"AUC": NaN, "kappa": NaN, "f1": NaN, "precision": NaN, "recall": NaN, "average_precision": NaN, "Spearman_r": 0.804556267694826, "Pearson_r": 0.7940272294485325, "R2": 0.6282740641090812, "MAE": 0.3415586171122191, "MSE": 0.2196373995684944, "poisson_deviance_explained": 0.5689494944359128}, "26": {"AUC": NaN, "kappa": NaN, "f1": NaN, "precision": NaN, "recall": NaN, "average_precision": NaN, "Spearman_r": 0.8117811245558412, "Pearson_r": 0.8021988513524703, "R2": 0.6408134719810282, "MAE": 0.3363768132025699, "MSE": 0.2117470161097667, "poisson_deviance_explained": 0.5821500984768773}, "27": {"AUC": NaN, "kappa": NaN, "f1": NaN, "precision": NaN, "recall": NaN, "average_precision": NaN, "Spearman_r": 0.8108828699941693,