{"AUC": NaN, "kappa": NaN, "f1": NaN, "precision": NaN, "recall": NaN, "average_precision": NaN, "Spearman_r": 0.8135601991244009, "Pearson_r": 0.7928820973127796, "R2": 0.6277844250352383, "MAE": 0.35481558406086966, "MSE": 0.2610788188211498, "poisson_deviance_explained": 0.5501989510925328}