{"1": {"AUC": NaN, "kappa": NaN, "f1": NaN, "precision": NaN, "recall": NaN, "average_precision": NaN, "Spearman_r": 0.7474228162361043, "Pearson_r": 0.7194404280273955, "R2": 0.5174342728023246, "MAE": 0.4219783765936372, "MSE": 0.3585817995605111, "poisson_deviance_explained": 0.4472102285554217}, "2": {"AUC": NaN, "kappa": NaN, "f1": NaN, "precision": NaN, "recall": NaN, "average_precision": NaN, "Spearman_r": 0.7608930123337792, "Pearson_r": 0.7359704440058289, "R2": 0.5412360476285125, "MAE": 0.4175199955093929, "MSE": 0.3551000326299853, "poisson_deviance_explained": 0.468687226883136}, "3": {"AUC": NaN, "kappa": NaN, "f1": NaN, "precision": NaN, "recall": NaN, "average_precision": NaN, "Spearman_r": 0.7746699151033033, "Pearson_r": 0.7508766312217083, "R2": 0.5627348501756828, "MAE": 0.4064791462519065, "MSE": 0.340597268673811, "poisson_deviance_explained": 0.4864225524841068}, "4": {"AUC": NaN, "kappa": NaN, "f1": NaN, "precision": NaN, "recall": NaN, "average_precision": NaN, "Spearman_r": 0.7194392141521508, "Pearson_r": 0.7116827317862348, "R2": 0.5052927745764167, "MAE": 0.649768265849702, "MSE": 0.7272656529339082, "poisson_deviance_explained": 0.38647418867477756}, "5": {"AUC": NaN, "kappa": NaN, "f1": NaN, "precision": NaN, "recall": NaN, "average_precision": NaN, "Spearman_r": 0.7849255171604109, "Pearson_r": 0.7511899308268594, "R2": 0.563254382510167, "MAE": 0.40290125049021075, "MSE": 0.3280035713223526, "poisson_deviance_explained": 0.48119403663606375}, "6": {"AUC": NaN, "kappa": NaN, "f1": NaN, "precision": NaN, "recall": NaN, "average_precision": NaN, "Spearman_r": 0.7801905440502227, "Pearson_r": 0.7569651458117301, "R2": 0.5719180181580866, "MAE": 0.3948142981907017, "MSE": 0.3090312955117203, "poisson_deviance_explained": 0.4977031370953714}, "7": {"AUC": NaN, "kappa": NaN, "f1": NaN, "precision": NaN, "recall": NaN, "average_precision": NaN, "Spearman_r": 0.7758209008587205, "Pearson_r": 0.7443599321151981, "R2": 0.5532668071072837, "MAE": 0.39829921347838304, "MSE": 0.3300860850435514, "poisson_deviance_explained": 0.4731078001477338}, "8": {"AUC": NaN, "kappa": NaN, "f1": NaN, "precision": NaN, "recall": NaN, "average_precision": NaN, "Spearman_r": 0.787625479273387, "Pearson_r": 0.7531936515325354, "R2": 0.5659006709298755, "MAE": 0.38557249705640834, "MSE": 0.3143653268789515, "poisson_deviance_explained": 0.4841619938376144}, "9": {"AUC": NaN, "kappa": NaN, "f1": NaN, "precision": NaN, "recall": NaN, "average_precision": NaN, "Spearman_r": 0.7889015874973884, "Pearson_r": 0.7561184615654891, "R2": 0.5694316247636718, "MAE": 0.39241784085948694, "MSE": 0.32328583925098, "poisson_deviance_explained": 0.4885303375637129}, "10": {"AUC": NaN, "kappa": NaN, "f1": NaN, "precision": NaN, "recall": NaN, "average_precision": NaN, "Spearman_r": 0.7944073454236804, "Pearson_r": 0.76478777048794, "R2": 0.5829287197006672, "MAE": 0.39324293859566156, "MSE": 0.3245263314811626, "poisson_deviance_explained": 0.5026849555345301}, "11": {"AUC": NaN, "kappa": NaN, "f1": NaN, "precision": NaN, "recall": NaN, "average_precision": NaN, "Spearman_r": 0.7910223567311866, "Pearson_r": 0.7515174204419142, "R2": 0.5631801867621775, "MAE": 0.41991376986918644, "MSE": 0.38687361904050305, "poisson_deviance_explained": 0.47499758047728335}, "12": {"AUC": NaN, "kappa": NaN, "f1": NaN, "precision": NaN, "recall": NaN, "average_precision": NaN, "Spearman_r": 0.7832385532964473, "Pearson_r": 0.7433745189602002, "R2": 0.5510341728967092, "MAE": 0.4005106238558002, "MSE": 0.3414712711160307, "poisson_deviance_explained": 0.46536929402304217}, "13": {"AUC": NaN, "kappa": NaN, "f1": NaN, "precision": NaN, "recall": NaN, "average_precision": NaN, "Spearman_r": 0.7865877680893847, "Pearson_r": 0.7517554728429692, "R2": 0.5636388641066005, "MAE": 0.38893497614058536, "MSE": 0.32746520605402274, "poisson_deviance_explained": 0.478574947816102}, "14": {"AUC": NaN, "kappa": NaN, "f1": NaN, "precision": NaN, "recall": NaN, "average_precision": NaN, "Spearman_r": 0.7870011967569248, "Pearson_r": 0.7518693538001742, "R2": 0.5642498776138777, "MAE": 0.3848975727834329, "MSE": 0.307774478272431, "poisson_deviance_explained": 0.48117374681442093}, "15": {"AUC": NaN, "kappa": NaN, "f1": NaN, "precision": NaN, "recall": NaN, "average_precision": NaN, "Spearman_r": 0.7896238589957005, "Pearson_r": 0.7597805427869928, "R2": 0.5758512472572566, "MAE": 0.37841117272642594, "MSE": 0.3017107756450538, "poisson_deviance_explained": 0.5001902832164433}, "16": {"AUC": NaN, "kappa": NaN, "f1": NaN, "precision": NaN, "recall": NaN, "average_precision": NaN, "Spearman_r": 0.7996098863669032, "Pearson_r": 0.7725657858717284, "R2": 0.5956866990919047, "MAE": 0.3702614150653281, "MSE": 0.28949024815634966, "poisson_deviance_explained": 0.5061490046372711}, "17": {"AUC": NaN, "kappa": NaN, "f1": NaN, "precision": NaN, "recall": NaN, "average_precision": NaN, "Spearman_r": 0.7953139246552169, "Pearson_r": 0.7682995727284722, "R2": 0.5893616058690434, "MAE": 0.372227834038397, "MSE": 0.2955085614256732, "poisson_deviance_explained": 0.49941268260453464}, "18": {"AUC": NaN, "kappa": NaN, "f1": NaN, "precision": NaN, "recall": NaN, "average_precision": NaN, "Spearman_r": 0.7993122481468596, "Pearson_r": 0.7820531360941749, "R2": 0.6106995670222084, "MAE": 0.36150953947769143, "MSE": 0.27103270981085686, "poisson_deviance_explained": 0.540205553594653}, "19": {"AUC": NaN, "kappa": NaN, "f1": NaN, "precision": NaN, "recall": NaN, "average_precision": NaN, "Spearman_r": 0.7975808163913843, "Pearson_r": 0.776085215457204, "R2": 0.6016181834102998, "MAE": 0.3746100776149878, "MSE": 0.3025843834112022, "poisson_deviance_explained": 0.5145166373314725}, "20": {"AUC": NaN, "kappa": NaN, "f1": NaN, "precision": NaN, "recall": NaN, "average_precision": NaN, "Spearman_r": 0.8015942426469651, "Pearson_r": 0.7834258897054703, "R2": 0.6129165850045392, "MAE": 0.35715336985727913, "MSE": 0.2604369630609432, "poisson_deviance_explained": 0.537923911384679}, "21": {"AUC": NaN, "kappa": NaN, "f1": NaN, "precision": NaN, "recall": NaN, "average_precision": NaN, "Spearman_r": 0.805248150712605, "Pearson_r": 0.7847112240312258, "R2": 0.6147326035383243, "MAE": 0.36114591647544114, "MSE": 0.2754700427612409, "poisson_deviance_explained": 0.5411489005608405}, "22": {"AUC": NaN, "kappa": NaN, "f1": NaN, "precision": NaN, "recall": NaN, "average_precision": NaN, "Spearman_r": 0.8181333677111908, "Pearson_r": 0.8050716473163824, "R2": 0.6469880902314871, "MAE": 0.3471896894487679, "MSE": 0.2530520532419506, "poisson_deviance_explained": 0.5797991642457104}, "23": {"AUC": NaN, "kappa": NaN, "f1": NaN, "precision": NaN, "recall": NaN, "average_precision": NaN, "Spearman_r": 0.8082313474347541, "Pearson_r": 0.7851561341804538, "R2": 0.6149471201920262, "MAE": 0.36188406207053375, "MSE": 0.27117895554683413, "poisson_deviance_explained": 0.540817780525686}, "24": {"AUC": NaN, "kappa": NaN, "f1": NaN, "precision": NaN, "recall": NaN, "average_precision": NaN, "Spearman_r": 0.7964405264538518, "Pearson_r": 0.774898613297016, "R2": 0.599549416889207, "MAE": 0.35643741794888084, "MSE": 0.26384012682155045, "poisson_deviance_explained": 0.5208247430039561}, "25": {"AUC": NaN, "kappa": NaN, "f1": NaN, "precision": NaN, "recall": NaN, "average_precision": NaN, "Spearman_r": 0.7876464394932431, "Pearson_r": 0.7727756359437663, "R2": 0.5962024868141999, "MAE": 0.36480254800043715, "MSE": 0.2678883655351294, "poisson_deviance_explained": 0.5300677154227647}, "26": {"AUC": NaN, "kappa": NaN, "f1": NaN, "precision": NaN, "recall": NaN, "average_precision": NaN, "Spearman_r": 0.8047185699021031, "Pearson_r": 0.791159633333116, "R2": 0.6248898767847675, "MAE": 0.35611740149129256, "MSE": 0.25507601255347234, "poisson_deviance_explained": 0.5590929915056603}, "27": {"AUC": NaN, "kappa": NaN, "f1": NaN, "precision": NaN, "recall": NaN, "average_precision": NaN, "Spearman_r": 0.7905002979960692, "Pearson_r": 0.7638127768804955,