{"1": {"AUC": NaN, "kappa": NaN, "f1": NaN, "precision": NaN, "recall": NaN, "average_precision": NaN, "Spearman_r": 0.7430929531300913, "Pearson_r": 0.7145951675139666, "R2": 0.5105319665540504, "MAE": 0.4371500317527988, "MSE": 0.41868781585639914, "poisson_deviance_explained": 0.4361317858529483}, "2": {"AUC": NaN, "kappa": NaN, "f1": NaN, "precision": NaN, "recall": NaN, "average_precision": NaN, "Spearman_r": 0.7609177173680396, "Pearson_r": 0.7322448083019518, "R2": 0.534161011072325, "MAE": 0.4340333869078933, "MSE": 0.41027298843485954, "poisson_deviance_explained": 0.4440030121390779}, "3": {"AUC": NaN, "kappa": NaN, "f1": NaN, "precision": NaN, "recall": NaN, "average_precision": NaN, "Spearman_r": 0.7639311053075044, "Pearson_r": 0.739272584070404, "R2": 0.5443440672831078, "MAE": 0.42061650026910813, "MSE": 0.37241056235706366, "poisson_deviance_explained": 0.4705092711483917}, "4": {"AUC": NaN, "kappa": NaN, "f1": NaN, "precision": NaN, "recall": NaN, "average_precision": NaN, "Spearman_r": 0.7475960103309481, "Pearson_r": 0.7217354231833966, "R2": 0.5205274844012613, "MAE": 0.4238693243308654, "MSE": 0.3908133522305037, "poisson_deviance_explained": 0.44554017457690687}, "5": {"AUC": NaN, "kappa": NaN, "f1": NaN, "precision": NaN, "recall": NaN, "average_precision": NaN, "Spearman_r": 0.7615083148606641, "Pearson_r": 0.7372691409042146, "R2": 0.5415018340064675, "MAE": 0.42570133469200466, "MSE": 0.3804317528014138, "poisson_deviance_explained": 0.4559576751826919}, "6": {"AUC": NaN, "kappa": NaN, "f1": NaN, "precision": NaN, "recall": NaN, "average_precision": NaN, "Spearman_r": 0.7875921877831258, "Pearson_r": 0.762573977019321, "R2": 0.5789325897730457, "MAE": 0.3984272850398321, "MSE": 0.34404755101952106, "poisson_deviance_explained": 0.4931473813772753}, "7": {"AUC": NaN, "kappa": NaN, "f1": NaN, "precision": NaN, "recall": NaN, "average_precision": NaN, "Spearman_r": 0.7721618196308436, "Pearson_r": 0.7482065818556242, "R2": 0.5577374122363489, "MAE": 0.41843120273971046, "MSE": 0.37291990182845863, "poisson_deviance_explained": 0.4751070463148994}, "8": {"AUC": NaN, "kappa": NaN, "f1": NaN, "precision": NaN, "recall": NaN, "average_precision": NaN, "Spearman_r": 0.7879719820095102, "Pearson_r": 0.7556035512384325, "R2": 0.5689775549484879, "MAE": 0.41948021440066646, "MSE": 0.3875586179078031, "poisson_deviance_explained": 0.48182562451365596}, "9": {"AUC": NaN, "kappa": NaN, "f1": NaN, "precision": NaN, "recall": NaN, "average_precision": NaN, "Spearman_r": 0.7676146104433706, "Pearson_r": 0.741374607404343, "R2": 0.5487898987377462, "MAE": 0.43990067468593197, "MSE": 0.4352127356681653, "poisson_deviance_explained": 0.44785459337891853}, "10": {"AUC": NaN, "kappa": NaN, "f1": NaN, "precision": NaN, "recall": NaN, "average_precision": NaN, "Spearman_r": 0.7870793433998676, "Pearson_r": 0.745231490703353, "R2": 0.5516463945852319, "MAE": 0.4492940359600463, "MSE": 0.44921895393005995, "poisson_deviance_explained": 0.4540738739428736}, "11": {"AUC": NaN, "kappa": NaN, "f1": NaN, "precision": NaN, "recall": NaN, "average_precision": NaN, "Spearman_r": 0.7684130136173023, "Pearson_r": 0.7294719794033689, "R2": 0.5303264866322535, "MAE": 0.4692050958934037, "MSE": 0.48637640625944817, "poisson_deviance_explained": 0.43167359302483466}, "12": {"AUC": NaN, "kappa": NaN, "f1": NaN, "precision": NaN, "recall": NaN, "average_precision": NaN, "Spearman_r": 0.7750610366620599, "Pearson_r": 0.7354462770576452, "R2": 0.5375032727769513, "MAE": 0.4484984126442017, "MSE": 0.4484072551251385, "poisson_deviance_explained": 0.4496028207647764}, "13": {"AUC": NaN, "kappa": NaN, "f1": NaN, "precision": NaN, "recall": NaN, "average_precision": NaN, "Spearman_r": 0.7624297251736757, "Pearson_r": 0.7419923685072481, "R2": 0.546182113855058, "MAE": 0.45346919605139974, "MSE": 0.45959836454823816, "poisson_deviance_explained": 0.4587904420925891}, "14": {"AUC": NaN, "kappa": NaN, "f1": NaN, "precision": NaN, "recall": NaN, "average_precision": NaN, "Spearman_r": 0.7643190028431049, "Pearson_r": 0.73876861921017, "R2": 0.5449517246667971, "MAE": 0.4298781226619922, "MSE": 0.40332958692666543, "poisson_deviance_explained": 0.4616534466673877}, "15": {"AUC": NaN, "kappa": NaN, "f1": NaN, "precision": NaN, "recall": NaN, "average_precision": NaN, "Spearman_r": 0.76287501099352, "Pearson_r": 0.7383077488063357, "R2": 0.5444354402806069, "MAE": 0.42245183911875483, "MSE": 0.3969700608055277, "poisson_deviance_explained": 0.4686107487278848}, "16": {"AUC": NaN, "kappa": NaN, "f1": NaN, "precision": NaN, "recall": NaN, "average_precision": NaN, "Spearman_r": 0.7857604517206775, "Pearson_r": 0.7606150261638559, "R2": 0.5764263223562595, "MAE": 0.43291853744170794, "MSE": 0.4040648076434653, "poisson_deviance_explained": 0.4873776906516425}, "17": {"AUC": NaN, "kappa": NaN, "f1": NaN, "precision": NaN, "recall": NaN, "average_precision": NaN, "Spearman_r": 0.7774456985677235, "Pearson_r": 0.7593955257611579, "R2": 0.5762919203449254, "MAE": 0.4021607011950321, "MSE": 0.35236995407103716, "poisson_deviance_explained": 0.5082285128970245}, "18": {"AUC": NaN, "kappa": NaN, "f1": NaN, "precision": NaN, "recall": NaN, "average_precision": NaN, "Spearman_r": 0.7973330708093432, "Pearson_r": 0.7737658379774561, "R2": 0.5972206054188247, "MAE": 0.39541117986735874, "MSE": 0.3541417221917503, "poisson_deviance_explained": 0.5154494163954981}, "19": {"AUC": NaN, "kappa": NaN, "f1": NaN, "precision": NaN, "recall": NaN, "average_precision": NaN, "Spearman_r": 0.7789727266830843, "Pearson_r": 0.750498335852236, "R2": 0.5611623801979799, "MAE": 0.4322119287079862, "MSE": 0.4191482863859473, "poisson_deviance_explained": 0.4771833540916188}, "20": {"AUC": NaN, "kappa": NaN, "f1": NaN, "precision": NaN, "recall": NaN, "average_precision": NaN, "Spearman_r": 0.7975912250045677, "Pearson_r": 0.7792152553343823, "R2": 0.6062319628821566, "MAE": 0.40738281646009245, "MSE": 0.3745086316445521, "poisson_deviance_explained": 0.5095892027952406}, "21": {"AUC": NaN, "kappa": NaN, "f1": NaN, "precision": NaN, "recall": NaN, "average_precision": NaN, "Spearman_r": 0.8059422759877376, "Pearson_r": 0.7822827198587142, "R2": 0.6108292033907137, "MAE": 0.39143502228357374, "MSE": 0.33792847369724915, "poisson_deviance_explained": 0.5224387478185071}, "22": {"AUC": NaN, "kappa": NaN, "f1": NaN, "precision": NaN, "recall": NaN, "average_precision": NaN, "Spearman_r": 0.7996298907969004, "Pearson_r": 0.7664427462764054, "R2": 0.5867916305069105, "MAE": 0.4036909338057741, "MSE": 0.3607786386671931, "poisson_deviance_explained": 0.4918133582915851}, "23": {"AUC": NaN, "kappa": NaN, "f1": NaN, "precision": NaN, "recall": NaN, "average_precision": NaN, "Spearman_r": 0.80460020691952, "Pearson_r": 0.771132746495126, "R2": 0.5932465245818836, "MAE": 0.40471613770555825, "MSE": 0.3644596132169122, "poisson_deviance_explained": 0.5019650402492732}, "24": {"AUC": NaN, "kappa": NaN, "f1": NaN, "precision": NaN, "recall": NaN, "average_precision": NaN, "Spearman_r": 0.7794120899563138, "Pearson_r": 0.7471775689393465, "R2": 0.5574988529448341, "MAE": 0.4151015938655849, "MSE": 0.3652150192430612, "poisson_deviance_explained": 0.4665138084252549}, "25": {"AUC": NaN, "kappa": NaN, "f1": NaN, "precision": NaN, "recall": NaN, "average_precision": NaN, "Spearman_r": 0.777953027835079, "Pearson_r": 0.7530688990333677, "R2": 0.5664433083916565, "MAE": 0.40994645331161117, "MSE": 0.3721619610618693, "poisson_deviance_explained": 0.4907269459495909}, "26": {"AUC": NaN, "kappa": NaN, "f1": NaN, "precision": NaN, "recall": NaN, "average_precision": NaN, "Spearman_r": 0.759466193000889, "Pearson_r": 0.7293294234174615, "R2": 0.5314577148941653, "MAE": 0.4244542732944132, "MSE": 0.38981597864652384, "poisson_deviance_explained": 0.4460042261750523}, "27": {"AUC": NaN, "kappa": NaN, "f1": NaN, "precision": NaN, "recall": NaN, "average_precision": NaN, "Spearman_r": 0.7673466747504653, "Pearson_r": 0.7286194265919256,