{"1": {"AUC": NaN, "kappa": NaN, "f1": NaN, "precision": NaN, "recall": NaN, "average_precision": NaN, "Spearman_r": 0.730598199938112, "Pearson_r": 0.6910607803708853, "R2": 0.4755919562037916, "MAE": 0.4605742487703606, "MSE": 0.4414792915547394, "poisson_deviance_explained": 0.3949643049432753}, "2": {"AUC": NaN, "kappa": NaN, "f1": NaN, "precision": NaN, "recall": NaN, "average_precision": NaN, "Spearman_r": 0.7458174812685506, "Pearson_r": 0.7087046768057784, "R2": 0.49964558853973595, "MAE": 0.4587048989705489, "MSE": 0.4510583147959336, "poisson_deviance_explained": 0.41849631127791254}, "3": {"AUC": NaN, "kappa": NaN, "f1": NaN, "precision": NaN, "recall": NaN, "average_precision": NaN, "Spearman_r": 0.7605010587292007, "Pearson_r": 0.741698311565917, "R2": 0.5469636822240055, "MAE": 0.43106321271616005, "MSE": 0.38622705665985013, "poisson_deviance_explained": 0.46508377419585767}, "4": {"AUC": NaN, "kappa": NaN, "f1": NaN, "precision": NaN, "recall": NaN, "average_precision": NaN, "Spearman_r": 0.7802955349571608, "Pearson_r": 0.7542489522107696, "R2": 0.563267608093987, "MAE": 0.41744102150046336, "MSE": 0.36833765182522393, "poisson_deviance_explained": 0.48172982298154843}, "5": {"AUC": NaN, "kappa": NaN, "f1": NaN, "precision": NaN, "recall": NaN, "average_precision": NaN, "Spearman_r": 0.737987399133167, "Pearson_r": 0.7021066366581712, "R2": 0.4882049663283763, "MAE": 0.47093962126382805, "MSE": 0.46717932959767206, "poisson_deviance_explained": 0.4033949049219022}, "6": {"AUC": NaN, "kappa": NaN, "f1": NaN, "precision": NaN, "recall": NaN, "average_precision": NaN, "Spearman_r": 0.7678559710452221, "Pearson_r": 0.7410497660993263, "R2": 0.5418470362477023, "MAE": 0.4338804194489022, "MSE": 0.3818929301246087, "poisson_deviance_explained": 0.4510057404528979}, "7": {"AUC": NaN, "kappa": NaN, "f1": NaN, "precision": NaN, "recall": NaN, "average_precision": NaN, "Spearman_r": 0.7734061752310564, "Pearson_r": 0.7427650554079572, "R2": 0.5452468695837357, "MAE": 0.44052082235859186, "MSE": 0.3967531951701571, "poisson_deviance_explained": 0.4525097817935102}, "8": {"AUC": NaN, "kappa": NaN, "f1": NaN, "precision": NaN, "recall": NaN, "average_precision": NaN, "Spearman_r": 0.7679176545367938, "Pearson_r": 0.7393145728428732, "R2": 0.541545221710653, "MAE": 0.4237798253264378, "MSE": 0.3778156588324893, "poisson_deviance_explained": 0.4612438054762228}, "9": {"AUC": NaN, "kappa": NaN, "f1": NaN, "precision": NaN, "recall": NaN, "average_precision": NaN, "Spearman_r": 0.7756199153890395, "Pearson_r": 0.7361720782344727, "R2": 0.5359869513427584, "MAE": 0.4360063608250737, "MSE": 0.40630728253025383, "poisson_deviance_explained": 0.4418049806735612}, "10": {"AUC": NaN, "kappa": NaN, "f1": NaN, "precision": NaN, "recall": NaN, "average_precision": NaN, "Spearman_r": 0.7546602625369495, "Pearson_r": 0.7141235558083806, "R2": 0.5010861071240568, "MAE": 0.485670280366386, "MSE": 0.5128542634004022, "poisson_deviance_explained": 0.4066549130468633}, "11": {"AUC": NaN, "kappa": NaN, "f1": NaN, "precision": NaN, "recall": NaN, "average_precision": NaN, "Spearman_r": 0.75182409299173, "Pearson_r": 0.701320576323902, "R2": 0.48794831779812353, "MAE": 0.49004721898303377, "MSE": 0.5196198491003011, "poisson_deviance_explained": 0.3940210122731157}, "12": {"AUC": NaN, "kappa": NaN, "f1": NaN, "precision": NaN, "recall": NaN, "average_precision": NaN, "Spearman_r": 0.7446406161398175, "Pearson_r": 0.6975320287367797, "R2": 0.4834144331691439, "MAE": 0.49118955628316946, "MSE": 0.5166407128686191, "poisson_deviance_explained": 0.39203852231589364}, "13": {"AUC": NaN, "kappa": NaN, "f1": NaN, "precision": NaN, "recall": NaN, "average_precision": NaN, "Spearman_r": 0.7522560935623472, "Pearson_r": 0.7245581693651721, "R2": 0.5199030942364968, "MAE": 0.4599842573372367, "MSE": 0.44742012620954225, "poisson_deviance_explained": 0.43256946655848516}, "14": {"AUC": NaN, "kappa": NaN, "f1": NaN, "precision": NaN, "recall": NaN, "average_precision": NaN, "Spearman_r": 0.7655694828166749, "Pearson_r": 0.7470353713798829, "R2": 0.5553298325108199, "MAE": 0.4294103400314226, "MSE": 0.38770033191804043, "poisson_deviance_explained": 0.48011309175671757}, "15": {"AUC": NaN, "kappa": NaN, "f1": NaN, "precision": NaN, "recall": NaN, "average_precision": NaN, "Spearman_r": 0.7697245186056252, "Pearson_r": 0.7477693858006551, "R2": 0.5551458943633439, "MAE": 0.432030522693399, "MSE": 0.3861493380343076, "poisson_deviance_explained": 0.46830785243004447}, "16": {"AUC": NaN, "kappa": NaN, "f1": NaN, "precision": NaN, "recall": NaN, "average_precision": NaN, "Spearman_r": 0.7935965967855177, "Pearson_r": 0.7717143992710891, "R2": 0.592058908644572, "MAE": 0.42399659349543856, "MSE": 0.39067772875935597, "poisson_deviance_explained": 0.5097404442360727}, "17": {"AUC": NaN, "kappa": NaN, "f1": NaN, "precision": NaN, "recall": NaN, "average_precision": NaN, "Spearman_r": 0.7787133654762718, "Pearson_r": 0.750689416719504, "R2": 0.5610685456266276, "MAE": 0.4298047400803507, "MSE": 0.4020026637489918, "poisson_deviance_explained": 0.471030761976851}, "18": {"AUC": NaN, "kappa": NaN, "f1": NaN, "precision": NaN, "recall": NaN, "average_precision": NaN, "Spearman_r": 0.7796321451892281, "Pearson_r": 0.7507512080486884, "R2": 0.5615537335544513, "MAE": 0.41966507995192665, "MSE": 0.3668027349109644, "poisson_deviance_explained": 0.47959195110172337}, "19": {"AUC": NaN, "kappa": NaN, "f1": NaN, "precision": NaN, "recall": NaN, "average_precision": NaN, "Spearman_r": 0.782175246715094, "Pearson_r": 0.7561533746880673, "R2": 0.5703405290044812, "MAE": 0.4196163902431227, "MSE": 0.3663885698232272, "poisson_deviance_explained": 0.48794784560674587}, "20": {"AUC": NaN, "kappa": NaN, "f1": NaN, "precision": NaN, "recall": NaN, "average_precision": NaN, "Spearman_r": 0.8011409215273804, "Pearson_r": 0.7685818019843148, "R2": 0.5875334578152986, "MAE": 0.40233337218265247, "MSE": 0.3429955698856517, "poisson_deviance_explained": 0.4960429190152491}, "21": {"AUC": NaN, "kappa": NaN, "f1": NaN, "precision": NaN, "recall": NaN, "average_precision": NaN, "Spearman_r": 0.7997286627303537, "Pearson_r": 0.7655472639584492, "R2": 0.5819545835610234, "MAE": 0.41364266426074714, "MSE": 0.3625372915823579, "poisson_deviance_explained": 0.48601476252154774}, "22": {"AUC": NaN, "kappa": NaN, "f1": NaN, "precision": NaN, "recall": NaN, "average_precision": NaN, "Spearman_r": 0.7932604204098508, "Pearson_r": 0.7692137215108644, "R2": 0.586157428117194, "MAE": 0.42564141246769205, "MSE": 0.38222435386593046, "poisson_deviance_explained": 0.4900692528050312}, "23": {"AUC": NaN, "kappa": NaN, "f1": NaN, "precision": NaN, "recall": NaN, "average_precision": NaN, "Spearman_r": 0.7918517198949224, "Pearson_r": 0.7608076798833361, "R2": 0.5766593545720424, "MAE": 0.40951833566678225, "MSE": 0.3703914488817145, "poisson_deviance_explained": 0.48385008717830724}, "24": {"AUC": NaN, "kappa": NaN, "f1": NaN, "precision": NaN, "recall": NaN, "average_precision": NaN, "Spearman_r": 0.7865915360317913, "Pearson_r": 0.7563279463067654, "R2": 0.5692033471377458, "MAE": 0.41816073034915224, "MSE": 0.3683739250771064, "poisson_deviance_explained": 0.48073612863822157}, "25": {"AUC": NaN, "kappa": NaN, "f1": NaN, "precision": NaN, "recall": NaN, "average_precision": NaN, "Spearman_r": 0.7897834935244492, "Pearson_r": 0.7630897198904053, "R2": 0.5782640469817828, "MAE": 0.4215697611512428, "MSE": 0.3759211688990612, "poisson_deviance_explained": 0.4833668871087613}, "26": {"AUC": NaN, "kappa": NaN, "f1": NaN, "precision": NaN, "recall": NaN, "average_precision": NaN, "Spearman_r": 0.7540517989315416, "Pearson_r": 0.7168906825769779, "R2": 0.5126702544720082, "MAE": 0.44459851010447365, "MSE": 0.42142707998902906, "poisson_deviance_explained": 0.4244767191794643}, "27": {"AUC": NaN, "kappa": NaN, "f1": NaN, "precision": NaN, "recall": NaN, "average_precision": NaN, "Spearman_r": 0.7518183307463903,