{"AUC": NaN, "kappa": NaN, "f1": NaN, "precision": NaN, "recall": NaN, "average_precision": NaN, "Spearman_r": 0.8136640881306614, "Pearson_r": 0.8024205909343295, "R2": 0.6420309859995337, "MAE": 0.3401687950726515, "MSE": 0.21906545313021863, "poisson_deviance_explained": 0.5813194314024867}
