{"AUC": NaN, "kappa": NaN, "f1": NaN, "precision": NaN, "recall": NaN, "average_precision": NaN, "Spearman_r": 0.8133339470462018, "Pearson_r": 0.8014324289261221, "R2": 0.6406611684388996, "MAE": 0.35697975290144635, "MSE": 0.2419237279884155, "poisson_deviance_explained": 0.5767006938570434}
