{"AUC": NaN, "kappa": NaN, "f1": NaN, "precision": NaN, "recall": NaN, "average_precision": NaN, "Spearman_r": 0.781526073419509, "Pearson_r": 0.7525812046791841, "R2": 0.5653488186486908, "MAE": 0.42355160442115797, "MSE": 0.3924107434234707, "poisson_deviance_explained": 0.47775623861544325}
