{"1": {"AUC": NaN, "kappa": NaN, "f1": NaN, "precision": NaN, "recall": NaN, "average_precision": NaN, "Spearman_r": 0.6152948895956986, "Pearson_r": 0.6585148768937201, "R2": 0.4255052238421214, "MAE": 0.31668543729190607, "MSE": 0.18021601131607565, "poisson_deviance_explained": 0.38985065214845027}, "2": {"AUC": NaN, "kappa": NaN, "f1": NaN, "precision": NaN, "recall": NaN, "average_precision": NaN, "Spearman_r": 0.6390263857498961, "Pearson_r": 0.6904027782208019, "R2": 0.46718371494542876, "MAE": 0.2964647534098559, "MSE": 0.16444342545774457, "poisson_deviance_explained": 0.4215679060344081}, "3": {"AUC": NaN, "kappa": NaN, "f1": NaN, "precision": NaN, "recall": NaN, "average_precision": NaN, "Spearman_r": 0.6631375497563936, "Pearson_r": 0.7135967414788467, "R2": 0.49483238494964643, "MAE": 0.2987972063237686, "MSE": 0.15939693125457619, "poisson_deviance_explained": 0.444708026504387}, "4": {"AUC": NaN, "kappa": NaN, "f1": NaN, "precision": NaN, "recall": NaN, "average_precision": NaN, "Spearman_r": 0.6638332249256078, "Pearson_r": 0.7021233160374611, "R2": 0.4798722551804935, "MAE": 0.3071833266371118, "MSE": 0.17240269220686338, "poisson_deviance_explained": 0.43505128535197}, "5": {"AUC": NaN, "kappa": NaN, "f1": NaN, "precision": NaN, "recall": NaN, "average_precision": NaN, "Spearman_r": 0.6632212564317983, "Pearson_r": 0.7263121069027291, "R2": 0.5104449716417991, "MAE": 0.2924466383366067, "MSE": 0.1554425015791455, "poisson_deviance_explained": 0.46440450873272743}, "6": {"AUC": NaN, "kappa": NaN, "f1": NaN, "precision": NaN, "recall": NaN, "average_precision": NaN, "Spearman_r": 0.6669596889384092, "Pearson_r": 0.7074486313242563, "R2": 0.48122940521347246, "MAE": 0.3125656482918023, "MSE": 0.17410900736793905, "poisson_deviance_explained": 0.4458389553319224}, "7": {"AUC": NaN, "kappa": NaN, "f1": NaN, "precision": NaN, "recall": NaN, "average_precision": NaN, "Spearman_r": 0.6543145031461743, "Pearson_r": 0.70153704417845, "R2": 0.4789082664403682, "MAE": 0.31455985226916683, "MSE": 0.16980786855544222, "poisson_deviance_explained": 0.42606715097072834}, "8": {"AUC": NaN, "kappa": NaN, "f1": NaN, "precision": NaN, "recall": NaN, "average_precision": NaN, "Spearman_r": 0.661438021116617, "Pearson_r": 0.7101590681476347, "R2": 0.49170971165901, "MAE": 0.2917347731995537, "MSE": 0.14710215645321406, "poisson_deviance_explained": 0.4389362365013958}, "9": {"AUC": NaN, "kappa": NaN, "f1": NaN, "precision": NaN, "recall": NaN, "average_precision": NaN, "Spearman_r": 0.6352047460356829, "Pearson_r": 0.6954789847911921, "R2": 0.477054488700685, "MAE": 0.2817028440069935, "MSE": 0.13853650124534972, "poisson_deviance_explained": 0.4160116723923596}, "10": {"AUC": NaN, "kappa": NaN, "f1": NaN, "precision": NaN, "recall": NaN, "average_precision": NaN, "Spearman_r": 0.6358751415243085, "Pearson_r": 0.7055832960861308, "R2": 0.48750340469401243, "MAE": 0.26630926183134557, "MSE": 0.12427825033088659, "poisson_deviance_explained": 0.42685706331436857}, "11": {"AUC": NaN, "kappa": NaN, "f1": NaN, "precision": NaN, "recall": NaN, "average_precision": NaN, "Spearman_r": 0.6100413143756294, "Pearson_r": 0.6811651696104061, "R2": 0.4597827851154238, "MAE": 0.25744764238845, "MSE": 0.12436317812510858, "poisson_deviance_explained": 0.41052136076713075}, "12": {"AUC": NaN, "kappa": NaN, "f1": NaN, "precision": NaN, "recall": NaN, "average_precision": NaN, "Spearman_r": 0.6001614213042573, "Pearson_r": 0.6824331941513604, "R2": 0.4615981330351613, "MAE": 0.23500792983621518, "MSE": 0.10670389845473986, "poisson_deviance_explained": 0.4172756444470008}, "13": {"AUC": NaN, "kappa": NaN, "f1": NaN, "precision": NaN, "recall": NaN, "average_precision": NaN, "Spearman_r": 0.5571228308848987, "Pearson_r": 0.6698881664651979, "R2": 0.44419499094308657, "MAE": 0.20396067718638936, "MSE": 0.09854832630533585, "poisson_deviance_explained": 0.42545989266024}, "14": {"AUC": NaN, "kappa": NaN, "f1": NaN, "precision": NaN, "recall": NaN, "average_precision": NaN, "Spearman_r": 0.5327694588295404, "Pearson_r": 0.6723186011133507, "R2": 0.4478223188338406, "MAE": 0.17803661699077536, "MSE": 0.08184792218342905, "poisson_deviance_explained": 0.42237554473635563}, "15": {"AUC": NaN, "kappa": NaN, "f1": NaN, "precision": NaN, "recall": NaN, "average_precision": NaN, "Spearman_r": 0.5340821714864692, "Pearson_r": 0.6750812310818841, "R2": 0.45206289202490757, "MAE": 0.17924014702322036, "MSE": 0.07979853763379645, "poisson_deviance_explained": 0.41686144798454505}, "16": {"AUC": NaN, "kappa": NaN, "f1": NaN, "precision": NaN, "recall": NaN, "average_precision": NaN, "Spearman_r": 0.5746886842854534, "Pearson_r": 0.7057187389132891, "R2": 0.49154834134794845, "MAE": 0.17367861754480618, "MSE": 0.06826324759512674, "poisson_deviance_explained": 0.4513706792822262}, "17": {"AUC": NaN, "kappa": NaN, "f1": NaN, "precision": NaN, "recall": NaN, "average_precision": NaN, "Spearman_r": 0.5968449080337449, "Pearson_r": 0.6798003043533234, "R2": 0.4576837978380677, "MAE": 0.19645978088390326, "MSE": 0.08286385246573488, "poisson_deviance_explained": 0.4369218246714892}, "18": {"AUC": NaN, "kappa": NaN, "f1": NaN, "precision": NaN, "recall": NaN, "average_precision": NaN, "Spearman_r": 0.6228348471661913, "Pearson_r": 0.6989595227554384, "R2": 0.4836175150913393, "MAE": 0.20306429458875677, "MSE": 0.08616114990345189, "poisson_deviance_explained": 0.44263476233272736}, "19": {"AUC": NaN, "kappa": NaN, "f1": NaN, "precision": NaN, "recall": NaN, "average_precision": NaN, "Spearman_r": 0.5830140128132818, "Pearson_r": 0.6745212081415964, "R2": 0.4475806608612508, "MAE": 0.2028824665141125, "MSE": 0.08690125916471557, "poisson_deviance_explained": 0.4205069930417389}, "20": {"AUC": NaN, "kappa": NaN, "f1": NaN, "precision": NaN, "recall": NaN, "average_precision": NaN, "Spearman_r": 0.6041191765197097, "Pearson_r": 0.6815556341811769, "R2": 0.4608680355177531, "MAE": 0.23639571277962912, "MSE": 0.11027882907953206, "poisson_deviance_explained": 0.4201844429679198}, "21": {"AUC": NaN, "kappa": NaN, "f1": NaN, "precision": NaN, "recall": NaN, "average_precision": NaN, "Spearman_r": 0.6053978334356946, "Pearson_r": 0.6855758189087786, "R2": 0.4643769692283024, "MAE": 0.23578289418798043, "MSE": 0.11108654746860522, "poisson_deviance_explained": 0.4223512661515819}, "22": {"AUC": NaN, "kappa": NaN, "f1": NaN, "precision": NaN, "recall": NaN, "average_precision": NaN, "Spearman_r": 0.6423120825006948, "Pearson_r": 0.7141077224578304, "R2": 0.501094061952908, "MAE": 0.24404013599640717, "MSE": 0.11941042770792404, "poisson_deviance_explained": 0.4549518493914255}, "23": {"AUC": NaN, "kappa": NaN, "f1": NaN, "precision": NaN, "recall": NaN, "average_precision": NaN, "Spearman_r": 0.6394475085500361, "Pearson_r": 0.7225477466848615, "R2": 0.5047211012255626, "MAE": 0.25604188120384297, "MSE": 0.128151669446885, "poisson_deviance_explained": 0.4609053056701803}, "24": {"AUC": NaN, "kappa": NaN, "f1": NaN, "precision": NaN, "recall": NaN, "average_precision": NaN, "Spearman_r": 0.6360633414949156, "Pearson_r": 0.677399309296931, "R2": 0.4504534268685876, "MAE": 0.29842895877089426, "MSE": 0.15998761919494853, "poisson_deviance_explained": 0.4082871278868949}, "25": {"AUC": NaN, "kappa": NaN, "f1": NaN, "precision": NaN, "recall": NaN, "average_precision": NaN, "Spearman_r": 0.6465065178151151, "Pearson_r": 0.6878585831439772, "R2": 0.4592540806523251, "MAE": 0.30846140586749604, "MSE": 0.1656882052598533, "poisson_deviance_explained": 0.4171389712099628}, "26": {"AUC": NaN, "kappa": NaN, "f1": NaN, "precision": NaN, "recall": NaN, "average_precision": NaN, "Spearman_r": 0.6694666366682953, "Pearson_r": 0.7079960338246886, "R2": 0.49054475840753853, "MAE": 0.3005672771243379, "MSE": 0.15620881711914245, "poisson_deviance_explained": 0.43828411930192523}, "27": {"AUC": NaN, "kappa": NaN, "f1": NaN, "precision": NaN, "recall": NaN, "average_precision": NaN, "Spearman_r": 0.6805360650776675,