{"1": {"AUC": NaN, "kappa": NaN, "f1": NaN, "precision": NaN, "recall": NaN, "average_precision": NaN, "Spearman_r": 0.6159628935956838, "Pearson_r": 0.6855699743677128, "R2": 0.4572074477347522, "MAE": 0.2808895916795543, "MSE": 0.14923922784512184, "poisson_deviance_explained": 0.42169594736018556}, "2": {"AUC": NaN, "kappa": NaN, "f1": NaN, "precision": NaN, "recall": NaN, "average_precision": NaN, "Spearman_r": 0.6629988054499617, "Pearson_r": 0.7115829271136522, "R2": 0.493264672188216, "MAE": 0.298367187086001, "MSE": 0.1600671743421314, "poisson_deviance_explained": 0.44845855680704716}, "3": {"AUC": NaN, "kappa": NaN, "f1": NaN, "precision": NaN, "recall": NaN, "average_precision": NaN, "Spearman_r": 0.6697203036537108, "Pearson_r": 0.7406358094439902, "R2": 0.5338100798786117, "MAE": 0.26333648429752493, "MSE": 0.13774195042003987, "poisson_deviance_explained": 0.48883535350260177}, "4": {"AUC": NaN, "kappa": NaN, "f1": NaN, "precision": NaN, "recall": NaN, "average_precision": NaN, "Spearman_r": 0.6091323507392005, "Pearson_r": 0.7258650572113192, "R2": 0.5178404520777671, "MAE": 0.21244469261768012, "MSE": 0.11120785030120119, "poisson_deviance_explained": 0.47841588484234066}, "5": {"AUC": NaN, "kappa": NaN, "f1": NaN, "precision": NaN, "recall": NaN, "average_precision": NaN, "Spearman_r": 0.6695059530765458, "Pearson_r": 0.7478512851523867, "R2": 0.5409951069339944, "MAE": 0.26329751623013925, "MSE": 0.13639897644256188, "poisson_deviance_explained": 0.49446339669331907}, "6": {"AUC": NaN, "kappa": NaN, "f1": NaN, "precision": NaN, "recall": NaN, "average_precision": NaN, "Spearman_r": 0.6858052385788211, "Pearson_r": 0.7255467682712057, "R2": 0.5096050560959794, "MAE": 0.3154335191066699, "MSE": 0.17263568060624368, "poisson_deviance_explained": 0.4580096073705252}, "7": {"AUC": NaN, "kappa": NaN, "f1": NaN, "precision": NaN, "recall": NaN, "average_precision": NaN, "Spearman_r": 0.6750503618757103, "Pearson_r": 0.7227161222504532, "R2": 0.507608225839107, "MAE": 0.3103243080514977, "MSE": 0.1672615509579095, "poisson_deviance_explained": 0.45057137397396085}, "8": {"AUC": NaN, "kappa": NaN, "f1": NaN, "precision": NaN, "recall": NaN, "average_precision": NaN, "Spearman_r": 0.6740257709225449, "Pearson_r": 0.7161905807516982, "R2": 0.4967238400494457, "MAE": 0.3127201207930929, "MSE": 0.163904109815782, "poisson_deviance_explained": 0.437848080817394}, "9": {"AUC": NaN, "kappa": NaN, "f1": NaN, "precision": NaN, "recall": NaN, "average_precision": NaN, "Spearman_r": 0.6657388698234806, "Pearson_r": 0.7172691827469007, "R2": 0.5024502452045869, "MAE": 0.28818405970427413, "MSE": 0.1427997032951345, "poisson_deviance_explained": 0.4376220983230308}, "10": {"AUC": NaN, "kappa": NaN, "f1": NaN, "precision": NaN, "recall": NaN, "average_precision": NaN, "Spearman_r": 0.65153627330228, "Pearson_r": 0.7193086684864444, "R2": 0.5082290702503734, "MAE": 0.2696190840472305, "MSE": 0.12814011596044475, "poisson_deviance_explained": 0.43959159962236793}, "11": {"AUC": NaN, "kappa": NaN, "f1": NaN, "precision": NaN, "recall": NaN, "average_precision": NaN, "Spearman_r": 0.6189736923040137, "Pearson_r": 0.6836926721147807, "R2": 0.4592264497960632, "MAE": 0.25985705948178867, "MSE": 0.1213898703033532, "poisson_deviance_explained": 0.40810522645450675}, "12": {"AUC": NaN, "kappa": NaN, "f1": NaN, "precision": NaN, "recall": NaN, "average_precision": NaN, "Spearman_r": 0.6081993616170002, "Pearson_r": 0.7071542220109699, "R2": 0.49094137127010784, "MAE": 0.23712099872663717, "MSE": 0.10570611586422754, "poisson_deviance_explained": 0.4326721939917876}, "13": {"AUC": NaN, "kappa": NaN, "f1": NaN, "precision": NaN, "recall": NaN, "average_precision": NaN, "Spearman_r": 0.5656817882696987, "Pearson_r": 0.6849526746731092, "R2": 0.46250621396735414, "MAE": 0.21406227813403908, "MSE": 0.09878665662106809, "poisson_deviance_explained": 0.42827218967977965}, "14": {"AUC": NaN, "kappa": NaN, "f1": NaN, "precision": NaN, "recall": NaN, "average_precision": NaN, "Spearman_r": 0.5595086863722425, "Pearson_r": 0.7211676607039008, "R2": 0.5122005096627064, "MAE": 0.17911861631323037, "MSE": 0.07924529884615766, "poisson_deviance_explained": 0.46909170141329537}, "15": {"AUC": NaN, "kappa": NaN, "f1": NaN, "precision": NaN, "recall": NaN, "average_precision": NaN, "Spearman_r": 0.5662491585226151, "Pearson_r": 0.7045329847007753, "R2": 0.49166900128297775, "MAE": 0.18973037021363073, "MSE": 0.0848303320917913, "poisson_deviance_explained": 0.4539442336922501}, "16": {"AUC": NaN, "kappa": NaN, "f1": NaN, "precision": NaN, "recall": NaN, "average_precision": NaN, "Spearman_r": 0.566472219663689, "Pearson_r": 0.6875252928822504, "R2": 0.4698424091651191, "MAE": 0.1825366729038156, "MSE": 0.07915133966140506, "poisson_deviance_explained": 0.4482111192765389}, "17": {"AUC": NaN, "kappa": NaN, "f1": NaN, "precision": NaN, "recall": NaN, "average_precision": NaN, "Spearman_r": 0.5941958422676732, "Pearson_r": 0.7258711413577579, "R2": 0.5215561282906778, "MAE": 0.1872327698881871, "MSE": 0.07721385985581176, "poisson_deviance_explained": 0.4723484200160454}, "18": {"AUC": NaN, "kappa": NaN, "f1": NaN, "precision": NaN, "recall": NaN, "average_precision": NaN, "Spearman_r": 0.589708141593963, "Pearson_r": 0.7136478693350412, "R2": 0.5015809788085296, "MAE": 0.19177360701472282, "MSE": 0.08247538632490857, "poisson_deviance_explained": 0.45827657425649504}, "19": {"AUC": NaN, "kappa": NaN, "f1": NaN, "precision": NaN, "recall": NaN, "average_precision": NaN, "Spearman_r": 0.5832272235839018, "Pearson_r": 0.7018227470303728, "R2": 0.4864923951248109, "MAE": 0.20585108788867354, "MSE": 0.09038212853387452, "poisson_deviance_explained": 0.4400336076092668}, "20": {"AUC": NaN, "kappa": NaN, "f1": NaN, "precision": NaN, "recall": NaN, "average_precision": NaN, "Spearman_r": 0.6080522913847863, "Pearson_r": 0.6985125966510288, "R2": 0.4830299673525672, "MAE": 0.21308716213443427, "MSE": 0.09505869611292934, "poisson_deviance_explained": 0.45256456890803576}, "21": {"AUC": NaN, "kappa": NaN, "f1": NaN, "precision": NaN, "recall": NaN, "average_precision": NaN, "Spearman_r": 0.6212323963010334, "Pearson_r": 0.7206689482268551, "R2": 0.5109146324076025, "MAE": 0.21057954079830762, "MSE": 0.09261571338901055, "poisson_deviance_explained": 0.46892065212813827}, "22": {"AUC": NaN, "kappa": NaN, "f1": NaN, "precision": NaN, "recall": NaN, "average_precision": NaN, "Spearman_r": 0.6475170892198048, "Pearson_r": 0.725163279974484, "R2": 0.512792031060481, "MAE": 0.2426671121996148, "MSE": 0.11267458628711685, "poisson_deviance_explained": 0.45715838028535505}, "23": {"AUC": NaN, "kappa": NaN, "f1": NaN, "precision": NaN, "recall": NaN, "average_precision": NaN, "Spearman_r": 0.6310112790462045, "Pearson_r": 0.714630166377491, "R2": 0.49822027081912146, "MAE": 0.25754090094174803, "MSE": 0.12514467073737892, "poisson_deviance_explained": 0.443074804189839}, "24": {"AUC": NaN, "kappa": NaN, "f1": NaN, "precision": NaN, "recall": NaN, "average_precision": NaN, "Spearman_r": 0.6790992970115927, "Pearson_r": 0.7478416642040372, "R2": 0.5417236170317538, "MAE": 0.2637444625376045, "MSE": 0.12919310353485897, "poisson_deviance_explained": 0.48758465781681204}, "25": {"AUC": NaN, "kappa": NaN, "f1": NaN, "precision": NaN, "recall": NaN, "average_precision": NaN, "Spearman_r": 0.6758944585007567, "Pearson_r": 0.7384849204761346, "R2": 0.5286537173542938, "MAE": 0.2783814941635245, "MSE": 0.1371705702361674, "poisson_deviance_explained": 0.4690573599366955}, "26": {"AUC": NaN, "kappa": NaN, "f1": NaN, "precision": NaN, "recall": NaN, "average_precision": NaN, "Spearman_r": 0.6938248336122392, "Pearson_r": 0.7559235453965764, "R2": 0.5561107300931774, "MAE": 0.27397956619306785, "MSE": 0.13658755447902363, "poisson_deviance_explained": 0.4940455719457013}, "27": {"AUC": NaN, "kappa": NaN, "f1": NaN, "precision": NaN, "recall": NaN, "average_precision": NaN, "Spearman_r": 0.6881644160032286,