{"1": {"AUC": NaN, "kappa": NaN, "f1": NaN, "precision": NaN, "recall": NaN, "average_precision": NaN, "Spearman_r": 0.6490316107248536, "Pearson_r": 0.736707042035956, "R2": 0.5377960560307569, "MAE": 0.24225429330264334, "MSE": 0.12536199972851705, "poisson_deviance_explained": 0.48735324209608777}, "2": {"AUC": NaN, "kappa": NaN, "f1": NaN, "precision": NaN, "recall": NaN, "average_precision": NaN, "Spearman_r": 0.674715140866342, "Pearson_r": 0.7581375110052452, "R2": 0.5705974721664595, "MAE": 0.233683970210467, "MSE": 0.1175864494213617, "poisson_deviance_explained": 0.5177830664883768}, "3": {"AUC": NaN, "kappa": NaN, "f1": NaN, "precision": NaN, "recall": NaN, "average_precision": NaN, "Spearman_r": 0.6784292419330417, "Pearson_r": 0.7600881260811324, "R2": 0.5699920779587575, "MAE": 0.24379788705524857, "MSE": 0.1238690156797263, "poisson_deviance_explained": 0.514066530624613}, "4": {"AUC": NaN, "kappa": NaN, "f1": NaN, "precision": NaN, "recall": NaN, "average_precision": NaN, "Spearman_r": 0.6426182624102615, "Pearson_r": 0.7398179334233804, "R2": 0.5427761283042387, "MAE": 0.23403932749929868, "MSE": 0.11835524624894728, "poisson_deviance_explained": 0.49141250055351116}, "5": {"AUC": NaN, "kappa": NaN, "f1": NaN, "precision": NaN, "recall": NaN, "average_precision": NaN, "Spearman_r": 0.6947612527167871, "Pearson_r": 0.7669096398848337, "R2": 0.5798930283778846, "MAE": 0.2525015419002192, "MSE": 0.12779992240580024, "poisson_deviance_explained": 0.5242092344923643}, "6": {"AUC": NaN, "kappa": NaN, "f1": NaN, "precision": NaN, "recall": NaN, "average_precision": NaN, "Spearman_r": 0.6924137768364855, "Pearson_r": 0.7684543992425446, "R2": 0.5823209167097638, "MAE": 0.24765783586260487, "MSE": 0.12372930319189251, "poisson_deviance_explained": 0.5216020918945439}, "7": {"AUC": NaN, "kappa": NaN, "f1": NaN, "precision": NaN, "recall": NaN, "average_precision": NaN, "Spearman_r": 0.6999297232918317, "Pearson_r": 0.7544636706365749, "R2": 0.5604547718503168, "MAE": 0.26673900281571056, "MSE": 0.13601032269061714, "poisson_deviance_explained": 0.5032899999459406}, "8": {"AUC": NaN, "kappa": NaN, "f1": NaN, "precision": NaN, "recall": NaN, "average_precision": NaN, "Spearman_r": 0.690388031006485, "Pearson_r": 0.7420898655844858, "R2": 0.5447193322873907, "MAE": 0.27700505681829385, "MSE": 0.14008159544655874, "poisson_deviance_explained": 0.4725804133644924}, "9": {"AUC": NaN, "kappa": NaN, "f1": NaN, "precision": NaN, "recall": NaN, "average_precision": NaN, "Spearman_r": 0.6860828850114257, "Pearson_r": 0.7563065274383814, "R2": 0.5669438991847371, "MAE": 0.25198017652969584, "MSE": 0.11947393958671426, "poisson_deviance_explained": 0.4881282823666455}, "10": {"AUC": NaN, "kappa": NaN, "f1": NaN, "precision": NaN, "recall": NaN, "average_precision": NaN, "Spearman_r": 0.6766159361913777, "Pearson_r": 0.7651199442766268, "R2": 0.5819889939285612, "MAE": 0.2320583533096833, "MSE": 0.10925617747984359, "poisson_deviance_explained": 0.505466328410421}, "11": {"AUC": NaN, "kappa": NaN, "f1": NaN, "precision": NaN, "recall": NaN, "average_precision": NaN, "Spearman_r": 0.638765518710485, "Pearson_r": 0.7334228868762146, "R2": 0.5358422291302005, "MAE": 0.21762672629543156, "MSE": 0.09465316900260898, "poisson_deviance_explained": 0.4635984492346862}, "12": {"AUC": NaN, "kappa": NaN, "f1": NaN, "precision": NaN, "recall": NaN, "average_precision": NaN, "Spearman_r": 0.6125009487776363, "Pearson_r": 0.7176985438052511, "R2": 0.5125932389292502, "MAE": 0.21286830831927592, "MSE": 0.09454536138447625, "poisson_deviance_explained": 0.45508440485448665}, "13": {"AUC": NaN, "kappa": NaN, "f1": NaN, "precision": NaN, "recall": NaN, "average_precision": NaN, "Spearman_r": 0.5743485539486655, "Pearson_r": 0.7155055891293356, "R2": 0.5098032957685652, "MAE": 0.18658330026623685, "MSE": 0.08315087164790831, "poisson_deviance_explained": 0.46911908091606547}, "14": {"AUC": NaN, "kappa": NaN, "f1": NaN, "precision": NaN, "recall": NaN, "average_precision": NaN, "Spearman_r": 0.5473978661445423, "Pearson_r": 0.71299958697595, "R2": 0.5066611028241618, "MAE": 0.16477014464320247, "MSE": 0.07030363859184194, "poisson_deviance_explained": 0.4657677657168874}, "15": {"AUC": NaN, "kappa": NaN, "f1": NaN, "precision": NaN, "recall": NaN, "average_precision": NaN, "Spearman_r": 0.5518549981178283, "Pearson_r": 0.7174535650078695, "R2": 0.513482108707156, "MAE": 0.16194992832125782, "MSE": 0.07138687260979314, "poisson_deviance_explained": 0.475650405498937}, "16": {"AUC": NaN, "kappa": NaN, "f1": NaN, "precision": NaN, "recall": NaN, "average_precision": NaN, "Spearman_r": 0.571250223576498, "Pearson_r": 0.7137504926221655, "R2": 0.5084531845776037, "MAE": 0.16403428939844816, "MSE": 0.07141433199002194, "poisson_deviance_explained": 0.4782611758278882}, "17": {"AUC": NaN, "kappa": NaN, "f1": NaN, "precision": NaN, "recall": NaN, "average_precision": NaN, "Spearman_r": 0.5801470615746467, "Pearson_r": 0.728091640053584, "R2": 0.5291165140729017, "MAE": 0.15745979129527682, "MSE": 0.06546225318590851, "poisson_deviance_explained": 0.4859225132488971}, "18": {"AUC": NaN, "kappa": NaN, "f1": NaN, "precision": NaN, "recall": NaN, "average_precision": NaN, "Spearman_r": 0.6203126813159768, "Pearson_r": 0.7334735949358601, "R2": 0.5360817081146958, "MAE": 0.18053030443999785, "MSE": 0.07942491313232607, "poisson_deviance_explained": 0.4934606772184982}, "19": {"AUC": NaN, "kappa": NaN, "f1": NaN, "precision": NaN, "recall": NaN, "average_precision": NaN, "Spearman_r": 0.6180293032326524, "Pearson_r": 0.7441615384369598, "R2": 0.551472039092455, "MAE": 0.18877889393063585, "MSE": 0.08401651903071958, "poisson_deviance_explained": 0.49828992686444196}, "20": {"AUC": NaN, "kappa": NaN, "f1": NaN, "precision": NaN, "recall": NaN, "average_precision": NaN, "Spearman_r": 0.5996007548542562, "Pearson_r": 0.7082437762739318, "R2": 0.4993972272983246, "MAE": 0.19705857309468247, "MSE": 0.08698681496330278, "poisson_deviance_explained": 0.46075595822349513}, "21": {"AUC": NaN, "kappa": NaN, "f1": NaN, "precision": NaN, "recall": NaN, "average_precision": NaN, "Spearman_r": 0.6101870544527139, "Pearson_r": 0.7509141185791719, "R2": 0.5609624429247522, "MAE": 0.1829826245329093, "MSE": 0.08311937565459561, "poisson_deviance_explained": 0.5092406999041863}, "22": {"AUC": NaN, "kappa": NaN, "f1": NaN, "precision": NaN, "recall": NaN, "average_precision": NaN, "Spearman_r": 0.6398316854151367, "Pearson_r": 0.7519581594195014, "R2": 0.5633649369564329, "MAE": 0.1998475532291902, "MSE": 0.09327158320428135, "poisson_deviance_explained": 0.5130457309561103}, "23": {"AUC": NaN, "kappa": NaN, "f1": NaN, "precision": NaN, "recall": NaN, "average_precision": NaN, "Spearman_r": 0.6730908718473089, "Pearson_r": 0.7515037822001355, "R2": 0.5601607423187915, "MAE": 0.2332722747443794, "MSE": 0.11260701673300205, "poisson_deviance_explained": 0.5012462033497918}, "24": {"AUC": NaN, "kappa": NaN, "f1": NaN, "precision": NaN, "recall": NaN, "average_precision": NaN, "Spearman_r": 0.6962380283996384, "Pearson_r": 0.7631253738383482, "R2": 0.5768174560012217, "MAE": 0.24456021553507387, "MSE": 0.12014743205930492, "poisson_deviance_explained": 0.5140291496267329}, "25": {"AUC": NaN, "kappa": NaN, "f1": NaN, "precision": NaN, "recall": NaN, "average_precision": NaN, "Spearman_r": 0.6768323404893312, "Pearson_r": 0.7527664570941802, "R2": 0.5607390324031735, "MAE": 0.2571050547776841, "MSE": 0.129906549937196, "poisson_deviance_explained": 0.4980816715570483}, "26": {"AUC": NaN, "kappa": NaN, "f1": NaN, "precision": NaN, "recall": NaN, "average_precision": NaN, "Spearman_r": 0.6834147190273386, "Pearson_r": 0.7518091228496697, "R2": 0.5586085201361582, "MAE": 0.25821350980654706, "MSE": 0.12889991475538357, "poisson_deviance_explained": 0.4932586945092068}, "27": {"AUC": NaN, "kappa": NaN, "f1": NaN, "precision": NaN, "recall": NaN, "average_precision": NaN, "Spearman_r": 0.6677648366526681,