{"1": {"AUC": NaN, "kappa": NaN, "f1": NaN, "precision": NaN, "recall": NaN, "average_precision": NaN, "Spearman_r": 0.6403274899116813, "Pearson_r": 0.7506740346103353, "R2": 0.5587488331322201, "MAE": 0.2282777294544616, "MSE": 0.11855737377690263, "poisson_deviance_explained": 0.5112174325915584}, "2": {"AUC": NaN, "kappa": NaN, "f1": NaN, "precision": NaN, "recall": NaN, "average_precision": NaN, "Spearman_r": 0.6641861499976951, "Pearson_r": 0.7614561025173309, "R2": 0.5735536571076221, "MAE": 0.22849828134009587, "MSE": 0.11608472246431695, "poisson_deviance_explained": 0.5259651970651289}, "3": {"AUC": NaN, "kappa": NaN, "f1": NaN, "precision": NaN, "recall": NaN, "average_precision": NaN, "Spearman_r": 0.6631880103792216, "Pearson_r": 0.7614487330481836, "R2": 0.5747327716341979, "MAE": 0.22251056514308895, "MSE": 0.11138442833193843, "poisson_deviance_explained": 0.52487076620451}, "4": {"AUC": NaN, "kappa": NaN, "f1": NaN, "precision": NaN, "recall": NaN, "average_precision": NaN, "Spearman_r": 0.6329952268628672, "Pearson_r": 0.7475475022757633, "R2": 0.553439299521433, "MAE": 0.21958043917877634, "MSE": 0.10969722767717525, "poisson_deviance_explained": 0.5051132454083975}, "5": {"AUC": NaN, "kappa": NaN, "f1": NaN, "precision": NaN, "recall": NaN, "average_precision": NaN, "Spearman_r": 0.667346045215511, "Pearson_r": 0.7479334101813354, "R2": 0.5509071339426994, "MAE": 0.24484312782926032, "MSE": 0.1243397913930184, "poisson_deviance_explained": 0.502866222468143}, "6": {"AUC": NaN, "kappa": NaN, "f1": NaN, "precision": NaN, "recall": NaN, "average_precision": NaN, "Spearman_r": 0.681652018598203, "Pearson_r": 0.7628404788090659, "R2": 0.5751984317177858, "MAE": 0.24320097144507818, "MSE": 0.12232448176572389, "poisson_deviance_explained": 0.5149737613650618}, "7": {"AUC": NaN, "kappa": NaN, "f1": NaN, "precision": NaN, "recall": NaN, "average_precision": NaN, "Spearman_r": 0.6802286204044731, "Pearson_r": 0.751709996578796, "R2": 0.558831130146479, "MAE": 0.2538721014373073, "MSE": 0.12593899152570476, "poisson_deviance_explained": 0.49474082289894117}, "8": {"AUC": NaN, "kappa": NaN, "f1": NaN, "precision": NaN, "recall": NaN, "average_precision": NaN, "Spearman_r": 0.6861045429081171, "Pearson_r": 0.742324720957398, "R2": 0.5441114567322165, "MAE": 0.2703689950821116, "MSE": 0.1353833415939669, "poisson_deviance_explained": 0.47762556294250846}, "9": {"AUC": NaN, "kappa": NaN, "f1": NaN, "precision": NaN, "recall": NaN, "average_precision": NaN, "Spearman_r": 0.6953392716500497, "Pearson_r": 0.7589051015699062, "R2": 0.570665516261031, "MAE": 0.26071770222324103, "MSE": 0.12891418643146413, "poisson_deviance_explained": 0.4999758997814735}, "10": {"AUC": NaN, "kappa": NaN, "f1": NaN, "precision": NaN, "recall": NaN, "average_precision": NaN, "Spearman_r": 0.6522407131421719, "Pearson_r": 0.7308760859687128, "R2": 0.5303515144893879, "MAE": 0.2483034011007634, "MSE": 0.11725575003508595, "poisson_deviance_explained": 0.4602504342627919}, "11": {"AUC": NaN, "kappa": NaN, "f1": NaN, "precision": NaN, "recall": NaN, "average_precision": NaN, "Spearman_r": 0.6304284816837952, "Pearson_r": 0.7318302693504829, "R2": 0.5330428114982738, "MAE": 0.22102353493124008, "MSE": 0.09724249478437735, "poisson_deviance_explained": 0.4606172454849422}, "12": {"AUC": NaN, "kappa": NaN, "f1": NaN, "precision": NaN, "recall": NaN, "average_precision": NaN, "Spearman_r": 0.6009277800285554, "Pearson_r": 0.7176022990792785, "R2": 0.5130080899617426, "MAE": 0.20505023629047212, "MSE": 0.08984189874528233, "poisson_deviance_explained": 0.45618443361463}, "13": {"AUC": NaN, "kappa": NaN, "f1": NaN, "precision": NaN, "recall": NaN, "average_precision": NaN, "Spearman_r": 0.5903024729871063, "Pearson_r": 0.7342728460421734, "R2": 0.5362515659307898, "MAE": 0.18414529569545285, "MSE": 0.08113115178831874, "poisson_deviance_explained": 0.4916700268163656}, "14": {"AUC": NaN, "kappa": NaN, "f1": NaN, "precision": NaN, "recall": NaN, "average_precision": NaN, "Spearman_r": 0.5542941688681601, "Pearson_r": 0.717619350828748, "R2": 0.5125860747506565, "MAE": 0.16265791435620067, "MSE": 0.06853492497437122, "poisson_deviance_explained": 0.4751439978927383}, "15": {"AUC": NaN, "kappa": NaN, "f1": NaN, "precision": NaN, "recall": NaN, "average_precision": NaN, "Spearman_r": 0.5490180692562883, "Pearson_r": 0.7215341700515172, "R2": 0.5193130398532456, "MAE": 0.15439068503534648, "MSE": 0.06688639234454823, "poisson_deviance_explained": 0.4928649720953028}, "16": {"AUC": NaN, "kappa": NaN, "f1": NaN, "precision": NaN, "recall": NaN, "average_precision": NaN, "Spearman_r": 0.5570146778767809, "Pearson_r": 0.703447603606056, "R2": 0.4936288280364872, "MAE": 0.1566403832431431, "MSE": 0.06616637462215422, "poisson_deviance_explained": 0.47267928143815285}, "17": {"AUC": NaN, "kappa": NaN, "f1": NaN, "precision": NaN, "recall": NaN, "average_precision": NaN, "Spearman_r": 0.5995196415274004, "Pearson_r": 0.742532702603535, "R2": 0.550288344559326, "MAE": 0.15870708782818901, "MSE": 0.06881024195312146, "poisson_deviance_explained": 0.5099098353864033}, "18": {"AUC": NaN, "kappa": NaN, "f1": NaN, "precision": NaN, "recall": NaN, "average_precision": NaN, "Spearman_r": 0.609928565345991, "Pearson_r": 0.747360930229542, "R2": 0.5564503482807448, "MAE": 0.16795312324147466, "MSE": 0.07272048699942318, "poisson_deviance_explained": 0.515051156587965}, "19": {"AUC": NaN, "kappa": NaN, "f1": NaN, "precision": NaN, "recall": NaN, "average_precision": NaN, "Spearman_r": 0.6089534576383052, "Pearson_r": 0.7494993633783257, "R2": 0.559889649778816, "MAE": 0.17214408404602397, "MSE": 0.07645197174831833, "poisson_deviance_explained": 0.5133332455240209}, "20": {"AUC": NaN, "kappa": NaN, "f1": NaN, "precision": NaN, "recall": NaN, "average_precision": NaN, "Spearman_r": 0.6130111805019943, "Pearson_r": 0.7408090696058272, "R2": 0.5461300079192408, "MAE": 0.18092553049325427, "MSE": 0.07771253980140591, "poisson_deviance_explained": 0.501528348289241}, "21": {"AUC": NaN, "kappa": NaN, "f1": NaN, "precision": NaN, "recall": NaN, "average_precision": NaN, "Spearman_r": 0.623233799621969, "Pearson_r": 0.7435776607388188, "R2": 0.5506580883947079, "MAE": 0.19013873926984606, "MSE": 0.08621313585852972, "poisson_deviance_explained": 0.4994531106693604}, "22": {"AUC": NaN, "kappa": NaN, "f1": NaN, "precision": NaN, "recall": NaN, "average_precision": NaN, "Spearman_r": 0.6156774069363694, "Pearson_r": 0.7495960152806055, "R2": 0.5586987207770595, "MAE": 0.18465952785020143, "MSE": 0.08341928671481623, "poisson_deviance_explained": 0.5139698503608392}, "23": {"AUC": NaN, "kappa": NaN, "f1": NaN, "precision": NaN, "recall": NaN, "average_precision": NaN, "Spearman_r": 0.6398581423897626, "Pearson_r": 0.7498892170979722, "R2": 0.5584207301284592, "MAE": 0.21113053948981564, "MSE": 0.1028151480540671, "poisson_deviance_explained": 0.5137889066188639}, "24": {"AUC": NaN, "kappa": NaN, "f1": NaN, "precision": NaN, "recall": NaN, "average_precision": NaN, "Spearman_r": 0.6585728551815458, "Pearson_r": 0.751602032909905, "R2": 0.5597520347335503, "MAE": 0.22081624160555977, "MSE": 0.10601610438658148, "poisson_deviance_explained": 0.5067891932987927}, "25": {"AUC": NaN, "kappa": NaN, "f1": NaN, "precision": NaN, "recall": NaN, "average_precision": NaN, "Spearman_r": 0.6509585746060593, "Pearson_r": 0.7512605518710788, "R2": 0.5576910109585136, "MAE": 0.22630542927353106, "MSE": 0.10988750278884016, "poisson_deviance_explained": 0.5022684935436263}, "26": {"AUC": NaN, "kappa": NaN, "f1": NaN, "precision": NaN, "recall": NaN, "average_precision": NaN, "Spearman_r": 0.6692104508918285, "Pearson_r": 0.7615564246960919, "R2": 0.5736241161085092, "MAE": 0.23239689063608007, "MSE": 0.11432998029852455, "poisson_deviance_explained": 0.519289251070146}, "27": {"AUC": NaN, "kappa": NaN, "f1": NaN, "precision": NaN, "recall": NaN, "average_precision": NaN, "Spearman_r": 0.6449000203842019,