{"1": {"AUC": NaN, "kappa": NaN, "f1": NaN, "precision": NaN, "recall": NaN, "average_precision": NaN, "Spearman_r": 0.6334250382239581, "Pearson_r": 0.7199231092172339, "R2": 0.5047898827220683, "MAE": 0.26028623949300345, "MSE": 0.13255694295674697, "poisson_deviance_explained": 0.4573502359483572}, "2": {"AUC": NaN, "kappa": NaN, "f1": NaN, "precision": NaN, "recall": NaN, "average_precision": NaN, "Spearman_r": 0.650168173786702, "Pearson_r": 0.7331239108646465, "R2": 0.5236722681959876, "MAE": 0.2571644209570471, "MSE": 0.1284921121863533, "poisson_deviance_explained": 0.4715183753849673}, "3": {"AUC": NaN, "kappa": NaN, "f1": NaN, "precision": NaN, "recall": NaN, "average_precision": NaN, "Spearman_r": 0.6454761930096047, "Pearson_r": 0.7224694636565193, "R2": 0.5065840942235157, "MAE": 0.2640889029229174, "MSE": 0.13540337491698234, "poisson_deviance_explained": 0.4572146839375535}, "4": {"AUC": NaN, "kappa": NaN, "f1": NaN, "precision": NaN, "recall": NaN, "average_precision": NaN, "Spearman_r": 0.6226056329041585, "Pearson_r": 0.7296361050279514, "R2": 0.5189812409779431, "MAE": 0.23839876516170752, "MSE": 0.12179079307028358, "poisson_deviance_explained": 0.47297628393506064}, "5": {"AUC": NaN, "kappa": NaN, "f1": NaN, "precision": NaN, "recall": NaN, "average_precision": NaN, "Spearman_r": 0.6589506272094091, "Pearson_r": 0.7268344115524301, "R2": 0.5143517978600272, "MAE": 0.2726027116455568, "MSE": 0.14015448004136846, "poisson_deviance_explained": 0.46574216919624456}, "6": {"AUC": NaN, "kappa": NaN, "f1": NaN, "precision": NaN, "recall": NaN, "average_precision": NaN, "Spearman_r": 0.6627927369542991, "Pearson_r": 0.7315881091988123, "R2": 0.5206140490925977, "MAE": 0.2696161121630716, "MSE": 0.13787237518519155, "poisson_deviance_explained": 0.47788255230714294}, "7": {"AUC": NaN, "kappa": NaN, "f1": NaN, "precision": NaN, "recall": NaN, "average_precision": NaN, "Spearman_r": 0.6729120303614399, "Pearson_r": 0.712261097882392, "R2": 0.48953966233988366, "MAE": 0.3113925065964893, "MSE": 0.16296921676836904, "poisson_deviance_explained": 0.4380269715719206}, "8": {"AUC": NaN, "kappa": NaN, "f1": NaN, "precision": NaN, "recall": NaN, "average_precision": NaN, "Spearman_r": 0.6754286479610518, "Pearson_r": 0.7253224560528843, "R2": 0.5128516882577798, "MAE": 0.29447657086542367, "MSE": 0.15310886162949292, "poisson_deviance_explained": 0.4582074803128571}, "9": {"AUC": NaN, "kappa": NaN, "f1": NaN, "precision": NaN, "recall": NaN, "average_precision": NaN, "Spearman_r": 0.651002025596653, "Pearson_r": 0.7075716738027381, "R2": 0.49083338220145134, "MAE": 0.27080778192597155, "MSE": 0.13055322185879098, "poisson_deviance_explained": 0.4319382763218229}, "10": {"AUC": NaN, "kappa": NaN, "f1": NaN, "precision": NaN, "recall": NaN, "average_precision": NaN, "Spearman_r": 0.6229281856705463, "Pearson_r": 0.6983662869899958, "R2": 0.47844584492067066, "MAE": 0.25534861367410755, "MSE": 0.1175481911647795, "poisson_deviance_explained": 0.4177132184271276}, "11": {"AUC": NaN, "kappa": NaN, "f1": NaN, "precision": NaN, "recall": NaN, "average_precision": NaN, "Spearman_r": 0.5982193808977543, "Pearson_r": 0.6935139237883523, "R2": 0.4739942571221134, "MAE": 0.24097725263678116, "MSE": 0.10568407844431112, "poisson_deviance_explained": 0.40902619082140057}, "12": {"AUC": NaN, "kappa": NaN, "f1": NaN, "precision": NaN, "recall": NaN, "average_precision": NaN, "Spearman_r": 0.5889405670727832, "Pearson_r": 0.686756587706431, "R2": 0.46315851220204574, "MAE": 0.21885791044173541, "MSE": 0.09524410535234437, "poisson_deviance_explained": 0.4236065897017751}, "13": {"AUC": NaN, "kappa": NaN, "f1": NaN, "precision": NaN, "recall": NaN, "average_precision": NaN, "Spearman_r": 0.5894971695471202, "Pearson_r": 0.7074849305019711, "R2": 0.49253463107541673, "MAE": 0.21481588260575948, "MSE": 0.09733264113270865, "poisson_deviance_explained": 0.4453084665873652}, "14": {"AUC": NaN, "kappa": NaN, "f1": NaN, "precision": NaN, "recall": NaN, "average_precision": NaN, "Spearman_r": 0.5461451159589733, "Pearson_r": 0.7055966525648529, "R2": 0.48909487151253583, "MAE": 0.1762186232309813, "MSE": 0.07390185133556666, "poisson_deviance_explained": 0.4454590842583527}, "15": {"AUC": NaN, "kappa": NaN, "f1": NaN, "precision": NaN, "recall": NaN, "average_precision": NaN, "Spearman_r": 0.5444104262410845, "Pearson_r": 0.6947246279996375, "R2": 0.4743437950026128, "MAE": 0.17865295139996862, "MSE": 0.0766045762680198, "poisson_deviance_explained": 0.4373517014374736}, "16": {"AUC": NaN, "kappa": NaN, "f1": NaN, "precision": NaN, "recall": NaN, "average_precision": NaN, "Spearman_r": 0.5682663801021859, "Pearson_r": 0.7105656118523905, "R2": 0.49851393462475735, "MAE": 0.17398356768568274, "MSE": 0.0729611117190748, "poisson_deviance_explained": 0.45830338644867485}, "17": {"AUC": NaN, "kappa": NaN, "f1": NaN, "precision": NaN, "recall": NaN, "average_precision": NaN, "Spearman_r": 0.5855844294057491, "Pearson_r": 0.7320462001115255, "R2": 0.5293408765209926, "MAE": 0.16901977058080475, "MSE": 0.07055605478802034, "poisson_deviance_explained": 0.49588088358621485}, "18": {"AUC": NaN, "kappa": NaN, "f1": NaN, "precision": NaN, "recall": NaN, "average_precision": NaN, "Spearman_r": 0.6129826097700909, "Pearson_r": 0.7182682103883953, "R2": 0.5086861186754323, "MAE": 0.18942185612147253, "MSE": 0.0808775560748095, "poisson_deviance_explained": 0.4844050934430213}, "19": {"AUC": NaN, "kappa": NaN, "f1": NaN, "precision": NaN, "recall": NaN, "average_precision": NaN, "Spearman_r": 0.6059306132812278, "Pearson_r": 0.7172757316024849, "R2": 0.5063802539885764, "MAE": 0.197225622808765, "MSE": 0.08612908947756787, "poisson_deviance_explained": 0.47504837284638124}, "20": {"AUC": NaN, "kappa": NaN, "f1": NaN, "precision": NaN, "recall": NaN, "average_precision": NaN, "Spearman_r": 0.6042271641253126, "Pearson_r": 0.710943477347822, "R2": 0.4955920654227498, "MAE": 0.20855682642506557, "MSE": 0.0931943389391571, "poisson_deviance_explained": 0.46073250971995294}, "21": {"AUC": NaN, "kappa": NaN, "f1": NaN, "precision": NaN, "recall": NaN, "average_precision": NaN, "Spearman_r": 0.6046711333155614, "Pearson_r": 0.7089956985701886, "R2": 0.49425173948896894, "MAE": 0.22230630967091158, "MSE": 0.10212132335015989, "poisson_deviance_explained": 0.4491059333726297}, "22": {"AUC": NaN, "kappa": NaN, "f1": NaN, "precision": NaN, "recall": NaN, "average_precision": NaN, "Spearman_r": 0.6268498043897168, "Pearson_r": 0.7233753707072881, "R2": 0.5150208304566671, "MAE": 0.2236516011003059, "MSE": 0.1051410760272216, "poisson_deviance_explained": 0.47262637869091884}, "23": {"AUC": NaN, "kappa": NaN, "f1": NaN, "precision": NaN, "recall": NaN, "average_precision": NaN, "Spearman_r": 0.6455203818231052, "Pearson_r": 0.7247268780780278, "R2": 0.5136621895758013, "MAE": 0.24812741242994987, "MSE": 0.12181545600325097, "poisson_deviance_explained": 0.46496254027647665}, "24": {"AUC": NaN, "kappa": NaN, "f1": NaN, "precision": NaN, "recall": NaN, "average_precision": NaN, "Spearman_r": 0.6482241066260709, "Pearson_r": 0.7254684948131772, "R2": 0.5118841119842565, "MAE": 0.25851615745919204, "MSE": 0.12802338784290176, "poisson_deviance_explained": 0.46546457387165985}, "25": {"AUC": NaN, "kappa": NaN, "f1": NaN, "precision": NaN, "recall": NaN, "average_precision": NaN, "Spearman_r": 0.6580989322190351, "Pearson_r": 0.7270273099656052, "R2": 0.5095249540109693, "MAE": 0.2742602159899378, "MSE": 0.13817788472774772, "poisson_deviance_explained": 0.4631657937079001}, "26": {"AUC": NaN, "kappa": NaN, "f1": NaN, "precision": NaN, "recall": NaN, "average_precision": NaN, "Spearman_r": 0.662299609963437, "Pearson_r": 0.7318575414227201, "R2": 0.51791528052007, "MAE": 0.27579476593769775, "MSE": 0.13784827664495675, "poisson_deviance_explained": 0.4617200834065269}, "27": {"AUC": NaN, "kappa": NaN, "f1": NaN, "precision": NaN, "recall": NaN, "average_precision": NaN, "Spearman_r": 0.6467577670561411,