{"1": {"AUC": NaN, "kappa": NaN, "f1": NaN, "precision": NaN, "recall": NaN, "average_precision": NaN, "Spearman_r": 0.6304527412028259, "Pearson_r": 0.6946145661408734, "R2": 0.47737257167567615, "MAE": 0.2865862266258345, "MSE": 0.15593839022725006, "poisson_deviance_explained": 0.4290226504793003}, "2": {"AUC": NaN, "kappa": NaN, "f1": NaN, "precision": NaN, "recall": NaN, "average_precision": NaN, "Spearman_r": 0.6596440035196628, "Pearson_r": 0.7214723338920666, "R2": 0.5167241791589983, "MAE": 0.27074364249009497, "MSE": 0.1462061183814537, "poisson_deviance_explained": 0.47040803061379}, "3": {"AUC": NaN, "kappa": NaN, "f1": NaN, "precision": NaN, "recall": NaN, "average_precision": NaN, "Spearman_r": 0.6556196912393841, "Pearson_r": 0.7346419151498763, "R2": 0.5342520917602815, "MAE": 0.25555792153138385, "MSE": 0.13333137297124492, "poisson_deviance_explained": 0.48790657068821586}, "4": {"AUC": NaN, "kappa": NaN, "f1": NaN, "precision": NaN, "recall": NaN, "average_precision": NaN, "Spearman_r": 0.6096265838818546, "Pearson_r": 0.7195553554769816, "R2": 0.513480048272329, "MAE": 0.22804019769327016, "MSE": 0.12412798034695367, "poisson_deviance_explained": 0.4778378214825615}, "5": {"AUC": NaN, "kappa": NaN, "f1": NaN, "precision": NaN, "recall": NaN, "average_precision": NaN, "Spearman_r": 0.6659535573627986, "Pearson_r": 0.7338752061890771, "R2": 0.5320742110176768, "MAE": 0.26861317814145946, "MSE": 0.14351011084345938, "poisson_deviance_explained": 0.48593236399244033}, "6": {"AUC": NaN, "kappa": NaN, "f1": NaN, "precision": NaN, "recall": NaN, "average_precision": NaN, "Spearman_r": 0.6880302336079812, "Pearson_r": 0.7327685991406444, "R2": 0.530614181470681, "MAE": 0.2915409917949598, "MSE": 0.16109484590713857, "poisson_deviance_explained": 0.4790382201826101}, "7": {"AUC": NaN, "kappa": NaN, "f1": NaN, "precision": NaN, "recall": NaN, "average_precision": NaN, "Spearman_r": 0.6968786929470858, "Pearson_r": 0.7348582592710696, "R2": 0.531987930984966, "MAE": 0.29649829006285155, "MSE": 0.16053171748806103, "poisson_deviance_explained": 0.4786925496231068}, "8": {"AUC": NaN, "kappa": NaN, "f1": NaN, "precision": NaN, "recall": NaN, "average_precision": NaN, "Spearman_r": 0.6790381786352169, "Pearson_r": 0.7276196142870891, "R2": 0.522485604848933, "MAE": 0.29658802231355746, "MSE": 0.1524854511274935, "poisson_deviance_explained": 0.4514764631142989}, "9": {"AUC": NaN, "kappa": NaN, "f1": NaN, "precision": NaN, "recall": NaN, "average_precision": NaN, "Spearman_r": 0.6723854030780451, "Pearson_r": 0.722179123621403, "R2": 0.5143066769961187, "MAE": 0.29316691935400224, "MSE": 0.15093415736346247, "poisson_deviance_explained": 0.4458753163242736}, "10": {"AUC": NaN, "kappa": NaN, "f1": NaN, "precision": NaN, "recall": NaN, "average_precision": NaN, "Spearman_r": 0.6448314430032281, "Pearson_r": 0.7011487923515995, "R2": 0.49002190552392266, "MAE": 0.2671210726675261, "MSE": 0.13661537804258547, "poisson_deviance_explained": 0.43312671620811305}, "11": {"AUC": NaN, "kappa": NaN, "f1": NaN, "precision": NaN, "recall": NaN, "average_precision": NaN, "Spearman_r": 0.6111729644296678, "Pearson_r": 0.7061994543468455, "R2": 0.4973544378469732, "MAE": 0.23789660835340848, "MSE": 0.11253241303428278, "poisson_deviance_explained": 0.435142650711724}, "12": {"AUC": NaN, "kappa": NaN, "f1": NaN, "precision": NaN, "recall": NaN, "average_precision": NaN, "Spearman_r": 0.5936569762203096, "Pearson_r": 0.6840859178439309, "R2": 0.4659518019925062, "MAE": 0.22642792828161587, "MSE": 0.10365295936042113, "poisson_deviance_explained": 0.42737499108721055}, "13": {"AUC": NaN, "kappa": NaN, "f1": NaN, "precision": NaN, "recall": NaN, "average_precision": NaN, "Spearman_r": 0.5800554337010468, "Pearson_r": 0.6996527860776757, "R2": 0.4865205804350127, "MAE": 0.196261874172309, "MSE": 0.0862561742952132, "poisson_deviance_explained": 0.44412854920537637}, "14": {"AUC": NaN, "kappa": NaN, "f1": NaN, "precision": NaN, "recall": NaN, "average_precision": NaN, "Spearman_r": 0.5374051020302947, "Pearson_r": 0.6711868378320225, "R2": 0.44930262995868464, "MAE": 0.18174521362121862, "MSE": 0.08446966133151347, "poisson_deviance_explained": 0.42890866163157304}, "15": {"AUC": NaN, "kappa": NaN, "f1": NaN, "precision": NaN, "recall": NaN, "average_precision": NaN, "Spearman_r": 0.5132453115748569, "Pearson_r": 0.6823087149491441, "R2": 0.46273269762202285, "MAE": 0.15923001238572798, "MSE": 0.06828672004712515, "poisson_deviance_explained": 0.42501611830946096}, "16": {"AUC": NaN, "kappa": NaN, "f1": NaN, "precision": NaN, "recall": NaN, "average_precision": NaN, "Spearman_r": 0.520019178824328, "Pearson_r": 0.6827492876107152, "R2": 0.46465033844852566, "MAE": 0.16505953255594535, "MSE": 0.07240111696645483, "poisson_deviance_explained": 0.42975578528294966}, "17": {"AUC": NaN, "kappa": NaN, "f1": NaN, "precision": NaN, "recall": NaN, "average_precision": NaN, "Spearman_r": 0.5862441728092135, "Pearson_r": 0.7114414991843575, "R2": 0.5041672364260161, "MAE": 0.1850989767960814, "MSE": 0.08233282503174297, "poisson_deviance_explained": 0.4517532008476999}, "18": {"AUC": NaN, "kappa": NaN, "f1": NaN, "precision": NaN, "recall": NaN, "average_precision": NaN, "Spearman_r": 0.5939690609342533, "Pearson_r": 0.7028163269849572, "R2": 0.4919966936908041, "MAE": 0.1855150404705412, "MSE": 0.07995276067928557, "poisson_deviance_explained": 0.45318711607859097}, "19": {"AUC": NaN, "kappa": NaN, "f1": NaN, "precision": NaN, "recall": NaN, "average_precision": NaN, "Spearman_r": 0.587708742675153, "Pearson_r": 0.7033938159342155, "R2": 0.49396801978110016, "MAE": 0.196101434405137, "MSE": 0.08899310601745437, "poisson_deviance_explained": 0.4463658735538123}, "20": {"AUC": NaN, "kappa": NaN, "f1": NaN, "precision": NaN, "recall": NaN, "average_precision": NaN, "Spearman_r": 0.6229415430883678, "Pearson_r": 0.7212041819793484, "R2": 0.5179674459595002, "MAE": 0.1939454200952329, "MSE": 0.08594520411778363, "poisson_deviance_explained": 0.48287166447547425}, "21": {"AUC": NaN, "kappa": NaN, "f1": NaN, "precision": NaN, "recall": NaN, "average_precision": NaN, "Spearman_r": 0.6121916812891515, "Pearson_r": 0.7053559398960018, "R2": 0.494167402685305, "MAE": 0.2146249461430614, "MSE": 0.09910108416646266, "poisson_deviance_explained": 0.4457014556118949}, "22": {"AUC": NaN, "kappa": NaN, "f1": NaN, "precision": NaN, "recall": NaN, "average_precision": NaN, "Spearman_r": 0.598425937625663, "Pearson_r": 0.6944712653645982, "R2": 0.48099941109106004, "MAE": 0.21761812366740005, "MSE": 0.10442663405228078, "poisson_deviance_explained": 0.43375712407139466}, "23": {"AUC": NaN, "kappa": NaN, "f1": NaN, "precision": NaN, "recall": NaN, "average_precision": NaN, "Spearman_r": 0.6339098572933058, "Pearson_r": 0.6960523552710894, "R2": 0.4823613247023021, "MAE": 0.2559545688829346, "MSE": 0.12894075721168943, "poisson_deviance_explained": 0.43530585653639275}, "24": {"AUC": NaN, "kappa": NaN, "f1": NaN, "precision": NaN, "recall": NaN, "average_precision": NaN, "Spearman_r": 0.6698693564758309, "Pearson_r": 0.722690507252848, "R2": 0.5173533990463894, "MAE": 0.2778434530002888, "MSE": 0.14697018805699458, "poisson_deviance_explained": 0.4631367060053082}, "25": {"AUC": NaN, "kappa": NaN, "f1": NaN, "precision": NaN, "recall": NaN, "average_precision": NaN, "Spearman_r": 0.6797753664560009, "Pearson_r": 0.7213446027937058, "R2": 0.5145597158882391, "MAE": 0.2888907467392731, "MSE": 0.15886113456384915, "poisson_deviance_explained": 0.4706596561933324}, "26": {"AUC": NaN, "kappa": NaN, "f1": NaN, "precision": NaN, "recall": NaN, "average_precision": NaN, "Spearman_r": 0.663220899097946, "Pearson_r": 0.6991882126627074, "R2": 0.4863696442191161, "MAE": 0.29228371153449184, "MSE": 0.16087890403606933, "poisson_deviance_explained": 0.44243905181860166}, "27": {"AUC": NaN, "kappa": NaN, "f1": NaN, "precision": NaN, "recall": NaN, "average_precision": NaN, "Spearman_r": 0.6424867398511291,