{"1": {"AUC": NaN, "kappa": NaN, "f1": NaN, "precision": NaN, "recall": NaN, "average_precision": NaN, "Spearman_r": 0.641898136657357, "Pearson_r": 0.7487462006766715, "R2": 0.5558164798286187, "MAE": 0.2287179481738323, "MSE": 0.11321806063804038, "poisson_deviance_explained": 0.4997456432695432}, "2": {"AUC": NaN, "kappa": NaN, "f1": NaN, "precision": NaN, "recall": NaN, "average_precision": NaN, "Spearman_r": 0.6439431157247107, "Pearson_r": 0.7602337842217062, "R2": 0.5741688931004569, "MAE": 0.2083047653948103, "MSE": 0.10303892004818288, "poisson_deviance_explained": 0.5298040804712417}, "3": {"AUC": NaN, "kappa": NaN, "f1": NaN, "precision": NaN, "recall": NaN, "average_precision": NaN, "Spearman_r": 0.6517881715448606, "Pearson_r": 0.7761189560173049, "R2": 0.596890965373468, "MAE": 0.20380205393384188, "MSE": 0.09627421431756, "poisson_deviance_explained": 0.5395755030292535}, "4": {"AUC": NaN, "kappa": NaN, "f1": NaN, "precision": NaN, "recall": NaN, "average_precision": NaN, "Spearman_r": 0.6328481440559595, "Pearson_r": 0.7653481905240819, "R2": 0.5809094600334421, "MAE": 0.1992529952328579, "MSE": 0.09760033604736913, "poisson_deviance_explained": 0.5301615120175567}, "5": {"AUC": NaN, "kappa": NaN, "f1": NaN, "precision": NaN, "recall": NaN, "average_precision": NaN, "Spearman_r": 0.6624122863381845, "Pearson_r": 0.7719484093044825, "R2": 0.5889365118583232, "MAE": 0.21718943750147907, "MSE": 0.10499687401029159, "poisson_deviance_explained": 0.537928301937876}, "6": {"AUC": NaN, "kappa": NaN, "f1": NaN, "precision": NaN, "recall": NaN, "average_precision": NaN, "Spearman_r": 0.6688385201192423, "Pearson_r": 0.74704726720157, "R2": 0.5486345106570936, "MAE": 0.24817270570537742, "MSE": 0.12402205375464238, "poisson_deviance_explained": 0.4995943904583521}, "7": {"AUC": NaN, "kappa": NaN, "f1": NaN, "precision": NaN, "recall": NaN, "average_precision": NaN, "Spearman_r": 0.6864340358555029, "Pearson_r": 0.7690491926909242, "R2": 0.5827775700811471, "MAE": 0.23683773935337865, "MSE": 0.11400792979126073, "poisson_deviance_explained": 0.5224826992509262}, "8": {"AUC": NaN, "kappa": NaN, "f1": NaN, "precision": NaN, "recall": NaN, "average_precision": NaN, "Spearman_r": 0.6824218390187521, "Pearson_r": 0.7815367290988043, "R2": 0.6049734928780004, "MAE": 0.20939189576284656, "MSE": 0.09650634074295178, "poisson_deviance_explained": 0.5443745415507739}, "9": {"AUC": NaN, "kappa": NaN, "f1": NaN, "precision": NaN, "recall": NaN, "average_precision": NaN, "Spearman_r": 0.6763795028719155, "Pearson_r": 0.769786349536913, "R2": 0.5874805538762643, "MAE": 0.219729427018008, "MSE": 0.10045275984396103, "poisson_deviance_explained": 0.5229296297686101}, "10": {"AUC": NaN, "kappa": NaN, "f1": NaN, "precision": NaN, "recall": NaN, "average_precision": NaN, "Spearman_r": 0.6591035612440943, "Pearson_r": 0.7556796988106731, "R2": 0.5658669658186483, "MAE": 0.21571897237685764, "MSE": 0.09273057778373499, "poisson_deviance_explained": 0.4943488070931443}, "11": {"AUC": NaN, "kappa": NaN, "f1": NaN, "precision": NaN, "recall": NaN, "average_precision": NaN, "Spearman_r": 0.6301774913236645, "Pearson_r": 0.7308648212515929, "R2": 0.5305288084773517, "MAE": 0.20714496065114887, "MSE": 0.08601523192624634, "poisson_deviance_explained": 0.46589962592632483}, "12": {"AUC": NaN, "kappa": NaN, "f1": NaN, "precision": NaN, "recall": NaN, "average_precision": NaN, "Spearman_r": 0.6245415330119065, "Pearson_r": 0.733396138181417, "R2": 0.5350912698439791, "MAE": 0.20438093182500067, "MSE": 0.08509286267509264, "poisson_deviance_explained": 0.46704266832181107}, "13": {"AUC": NaN, "kappa": NaN, "f1": NaN, "precision": NaN, "recall": NaN, "average_precision": NaN, "Spearman_r": 0.5947991326159764, "Pearson_r": 0.7391438194118629, "R2": 0.5433928582237547, "MAE": 0.18081647963613723, "MSE": 0.07857472252879492, "poisson_deviance_explained": 0.49297295071603364}, "14": {"AUC": NaN, "kappa": NaN, "f1": NaN, "precision": NaN, "recall": NaN, "average_precision": NaN, "Spearman_r": 0.5839117736347096, "Pearson_r": 0.7395437505884966, "R2": 0.5441202994660532, "MAE": 0.16423103986776164, "MSE": 0.06964241182208905, "poisson_deviance_explained": 0.503558059482947}, "15": {"AUC": NaN, "kappa": NaN, "f1": NaN, "precision": NaN, "recall": NaN, "average_precision": NaN, "Spearman_r": 0.5606119910728335, "Pearson_r": 0.7403081282595354, "R2": 0.5444988556104643, "MAE": 0.1484403801794825, "MSE": 0.06128490173023086, "poisson_deviance_explained": 0.5066074844262828}, "16": {"AUC": NaN, "kappa": NaN, "f1": NaN, "precision": NaN, "recall": NaN, "average_precision": NaN, "Spearman_r": 0.5728519928309067, "Pearson_r": 0.738676516294207, "R2": 0.5438647119921705, "MAE": 0.15148116682893434, "MSE": 0.06433443099596695, "poisson_deviance_explained": 0.5124803847023892}, "17": {"AUC": NaN, "kappa": NaN, "f1": NaN, "precision": NaN, "recall": NaN, "average_precision": NaN, "Spearman_r": 0.5905558709083364, "Pearson_r": 0.7535894603524009, "R2": 0.5660462296193352, "MAE": 0.149259880123966, "MSE": 0.06173250396461932, "poisson_deviance_explained": 0.5248417618704118}, "18": {"AUC": NaN, "kappa": NaN, "f1": NaN, "precision": NaN, "recall": NaN, "average_precision": NaN, "Spearman_r": 0.6050767097688359, "Pearson_r": 0.752009248777904, "R2": 0.5628081120316594, "MAE": 0.15841441362275344, "MSE": 0.064636167531664, "poisson_deviance_explained": 0.5186303169399427}, "19": {"AUC": NaN, "kappa": NaN, "f1": NaN, "precision": NaN, "recall": NaN, "average_precision": NaN, "Spearman_r": 0.613578667681002, "Pearson_r": 0.7572817552585202, "R2": 0.5703491725759613, "MAE": 0.1647171545593783, "MSE": 0.07005683751185007, "poisson_deviance_explained": 0.5264079882913553}, "20": {"AUC": NaN, "kappa": NaN, "f1": NaN, "precision": NaN, "recall": NaN, "average_precision": NaN, "Spearman_r": 0.6186956275840225, "Pearson_r": 0.7559245030570536, "R2": 0.5683831754763569, "MAE": 0.178527149826703, "MSE": 0.07903460093899695, "poisson_deviance_explained": 0.5218051825870013}, "21": {"AUC": NaN, "kappa": NaN, "f1": NaN, "precision": NaN, "recall": NaN, "average_precision": NaN, "Spearman_r": 0.6354064608004658, "Pearson_r": 0.7567961820828808, "R2": 0.5686385026656858, "MAE": 0.18500562632717152, "MSE": 0.08151611580932458, "poisson_deviance_explained": 0.518833684522922}, "22": {"AUC": NaN, "kappa": NaN, "f1": NaN, "precision": NaN, "recall": NaN, "average_precision": NaN, "Spearman_r": 0.6219417052764624, "Pearson_r": 0.7578858764102298, "R2": 0.5697705345340165, "MAE": 0.1883141153895863, "MSE": 0.0835997796449749, "poisson_deviance_explained": 0.520229682288322}, "23": {"AUC": NaN, "kappa": NaN, "f1": NaN, "precision": NaN, "recall": NaN, "average_precision": NaN, "Spearman_r": 0.6231396274273174, "Pearson_r": 0.7529903633860087, "R2": 0.5611710933315867, "MAE": 0.1965349221919256, "MSE": 0.09253063079648652, "poisson_deviance_explained": 0.5180197461354781}, "24": {"AUC": NaN, "kappa": NaN, "f1": NaN, "precision": NaN, "recall": NaN, "average_precision": NaN, "Spearman_r": 0.6768279782913674, "Pearson_r": 0.7650167211348858, "R2": 0.5774387021773433, "MAE": 0.22765407573741797, "MSE": 0.11211727008142587, "poisson_deviance_explained": 0.5309090828968763}, "25": {"AUC": NaN, "kappa": NaN, "f1": NaN, "precision": NaN, "recall": NaN, "average_precision": NaN, "Spearman_r": 0.6737257687592669, "Pearson_r": 0.7681617624082155, "R2": 0.5843491325111456, "MAE": 0.22494041475568494, "MSE": 0.11210864820689, "poisson_deviance_explained": 0.5346795752197883}, "26": {"AUC": NaN, "kappa": NaN, "f1": NaN, "precision": NaN, "recall": NaN, "average_precision": NaN, "Spearman_r": 0.6709360592622292, "Pearson_r": 0.772839338204193, "R2": 0.590244990528571, "MAE": 0.21573952029462548, "MSE": 0.10153656661956655, "poisson_deviance_explained": 0.5380477620334081}, "27": {"AUC": NaN, "kappa": NaN, "f1": NaN, "precision": NaN, "recall": NaN, "average_precision": NaN, "Spearman_r": 0.6796676082142725,