{"1": {"AUC": NaN, "kappa": NaN, "f1": NaN, "precision": NaN, "recall": NaN, "average_precision": NaN, "Spearman_r": 0.608561272880383, "Pearson_r": 0.6663250776490747, "R2": 0.44383554509866596, "MAE": 0.2754312594962328, "MSE": 0.1611944246813497, "poisson_deviance_explained": 0.40743518718455085}, "2": {"AUC": NaN, "kappa": NaN, "f1": NaN, "precision": NaN, "recall": NaN, "average_precision": NaN, "Spearman_r": 0.6092689176192596, "Pearson_r": 0.6962724180972274, "R2": 0.4834619611426968, "MAE": 0.23151963650297933, "MSE": 0.1273657467236988, "poisson_deviance_explained": 0.4541426856079578}, "3": {"AUC": NaN, "kappa": NaN, "f1": NaN, "precision": NaN, "recall": NaN, "average_precision": NaN, "Spearman_r": 0.6425681771313394, "Pearson_r": 0.7132242411388258, "R2": 0.5080163653812884, "MAE": 0.23457123956811274, "MSE": 0.13149998923595513, "poisson_deviance_explained": 0.46551619323635685}, "4": {"AUC": NaN, "kappa": NaN, "f1": NaN, "precision": NaN, "recall": NaN, "average_precision": NaN, "Spearman_r": 0.6456704136496114, "Pearson_r": 0.7032134762680272, "R2": 0.4931771568841792, "MAE": 0.26217463385266954, "MSE": 0.15419245372697638, "poisson_deviance_explained": 0.4580649523513812}, "5": {"AUC": NaN, "kappa": NaN, "f1": NaN, "precision": NaN, "recall": NaN, "average_precision": NaN, "Spearman_r": 0.6712829949859337, "Pearson_r": 0.7327197778749128, "R2": 0.5328755259620093, "MAE": 0.27236760430297613, "MSE": 0.15220847622110187, "poisson_deviance_explained": 0.4792497827612272}, "6": {"AUC": NaN, "kappa": NaN, "f1": NaN, "precision": NaN, "recall": NaN, "average_precision": NaN, "Spearman_r": 0.6978738713503566, "Pearson_r": 0.737885720395428, "R2": 0.5401269146103922, "MAE": 0.28417143313094967, "MSE": 0.15815669691503487, "poisson_deviance_explained": 0.4929734910577033}, "7": {"AUC": NaN, "kappa": NaN, "f1": NaN, "precision": NaN, "recall": NaN, "average_precision": NaN, "Spearman_r": 0.6812596947377577, "Pearson_r": 0.7278808489680093, "R2": 0.5278186479595472, "MAE": 0.2666047939669025, "MSE": 0.14288184581264035, "poisson_deviance_explained": 0.4847351453693719}, "8": {"AUC": NaN, "kappa": NaN, "f1": NaN, "precision": NaN, "recall": NaN, "average_precision": NaN, "Spearman_r": 0.6869936147764774, "Pearson_r": 0.7224970595630836, "R2": 0.5176437527925768, "MAE": 0.2823793369551208, "MSE": 0.15105465619880787, "poisson_deviance_explained": 0.46727083001293657}, "9": {"AUC": NaN, "kappa": NaN, "f1": NaN, "precision": NaN, "recall": NaN, "average_precision": NaN, "Spearman_r": 0.6606391205846174, "Pearson_r": 0.7183483964767733, "R2": 0.5134978164973675, "MAE": 0.2640815206777261, "MSE": 0.12879856770318124, "poisson_deviance_explained": 0.4442619159288145}, "10": {"AUC": NaN, "kappa": NaN, "f1": NaN, "precision": NaN, "recall": NaN, "average_precision": NaN, "Spearman_r": 0.6394459555641208, "Pearson_r": 0.7098886957310586, "R2": 0.5005939635585162, "MAE": 0.25012543997665665, "MSE": 0.11897237782239782, "poisson_deviance_explained": 0.43641449247527886}, "11": {"AUC": NaN, "kappa": NaN, "f1": NaN, "precision": NaN, "recall": NaN, "average_precision": NaN, "Spearman_r": 0.6011433791994958, "Pearson_r": 0.6826458115637604, "R2": 0.4655837511615535, "MAE": 0.2358849934527253, "MSE": 0.11128471203944743, "poisson_deviance_explained": 0.4123492692928633}, "12": {"AUC": NaN, "kappa": NaN, "f1": NaN, "precision": NaN, "recall": NaN, "average_precision": NaN, "Spearman_r": 0.6020545886602766, "Pearson_r": 0.6923357119165249, "R2": 0.4767464795864168, "MAE": 0.2252735972877393, "MSE": 0.10143157176492701, "poisson_deviance_explained": 0.4233367685227243}, "13": {"AUC": NaN, "kappa": NaN, "f1": NaN, "precision": NaN, "recall": NaN, "average_precision": NaN, "Spearman_r": 0.5446351650807852, "Pearson_r": 0.6569937978311603, "R2": 0.4295089441199771, "MAE": 0.18473862495593585, "MSE": 0.08181760243609794, "poisson_deviance_explained": 0.3950225872665881}, "14": {"AUC": NaN, "kappa": NaN, "f1": NaN, "precision": NaN, "recall": NaN, "average_precision": NaN, "Spearman_r": 0.5239772666773501, "Pearson_r": 0.6398362986232634, "R2": 0.40779886470377325, "MAE": 0.17712651018262593, "MSE": 0.07778421323315776, "poisson_deviance_explained": 0.38751917868030394}, "15": {"AUC": NaN, "kappa": NaN, "f1": NaN, "precision": NaN, "recall": NaN, "average_precision": NaN, "Spearman_r": 0.5049254100272911, "Pearson_r": 0.628156424985945, "R2": 0.3919773478699935, "MAE": 0.17402750518167698, "MSE": 0.07864562493924364, "poisson_deviance_explained": 0.38754753554659693}, "16": {"AUC": NaN, "kappa": NaN, "f1": NaN, "precision": NaN, "recall": NaN, "average_precision": NaN, "Spearman_r": 0.5566175585416114, "Pearson_r": 0.7069907084630683, "R2": 0.4969565004499026, "MAE": 0.15414802664959615, "MSE": 0.06790046157991288, "poisson_deviance_explained": 0.47851838504625777}, "17": {"AUC": NaN, "kappa": NaN, "f1": NaN, "precision": NaN, "recall": NaN, "average_precision": NaN, "Spearman_r": 0.5741100357640624, "Pearson_r": 0.69673355422671, "R2": 0.4849006384506517, "MAE": 0.17808143709337879, "MSE": 0.08018788825950407, "poisson_deviance_explained": 0.4240345614659977}, "18": {"AUC": NaN, "kappa": NaN, "f1": NaN, "precision": NaN, "recall": NaN, "average_precision": NaN, "Spearman_r": 0.6091412739277204, "Pearson_r": 0.7164792608075621, "R2": 0.511796583799769, "MAE": 0.18005063828753262, "MSE": 0.07579369058559504, "poisson_deviance_explained": 0.4721825827413607}, "19": {"AUC": NaN, "kappa": NaN, "f1": NaN, "precision": NaN, "recall": NaN, "average_precision": NaN, "Spearman_r": 0.5930638632172579, "Pearson_r": 0.6724716434666136, "R2": 0.4517468202592213, "MAE": 0.19660946669166982, "MSE": 0.09032381568943788, "poisson_deviance_explained": 0.4265374581455079}, "20": {"AUC": NaN, "kappa": NaN, "f1": NaN, "precision": NaN, "recall": NaN, "average_precision": NaN, "Spearman_r": 0.6106498252519914, "Pearson_r": 0.696536959312827, "R2": 0.48474333126152924, "MAE": 0.20663838349244684, "MSE": 0.09625976424133431, "poisson_deviance_explained": 0.44121937367869624}, "21": {"AUC": NaN, "kappa": NaN, "f1": NaN, "precision": NaN, "recall": NaN, "average_precision": NaN, "Spearman_r": 0.604500011351822, "Pearson_r": 0.6945664350476524, "R2": 0.4819983306419655, "MAE": 0.2000439549369006, "MSE": 0.09577190435211203, "poisson_deviance_explained": 0.44263134835399087}, "22": {"AUC": NaN, "kappa": NaN, "f1": NaN, "precision": NaN, "recall": NaN, "average_precision": NaN, "Spearman_r": 0.5801949008286903, "Pearson_r": 0.6835934648803191, "R2": 0.46531019501008686, "MAE": 0.2049913638919505, "MSE": 0.09776226236433637, "poisson_deviance_explained": 0.42921214894676984}, "23": {"AUC": NaN, "kappa": NaN, "f1": NaN, "precision": NaN, "recall": NaN, "average_precision": NaN, "Spearman_r": 0.6131200970867974, "Pearson_r": 0.6963299287726584, "R2": 0.48383123954072915, "MAE": 0.2399898443908132, "MSE": 0.1214223941082364, "poisson_deviance_explained": 0.4296722886562939}, "24": {"AUC": NaN, "kappa": NaN, "f1": NaN, "precision": NaN, "recall": NaN, "average_precision": NaN, "Spearman_r": 0.6780546999836833, "Pearson_r": 0.7241874849962355, "R2": 0.5222566158173233, "MAE": 0.2693019214571879, "MSE": 0.14191499408887095, "poisson_deviance_explained": 0.46721846699534353}, "25": {"AUC": NaN, "kappa": NaN, "f1": NaN, "precision": NaN, "recall": NaN, "average_precision": NaN, "Spearman_r": 0.6770562907631271, "Pearson_r": 0.7324977604429245, "R2": 0.5341270285623574, "MAE": 0.27805201016027575, "MSE": 0.1477738806150617, "poisson_deviance_explained": 0.4735369208526994}, "26": {"AUC": NaN, "kappa": NaN, "f1": NaN, "precision": NaN, "recall": NaN, "average_precision": NaN, "Spearman_r": 0.6734897779843487, "Pearson_r": 0.7147753091231523, "R2": 0.5093128105035771, "MAE": 0.2802342364866354, "MSE": 0.15248624747455342, "poisson_deviance_explained": 0.46704928701171666}, "27": {"AUC": NaN, "kappa": NaN, "f1": NaN, "precision": NaN, "recall": NaN, "average_precision": NaN, "Spearman_r": 0.6685675867268989,