{"1": {"AUC": NaN, "kappa": NaN, "f1": NaN, "precision": NaN, "recall": NaN, "average_precision": NaN, "Spearman_r": 0.6461769786144232, "Pearson_r": 0.71234172419817, "R2": 0.5052402198056494, "MAE": 0.26862534556439754, "MSE": 0.14439561679672758, "poisson_deviance_explained": 0.45203716765555546}, "2": {"AUC": NaN, "kappa": NaN, "f1": NaN, "precision": NaN, "recall": NaN, "average_precision": NaN, "Spearman_r": 0.6911869121166003, "Pearson_r": 0.7614216852717081, "R2": 0.5758799274752482, "MAE": 0.24945071777886615, "MSE": 0.1313791286077272, "poisson_deviance_explained": 0.5238909994765365}, "3": {"AUC": NaN, "kappa": NaN, "f1": NaN, "precision": NaN, "recall": NaN, "average_precision": NaN, "Spearman_r": 0.6935767719224151, "Pearson_r": 0.7648186960095253, "R2": 0.5791335422369195, "MAE": 0.2542371445544747, "MSE": 0.12995700707408775, "poisson_deviance_explained": 0.5226393720304003}, "4": {"AUC": NaN, "kappa": NaN, "f1": NaN, "precision": NaN, "recall": NaN, "average_precision": NaN, "Spearman_r": 0.6360730836895764, "Pearson_r": 0.7482388471009053, "R2": 0.555952852169823, "MAE": 0.2203946547749441, "MSE": 0.11446574281453853, "poisson_deviance_explained": 0.5051187058974216}, "5": {"AUC": NaN, "kappa": NaN, "f1": NaN, "precision": NaN, "recall": NaN, "average_precision": NaN, "Spearman_r": 0.697004372011884, "Pearson_r": 0.7607080677893382, "R2": 0.5718344647594451, "MAE": 0.26043300370408884, "MSE": 0.13344322936692976, "poisson_deviance_explained": 0.5062593802065791}, "6": {"AUC": NaN, "kappa": NaN, "f1": NaN, "precision": NaN, "recall": NaN, "average_precision": NaN, "Spearman_r": 0.6865708147226492, "Pearson_r": 0.7404365512229707, "R2": 0.5400951618118658, "MAE": 0.28243094978099126, "MSE": 0.14763765774630502, "poisson_deviance_explained": 0.48194437375877297}, "7": {"AUC": NaN, "kappa": NaN, "f1": NaN, "precision": NaN, "recall": NaN, "average_precision": NaN, "Spearman_r": 0.6908620303584091, "Pearson_r": 0.750004035501719, "R2": 0.555962098176979, "MAE": 0.2716991826166194, "MSE": 0.13719485203578022, "poisson_deviance_explained": 0.48169887539924194}, "8": {"AUC": NaN, "kappa": NaN, "f1": NaN, "precision": NaN, "recall": NaN, "average_precision": NaN, "Spearman_r": 0.7021582644750122, "Pearson_r": 0.762190744466077, "R2": 0.5737760443113621, "MAE": 0.26873494980360446, "MSE": 0.13277188913452515, "poisson_deviance_explained": 0.49344233162000806}, "9": {"AUC": NaN, "kappa": NaN, "f1": NaN, "precision": NaN, "recall": NaN, "average_precision": NaN, "Spearman_r": 0.6908073745371773, "Pearson_r": 0.7508099392799483, "R2": 0.5594643996848521, "MAE": 0.26476117595116677, "MSE": 0.13100170939967587, "poisson_deviance_explained": 0.48751627634018146}, "10": {"AUC": NaN, "kappa": NaN, "f1": NaN, "precision": NaN, "recall": NaN, "average_precision": NaN, "Spearman_r": 0.6695173232035758, "Pearson_r": 0.7484142127384912, "R2": 0.5575688232430516, "MAE": 0.2401500302832826, "MSE": 0.1119138396596977, "poisson_deviance_explained": 0.4768165304578105}, "11": {"AUC": NaN, "kappa": NaN, "f1": NaN, "precision": NaN, "recall": NaN, "average_precision": NaN, "Spearman_r": 0.6111129429457092, "Pearson_r": 0.7082739705709699, "R2": 0.4994837930228203, "MAE": 0.23624028572036643, "MSE": 0.10738504553314093, "poisson_deviance_explained": 0.4270509019946075}, "12": {"AUC": NaN, "kappa": NaN, "f1": NaN, "precision": NaN, "recall": NaN, "average_precision": NaN, "Spearman_r": 0.629373763933001, "Pearson_r": 0.722334717232905, "R2": 0.5196497862395475, "MAE": 0.23490564199254152, "MSE": 0.10835673761630756, "poisson_deviance_explained": 0.45375660447806565}, "13": {"AUC": NaN, "kappa": NaN, "f1": NaN, "precision": NaN, "recall": NaN, "average_precision": NaN, "Spearman_r": 0.5942854438449245, "Pearson_r": 0.7280383516125946, "R2": 0.5262954870503787, "MAE": 0.19270381668392061, "MSE": 0.08375274284404409, "poisson_deviance_explained": 0.47086212843859965}, "14": {"AUC": NaN, "kappa": NaN, "f1": NaN, "precision": NaN, "recall": NaN, "average_precision": NaN, "Spearman_r": 0.5845059106654872, "Pearson_r": 0.7334782852743107, "R2": 0.5346931227132734, "MAE": 0.1757128024657696, "MSE": 0.07378449282129296, "poisson_deviance_explained": 0.48439230842511805}, "15": {"AUC": NaN, "kappa": NaN, "f1": NaN, "precision": NaN, "recall": NaN, "average_precision": NaN, "Spearman_r": 0.5581157985245907, "Pearson_r": 0.7122772569734255, "R2": 0.5047384303962656, "MAE": 0.16657170565802978, "MSE": 0.06983293116209542, "poisson_deviance_explained": 0.46409876373164594}, "16": {"AUC": NaN, "kappa": NaN, "f1": NaN, "precision": NaN, "recall": NaN, "average_precision": NaN, "Spearman_r": 0.5841489786274437, "Pearson_r": 0.7187421214594346, "R2": 0.514493906631881, "MAE": 0.17354134633219412, "MSE": 0.0728654377049795, "poisson_deviance_explained": 0.4672600860464039}, "17": {"AUC": NaN, "kappa": NaN, "f1": NaN, "precision": NaN, "recall": NaN, "average_precision": NaN, "Spearman_r": 0.5992101259847568, "Pearson_r": 0.7223254169038203, "R2": 0.5206014421518462, "MAE": 0.17994490673736893, "MSE": 0.07636201114990657, "poisson_deviance_explained": 0.4703597209517776}, "18": {"AUC": NaN, "kappa": NaN, "f1": NaN, "precision": NaN, "recall": NaN, "average_precision": NaN, "Spearman_r": 0.6356885414278216, "Pearson_r": 0.7398453662907307, "R2": 0.5453478067537869, "MAE": 0.18974985816997164, "MSE": 0.08132365455259481, "poisson_deviance_explained": 0.48726565275889944}, "19": {"AUC": NaN, "kappa": NaN, "f1": NaN, "precision": NaN, "recall": NaN, "average_precision": NaN, "Spearman_r": 0.6553803530088115, "Pearson_r": 0.751343866634339, "R2": 0.5601822202092679, "MAE": 0.1959080955710763, "MSE": 0.08424686224746535, "poisson_deviance_explained": 0.5074728451935072}, "20": {"AUC": NaN, "kappa": NaN, "f1": NaN, "precision": NaN, "recall": NaN, "average_precision": NaN, "Spearman_r": 0.6076341170482764, "Pearson_r": 0.7101416930199292, "R2": 0.5026979068778656, "MAE": 0.1940983837456922, "MSE": 0.0887985569854414, "poisson_deviance_explained": 0.4645058853633983}, "21": {"AUC": NaN, "kappa": NaN, "f1": NaN, "precision": NaN, "recall": NaN, "average_precision": NaN, "Spearman_r": 0.6315424426999381, "Pearson_r": 0.7239374505869972, "R2": 0.5220774245926889, "MAE": 0.20904207198438857, "MSE": 0.09500642902146221, "poisson_deviance_explained": 0.4667714440217894}, "22": {"AUC": NaN, "kappa": NaN, "f1": NaN, "precision": NaN, "recall": NaN, "average_precision": NaN, "Spearman_r": 0.6525546204376547, "Pearson_r": 0.7360289165098205, "R2": 0.5393374994178914, "MAE": 0.21600345858579256, "MSE": 0.10213734971499165, "poisson_deviance_explained": 0.4921629070377973}, "23": {"AUC": NaN, "kappa": NaN, "f1": NaN, "precision": NaN, "recall": NaN, "average_precision": NaN, "Spearman_r": 0.6654055000924813, "Pearson_r": 0.7518400253462846, "R2": 0.5614692121775708, "MAE": 0.23036613828149516, "MSE": 0.10956630123955931, "poisson_deviance_explained": 0.497534293777566}, "24": {"AUC": NaN, "kappa": NaN, "f1": NaN, "precision": NaN, "recall": NaN, "average_precision": NaN, "Spearman_r": 0.6797083318391888, "Pearson_r": 0.7529305730290161, "R2": 0.5613417889764658, "MAE": 0.2494369150781396, "MSE": 0.1250262355548494, "poisson_deviance_explained": 0.5001712868563941}, "25": {"AUC": NaN, "kappa": NaN, "f1": NaN, "precision": NaN, "recall": NaN, "average_precision": NaN, "Spearman_r": 0.6869810585671706, "Pearson_r": 0.7637416462450441, "R2": 0.5795395604108297, "MAE": 0.2469330227821327, "MSE": 0.12228352246410727, "poisson_deviance_explained": 0.5092938066854509}, "26": {"AUC": NaN, "kappa": NaN, "f1": NaN, "precision": NaN, "recall": NaN, "average_precision": NaN, "Spearman_r": 0.6827952108507821, "Pearson_r": 0.7515044565026445, "R2": 0.55971142711906, "MAE": 0.26158891623761227, "MSE": 0.1314889674569994, "poisson_deviance_explained": 0.48938615880714653}, "27": {"AUC": NaN, "kappa": NaN, "f1": NaN, "precision": NaN, "recall": NaN, "average_precision": NaN, "Spearman_r": 0.6738211164317394,