{"1": {"AUC": NaN, "kappa": NaN, "f1": NaN, "precision": NaN, "recall": NaN, "average_precision": NaN, "Spearman_r": 0.6072685418904735, "Pearson_r": 0.710513563078641, "R2": 0.4919673728251175, "MAE": 0.24787531808610025, "MSE": 0.1225359712148804, "poisson_deviance_explained": 0.44684189092520965}, "2": {"AUC": NaN, "kappa": NaN, "f1": NaN, "precision": NaN, "recall": NaN, "average_precision": NaN, "Spearman_r": 0.6227218700498334, "Pearson_r": 0.7242631266902785, "R2": 0.5102885963090463, "MAE": 0.24211582441571633, "MSE": 0.11977619837280305, "poisson_deviance_explained": 0.4678502791850112}, "3": {"AUC": NaN, "kappa": NaN, "f1": NaN, "precision": NaN, "recall": NaN, "average_precision": NaN, "Spearman_r": 0.6271213664367218, "Pearson_r": 0.7289507044446623, "R2": 0.5162630483440521, "MAE": 0.23655553673005014, "MSE": 0.11531026464844803, "poisson_deviance_explained": 0.4741588973843859}, "4": {"AUC": NaN, "kappa": NaN, "f1": NaN, "precision": NaN, "recall": NaN, "average_precision": NaN, "Spearman_r": 0.6191315069535804, "Pearson_r": 0.7392692230480163, "R2": 0.5348126410050287, "MAE": 0.21903802178415113, "MSE": 0.10744316551593228, "poisson_deviance_explained": 0.49229914056695867}, "5": {"AUC": NaN, "kappa": NaN, "f1": NaN, "precision": NaN, "recall": NaN, "average_precision": NaN, "Spearman_r": 0.6278782152087284, "Pearson_r": 0.7339312058368807, "R2": 0.5231319869646402, "MAE": 0.23941821049210196, "MSE": 0.11955198932895697, "poisson_deviance_explained": 0.4842018964757633}, "6": {"AUC": NaN, "kappa": NaN, "f1": NaN, "precision": NaN, "recall": NaN, "average_precision": NaN, "Spearman_r": 0.6623070616196084, "Pearson_r": 0.7263176294832251, "R2": 0.507587825828675, "MAE": 0.27634239838159186, "MSE": 0.1412060814448986, "poisson_deviance_explained": 0.4676011110049684}, "7": {"AUC": NaN, "kappa": NaN, "f1": NaN, "precision": NaN, "recall": NaN, "average_precision": NaN, "Spearman_r": 0.6580375754722748, "Pearson_r": 0.7191905813499185, "R2": 0.4990414453031454, "MAE": 0.27582293475806297, "MSE": 0.13666542513902338, "poisson_deviance_explained": 0.45234517086028936}, "8": {"AUC": NaN, "kappa": NaN, "f1": NaN, "precision": NaN, "recall": NaN, "average_precision": NaN, "Spearman_r": 0.6343161979379808, "Pearson_r": 0.7238045962970947, "R2": 0.5060949094498319, "MAE": 0.23800921386831692, "MSE": 0.1132303078079815, "poisson_deviance_explained": 0.46536708066741606}, "9": {"AUC": NaN, "kappa": NaN, "f1": NaN, "precision": NaN, "recall": NaN, "average_precision": NaN, "Spearman_r": 0.6405961415104089, "Pearson_r": 0.7164880329324407, "R2": 0.5010795865322941, "MAE": 0.2528766910120665, "MSE": 0.11682201283744191, "poisson_deviance_explained": 0.44366990832819475}, "10": {"AUC": NaN, "kappa": NaN, "f1": NaN, "precision": NaN, "recall": NaN, "average_precision": NaN, "Spearman_r": 0.623001810715061, "Pearson_r": 0.7177620740694897, "R2": 0.505137699127638, "MAE": 0.231688258544632, "MSE": 0.10295911238030304, "poisson_deviance_explained": 0.4492662829853711}, "11": {"AUC": NaN, "kappa": NaN, "f1": NaN, "precision": NaN, "recall": NaN, "average_precision": NaN, "Spearman_r": 0.6196129626051725, "Pearson_r": 0.7181448416506875, "R2": 0.5072400973415657, "MAE": 0.21853825945710892, "MSE": 0.09737517594193416, "poisson_deviance_explained": 0.46005936877889386}, "12": {"AUC": NaN, "kappa": NaN, "f1": NaN, "precision": NaN, "recall": NaN, "average_precision": NaN, "Spearman_r": 0.6006944452515525, "Pearson_r": 0.7180274902092175, "R2": 0.5065286973781403, "MAE": 0.20544163096018828, "MSE": 0.08884874763303403, "poisson_deviance_explained": 0.46186576959773296}, "13": {"AUC": NaN, "kappa": NaN, "f1": NaN, "precision": NaN, "recall": NaN, "average_precision": NaN, "Spearman_r": 0.5764632833868187, "Pearson_r": 0.7120276115543118, "R2": 0.4993153201931694, "MAE": 0.18992877144792628, "MSE": 0.08158913345000059, "poisson_deviance_explained": 0.46031953684911286}, "14": {"AUC": NaN, "kappa": NaN, "f1": NaN, "precision": NaN, "recall": NaN, "average_precision": NaN, "Spearman_r": 0.5466765781774, "Pearson_r": 0.715816494751649, "R2": 0.5035643652911319, "MAE": 0.16945580704591837, "MSE": 0.07319937724987585, "poisson_deviance_explained": 0.4713682447469896}, "15": {"AUC": NaN, "kappa": NaN, "f1": NaN, "precision": NaN, "recall": NaN, "average_precision": NaN, "Spearman_r": 0.5494590974336085, "Pearson_r": 0.7385675699207334, "R2": 0.5369745764805061, "MAE": 0.1523706897631404, "MSE": 0.06319678187215559, "poisson_deviance_explained": 0.49942439582560216}, "16": {"AUC": NaN, "kappa": NaN, "f1": NaN, "precision": NaN, "recall": NaN, "average_precision": NaN, "Spearman_r": 0.5467037949949705, "Pearson_r": 0.7047828763597502, "R2": 0.4905765527762034, "MAE": 0.1628736760102229, "MSE": 0.06779444615442269, "poisson_deviance_explained": 0.46894844868149155}, "17": {"AUC": NaN, "kappa": NaN, "f1": NaN, "precision": NaN, "recall": NaN, "average_precision": NaN, "Spearman_r": 0.57702656085915, "Pearson_r": 0.7252836691830524, "R2": 0.5134285098280572, "MAE": 0.16867720174509218, "MSE": 0.07135594817162295, "poisson_deviance_explained": 0.4904592972564893}, "18": {"AUC": NaN, "kappa": NaN, "f1": NaN, "precision": NaN, "recall": NaN, "average_precision": NaN, "Spearman_r": 0.5872702086626965, "Pearson_r": 0.7130187152849303, "R2": 0.49748839349524665, "MAE": 0.1772422548028374, "MSE": 0.07264155136823638, "poisson_deviance_explained": 0.47289414583670963}, "19": {"AUC": NaN, "kappa": NaN, "f1": NaN, "precision": NaN, "recall": NaN, "average_precision": NaN, "Spearman_r": 0.6006474310362127, "Pearson_r": 0.7145725346559836, "R2": 0.5003302851246021, "MAE": 0.1956998734576776, "MSE": 0.08013765630517256, "poisson_deviance_explained": 0.4615168723397489}, "20": {"AUC": NaN, "kappa": NaN, "f1": NaN, "precision": NaN, "recall": NaN, "average_precision": NaN, "Spearman_r": 0.5955011041351035, "Pearson_r": 0.7181001547376914, "R2": 0.504019951586284, "MAE": 0.2059054171555386, "MSE": 0.09112129886269948, "poisson_deviance_explained": 0.4677189105418884}, "21": {"AUC": NaN, "kappa": NaN, "f1": NaN, "precision": NaN, "recall": NaN, "average_precision": NaN, "Spearman_r": 0.6093493666925766, "Pearson_r": 0.7301297561335837, "R2": 0.5231146436695087, "MAE": 0.20075765391029177, "MSE": 0.09033501179168299, "poisson_deviance_explained": 0.4865407415858386}, "22": {"AUC": NaN, "kappa": NaN, "f1": NaN, "precision": NaN, "recall": NaN, "average_precision": NaN, "Spearman_r": 0.6118915124113324, "Pearson_r": 0.7220866161172013, "R2": 0.5057447316305573, "MAE": 0.21730315813220344, "MSE": 0.09842243591115726, "poisson_deviance_explained": 0.46965931270939565}, "23": {"AUC": NaN, "kappa": NaN, "f1": NaN, "precision": NaN, "recall": NaN, "average_precision": NaN, "Spearman_r": 0.6241794373669293, "Pearson_r": 0.7286050094939902, "R2": 0.5143777823906498, "MAE": 0.22950019149956255, "MSE": 0.1111438299619158, "poisson_deviance_explained": 0.48110794089752484}, "24": {"AUC": NaN, "kappa": NaN, "f1": NaN, "precision": NaN, "recall": NaN, "average_precision": NaN, "Spearman_r": 0.636010072518337, "Pearson_r": 0.7144194173340481, "R2": 0.49203791105161776, "MAE": 0.2514163311024378, "MSE": 0.12419106879790613, "poisson_deviance_explained": 0.46061768467333786}, "25": {"AUC": NaN, "kappa": NaN, "f1": NaN, "precision": NaN, "recall": NaN, "average_precision": NaN, "Spearman_r": 0.6440258233228872, "Pearson_r": 0.7249815486021101, "R2": 0.5070298382033915, "MAE": 0.2591732394992164, "MSE": 0.12772460976889366, "poisson_deviance_explained": 0.46643108934276223}, "26": {"AUC": NaN, "kappa": NaN, "f1": NaN, "precision": NaN, "recall": NaN, "average_precision": NaN, "Spearman_r": 0.6502738083846191, "Pearson_r": 0.7373803368617081, "R2": 0.5281584166286295, "MAE": 0.2496658569182905, "MSE": 0.12138879151845382, "poisson_deviance_explained": 0.481829370857187}, "27": {"AUC": NaN, "kappa": NaN, "f1": NaN, "precision": NaN, "recall": NaN, "average_precision": NaN, "Spearman_r": 0.6483283306973537,