{"1": {"AUC": NaN, "kappa": NaN, "f1": NaN, "precision": NaN, "recall": NaN, "average_precision": NaN, "Spearman_r": 0.6050316048635536, "Pearson_r": 0.7012816436462741, "R2": 0.4798367071376025, "MAE": 0.24758510834844508, "MSE": 0.12440099993223457, "poisson_deviance_explained": 0.4421308434608687}, "2": {"AUC": NaN, "kappa": NaN, "f1": NaN, "precision": NaN, "recall": NaN, "average_precision": NaN, "Spearman_r": 0.6399947787537161, "Pearson_r": 0.7378976587261314, "R2": 0.5296312601269808, "MAE": 0.24050621517738452, "MSE": 0.12177588841322762, "poisson_deviance_explained": 0.4916682399961012}, "3": {"AUC": NaN, "kappa": NaN, "f1": NaN, "precision": NaN, "recall": NaN, "average_precision": NaN, "Spearman_r": 0.6319307599549003, "Pearson_r": 0.7321208682047492, "R2": 0.521743963463225, "MAE": 0.23097382438339528, "MSE": 0.11871063328656095, "poisson_deviance_explained": 0.49358507510918115}, "4": {"AUC": NaN, "kappa": NaN, "f1": NaN, "precision": NaN, "recall": NaN, "average_precision": NaN, "Spearman_r": 0.6136799824904993, "Pearson_r": 0.7425196582364404, "R2": 0.5365529123925692, "MAE": 0.21978174546207438, "MSE": 0.11041076966064943, "poisson_deviance_explained": 0.49505062017508217}, "5": {"AUC": NaN, "kappa": NaN, "f1": NaN, "precision": NaN, "recall": NaN, "average_precision": NaN, "Spearman_r": 0.6487318944134487, "Pearson_r": 0.7347262915592767, "R2": 0.5227257873871178, "MAE": 0.2611623720711925, "MSE": 0.1343200040900817, "poisson_deviance_explained": 0.48031555382848223}, "6": {"AUC": NaN, "kappa": NaN, "f1": NaN, "precision": NaN, "recall": NaN, "average_precision": NaN, "Spearman_r": 0.6405533641072263, "Pearson_r": 0.7195578805083018, "R2": 0.49883797567343846, "MAE": 0.27571356651076184, "MSE": 0.14091450504270406, "poisson_deviance_explained": 0.4543741708134438}, "7": {"AUC": NaN, "kappa": NaN, "f1": NaN, "precision": NaN, "recall": NaN, "average_precision": NaN, "Spearman_r": 0.6611784878532458, "Pearson_r": 0.7325828042348194, "R2": 0.5197684733727754, "MAE": 0.27075847611267534, "MSE": 0.13719450210439055, "poisson_deviance_explained": 0.47325346845969385}, "8": {"AUC": NaN, "kappa": NaN, "f1": NaN, "precision": NaN, "recall": NaN, "average_precision": NaN, "Spearman_r": 0.6549371890887993, "Pearson_r": 0.711799012655758, "R2": 0.49014904251046043, "MAE": 0.2883695588997052, "MSE": 0.14648893957539783, "poisson_deviance_explained": 0.4377166448650639}, "9": {"AUC": NaN, "kappa": NaN, "f1": NaN, "precision": NaN, "recall": NaN, "average_precision": NaN, "Spearman_r": 0.6541544387206706, "Pearson_r": 0.718062374229397, "R2": 0.5049909347125228, "MAE": 0.26853127043522557, "MSE": 0.13338043723133958, "poisson_deviance_explained": 0.4504445164875298}, "10": {"AUC": NaN, "kappa": NaN, "f1": NaN, "precision": NaN, "recall": NaN, "average_precision": NaN, "Spearman_r": 0.6375621003458583, "Pearson_r": 0.7220740080268178, "R2": 0.511830122784525, "MAE": 0.24726443286648922, "MSE": 0.11728477386520103, "poisson_deviance_explained": 0.45755550232621267}, "11": {"AUC": NaN, "kappa": NaN, "f1": NaN, "precision": NaN, "recall": NaN, "average_precision": NaN, "Spearman_r": 0.6093207812147835, "Pearson_r": 0.7056425421729232, "R2": 0.49168125026912657, "MAE": 0.23536497694421687, "MSE": 0.10525366078851237, "poisson_deviance_explained": 0.4359245774684978}, "12": {"AUC": NaN, "kappa": NaN, "f1": NaN, "precision": NaN, "recall": NaN, "average_precision": NaN, "Spearman_r": 0.5942215662304801, "Pearson_r": 0.7115411506475636, "R2": 0.49970936252542897, "MAE": 0.20938657746531059, "MSE": 0.09284160632753238, "poisson_deviance_explained": 0.4555528660596455}, "13": {"AUC": NaN, "kappa": NaN, "f1": NaN, "precision": NaN, "recall": NaN, "average_precision": NaN, "Spearman_r": 0.5611503656649438, "Pearson_r": 0.6989458756512408, "R2": 0.4822844156993724, "MAE": 0.18572888239112934, "MSE": 0.07962017003159756, "poisson_deviance_explained": 0.4513646046624461}, "14": {"AUC": NaN, "kappa": NaN, "f1": NaN, "precision": NaN, "recall": NaN, "average_precision": NaN, "Spearman_r": 0.5560429080249929, "Pearson_r": 0.7181669859514623, "R2": 0.5108910078391941, "MAE": 0.16956004261840454, "MSE": 0.07448296547182084, "poisson_deviance_explained": 0.48158550380597354}, "15": {"AUC": NaN, "kappa": NaN, "f1": NaN, "precision": NaN, "recall": NaN, "average_precision": NaN, "Spearman_r": 0.5480913838806263, "Pearson_r": 0.7053012960992194, "R2": 0.4906269737210065, "MAE": 0.16765266654236427, "MSE": 0.07064124398205965, "poisson_deviance_explained": 0.4584140140428693}, "16": {"AUC": NaN, "kappa": NaN, "f1": NaN, "precision": NaN, "recall": NaN, "average_precision": NaN, "Spearman_r": 0.5636291249534788, "Pearson_r": 0.7212230085376004, "R2": 0.5146957739760378, "MAE": 0.15971856342268345, "MSE": 0.06603075301989059, "poisson_deviance_explained": 0.4849635033337234}, "17": {"AUC": NaN, "kappa": NaN, "f1": NaN, "precision": NaN, "recall": NaN, "average_precision": NaN, "Spearman_r": 0.5700130094917625, "Pearson_r": 0.7222910406957896, "R2": 0.5160550394355301, "MAE": 0.16351246576481251, "MSE": 0.0673972470257769, "poisson_deviance_explained": 0.48104851393220505}, "18": {"AUC": NaN, "kappa": NaN, "f1": NaN, "precision": NaN, "recall": NaN, "average_precision": NaN, "Spearman_r": 0.5998425991267273, "Pearson_r": 0.7316588693160359, "R2": 0.5264756909963295, "MAE": 0.17179962056468973, "MSE": 0.07129251495021362, "poisson_deviance_explained": 0.5001888382170112}, "19": {"AUC": NaN, "kappa": NaN, "f1": NaN, "precision": NaN, "recall": NaN, "average_precision": NaN, "Spearman_r": 0.6163438646111445, "Pearson_r": 0.7364549740242855, "R2": 0.5337007881209808, "MAE": 0.19164471244328474, "MSE": 0.08408101074940863, "poisson_deviance_explained": 0.49990376890489296}, "20": {"AUC": NaN, "kappa": NaN, "f1": NaN, "precision": NaN, "recall": NaN, "average_precision": NaN, "Spearman_r": 0.5996999668751078, "Pearson_r": 0.7279550334751772, "R2": 0.5213376075735893, "MAE": 0.19304496638125265, "MSE": 0.08367717986032219, "poisson_deviance_explained": 0.48375639115423796}, "21": {"AUC": NaN, "kappa": NaN, "f1": NaN, "precision": NaN, "recall": NaN, "average_precision": NaN, "Spearman_r": 0.6129989506047594, "Pearson_r": 0.7209470426266624, "R2": 0.5107127154370007, "MAE": 0.2106505938962439, "MSE": 0.0958118606912974, "poisson_deviance_explained": 0.47236244347294054}, "22": {"AUC": NaN, "kappa": NaN, "f1": NaN, "precision": NaN, "recall": NaN, "average_precision": NaN, "Spearman_r": 0.617029153836353, "Pearson_r": 0.7336869835796094, "R2": 0.527329020892839, "MAE": 0.1975565234055958, "MSE": 0.08765918227610607, "poisson_deviance_explained": 0.48916522303058296}, "23": {"AUC": NaN, "kappa": NaN, "f1": NaN, "precision": NaN, "recall": NaN, "average_precision": NaN, "Spearman_r": 0.6256410218610052, "Pearson_r": 0.7312671096044363, "R2": 0.5217341684330703, "MAE": 0.2193984393628655, "MSE": 0.10352397054670592, "poisson_deviance_explained": 0.483084676432345}, "24": {"AUC": NaN, "kappa": NaN, "f1": NaN, "precision": NaN, "recall": NaN, "average_precision": NaN, "Spearman_r": 0.6417565429452307, "Pearson_r": 0.7284730062125557, "R2": 0.51542285856864, "MAE": 0.23996051790309836, "MSE": 0.11926358007182934, "poisson_deviance_explained": 0.4806341490226851}, "25": {"AUC": NaN, "kappa": NaN, "f1": NaN, "precision": NaN, "recall": NaN, "average_precision": NaN, "Spearman_r": 0.6545664068587544, "Pearson_r": 0.7355741015586812, "R2": 0.5204522652075256, "MAE": 0.26118448324915505, "MSE": 0.13010117604307572, "poisson_deviance_explained": 0.4767163793360286}, "26": {"AUC": NaN, "kappa": NaN, "f1": NaN, "precision": NaN, "recall": NaN, "average_precision": NaN, "Spearman_r": 0.6374637419709863, "Pearson_r": 0.7252947286635129, "R2": 0.5128483131042549, "MAE": 0.25419207089895207, "MSE": 0.12561629475212327, "poisson_deviance_explained": 0.4663934306948204}, "27": {"AUC": NaN, "kappa": NaN, "f1": NaN, "precision": NaN, "recall": NaN, "average_precision": NaN,