{"1": {"AUC": NaN, "kappa": NaN, "f1": NaN, "precision": NaN, "recall": NaN, "average_precision": NaN, "Spearman_r": 0.6280755775189373, "Pearson_r": 0.6888066361697447, "R2": 0.4640874481697529, "MAE": 0.2992244263752798, "MSE": 0.16289709498043303, "poisson_deviance_explained": 0.4186590870344514}, "2": {"AUC": NaN, "kappa": NaN, "f1": NaN, "precision": NaN, "recall": NaN, "average_precision": NaN, "Spearman_r": 0.6486312718965686, "Pearson_r": 0.7036665055503571, "R2": 0.48415892885097356, "MAE": 0.29179618669529367, "MSE": 0.15797949253584503, "poisson_deviance_explained": 0.4425813021973246}, "3": {"AUC": NaN, "kappa": NaN, "f1": NaN, "precision": NaN, "recall": NaN, "average_precision": NaN, "Spearman_r": 0.6598456830351639, "Pearson_r": 0.7242661060123639, "R2": 0.5123142071385423, "MAE": 0.2763956969832357, "MSE": 0.14504247586026514, "poisson_deviance_explained": 0.46755160168731613}, "4": {"AUC": NaN, "kappa": NaN, "f1": NaN, "precision": NaN, "recall": NaN, "average_precision": NaN, "Spearman_r": 0.6125881103017116, "Pearson_r": 0.7134584208452793, "R2": 0.49784040187974654, "MAE": 0.2368667354170934, "MSE": 0.12839815197845278, "poisson_deviance_explained": 0.46327797308739305}, "5": {"AUC": NaN, "kappa": NaN, "f1": NaN, "precision": NaN, "recall": NaN, "average_precision": NaN, "Spearman_r": 0.6637522896403166, "Pearson_r": 0.7225582957975808, "R2": 0.5032362310927339, "MAE": 0.30213740173001286, "MSE": 0.16344242882010007, "poisson_deviance_explained": 0.4569319988417643}, "6": {"AUC": NaN, "kappa": NaN, "f1": NaN, "precision": NaN, "recall": NaN, "average_precision": NaN, "Spearman_r": 0.6774733230303596, "Pearson_r": 0.7170770590658776, "R2": 0.49544424348150873, "MAE": 0.3167975563294221, "MSE": 0.17460331297183385, "poisson_deviance_explained": 0.4459724302517558}, "7": {"AUC": NaN, "kappa": NaN, "f1": NaN, "precision": NaN, "recall": NaN, "average_precision": NaN, "Spearman_r": 0.6727077036129376, "Pearson_r": 0.708670092841853, "R2": 0.48216339055454616, "MAE": 0.33560071584123813, "MSE": 0.18740335951918952, "poisson_deviance_explained": 0.42974458701351437}, "8": {"AUC": NaN, "kappa": NaN, "f1": NaN, "precision": NaN, "recall": NaN, "average_precision": NaN, "Spearman_r": 0.6648740336848886, "Pearson_r": 0.7027416184321806, "R2": 0.47763169462144917, "MAE": 0.3324018559594517, "MSE": 0.17989949027157004, "poisson_deviance_explained": 0.41774387420822146}, "9": {"AUC": NaN, "kappa": NaN, "f1": NaN, "precision": NaN, "recall": NaN, "average_precision": NaN, "Spearman_r": 0.6560240677823651, "Pearson_r": 0.6934289472392375, "R2": 0.4670425622033334, "MAE": 0.3221735640933271, "MSE": 0.171199982293732, "poisson_deviance_explained": 0.4068722089337353}, "10": {"AUC": NaN, "kappa": NaN, "f1": NaN, "precision": NaN, "recall": NaN, "average_precision": NaN, "Spearman_r": 0.637043493809257, "Pearson_r": 0.7011010394700672, "R2": 0.4804801195309665, "MAE": 0.2714787474024663, "MSE": 0.12883849640229594, "poisson_deviance_explained": 0.41710385721124776}, "11": {"AUC": NaN, "kappa": NaN, "f1": NaN, "precision": NaN, "recall": NaN, "average_precision": NaN, "Spearman_r": 0.5971445413523042, "Pearson_r": 0.6962953394276884, "R2": 0.47739741747165865, "MAE": 0.2501285060676395, "MSE": 0.11459760223885385, "poisson_deviance_explained": 0.41509175067229886}, "12": {"AUC": NaN, "kappa": NaN, "f1": NaN, "precision": NaN, "recall": NaN, "average_precision": NaN, "Spearman_r": 0.5867293610091978, "Pearson_r": 0.6830371184667904, "R2": 0.4605999275889967, "MAE": 0.2326640406103324, "MSE": 0.10270192503671441, "poisson_deviance_explained": 0.4077432863835089}, "13": {"AUC": NaN, "kappa": NaN, "f1": NaN, "precision": NaN, "recall": NaN, "average_precision": NaN, "Spearman_r": 0.5752580681950507, "Pearson_r": 0.7053626024634847, "R2": 0.4913734542642386, "MAE": 0.19811018649120438, "MSE": 0.08613996499192053, "poisson_deviance_explained": 0.448371011303371}, "14": {"AUC": NaN, "kappa": NaN, "f1": NaN, "precision": NaN, "recall": NaN, "average_precision": NaN, "Spearman_r": 0.5559026548488964, "Pearson_r": 0.6963151117412866, "R2": 0.4754696294604468, "MAE": 0.18701345555972884, "MSE": 0.07971156612997726, "poisson_deviance_explained": 0.4468794908326431}, "15": {"AUC": NaN, "kappa": NaN, "f1": NaN, "precision": NaN, "recall": NaN, "average_precision": NaN, "Spearman_r": 0.5388309198619887, "Pearson_r": 0.6810375622671204, "R2": 0.4588165305451499, "MAE": 0.17919034983880655, "MSE": 0.07668638329386701, "poisson_deviance_explained": 0.41579756072185736}, "16": {"AUC": NaN, "kappa": NaN, "f1": NaN, "precision": NaN, "recall": NaN, "average_precision": NaN, "Spearman_r": 0.5716520363130292, "Pearson_r": 0.7040376175869141, "R2": 0.49066426294626464, "MAE": 0.17928308466046192, "MSE": 0.07389294394472648, "poisson_deviance_explained": 0.452720926054054}, "17": {"AUC": NaN, "kappa": NaN, "f1": NaN, "precision": NaN, "recall": NaN, "average_precision": NaN, "Spearman_r": 0.592018740422463, "Pearson_r": 0.6950378969558603, "R2": 0.4786159343019658, "MAE": 0.18945094061358733, "MSE": 0.07842244408927442, "poisson_deviance_explained": 0.44438930553313083}, "18": {"AUC": NaN, "kappa": NaN, "f1": NaN, "precision": NaN, "recall": NaN, "average_precision": NaN, "Spearman_r": 0.6155178850302925, "Pearson_r": 0.7291254911192124, "R2": 0.52615502562259, "MAE": 0.18808437927905108, "MSE": 0.07847441908069998, "poisson_deviance_explained": 0.4865623276348491}, "19": {"AUC": NaN, "kappa": NaN, "f1": NaN, "precision": NaN, "recall": NaN, "average_precision": NaN, "Spearman_r": 0.6226967853133742, "Pearson_r": 0.7034152389608956, "R2": 0.4895119188998709, "MAE": 0.21344303732092135, "MSE": 0.09172303080000463, "poisson_deviance_explained": 0.44813402360357457}, "20": {"AUC": NaN, "kappa": NaN, "f1": NaN, "precision": NaN, "recall": NaN, "average_precision": NaN, "Spearman_r": 0.601532682453026, "Pearson_r": 0.6928105414124563, "R2": 0.47477146252797875, "MAE": 0.20981423123733947, "MSE": 0.09144562995800966, "poisson_deviance_explained": 0.4377290020948643}, "21": {"AUC": NaN, "kappa": NaN, "f1": NaN, "precision": NaN, "recall": NaN, "average_precision": NaN, "Spearman_r": 0.615333755301102, "Pearson_r": 0.7148713793941714, "R2": 0.5046214699039668, "MAE": 0.21205669217195225, "MSE": 0.09559139591730288, "poisson_deviance_explained": 0.4599986968048838}, "22": {"AUC": NaN, "kappa": NaN, "f1": NaN, "precision": NaN, "recall": NaN, "average_precision": NaN, "Spearman_r": 0.6198957863651093, "Pearson_r": 0.7070476653963307, "R2": 0.4911505398794117, "MAE": 0.24074109164890492, "MSE": 0.11269536083667471, "poisson_deviance_explained": 0.4412759017029827}, "23": {"AUC": NaN, "kappa": NaN, "f1": NaN, "precision": NaN, "recall": NaN, "average_precision": NaN, "Spearman_r": 0.6413059452074382, "Pearson_r": 0.7161302594417576, "R2": 0.498566290902137, "MAE": 0.25450014544532035, "MSE": 0.1265100985356971, "poisson_deviance_explained": 0.4558552285366545}, "24": {"AUC": NaN, "kappa": NaN, "f1": NaN, "precision": NaN, "recall": NaN, "average_precision": NaN, "Spearman_r": 0.6533527460869035, "Pearson_r": 0.7262816411580361, "R2": 0.510901186987258, "MAE": 0.2769886493640236, "MSE": 0.1387422157246664, "poisson_deviance_explained": 0.45347111011104}, "25": {"AUC": NaN, "kappa": NaN, "f1": NaN, "precision": NaN, "recall": NaN, "average_precision": NaN, "Spearman_r": 0.6705666474313707, "Pearson_r": 0.7150248109229947, "R2": 0.4907824503111803, "MAE": 0.3102588870481893, "MSE": 0.16184347534136348, "poisson_deviance_explained": 0.43742735713360736}, "26": {"AUC": NaN, "kappa": NaN, "f1": NaN, "precision": NaN, "recall": NaN, "average_precision": NaN, "Spearman_r": 0.6633559393126653, "Pearson_r": 0.6999515798831123, "R2": 0.4717718316868964, "MAE": 0.3233430161632985, "MSE": 0.17584846638827997, "poisson_deviance_explained": 0.41766652540882887}, "27": {"AUC": NaN, "kappa": NaN, "f1": NaN, "precision": NaN, "recall": NaN, "average_precision": NaN, "Spearman_r": 0.660459362269835,