{"1": {"AUC": NaN, "kappa": NaN, "f1": NaN, "precision": NaN, "recall": NaN, "average_precision": NaN, "Spearman_r": 0.6318992286564473, "Pearson_r": 0.7101028119617762, "R2": 0.488464552742222, "MAE": 0.2706480696366556, "MSE": 0.14714995210026416, "poisson_deviance_explained": 0.45623482645618285}, "2": {"AUC": NaN, "kappa": NaN, "f1": NaN, "precision": NaN, "recall": NaN, "average_precision": NaN, "Spearman_r": 0.6315732625945617, "Pearson_r": 0.7293723135296201, "R2": 0.5140289617444456, "MAE": 0.2559944240620114, "MSE": 0.12958110850539387, "poisson_deviance_explained": 0.46360553690797635}, "3": {"AUC": NaN, "kappa": NaN, "f1": NaN, "precision": NaN, "recall": NaN, "average_precision": NaN, "Spearman_r": 0.667607374871105, "Pearson_r": 0.7418469201459845, "R2": 0.5335925324058597, "MAE": 0.26509484361004765, "MSE": 0.13788675469745829, "poisson_deviance_explained": 0.48518678136337534}, "4": {"AUC": NaN, "kappa": NaN, "f1": NaN, "precision": NaN, "recall": NaN, "average_precision": NaN, "Spearman_r": 0.6081314411442929, "Pearson_r": 0.7149305248226961, "R2": 0.4966699575387796, "MAE": 0.2338536037657996, "MSE": 0.11941621305253741, "poisson_deviance_explained": 0.4606197950308333}, "5": {"AUC": NaN, "kappa": NaN, "f1": NaN, "precision": NaN, "recall": NaN, "average_precision": NaN, "Spearman_r": 0.6579542230198524, "Pearson_r": 0.7164038023487741, "R2": 0.49409718749739795, "MAE": 0.2837572767931211, "MSE": 0.1512255603825936, "poisson_deviance_explained": 0.4568821242591853}, "6": {"AUC": NaN, "kappa": NaN, "f1": NaN, "precision": NaN, "recall": NaN, "average_precision": NaN, "Spearman_r": 0.6548571098922135, "Pearson_r": 0.7192890340128564, "R2": 0.4995839373791984, "MAE": 0.28167080794618216, "MSE": 0.1463121295260334, "poisson_deviance_explained": 0.45027485581410565}, "7": {"AUC": NaN, "kappa": NaN, "f1": NaN, "precision": NaN, "recall": NaN, "average_precision": NaN, "Spearman_r": 0.6599651879687966, "Pearson_r": 0.7244352796195557, "R2": 0.5074942353776323, "MAE": 0.27845063207546944, "MSE": 0.14359580022417204, "poisson_deviance_explained": 0.46071505535846946}, "8": {"AUC": NaN, "kappa": NaN, "f1": NaN, "precision": NaN, "recall": NaN, "average_precision": NaN, "Spearman_r": 0.6575501262399525, "Pearson_r": 0.721382917808517, "R2": 0.5028636373686729, "MAE": 0.28350414946699115, "MSE": 0.14224874400442564, "poisson_deviance_explained": 0.4468898405139794}, "9": {"AUC": NaN, "kappa": NaN, "f1": NaN, "precision": NaN, "recall": NaN, "average_precision": NaN, "Spearman_r": 0.6563827962124081, "Pearson_r": 0.7122187450124065, "R2": 0.49531087996593515, "MAE": 0.289222514867692, "MSE": 0.14664142684240772, "poisson_deviance_explained": 0.43505364629704835}, "10": {"AUC": NaN, "kappa": NaN, "f1": NaN, "precision": NaN, "recall": NaN, "average_precision": NaN, "Spearman_r": 0.6498424701148484, "Pearson_r": 0.7140012862223082, "R2": 0.5004528908639014, "MAE": 0.2724569706310933, "MSE": 0.13547573652566333, "poisson_deviance_explained": 0.44251401702179016}, "11": {"AUC": NaN, "kappa": NaN, "f1": NaN, "precision": NaN, "recall": NaN, "average_precision": NaN, "Spearman_r": 0.6232508520803579, "Pearson_r": 0.712881794909679, "R2": 0.4990582192608771, "MAE": 0.2436021120860283, "MSE": 0.11368162546147369, "poisson_deviance_explained": 0.4393555161297076}, "12": {"AUC": NaN, "kappa": NaN, "f1": NaN, "precision": NaN, "recall": NaN, "average_precision": NaN, "Spearman_r": 0.5876519208660133, "Pearson_r": 0.7019941472814588, "R2": 0.4833864977817297, "MAE": 0.22901135463619407, "MSE": 0.10431908133436613, "poisson_deviance_explained": 0.4306070918769749}, "13": {"AUC": NaN, "kappa": NaN, "f1": NaN, "precision": NaN, "recall": NaN, "average_precision": NaN, "Spearman_r": 0.5754260093709284, "Pearson_r": 0.7098440867251682, "R2": 0.49550061143762614, "MAE": 0.20079337656793622, "MSE": 0.09101185606616122, "poisson_deviance_explained": 0.4573545463659652}, "14": {"AUC": NaN, "kappa": NaN, "f1": NaN, "precision": NaN, "recall": NaN, "average_precision": NaN, "Spearman_r": 0.5718126866220208, "Pearson_r": 0.7102264411151448, "R2": 0.4941781317199814, "MAE": 0.18895573683713335, "MSE": 0.08125280335153048, "poisson_deviance_explained": 0.4551865110184391}, "15": {"AUC": NaN, "kappa": NaN, "f1": NaN, "precision": NaN, "recall": NaN, "average_precision": NaN, "Spearman_r": 0.5494761880480906, "Pearson_r": 0.7139391627683616, "R2": 0.5017290032676002, "MAE": 0.16395520290142768, "MSE": 0.06893057655777235, "poisson_deviance_explained": 0.47165115741258035}, "16": {"AUC": NaN, "kappa": NaN, "f1": NaN, "precision": NaN, "recall": NaN, "average_precision": NaN, "Spearman_r": 0.5538838896750258, "Pearson_r": 0.6950683935556529, "R2": 0.4786926851662864, "MAE": 0.16756713069041446, "MSE": 0.07158581080914674, "poisson_deviance_explained": 0.4509601024509282}, "17": {"AUC": NaN, "kappa": NaN, "f1": NaN, "precision": NaN, "recall": NaN, "average_precision": NaN, "Spearman_r": 0.5805771284205922, "Pearson_r": 0.7216216556946913, "R2": 0.5147151704096891, "MAE": 0.16548523123609435, "MSE": 0.06673421004843685, "poisson_deviance_explained": 0.4822723160394796}, "18": {"AUC": NaN, "kappa": NaN, "f1": NaN, "precision": NaN, "recall": NaN, "average_precision": NaN, "Spearman_r": 0.596210728562414, "Pearson_r": 0.7394957429944479, "R2": 0.5402901145302157, "MAE": 0.1756858454971587, "MSE": 0.07402411462885268, "poisson_deviance_explained": 0.4982113494977226}, "19": {"AUC": NaN, "kappa": NaN, "f1": NaN, "precision": NaN, "recall": NaN, "average_precision": NaN, "Spearman_r": 0.6164665449569282, "Pearson_r": 0.7342434665899713, "R2": 0.5328496260652206, "MAE": 0.1877169019545337, "MSE": 0.07966082824431833, "poisson_deviance_explained": 0.4909139961054685}, "20": {"AUC": NaN, "kappa": NaN, "f1": NaN, "precision": NaN, "recall": NaN, "average_precision": NaN, "Spearman_r": 0.6058765953865837, "Pearson_r": 0.7395500723601124, "R2": 0.5355177487219892, "MAE": 0.1898219808233483, "MSE": 0.08204907800387193, "poisson_deviance_explained": 0.497434995000562}, "21": {"AUC": NaN, "kappa": NaN, "f1": NaN, "precision": NaN, "recall": NaN, "average_precision": NaN, "Spearman_r": 0.6050682254606159, "Pearson_r": 0.7228874563425455, "R2": 0.5156160980183542, "MAE": 0.19847517387995764, "MSE": 0.08557612301567957, "poisson_deviance_explained": 0.4739201130800711}, "22": {"AUC": NaN, "kappa": NaN, "f1": NaN, "precision": NaN, "recall": NaN, "average_precision": NaN, "Spearman_r": 0.6090266169782313, "Pearson_r": 0.724262367099029, "R2": 0.5145979691386187, "MAE": 0.2064515319150578, "MSE": 0.0944544497771681, "poisson_deviance_explained": 0.4785627899566287}, "23": {"AUC": NaN, "kappa": NaN, "f1": NaN, "precision": NaN, "recall": NaN, "average_precision": NaN, "Spearman_r": 0.6190685357996273, "Pearson_r": 0.7238989762905981, "R2": 0.5138029836941728, "MAE": 0.22549787666805057, "MSE": 0.10667024106505893, "poisson_deviance_explained": 0.47199069906819024}, "24": {"AUC": NaN, "kappa": NaN, "f1": NaN, "precision": NaN, "recall": NaN, "average_precision": NaN, "Spearman_r": 0.6368287878874946, "Pearson_r": 0.7277594184257284, "R2": 0.5151278452477859, "MAE": 0.24886999964141393, "MSE": 0.1205876488804279, "poisson_deviance_explained": 0.4670729481598287}, "25": {"AUC": NaN, "kappa": NaN, "f1": NaN, "precision": NaN, "recall": NaN, "average_precision": NaN, "Spearman_r": 0.643996820930882, "Pearson_r": 0.7239261473645554, "R2": 0.5115399923261761, "MAE": 0.2571437091202857, "MSE": 0.12950222790499832, "poisson_deviance_explained": 0.4686508364823071}, "26": {"AUC": NaN, "kappa": NaN, "f1": NaN, "precision": NaN, "recall": NaN, "average_precision": NaN, "Spearman_r": 0.637234956393127, "Pearson_r": 0.720180246801296, "R2": 0.5032510582122676, "MAE": 0.26327561375009745, "MSE": 0.13218986072840244, "poisson_deviance_explained": 0.46029565370713954}, "27": {"AUC": NaN, "kappa": NaN, "f1": NaN, "precision": NaN, "recall": NaN, "average_precision": NaN, "Spearman_r": 0.6354500057072381,