{"1": {"AUC": NaN, "kappa": NaN, "f1": NaN, "precision": NaN, "recall": NaN, "average_precision": NaN, "Spearman_r": 0.6276608012842839, "Pearson_r": 0.6756205617369672, "R2": 0.45404329576095404, "MAE": 0.3119654924839899, "MSE": 0.18026807523561528, "poisson_deviance_explained": 0.40143413135660155}, "2": {"AUC": NaN, "kappa": NaN, "f1": NaN, "precision": NaN, "recall": NaN, "average_precision": NaN, "Spearman_r": 0.6463990904737523, "Pearson_r": 0.6997884865297829, "R2": 0.4883027137044301, "MAE": 0.27915556855000223, "MSE": 0.16075665143081458, "poisson_deviance_explained": 0.44369755025651814}, "3": {"AUC": NaN, "kappa": NaN, "f1": NaN, "precision": NaN, "recall": NaN, "average_precision": NaN, "Spearman_r": 0.6717559274404635, "Pearson_r": 0.7352856427805836, "R2": 0.5362762652532165, "MAE": 0.2756212569014567, "MSE": 0.14958090789083578, "poisson_deviance_explained": 0.4767350449988961}, "4": {"AUC": NaN, "kappa": NaN, "f1": NaN, "precision": NaN, "recall": NaN, "average_precision": NaN, "Spearman_r": 0.6833964825067103, "Pearson_r": 0.739106019199135, "R2": 0.5422665929534662, "MAE": 0.271974805441424, "MSE": 0.14719173399186924, "poisson_deviance_explained": 0.48295893993594907}, "5": {"AUC": NaN, "kappa": NaN, "f1": NaN, "precision": NaN, "recall": NaN, "average_precision": NaN, "Spearman_r": 0.681264832231545, "Pearson_r": 0.7400488438225742, "R2": 0.5429665655039126, "MAE": 0.27633070471342647, "MSE": 0.14863411944895852, "poisson_deviance_explained": 0.48359950446178435}, "6": {"AUC": NaN, "kappa": NaN, "f1": NaN, "precision": NaN, "recall": NaN, "average_precision": NaN, "Spearman_r": 0.7016909503521833, "Pearson_r": 0.7466101176738488, "R2": 0.5465088269213412, "MAE": 0.28905217343798273, "MSE": 0.1518556532813834, "poisson_deviance_explained": 0.4832313417855887}, "7": {"AUC": NaN, "kappa": NaN, "f1": NaN, "precision": NaN, "recall": NaN, "average_precision": NaN, "Spearman_r": 0.67097621053312, "Pearson_r": 0.7251139053191384, "R2": 0.5204322058850658, "MAE": 0.28895652051370113, "MSE": 0.15057890983495065, "poisson_deviance_explained": 0.44935984827162057}, "8": {"AUC": NaN, "kappa": NaN, "f1": NaN, "precision": NaN, "recall": NaN, "average_precision": NaN, "Spearman_r": 0.6697156488036454, "Pearson_r": 0.7254889413629169, "R2": 0.5215550910044771, "MAE": 0.27696356736272953, "MSE": 0.13915283460616026, "poisson_deviance_explained": 0.4517383748683784}, "9": {"AUC": NaN, "kappa": NaN, "f1": NaN, "precision": NaN, "recall": NaN, "average_precision": NaN, "Spearman_r": 0.6727798280318608, "Pearson_r": 0.7184422113887012, "R2": 0.511530609533352, "MAE": 0.27397746293528463, "MSE": 0.1399138400213141, "poisson_deviance_explained": 0.4545930009720812}, "10": {"AUC": NaN, "kappa": NaN, "f1": NaN, "precision": NaN, "recall": NaN, "average_precision": NaN, "Spearman_r": 0.6615700824715369, "Pearson_r": 0.7209034472048323, "R2": 0.5169560460488836, "MAE": 0.25408712139352985, "MSE": 0.12776637397484397, "poisson_deviance_explained": 0.46742211588435834}, "11": {"AUC": NaN, "kappa": NaN, "f1": NaN, "precision": NaN, "recall": NaN, "average_precision": NaN, "Spearman_r": 0.6058332336762585, "Pearson_r": 0.6845612370205448, "R2": 0.4674024779037834, "MAE": 0.24302357672886485, "MSE": 0.11416742598090396, "poisson_deviance_explained": 0.4091569438759819}, "12": {"AUC": NaN, "kappa": NaN, "f1": NaN, "precision": NaN, "recall": NaN, "average_precision": NaN, "Spearman_r": 0.6081854309149619, "Pearson_r": 0.7024353605135294, "R2": 0.4920056314869454, "MAE": 0.22609028659647235, "MSE": 0.10792728339022607, "poisson_deviance_explained": 0.44729929602815677}, "13": {"AUC": NaN, "kappa": NaN, "f1": NaN, "precision": NaN, "recall": NaN, "average_precision": NaN, "Spearman_r": 0.547255512074041, "Pearson_r": 0.6769114208434238, "R2": 0.45714988448965177, "MAE": 0.18929112684003127, "MSE": 0.0848122429344924, "poisson_deviance_explained": 0.4318441239647819}, "14": {"AUC": NaN, "kappa": NaN, "f1": NaN, "precision": NaN, "recall": NaN, "average_precision": NaN, "Spearman_r": 0.5298669432683549, "Pearson_r": 0.6996470410314378, "R2": 0.48609802390498824, "MAE": 0.16223537459954487, "MSE": 0.07098139897783233, "poisson_deviance_explained": 0.4568636709185184}, "15": {"AUC": NaN, "kappa": NaN, "f1": NaN, "precision": NaN, "recall": NaN, "average_precision": NaN, "Spearman_r": 0.5181744793256178, "Pearson_r": 0.666227004219749, "R2": 0.44155282697743614, "MAE": 0.1740943709342699, "MSE": 0.07786286279775935, "poisson_deviance_explained": 0.4155286740372527}, "16": {"AUC": NaN, "kappa": NaN, "f1": NaN, "precision": NaN, "recall": NaN, "average_precision": NaN, "Spearman_r": 0.5797041886816371, "Pearson_r": 0.6995895250959808, "R2": 0.4883802062358248, "MAE": 0.17316461475427436, "MSE": 0.07396816365208143, "poisson_deviance_explained": 0.452618084543723}, "17": {"AUC": NaN, "kappa": NaN, "f1": NaN, "precision": NaN, "recall": NaN, "average_precision": NaN, "Spearman_r": 0.5465857277780013, "Pearson_r": 0.6788882161317348, "R2": 0.4554635246901614, "MAE": 0.17656039535454165, "MSE": 0.07751722292150094, "poisson_deviance_explained": 0.4114286332704319}, "18": {"AUC": NaN, "kappa": NaN, "f1": NaN, "precision": NaN, "recall": NaN, "average_precision": NaN, "Spearman_r": 0.6122651715375171, "Pearson_r": 0.7116412921736951, "R2": 0.5052752743735165, "MAE": 0.1892771946882569, "MSE": 0.08249922882945991, "poisson_deviance_explained": 0.4592552202997954}, "19": {"AUC": NaN, "kappa": NaN, "f1": NaN, "precision": NaN, "recall": NaN, "average_precision": NaN, "Spearman_r": 0.6082301110874205, "Pearson_r": 0.6832357859694616, "R2": 0.4655700439778533, "MAE": 0.2142542387713006, "MSE": 0.0983313327318196, "poisson_deviance_explained": 0.4277915000216569}, "20": {"AUC": NaN, "kappa": NaN, "f1": NaN, "precision": NaN, "recall": NaN, "average_precision": NaN, "Spearman_r": 0.5808818764553575, "Pearson_r": 0.6613495741666513, "R2": 0.4366341607781259, "MAE": 0.22231116933692893, "MSE": 0.10507000378897548, "poisson_deviance_explained": 0.4055352283200717}, "21": {"AUC": NaN, "kappa": NaN, "f1": NaN, "precision": NaN, "recall": NaN, "average_precision": NaN, "Spearman_r": 0.6242166702752291, "Pearson_r": 0.7142761123954304, "R2": 0.5082939626592027, "MAE": 0.21663989846818196, "MSE": 0.10464085205776484, "poisson_deviance_explained": 0.4632453733183498}, "22": {"AUC": NaN, "kappa": NaN, "f1": NaN, "precision": NaN, "recall": NaN, "average_precision": NaN, "Spearman_r": 0.6218938370521322, "Pearson_r": 0.7045279695940379, "R2": 0.49466102785641164, "MAE": 0.21579215579420372, "MSE": 0.10331578419062626, "poisson_deviance_explained": 0.45307309840540966}, "23": {"AUC": NaN, "kappa": NaN, "f1": NaN, "precision": NaN, "recall": NaN, "average_precision": NaN, "Spearman_r": 0.6315358481028781, "Pearson_r": 0.7126346336023142, "R2": 0.5023572740424458, "MAE": 0.25036984991736955, "MSE": 0.12532816410310552, "poisson_deviance_explained": 0.4493448816200989}, "24": {"AUC": NaN, "kappa": NaN, "f1": NaN, "precision": NaN, "recall": NaN, "average_precision": NaN, "Spearman_r": 0.6644599977983708, "Pearson_r": 0.7315632794580585, "R2": 0.52951767683619, "MAE": 0.2606495637398285, "MSE": 0.13777440412460298, "poisson_deviance_explained": 0.46612891822375135}, "25": {"AUC": NaN, "kappa": NaN, "f1": NaN, "precision": NaN, "recall": NaN, "average_precision": NaN, "Spearman_r": 0.6664304410462301, "Pearson_r": 0.7173913344581399, "R2": 0.5103954972340417, "MAE": 0.2846107707983528, "MSE": 0.15132419252482338, "poisson_deviance_explained": 0.45066899512657344}, "26": {"AUC": NaN, "kappa": NaN, "f1": NaN, "precision": NaN, "recall": NaN, "average_precision": NaN, "Spearman_r": 0.6875736321844728, "Pearson_r": 0.7370771014409923, "R2": 0.5378189942568845, "MAE": 0.27741090418832737, "MSE": 0.14643052307829604, "poisson_deviance_explained": 0.48550707509459834}, "27": {"AUC": NaN, "kappa": NaN, "f1": NaN, "precision": NaN, "recall": NaN, "average_precision": NaN, "Spearman_r": 0.6916145967473601,