{"1": {"AUC": NaN, "kappa": NaN, "f1": NaN, "precision": NaN, "recall": NaN, "average_precision": NaN, "Spearman_r": 0.6473452944863693, "Pearson_r": 0.7200576207170608, "R2": 0.5110738933899479, "MAE": 0.2713355280447045, "MSE": 0.14856304392047912, "poisson_deviance_explained": 0.4634578255191637}, "2": {"AUC": NaN, "kappa": NaN, "f1": NaN, "precision": NaN, "recall": NaN, "average_precision": NaN, "Spearman_r": 0.6691669333135983, "Pearson_r": 0.732454727056081, "R2": 0.5314043773389894, "MAE": 0.27027860567619927, "MSE": 0.14521486915143014, "poisson_deviance_explained": 0.484100967620554}, "3": {"AUC": NaN, "kappa": NaN, "f1": NaN, "precision": NaN, "recall": NaN, "average_precision": NaN, "Spearman_r": 0.6722012576305244, "Pearson_r": 0.750510796420935, "R2": 0.5578574452129657, "MAE": 0.24478984055675118, "MSE": 0.1294503814883503, "poisson_deviance_explained": 0.5144576556562193}, "4": {"AUC": NaN, "kappa": NaN, "f1": NaN, "precision": NaN, "recall": NaN, "average_precision": NaN, "Spearman_r": 0.6234669572828049, "Pearson_r": 0.7498676775371447, "R2": 0.5589101937460871, "MAE": 0.20206953487194518, "MSE": 0.10612718254506513, "poisson_deviance_explained": 0.5214430725841593}, "5": {"AUC": NaN, "kappa": NaN, "f1": NaN, "precision": NaN, "recall": NaN, "average_precision": NaN, "Spearman_r": 0.6990223725453164, "Pearson_r": 0.7771159464100587, "R2": 0.5925877874963154, "MAE": 0.25145325391948803, "MSE": 0.129150483945916, "poisson_deviance_explained": 0.5355845654368474}, "6": {"AUC": NaN, "kappa": NaN, "f1": NaN, "precision": NaN, "recall": NaN, "average_precision": NaN, "Spearman_r": 0.6926247401122688, "Pearson_r": 0.7413955131316539, "R2": 0.5406380654072473, "MAE": 0.2942187308520553, "MSE": 0.15866751462927522, "poisson_deviance_explained": 0.47581258645940205}, "7": {"AUC": NaN, "kappa": NaN, "f1": NaN, "precision": NaN, "recall": NaN, "average_precision": NaN, "Spearman_r": 0.6986504778821206, "Pearson_r": 0.7372823617005962, "R2": 0.5376070011871579, "MAE": 0.30295961416496303, "MSE": 0.16672568131891516, "poisson_deviance_explained": 0.47460478766634817}, "8": {"AUC": NaN, "kappa": NaN, "f1": NaN, "precision": NaN, "recall": NaN, "average_precision": NaN, "Spearman_r": 0.6893051026818358, "Pearson_r": 0.7229272388688245, "R2": 0.5136102413750918, "MAE": 0.30301054826217816, "MSE": 0.1620370136399188, "poisson_deviance_explained": 0.44961600817819003}, "9": {"AUC": NaN, "kappa": NaN, "f1": NaN, "precision": NaN, "recall": NaN, "average_precision": NaN, "Spearman_r": 0.6663055729216989, "Pearson_r": 0.7198962892220493, "R2": 0.5134037574627571, "MAE": 0.2777777668553708, "MSE": 0.13702626061379924, "poisson_deviance_explained": 0.43946117176496813}, "10": {"AUC": NaN, "kappa": NaN, "f1": NaN, "precision": NaN, "recall": NaN, "average_precision": NaN, "Spearman_r": 0.6553016443378045, "Pearson_r": 0.7265169211872399, "R2": 0.524029716181611, "MAE": 0.24972235481245283, "MSE": 0.11470203740648939, "poisson_deviance_explained": 0.4477269267126053}, "11": {"AUC": NaN, "kappa": NaN, "f1": NaN, "precision": NaN, "recall": NaN, "average_precision": NaN, "Spearman_r": 0.625854333308233, "Pearson_r": 0.6965051083437482, "R2": 0.48358377003755015, "MAE": 0.25077382909704765, "MSE": 0.1181393268922467, "poisson_deviance_explained": 0.42039490535316326}, "12": {"AUC": NaN, "kappa": NaN, "f1": NaN, "precision": NaN, "recall": NaN, "average_precision": NaN, "Spearman_r": 0.6104981244163135, "Pearson_r": 0.6991101059387269, "R2": 0.4870167923381291, "MAE": 0.23236206541371351, "MSE": 0.10776234529666372, "poisson_deviance_explained": 0.4316533677263069}, "13": {"AUC": NaN, "kappa": NaN, "f1": NaN, "precision": NaN, "recall": NaN, "average_precision": NaN, "Spearman_r": 0.580718141696061, "Pearson_r": 0.7064117481729966, "R2": 0.49732945904903003, "MAE": 0.20527554628515846, "MSE": 0.09333403820783145, "poisson_deviance_explained": 0.4451865750010452}, "14": {"AUC": NaN, "kappa": NaN, "f1": NaN, "precision": NaN, "recall": NaN, "average_precision": NaN, "Spearman_r": 0.5580228877357816, "Pearson_r": 0.6879266054980364, "R2": 0.4714430301980196, "MAE": 0.18464009771467665, "MSE": 0.08206011591304434, "poisson_deviance_explained": 0.437999662556405}, "15": {"AUC": NaN, "kappa": NaN, "f1": NaN, "precision": NaN, "recall": NaN, "average_precision": NaN, "Spearman_r": 0.5350384549690121, "Pearson_r": 0.6939038408853515, "R2": 0.48052182700189083, "MAE": 0.17095185284931547, "MSE": 0.07465144959186296, "poisson_deviance_explained": 0.4448560282010855}, "16": {"AUC": NaN, "kappa": NaN, "f1": NaN, "precision": NaN, "recall": NaN, "average_precision": NaN, "Spearman_r": 0.5749129076815405, "Pearson_r": 0.7023049682528854, "R2": 0.492657641758407, "MAE": 0.17949222803758305, "MSE": 0.07999981349549765, "poisson_deviance_explained": 0.45082122870790386}, "17": {"AUC": NaN, "kappa": NaN, "f1": NaN, "precision": NaN, "recall": NaN, "average_precision": NaN, "Spearman_r": 0.5917707865727292, "Pearson_r": 0.7054842742459636, "R2": 0.4964018991213327, "MAE": 0.17200394147624676, "MSE": 0.07128221428623134, "poisson_deviance_explained": 0.4618272015478564}, "18": {"AUC": NaN, "kappa": NaN, "f1": NaN, "precision": NaN, "recall": NaN, "average_precision": NaN, "Spearman_r": 0.6220913560442308, "Pearson_r": 0.7199875951573876, "R2": 0.5167236784552751, "MAE": 0.20112152484034607, "MSE": 0.08890797185110078, "poisson_deviance_explained": 0.45974893217318047}, "19": {"AUC": NaN, "kappa": NaN, "f1": NaN, "precision": NaN, "recall": NaN, "average_precision": NaN, "Spearman_r": 0.5950358169046138, "Pearson_r": 0.700001502934988, "R2": 0.4884791957619111, "MAE": 0.19493415953528898, "MSE": 0.08271943887830988, "poisson_deviance_explained": 0.44561282515732115}, "20": {"AUC": NaN, "kappa": NaN, "f1": NaN, "precision": NaN, "recall": NaN, "average_precision": NaN, "Spearman_r": 0.6224162690606481, "Pearson_r": 0.7163115505724121, "R2": 0.5116231963537421, "MAE": 0.20718505605053794, "MSE": 0.09512596728367614, "poisson_deviance_explained": 0.4686310990390532}, "21": {"AUC": NaN, "kappa": NaN, "f1": NaN, "precision": NaN, "recall": NaN, "average_precision": NaN, "Spearman_r": 0.6272177873335499, "Pearson_r": 0.7211619241726291, "R2": 0.5179121528206068, "MAE": 0.21087198241184926, "MSE": 0.09626527367727586, "poisson_deviance_explained": 0.4682833314963337}, "22": {"AUC": NaN, "kappa": NaN, "f1": NaN, "precision": NaN, "recall": NaN, "average_precision": NaN, "Spearman_r": 0.6418451864732714, "Pearson_r": 0.7342454958653156, "R2": 0.5362683118969063, "MAE": 0.22569023031045493, "MSE": 0.10835674452820537, "poisson_deviance_explained": 0.47904564373696534}, "23": {"AUC": NaN, "kappa": NaN, "f1": NaN, "precision": NaN, "recall": NaN, "average_precision": NaN, "Spearman_r": 0.6385238900481968, "Pearson_r": 0.7199796940526619, "R2": 0.5152712090925775, "MAE": 0.23955692844645485, "MSE": 0.11751724577552398, "poisson_deviance_explained": 0.4554706475753919}, "24": {"AUC": NaN, "kappa": NaN, "f1": NaN, "precision": NaN, "recall": NaN, "average_precision": NaN, "Spearman_r": 0.6788892180666292, "Pearson_r": 0.7621036246060959, "R2": 0.5761607529325006, "MAE": 0.22973722393582768, "MSE": 0.11097119441449138, "poisson_deviance_explained": 0.5153137281904958}, "25": {"AUC": NaN, "kappa": NaN, "f1": NaN, "precision": NaN, "recall": NaN, "average_precision": NaN, "Spearman_r": 0.6838279443670048, "Pearson_r": 0.7383580281060753, "R2": 0.5408945838438133, "MAE": 0.2645209183192823, "MSE": 0.13522013375516437, "poisson_deviance_explained": 0.47096486012841265}, "26": {"AUC": NaN, "kappa": NaN, "f1": NaN, "precision": NaN, "recall": NaN, "average_precision": NaN, "Spearman_r": 0.6864964824940849, "Pearson_r": 0.7558799887521498, "R2": 0.5666029903437975, "MAE": 0.258844750805786, "MSE": 0.1309337700690702, "poisson_deviance_explained": 0.4919818472120773}, "27": {"AUC": NaN, "kappa": NaN, "f1": NaN, "precision": NaN, "recall": NaN, "average_precision": NaN, "Spearman_r": 0.6919246204679935,