{"1": {"AUC": NaN, "kappa": NaN, "f1": NaN, "precision": NaN, "recall": NaN, "average_precision": NaN, "Spearman_r": 0.6245373831080984, "Pearson_r": 0.6805047066995698, "R2": 0.4515286566127358, "MAE": 0.30570780800376146, "MSE": 0.16555087528462467, "poisson_deviance_explained": 0.40413918136247207}, "2": {"AUC": NaN, "kappa": NaN, "f1": NaN, "precision": NaN, "recall": NaN, "average_precision": NaN, "Spearman_r": 0.6322636432906942, "Pearson_r": 0.6975413060193092, "R2": 0.4754695053753052, "MAE": 0.28037889285288703, "MSE": 0.15153704333350462, "poisson_deviance_explained": 0.4347247901081399}, "3": {"AUC": NaN, "kappa": NaN, "f1": NaN, "precision": NaN, "recall": NaN, "average_precision": NaN, "Spearman_r": 0.6432129975529598, "Pearson_r": 0.7133635222107791, "R2": 0.4980998182025381, "MAE": 0.27757240232725966, "MSE": 0.1497377300839677, "poisson_deviance_explained": 0.4496352968386612}, "4": {"AUC": NaN, "kappa": NaN, "f1": NaN, "precision": NaN, "recall": NaN, "average_precision": NaN, "Spearman_r": 0.6019267860813566, "Pearson_r": 0.7100385140932969, "R2": 0.49311736119812166, "MAE": 0.2266818047596215, "MSE": 0.11835096169650412, "poisson_deviance_explained": 0.46396758790492365}, "5": {"AUC": NaN, "kappa": NaN, "f1": NaN, "precision": NaN, "recall": NaN, "average_precision": NaN, "Spearman_r": 0.6505867966586328, "Pearson_r": 0.7246991547630436, "R2": 0.5075466567939233, "MAE": 0.2841872526204684, "MSE": 0.14997273510427483, "poisson_deviance_explained": 0.46038148402453194}, "6": {"AUC": NaN, "kappa": NaN, "f1": NaN, "precision": NaN, "recall": NaN, "average_precision": NaN, "Spearman_r": 0.6805891831282422, "Pearson_r": 0.7281546721769053, "R2": 0.5087315718918018, "MAE": 0.31687726971714175, "MSE": 0.17717718242356323, "poisson_deviance_explained": 0.46448101993777147}, "7": {"AUC": NaN, "kappa": NaN, "f1": NaN, "precision": NaN, "recall": NaN, "average_precision": NaN, "Spearman_r": 0.6775608056198379, "Pearson_r": 0.7179291482570216, "R2": 0.4998435871096958, "MAE": 0.32548779257565263, "MSE": 0.1794616978141288, "poisson_deviance_explained": 0.445408400692724}, "8": {"AUC": NaN, "kappa": NaN, "f1": NaN, "precision": NaN, "recall": NaN, "average_precision": NaN, "Spearman_r": 0.6791822250432861, "Pearson_r": 0.7313655527432154, "R2": 0.5191814725189582, "MAE": 0.3019629917210225, "MSE": 0.15700483673266946, "poisson_deviance_explained": 0.4624284126312954}, "9": {"AUC": NaN, "kappa": NaN, "f1": NaN, "precision": NaN, "recall": NaN, "average_precision": NaN, "Spearman_r": 0.6589959793225271, "Pearson_r": 0.7020044775587456, "R2": 0.47692469538395155, "MAE": 0.311306682485175, "MSE": 0.16559691652256847, "poisson_deviance_explained": 0.4229876159005115}, "10": {"AUC": NaN, "kappa": NaN, "f1": NaN, "precision": NaN, "recall": NaN, "average_precision": NaN, "Spearman_r": 0.6164313380784038, "Pearson_r": 0.6753310220114166, "R2": 0.44992786035133003, "MAE": 0.2718724627632554, "MSE": 0.13098649484406896, "poisson_deviance_explained": 0.39534237389629334}, "11": {"AUC": NaN, "kappa": NaN, "f1": NaN, "precision": NaN, "recall": NaN, "average_precision": NaN, "Spearman_r": 0.5990387205245421, "Pearson_r": 0.6722280653022857, "R2": 0.44163637188193616, "MAE": 0.269115721598486, "MSE": 0.12734533553866784, "poisson_deviance_explained": 0.38485503169962043}, "12": {"AUC": NaN, "kappa": NaN, "f1": NaN, "precision": NaN, "recall": NaN, "average_precision": NaN, "Spearman_r": 0.5839059654974947, "Pearson_r": 0.6635794259201341, "R2": 0.4352576008892062, "MAE": 0.24342648613632525, "MSE": 0.11009294272371366, "poisson_deviance_explained": 0.3939132254686254}, "13": {"AUC": NaN, "kappa": NaN, "f1": NaN, "precision": NaN, "recall": NaN, "average_precision": NaN, "Spearman_r": 0.5769173920451938, "Pearson_r": 0.6909306336176592, "R2": 0.4682441248482512, "MAE": 0.20830960000156945, "MSE": 0.09341573386916072, "poisson_deviance_explained": 0.4333109947610141}, "14": {"AUC": NaN, "kappa": NaN, "f1": NaN, "precision": NaN, "recall": NaN, "average_precision": NaN, "Spearman_r": 0.5397769655771654, "Pearson_r": 0.6675091293347714, "R2": 0.44043386394494355, "MAE": 0.18800186893391757, "MSE": 0.08495999668264935, "poisson_deviance_explained": 0.41931630021529676}, "15": {"AUC": NaN, "kappa": NaN, "f1": NaN, "precision": NaN, "recall": NaN, "average_precision": NaN, "Spearman_r": 0.5511145356572384, "Pearson_r": 0.7013798273454332, "R2": 0.486420774379664, "MAE": 0.178298264089026, "MSE": 0.0787992438469798, "poisson_deviance_explained": 0.44968734032645175}, "16": {"AUC": NaN, "kappa": NaN, "f1": NaN, "precision": NaN, "recall": NaN, "average_precision": NaN, "Spearman_r": 0.5457203106017242, "Pearson_r": 0.683746490963773, "R2": 0.4636303846163816, "MAE": 0.18620336584353703, "MSE": 0.079538153245696, "poisson_deviance_explained": 0.42340044563521506}, "17": {"AUC": NaN, "kappa": NaN, "f1": NaN, "precision": NaN, "recall": NaN, "average_precision": NaN, "Spearman_r": 0.5729888630018525, "Pearson_r": 0.7076122498922305, "R2": 0.4968284309589236, "MAE": 0.17749304994427226, "MSE": 0.07292345730849634, "poisson_deviance_explained": 0.45002367996162207}, "18": {"AUC": NaN, "kappa": NaN, "f1": NaN, "precision": NaN, "recall": NaN, "average_precision": NaN, "Spearman_r": 0.6053957097987525, "Pearson_r": 0.6960773171056457, "R2": 0.48075631158410936, "MAE": 0.19592193263148647, "MSE": 0.08493725058297964, "poisson_deviance_explained": 0.4525213939482855}, "19": {"AUC": NaN, "kappa": NaN, "f1": NaN, "precision": NaN, "recall": NaN, "average_precision": NaN, "Spearman_r": 0.6313830142555025, "Pearson_r": 0.7129530528718865, "R2": 0.502481288467687, "MAE": 0.21499870188163725, "MSE": 0.09304343425204434, "poisson_deviance_explained": 0.4608470513008943}, "20": {"AUC": NaN, "kappa": NaN, "f1": NaN, "precision": NaN, "recall": NaN, "average_precision": NaN, "Spearman_r": 0.6119295788021538, "Pearson_r": 0.6983047343954714, "R2": 0.48002663551732594, "MAE": 0.22098655203080253, "MSE": 0.09913436070903742, "poisson_deviance_explained": 0.44236796913408283}, "21": {"AUC": NaN, "kappa": NaN, "f1": NaN, "precision": NaN, "recall": NaN, "average_precision": NaN, "Spearman_r": 0.5940898249408362, "Pearson_r": 0.679671580102704, "R2": 0.4535134933994429, "MAE": 0.24071084002091062, "MSE": 0.11116087571413971, "poisson_deviance_explained": 0.4070986073948595}, "22": {"AUC": NaN, "kappa": NaN, "f1": NaN, "precision": NaN, "recall": NaN, "average_precision": NaN, "Spearman_r": 0.6043921992288436, "Pearson_r": 0.6816404149938462, "R2": 0.45405817909024393, "MAE": 0.23299278162054268, "MSE": 0.10598484445685964, "poisson_deviance_explained": 0.4110823080399645}, "23": {"AUC": NaN, "kappa": NaN, "f1": NaN, "precision": NaN, "recall": NaN, "average_precision": NaN, "Spearman_r": 0.624374850809043, "Pearson_r": 0.6890629650491684, "R2": 0.46178522593850946, "MAE": 0.2603012754864437, "MSE": 0.12928157842339075, "poisson_deviance_explained": 0.4172720221513889}, "24": {"AUC": NaN, "kappa": NaN, "f1": NaN, "precision": NaN, "recall": NaN, "average_precision": NaN, "Spearman_r": 0.672762210004752, "Pearson_r": 0.7188058962301117, "R2": 0.5016318585138799, "MAE": 0.2908276289328811, "MSE": 0.15207795386009157, "poisson_deviance_explained": 0.45606984415905105}, "25": {"AUC": NaN, "kappa": NaN, "f1": NaN, "precision": NaN, "recall": NaN, "average_precision": NaN, "Spearman_r": 0.67652515445047, "Pearson_r": 0.715916909184087, "R2": 0.49791395609021727, "MAE": 0.3028860357365524, "MSE": 0.16229716393350915, "poisson_deviance_explained": 0.45034195681479916}, "26": {"AUC": NaN, "kappa": NaN, "f1": NaN, "precision": NaN, "recall": NaN, "average_precision": NaN, "Spearman_r": 0.6463962302403606, "Pearson_r": 0.6819397434731219, "R2": 0.457135018944984, "MAE": 0.31362650774817113, "MSE": 0.17544070536073206, "poisson_deviance_explained": 0.4221946944493842}, "27": {"AUC": NaN, "kappa": NaN, "f1": NaN, "precision": NaN, "recall": NaN, "average_precision": NaN, "Spearman_r": 0.6497313865610753,