{"1": {"AUC": NaN, "kappa": NaN, "f1": NaN, "precision": NaN, "recall": NaN, "average_precision": NaN, "Spearman_r": 0.6299581929943364, "Pearson_r": 0.6946338230822948, "R2": 0.46938924373943636, "MAE": 0.286152245382378, "MSE": 0.14844691341145888, "poisson_deviance_explained": 0.4218098918659122}, "2": {"AUC": NaN, "kappa": NaN, "f1": NaN, "precision": NaN, "recall": NaN, "average_precision": NaN, "Spearman_r": 0.6517576861732283, "Pearson_r": 0.7285920454117784, "R2": 0.5145913500655088, "MAE": 0.2771655235750838, "MSE": 0.1431558920806986, "poisson_deviance_explained": 0.4621226614354159}, "3": {"AUC": NaN, "kappa": NaN, "f1": NaN, "precision": NaN, "recall": NaN, "average_precision": NaN, "Spearman_r": 0.6609367890229279, "Pearson_r": 0.7283292898345505, "R2": 0.5167397694339104, "MAE": 0.2804278231884558, "MSE": 0.14663761588511395, "poisson_deviance_explained": 0.46483289351676016}, "4": {"AUC": NaN, "kappa": NaN, "f1": NaN, "precision": NaN, "recall": NaN, "average_precision": NaN, "Spearman_r": 0.5902484542155231, "Pearson_r": 0.7139088243908542, "R2": 0.4997247800328588, "MAE": 0.22051530910968986, "MSE": 0.11129550175266933, "poisson_deviance_explained": 0.45583125430412086}, "5": {"AUC": NaN, "kappa": NaN, "f1": NaN, "precision": NaN, "recall": NaN, "average_precision": NaN, "Spearman_r": 0.6639388685147312, "Pearson_r": 0.7336699247605993, "R2": 0.5248955109654767, "MAE": 0.27116455025859487, "MSE": 0.1389061209141257, "poisson_deviance_explained": 0.4745997575018682}, "6": {"AUC": NaN, "kappa": NaN, "f1": NaN, "precision": NaN, "recall": NaN, "average_precision": NaN, "Spearman_r": 0.6620455076423664, "Pearson_r": 0.710166317767904, "R2": 0.48981484827996247, "MAE": 0.307381210732226, "MSE": 0.16132725970433887, "poisson_deviance_explained": 0.4346031112586495}, "7": {"AUC": NaN, "kappa": NaN, "f1": NaN, "precision": NaN, "recall": NaN, "average_precision": NaN, "Spearman_r": 0.6668418588257304, "Pearson_r": 0.7166543565933946, "R2": 0.49661388000364515, "MAE": 0.30758363159597196, "MSE": 0.15950889159468853, "poisson_deviance_explained": 0.43502417556138384}, "8": {"AUC": NaN, "kappa": NaN, "f1": NaN, "precision": NaN, "recall": NaN, "average_precision": NaN, "Spearman_r": 0.6710248466524678, "Pearson_r": 0.7261890435739752, "R2": 0.5119396370018586, "MAE": 0.2961373133939469, "MSE": 0.14664382014597668, "poisson_deviance_explained": 0.4447125670281057}, "9": {"AUC": NaN, "kappa": NaN, "f1": NaN, "precision": NaN, "recall": NaN, "average_precision": NaN, "Spearman_r": 0.6451616823766234, "Pearson_r": 0.7116669982460907, "R2": 0.49481437851655485, "MAE": 0.2945920470756276, "MSE": 0.14530989077493378, "poisson_deviance_explained": 0.4245542642049476}, "10": {"AUC": NaN, "kappa": NaN, "f1": NaN, "precision": NaN, "recall": NaN, "average_precision": NaN, "Spearman_r": 0.6558035047268738, "Pearson_r": 0.7247834778243178, "R2": 0.5133789305624782, "MAE": 0.26880299812377095, "MSE": 0.12297442532168644, "poisson_deviance_explained": 0.4374778529572565}, "11": {"AUC": NaN, "kappa": NaN, "f1": NaN, "precision": NaN, "recall": NaN, "average_precision": NaN, "Spearman_r": 0.6002515462364449, "Pearson_r": 0.6879267746333116, "R2": 0.46683219105414386, "MAE": 0.2535446734766026, "MSE": 0.11713005152737664, "poisson_deviance_explained": 0.4065196593469591}, "12": {"AUC": NaN, "kappa": NaN, "f1": NaN, "precision": NaN, "recall": NaN, "average_precision": NaN, "Spearman_r": 0.6115662139526862, "Pearson_r": 0.7026082059148211, "R2": 0.48611401518119923, "MAE": 0.25129184428857476, "MSE": 0.11412411188213309, "poisson_deviance_explained": 0.4235428722364707}, "13": {"AUC": NaN, "kappa": NaN, "f1": NaN, "precision": NaN, "recall": NaN, "average_precision": NaN, "Spearman_r": 0.606370033531688, "Pearson_r": 0.7147595105464064, "R2": 0.502708109501937, "MAE": 0.22120616089658146, "MSE": 0.09937696102213428, "poisson_deviance_explained": 0.4506948909078614}, "14": {"AUC": NaN, "kappa": NaN, "f1": NaN, "precision": NaN, "recall": NaN, "average_precision": NaN, "Spearman_r": 0.5669250413741213, "Pearson_r": 0.7087062023696634, "R2": 0.4962636976197802, "MAE": 0.187524929752773, "MSE": 0.08226988284738594, "poisson_deviance_explained": 0.45848013016007905}, "15": {"AUC": NaN, "kappa": NaN, "f1": NaN, "precision": NaN, "recall": NaN, "average_precision": NaN, "Spearman_r": 0.5634111493949762, "Pearson_r": 0.7185085530030384, "R2": 0.5092127515477554, "MAE": 0.17194225781561598, "MSE": 0.07129942739196429, "poisson_deviance_explained": 0.4685867685650591}, "16": {"AUC": NaN, "kappa": NaN, "f1": NaN, "precision": NaN, "recall": NaN, "average_precision": NaN, "Spearman_r": 0.5735786540837653, "Pearson_r": 0.7037465420033059, "R2": 0.4917253140429325, "MAE": 0.18733225104797122, "MSE": 0.07759955067779375, "poisson_deviance_explained": 0.44689114700495824}, "17": {"AUC": NaN, "kappa": NaN, "f1": NaN, "precision": NaN, "recall": NaN, "average_precision": NaN, "Spearman_r": 0.5873760755092796, "Pearson_r": 0.7052461138023358, "R2": 0.4923849487595653, "MAE": 0.18333458703630076, "MSE": 0.07736704918836484, "poisson_deviance_explained": 0.4606536320825978}, "18": {"AUC": NaN, "kappa": NaN, "f1": NaN, "precision": NaN, "recall": NaN, "average_precision": NaN, "Spearman_r": 0.6092167521910281, "Pearson_r": 0.7253729813321848, "R2": 0.5204989750399199, "MAE": 0.19002413543821384, "MSE": 0.08006505280320533, "poisson_deviance_explained": 0.4788443776010093}, "19": {"AUC": NaN, "kappa": NaN, "f1": NaN, "precision": NaN, "recall": NaN, "average_precision": NaN, "Spearman_r": 0.6072956952161065, "Pearson_r": 0.7057820297505303, "R2": 0.4893288356497718, "MAE": 0.21676799773819566, "MSE": 0.09324443731475252, "poisson_deviance_explained": 0.4407118470260495}, "20": {"AUC": NaN, "kappa": NaN, "f1": NaN, "precision": NaN, "recall": NaN, "average_precision": NaN, "Spearman_r": 0.6074792245018337, "Pearson_r": 0.7031196812863838, "R2": 0.48497273647696293, "MAE": 0.2174240696044679, "MSE": 0.09823894848455003, "poisson_deviance_explained": 0.44598070747281005}, "21": {"AUC": NaN, "kappa": NaN, "f1": NaN, "precision": NaN, "recall": NaN, "average_precision": NaN, "Spearman_r": 0.6135640946403306, "Pearson_r": 0.7062874231565478, "R2": 0.49020401568128547, "MAE": 0.22504105715691883, "MSE": 0.10119371114394501, "poisson_deviance_explained": 0.4425422421412798}, "22": {"AUC": NaN, "kappa": NaN, "f1": NaN, "precision": NaN, "recall": NaN, "average_precision": NaN, "Spearman_r": 0.6229922735122877, "Pearson_r": 0.7110464195084059, "R2": 0.49564594021186537, "MAE": 0.2280011328201877, "MSE": 0.10319599531455163, "poisson_deviance_explained": 0.449901077495789}, "23": {"AUC": NaN, "kappa": NaN, "f1": NaN, "precision": NaN, "recall": NaN, "average_precision": NaN, "Spearman_r": 0.6260897204515584, "Pearson_r": 0.7109942159703152, "R2": 0.4928459193770016, "MAE": 0.2492260898494939, "MSE": 0.118250902982802, "poisson_deviance_explained": 0.44489769596074047}, "24": {"AUC": NaN, "kappa": NaN, "f1": NaN, "precision": NaN, "recall": NaN, "average_precision": NaN, "Spearman_r": 0.6418730694845743, "Pearson_r": 0.7200737904141451, "R2": 0.5035521668398071, "MAE": 0.26410457955007755, "MSE": 0.1294466051447958, "poisson_deviance_explained": 0.4506143779315295}, "25": {"AUC": NaN, "kappa": NaN, "f1": NaN, "precision": NaN, "recall": NaN, "average_precision": NaN, "Spearman_r": 0.6531556554706184, "Pearson_r": 0.7275120104630581, "R2": 0.5159979088516626, "MAE": 0.2643254645850913, "MSE": 0.13161195921459273, "poisson_deviance_explained": 0.45953351786758256}, "26": {"AUC": NaN, "kappa": NaN, "f1": NaN, "precision": NaN, "recall": NaN, "average_precision": NaN, "Spearman_r": 0.6638016425003297, "Pearson_r": 0.7180882289894887, "R2": 0.5026016517935152, "MAE": 0.2844402442205842, "MSE": 0.14275113204485437, "poisson_deviance_explained": 0.45004018908263754}, "27": {"AUC": NaN, "kappa": NaN, "f1": NaN, "precision": NaN, "recall": NaN, "average_precision": NaN, "Spearman_r": 0.661365286411306,