{"1": {"AUC": NaN, "kappa": NaN, "f1": NaN, "precision": NaN, "recall": NaN, "average_precision": NaN, "Spearman_r": 0.6284929460935009, "Pearson_r": 0.6931710582829603, "R2": 0.4769203466594246, "MAE": 0.2765137526855175, "MSE": 0.1491576151873648, "poisson_deviance_explained": 0.43755369163542}, "2": {"AUC": NaN, "kappa": NaN, "f1": NaN, "precision": NaN, "recall": NaN, "average_precision": NaN, "Spearman_r": 0.668641199808082, "Pearson_r": 0.7155416153231884, "R2": 0.5097371351203908, "MAE": 0.27953464354757473, "MSE": 0.15576294473993244, "poisson_deviance_explained": 0.4669753966578082}, "3": {"AUC": NaN, "kappa": NaN, "f1": NaN, "precision": NaN, "recall": NaN, "average_precision": NaN, "Spearman_r": 0.6749727001119349, "Pearson_r": 0.7510333187736496, "R2": 0.5568112926241342, "MAE": 0.25565760695848616, "MSE": 0.13557164186356443, "poisson_deviance_explained": 0.5083527079262053}, "4": {"AUC": NaN, "kappa": NaN, "f1": NaN, "precision": NaN, "recall": NaN, "average_precision": NaN, "Spearman_r": 0.5730351518665797, "Pearson_r": 0.7288755698784802, "R2": 0.5262605535824877, "MAE": 0.18361901673946832, "MSE": 0.0934994370072869, "poisson_deviance_explained": 0.49900903999771307}, "5": {"AUC": NaN, "kappa": NaN, "f1": NaN, "precision": NaN, "recall": NaN, "average_precision": NaN, "Spearman_r": 0.6882527577073297, "Pearson_r": 0.7532728643344208, "R2": 0.5610251946007336, "MAE": 0.26717865674515173, "MSE": 0.14091218223282223, "poisson_deviance_explained": 0.5024746059296954}, "6": {"AUC": NaN, "kappa": NaN, "f1": NaN, "precision": NaN, "recall": NaN, "average_precision": NaN, "Spearman_r": 0.7009975524525833, "Pearson_r": 0.7373167069308868, "R2": 0.5353422508074795, "MAE": 0.3115224597464537, "MSE": 0.1747364140385641, "poisson_deviance_explained": 0.4759791483766612}, "7": {"AUC": NaN, "kappa": NaN, "f1": NaN, "precision": NaN, "recall": NaN, "average_precision": NaN, "Spearman_r": 0.6877382763513736, "Pearson_r": 0.7248654478571047, "R2": 0.5162923329007856, "MAE": 0.3174525165587498, "MSE": 0.17708449247098448, "poisson_deviance_explained": 0.45755763010671135}, "8": {"AUC": NaN, "kappa": NaN, "f1": NaN, "precision": NaN, "recall": NaN, "average_precision": NaN, "Spearman_r": 0.6856472144986202, "Pearson_r": 0.7220192550189373, "R2": 0.5141861255691236, "MAE": 0.30232954074433616, "MSE": 0.1597007723041034, "poisson_deviance_explained": 0.4500526337957551}, "9": {"AUC": NaN, "kappa": NaN, "f1": NaN, "precision": NaN, "recall": NaN, "average_precision": NaN, "Spearman_r": 0.6611125230501801, "Pearson_r": 0.7128264722413613, "R2": 0.5026559120734678, "MAE": 0.2824358817597816, "MSE": 0.14202567039918815, "poisson_deviance_explained": 0.4364135196681921}, "10": {"AUC": NaN, "kappa": NaN, "f1": NaN, "precision": NaN, "recall": NaN, "average_precision": NaN, "Spearman_r": 0.6683214509034956, "Pearson_r": 0.7213245413622105, "R2": 0.5166285165435562, "MAE": 0.2716773342132951, "MSE": 0.13524654788078685, "poisson_deviance_explained": 0.4525420542264923}, "11": {"AUC": NaN, "kappa": NaN, "f1": NaN, "precision": NaN, "recall": NaN, "average_precision": NaN, "Spearman_r": 0.6203516558187702, "Pearson_r": 0.703766544899683, "R2": 0.4934019050598958, "MAE": 0.258469451593045, "MSE": 0.11854210087461362, "poisson_deviance_explained": 0.41384676483373684}, "12": {"AUC": NaN, "kappa": NaN, "f1": NaN, "precision": NaN, "recall": NaN, "average_precision": NaN, "Spearman_r": 0.600747447795186, "Pearson_r": 0.6978161921052638, "R2": 0.4848430737577445, "MAE": 0.23170455554328942, "MSE": 0.10650253601362865, "poisson_deviance_explained": 0.42159207286376477}, "13": {"AUC": NaN, "kappa": NaN, "f1": NaN, "precision": NaN, "recall": NaN, "average_precision": NaN, "Spearman_r": 0.5934394742189456, "Pearson_r": 0.7091105041183786, "R2": 0.501296979514614, "MAE": 0.21037694794275258, "MSE": 0.09620021743148018, "poisson_deviance_explained": 0.4500048673669895}, "14": {"AUC": NaN, "kappa": NaN, "f1": NaN, "precision": NaN, "recall": NaN, "average_precision": NaN, "Spearman_r": 0.5397514304199043, "Pearson_r": 0.6959919702470564, "R2": 0.4830874334661388, "MAE": 0.18385494367146868, "MSE": 0.08389351281578418, "poisson_deviance_explained": 0.43330757721790625}, "15": {"AUC": NaN, "kappa": NaN, "f1": NaN, "precision": NaN, "recall": NaN, "average_precision": NaN, "Spearman_r": 0.5657601421283996, "Pearson_r": 0.7105590307671046, "R2": 0.5033356876168071, "MAE": 0.1826510968250733, "MSE": 0.08005193835895995, "poisson_deviance_explained": 0.4511805670166372}, "16": {"AUC": NaN, "kappa": NaN, "f1": NaN, "precision": NaN, "recall": NaN, "average_precision": NaN, "Spearman_r": 0.5771834209204575, "Pearson_r": 0.69830454697356, "R2": 0.4857235179206739, "MAE": 0.18369591169020422, "MSE": 0.07965252761635004, "poisson_deviance_explained": 0.44794596407256815}, "17": {"AUC": NaN, "kappa": NaN, "f1": NaN, "precision": NaN, "recall": NaN, "average_precision": NaN, "Spearman_r": 0.5905320088120299, "Pearson_r": 0.6927944029199031, "R2": 0.4789502356326327, "MAE": 0.187549438304596, "MSE": 0.0814256190119569, "poisson_deviance_explained": 0.44084142560293826}, "18": {"AUC": NaN, "kappa": NaN, "f1": NaN, "precision": NaN, "recall": NaN, "average_precision": NaN, "Spearman_r": 0.600882753832887, "Pearson_r": 0.7037459684564479, "R2": 0.4943735682720448, "MAE": 0.18973227019954092, "MSE": 0.08154552843893544, "poisson_deviance_explained": 0.4467444189237386}, "19": {"AUC": NaN, "kappa": NaN, "f1": NaN, "precision": NaN, "recall": NaN, "average_precision": NaN, "Spearman_r": 0.6147302134135507, "Pearson_r": 0.7091923839269374, "R2": 0.5022151270809814, "MAE": 0.1935965320071281, "MSE": 0.08700258690757862, "poisson_deviance_explained": 0.45402739744275233}, "20": {"AUC": NaN, "kappa": NaN, "f1": NaN, "precision": NaN, "recall": NaN, "average_precision": NaN, "Spearman_r": 0.6097782150377455, "Pearson_r": 0.6945467996729076, "R2": 0.4812824524017276, "MAE": 0.21442238776677472, "MSE": 0.09808899243560143, "poisson_deviance_explained": 0.43434594910391044}, "21": {"AUC": NaN, "kappa": NaN, "f1": NaN, "precision": NaN, "recall": NaN, "average_precision": NaN, "Spearman_r": 0.6084935625799257, "Pearson_r": 0.7141018200022959, "R2": 0.5082548826468833, "MAE": 0.2089153013435534, "MSE": 0.09458920475005331, "poisson_deviance_explained": 0.45839604152072067}, "22": {"AUC": NaN, "kappa": NaN, "f1": NaN, "precision": NaN, "recall": NaN, "average_precision": NaN, "Spearman_r": 0.6306570392040091, "Pearson_r": 0.7198238499752059, "R2": 0.5154005328741869, "MAE": 0.22931511606942068, "MSE": 0.11015549364052732, "poisson_deviance_explained": 0.45259202931268994}, "23": {"AUC": NaN, "kappa": NaN, "f1": NaN, "precision": NaN, "recall": NaN, "average_precision": NaN, "Spearman_r": 0.6505293757488195, "Pearson_r": 0.7250332257606823, "R2": 0.5198397529928159, "MAE": 0.24900477481564925, "MSE": 0.12447333485109685, "poisson_deviance_explained": 0.46719198032302445}, "24": {"AUC": NaN, "kappa": NaN, "f1": NaN, "precision": NaN, "recall": NaN, "average_precision": NaN, "Spearman_r": 0.6737758899990255, "Pearson_r": 0.7423817717933591, "R2": 0.5456954159167158, "MAE": 0.24977071036863635, "MSE": 0.12174376656903904, "poisson_deviance_explained": 0.48223505806638745}, "25": {"AUC": NaN, "kappa": NaN, "f1": NaN, "precision": NaN, "recall": NaN, "average_precision": NaN, "Spearman_r": 0.6799270554381147, "Pearson_r": 0.721235197052751, "R2": 0.5154305126840809, "MAE": 0.28328238585907545, "MSE": 0.14899443559647138, "poisson_deviance_explained": 0.46468669952763364}, "26": {"AUC": NaN, "kappa": NaN, "f1": NaN, "precision": NaN, "recall": NaN, "average_precision": NaN, "Spearman_r": 0.6913839228468176, "Pearson_r": 0.7408575353329385, "R2": 0.5442029427609003, "MAE": 0.27434198549945105, "MSE": 0.14495507795585041, "poisson_deviance_explained": 0.48982940587685586}, "27": {"AUC": NaN, "kappa": NaN, "f1": NaN, "precision": NaN, "recall": NaN, "average_precision": NaN, "Spearman_r": 0.6892977782502663,