{"1": {"AUC": NaN, "kappa": NaN, "f1": NaN, "precision": NaN, "recall": NaN, "average_precision": NaN, "Spearman_r": 0.6347831454115113, "Pearson_r": 0.7142956034915242, "R2": 0.5017023169867333, "MAE": 0.24660906084817563, "MSE": 0.12783620246120778, "poisson_deviance_explained": 0.46541373119935303}, "2": {"AUC": NaN, "kappa": NaN, "f1": NaN, "precision": NaN, "recall": NaN, "average_precision": NaN, "Spearman_r": 0.6402974404413825, "Pearson_r": 0.7158267415966549, "R2": 0.5062801120985851, "MAE": 0.2484477083196738, "MSE": 0.13333822242004867, "poisson_deviance_explained": 0.47341768224585545}, "3": {"AUC": NaN, "kappa": NaN, "f1": NaN, "precision": NaN, "recall": NaN, "average_precision": NaN, "Spearman_r": 0.6531165978689953, "Pearson_r": 0.7101900885668266, "R2": 0.4971074617271878, "MAE": 0.2724691085742745, "MSE": 0.14996805783725237, "poisson_deviance_explained": 0.45110860703530675}, "4": {"AUC": NaN, "kappa": NaN, "f1": NaN, "precision": NaN, "recall": NaN, "average_precision": NaN, "Spearman_r": 0.6590694259823818, "Pearson_r": 0.722971390780434, "R2": 0.5123722829174606, "MAE": 0.26832288783598046, "MSE": 0.14475814668804265, "poisson_deviance_explained": 0.45890767137889477}, "5": {"AUC": NaN, "kappa": NaN, "f1": NaN, "precision": NaN, "recall": NaN, "average_precision": NaN, "Spearman_r": 0.638861956947159, "Pearson_r": 0.7289219552930869, "R2": 0.5191563277730215, "MAE": 0.2655358064317227, "MSE": 0.13934145391965608, "poisson_deviance_explained": 0.4663517261962641}, "6": {"AUC": NaN, "kappa": NaN, "f1": NaN, "precision": NaN, "recall": NaN, "average_precision": NaN, "Spearman_r": 0.6818447416562219, "Pearson_r": 0.7377008383545931, "R2": 0.5266596216855646, "MAE": 0.2855909353324991, "MSE": 0.15108797438002364, "poisson_deviance_explained": 0.47676119658171157}, "7": {"AUC": NaN, "kappa": NaN, "f1": NaN, "precision": NaN, "recall": NaN, "average_precision": NaN, "Spearman_r": 0.6764437295084568, "Pearson_r": 0.7115850719968004, "R2": 0.49627021558663975, "MAE": 0.3060605570204839, "MSE": 0.1650760493431027, "poisson_deviance_explained": 0.45042899435758255}, "8": {"AUC": NaN, "kappa": NaN, "f1": NaN, "precision": NaN, "recall": NaN, "average_precision": NaN, "Spearman_r": 0.6679818566793727, "Pearson_r": 0.6967214052371764, "R2": 0.47757953669210296, "MAE": 0.31423094827249715, "MSE": 0.16706872720554053, "poisson_deviance_explained": 0.4280025946036299}, "9": {"AUC": NaN, "kappa": NaN, "f1": NaN, "precision": NaN, "recall": NaN, "average_precision": NaN, "Spearman_r": 0.6496154310925383, "Pearson_r": 0.6994804447046274, "R2": 0.4786220026379121, "MAE": 0.29383350976753536, "MSE": 0.14989729049259296, "poisson_deviance_explained": 0.4174564671140909}, "10": {"AUC": NaN, "kappa": NaN, "f1": NaN, "precision": NaN, "recall": NaN, "average_precision": NaN, "Spearman_r": 0.6288803712013926, "Pearson_r": 0.7047735962000086, "R2": 0.48821008125128784, "MAE": 0.2558561203611838, "MSE": 0.12047062808806654, "poisson_deviance_explained": 0.43081744702249325}, "11": {"AUC": NaN, "kappa": NaN, "f1": NaN, "precision": NaN, "recall": NaN, "average_precision": NaN, "Spearman_r": 0.5825616880760349, "Pearson_r": 0.6640564613211002, "R2": 0.4360400700240744, "MAE": 0.246223311147723, "MSE": 0.11537086270198955, "poisson_deviance_explained": 0.38511760560008446}, "12": {"AUC": NaN, "kappa": NaN, "f1": NaN, "precision": NaN, "recall": NaN, "average_precision": NaN, "Spearman_r": 0.5824292974439484, "Pearson_r": 0.6789436679864321, "R2": 0.45742440917081306, "MAE": 0.2147789988412918, "MSE": 0.09846547387713118, "poisson_deviance_explained": 0.4220536377891664}, "13": {"AUC": NaN, "kappa": NaN, "f1": NaN, "precision": NaN, "recall": NaN, "average_precision": NaN, "Spearman_r": 0.5643783162529354, "Pearson_r": 0.6960021604258305, "R2": 0.4793159488777302, "MAE": 0.1800927490104163, "MSE": 0.07688790417817579, "poisson_deviance_explained": 0.44251650900464656}, "14": {"AUC": NaN, "kappa": NaN, "f1": NaN, "precision": NaN, "recall": NaN, "average_precision": NaN, "Spearman_r": 0.5395635165758855, "Pearson_r": 0.6715913756120828, "R2": 0.4474691842643589, "MAE": 0.18070143014439374, "MSE": 0.07961819186389664, "poisson_deviance_explained": 0.41876980021944776}, "15": {"AUC": NaN, "kappa": NaN, "f1": NaN, "precision": NaN, "recall": NaN, "average_precision": NaN, "Spearman_r": 0.5524660836710701, "Pearson_r": 0.7021968299083025, "R2": 0.4885543665473009, "MAE": 0.16746768642077195, "MSE": 0.0721470206276213, "poisson_deviance_explained": 0.4509414092327726}, "16": {"AUC": NaN, "kappa": NaN, "f1": NaN, "precision": NaN, "recall": NaN, "average_precision": NaN, "Spearman_r": 0.5558842875428162, "Pearson_r": 0.6895845695510604, "R2": 0.4721071910643414, "MAE": 0.16633285813970164, "MSE": 0.07691238013202516, "poisson_deviance_explained": 0.4426274702622476}, "17": {"AUC": NaN, "kappa": NaN, "f1": NaN, "precision": NaN, "recall": NaN, "average_precision": NaN, "Spearman_r": 0.5871602393057319, "Pearson_r": 0.6943477371706678, "R2": 0.47943823322046186, "MAE": 0.17863358593727374, "MSE": 0.07595672492759387, "poisson_deviance_explained": 0.4357505712054629}, "18": {"AUC": NaN, "kappa": NaN, "f1": NaN, "precision": NaN, "recall": NaN, "average_precision": NaN, "Spearman_r": 0.5997909090941475, "Pearson_r": 0.7088762538042717, "R2": 0.49579553303132406, "MAE": 0.18019836024144253, "MSE": 0.07309485423501882, "poisson_deviance_explained": 0.4646845754754272}, "19": {"AUC": NaN, "kappa": NaN, "f1": NaN, "precision": NaN, "recall": NaN, "average_precision": NaN, "Spearman_r": 0.6058750277415881, "Pearson_r": 0.6938458319149053, "R2": 0.4789300522617238, "MAE": 0.19141989417427785, "MSE": 0.08199836968144553, "poisson_deviance_explained": 0.4532063359966513}, "20": {"AUC": NaN, "kappa": NaN, "f1": NaN, "precision": NaN, "recall": NaN, "average_precision": NaN, "Spearman_r": 0.6034933721347875, "Pearson_r": 0.6779880818794478, "R2": 0.45646001136319136, "MAE": 0.2245121023393822, "MSE": 0.10402944493928616, "poisson_deviance_explained": 0.42739368505465214}, "21": {"AUC": NaN, "kappa": NaN, "f1": NaN, "precision": NaN, "recall": NaN, "average_precision": NaN, "Spearman_r": 0.6111922407637869, "Pearson_r": 0.7123319250766975, "R2": 0.5018306543274156, "MAE": 0.21531333877657044, "MSE": 0.0977193433346828, "poisson_deviance_explained": 0.4482756681024519}, "22": {"AUC": NaN, "kappa": NaN, "f1": NaN, "precision": NaN, "recall": NaN, "average_precision": NaN, "Spearman_r": 0.6171015015148943, "Pearson_r": 0.7023805184681233, "R2": 0.4857320314695234, "MAE": 0.21934624036096406, "MSE": 0.10421444878909635, "poisson_deviance_explained": 0.44985168414876575}, "23": {"AUC": NaN, "kappa": NaN, "f1": NaN, "precision": NaN, "recall": NaN, "average_precision": NaN, "Spearman_r": 0.6383637755947256, "Pearson_r": 0.724161814117001, "R2": 0.509309397414593, "MAE": 0.2515201236224589, "MSE": 0.12388718861399835, "poisson_deviance_explained": 0.4654508029805192}, "24": {"AUC": NaN, "kappa": NaN, "f1": NaN, "precision": NaN, "recall": NaN, "average_precision": NaN, "Spearman_r": 0.6516437544473259, "Pearson_r": 0.7133217603868414, "R2": 0.4937360811112814, "MAE": 0.30035956760825455, "MSE": 0.1579252847615619, "poisson_deviance_explained": 0.44125714287232587}, "25": {"AUC": NaN, "kappa": NaN, "f1": NaN, "precision": NaN, "recall": NaN, "average_precision": NaN, "Spearman_r": 0.6705244753561571, "Pearson_r": 0.7174691662889169, "R2": 0.5004716995580283, "MAE": 0.30089479045081824, "MSE": 0.16024907651787487, "poisson_deviance_explained": 0.45280953209794694}, "26": {"AUC": NaN, "kappa": NaN, "f1": NaN, "precision": NaN, "recall": NaN, "average_precision": NaN, "Spearman_r": 0.6780486506811554, "Pearson_r": 0.7087151316311262, "R2": 0.4914987117860633, "MAE": 0.31038585844871813, "MSE": 0.1697430642373514, "poisson_deviance_explained": 0.44714140901394706}, "27": {"AUC": NaN, "kappa": NaN, "f1": NaN, "precision": NaN, "recall": NaN, "average_precision": NaN,