{"1": {"AUC": NaN, "kappa": NaN, "f1": NaN, "precision": NaN, "recall": NaN, "average_precision": NaN, "Spearman_r": 0.6481243846639323, "Pearson_r": 0.7435214490313474, "R2": 0.5486708424414268, "MAE": 0.23643821337798832, "MSE": 0.1202788637132669, "poisson_deviance_explained": 0.4970442706459559}, "2": {"AUC": NaN, "kappa": NaN, "f1": NaN, "precision": NaN, "recall": NaN, "average_precision": NaN, "Spearman_r": 0.646767369916519, "Pearson_r": 0.7642218101565007, "R2": 0.580658660980401, "MAE": 0.20216154320457275, "MSE": 0.1027443233890859, "poisson_deviance_explained": 0.5412638177389189}, "3": {"AUC": NaN, "kappa": NaN, "f1": NaN, "precision": NaN, "recall": NaN, "average_precision": NaN, "Spearman_r": 0.6578022027444967, "Pearson_r": 0.7674200185913786, "R2": 0.5831623128999665, "MAE": 0.21263954669716498, "MSE": 0.1067019995210678, "poisson_deviance_explained": 0.5407506787412186}, "4": {"AUC": NaN, "kappa": NaN, "f1": NaN, "precision": NaN, "recall": NaN, "average_precision": NaN, "Spearman_r": 0.6253007109051003, "Pearson_r": 0.7639725456720051, "R2": 0.5772377791238539, "MAE": 0.19562959193272167, "MSE": 0.09689869499342164, "poisson_deviance_explained": 0.5347473713154091}, "5": {"AUC": NaN, "kappa": NaN, "f1": NaN, "precision": NaN, "recall": NaN, "average_precision": NaN, "Spearman_r": 0.6633536424180415, "Pearson_r": 0.7841455167455358, "R2": 0.6098830466041953, "MAE": 0.20505480219993394, "MSE": 0.10083332023854565, "poisson_deviance_explained": 0.557363670347262}, "6": {"AUC": NaN, "kappa": NaN, "f1": NaN, "precision": NaN, "recall": NaN, "average_precision": NaN, "Spearman_r": 0.6755829797436124, "Pearson_r": 0.7628295935157169, "R2": 0.5742523168229892, "MAE": 0.2390364640038848, "MSE": 0.12190664745890424, "poisson_deviance_explained": 0.5186794751812736}, "7": {"AUC": NaN, "kappa": NaN, "f1": NaN, "precision": NaN, "recall": NaN, "average_precision": NaN, "Spearman_r": 0.6849778915132183, "Pearson_r": 0.7643375331851844, "R2": 0.5775773310138553, "MAE": 0.24737349639201253, "MSE": 0.12363923403652098, "poisson_deviance_explained": 0.5160971312361015}, "8": {"AUC": NaN, "kappa": NaN, "f1": NaN, "precision": NaN, "recall": NaN, "average_precision": NaN, "Spearman_r": 0.6882572581320086, "Pearson_r": 0.7639692917134561, "R2": 0.5769472946929128, "MAE": 0.24805244185665962, "MSE": 0.12298560873958196, "poisson_deviance_explained": 0.5148828812094111}, "9": {"AUC": NaN, "kappa": NaN, "f1": NaN, "precision": NaN, "recall": NaN, "average_precision": NaN, "Spearman_r": 0.6799375879765895, "Pearson_r": 0.7464053561051321, "R2": 0.5530841615347528, "MAE": 0.2533090340444053, "MSE": 0.12312570336119788, "poisson_deviance_explained": 0.4818330806322736}, "10": {"AUC": NaN, "kappa": NaN, "f1": NaN, "precision": NaN, "recall": NaN, "average_precision": NaN, "Spearman_r": 0.6435994855898065, "Pearson_r": 0.7383349305986089, "R2": 0.540641526782936, "MAE": 0.2275754382453954, "MSE": 0.10221217874508871, "poisson_deviance_explained": 0.47294085524924445}, "11": {"AUC": NaN, "kappa": NaN, "f1": NaN, "precision": NaN, "recall": NaN, "average_precision": NaN, "Spearman_r": 0.6503473463921776, "Pearson_r": 0.7546394776683423, "R2": 0.5662826313109872, "MAE": 0.2173773527942492, "MSE": 0.09896028430183453, "poisson_deviance_explained": 0.4960272527658671}, "12": {"AUC": NaN, "kappa": NaN, "f1": NaN, "precision": NaN, "recall": NaN, "average_precision": NaN, "Spearman_r": 0.624963364949043, "Pearson_r": 0.7363105166774172, "R2": 0.5390285830655501, "MAE": 0.2074456600139331, "MSE": 0.0902530393874625, "poisson_deviance_explained": 0.47572463838541545}, "13": {"AUC": NaN, "kappa": NaN, "f1": NaN, "precision": NaN, "recall": NaN, "average_precision": NaN, "Spearman_r": 0.579242449739976, "Pearson_r": 0.7229435948282729, "R2": 0.5201536050346223, "MAE": 0.180240122640666, "MSE": 0.0771482938616997, "poisson_deviance_explained": 0.4714939216073216}, "14": {"AUC": NaN, "kappa": NaN, "f1": NaN, "precision": NaN, "recall": NaN, "average_precision": NaN, "Spearman_r": 0.570986716238212, "Pearson_r": 0.7233078562616025, "R2": 0.5210076242901422, "MAE": 0.17901088219956074, "MSE": 0.08154795895170824, "poisson_deviance_explained": 0.4809769433879204}, "15": {"AUC": NaN, "kappa": NaN, "f1": NaN, "precision": NaN, "recall": NaN, "average_precision": NaN, "Spearman_r": 0.5675356932171748, "Pearson_r": 0.7247169222690327, "R2": 0.5231720670587034, "MAE": 0.1625401442882829, "MSE": 0.06939469106645578, "poisson_deviance_explained": 0.48793655031234506}, "16": {"AUC": NaN, "kappa": NaN, "f1": NaN, "precision": NaN, "recall": NaN, "average_precision": NaN, "Spearman_r": 0.5666660505320024, "Pearson_r": 0.7294414829719317, "R2": 0.5301822260137393, "MAE": 0.15058565390585027, "MSE": 0.06269382659390145, "poisson_deviance_explained": 0.49869558924826907}, "17": {"AUC": NaN, "kappa": NaN, "f1": NaN, "precision": NaN, "recall": NaN, "average_precision": NaN, "Spearman_r": 0.5903967909689883, "Pearson_r": 0.730956551100916, "R2": 0.5329764037146154, "MAE": 0.1621539203011072, "MSE": 0.06988358554595271, "poisson_deviance_explained": 0.4985662012462154}, "18": {"AUC": NaN, "kappa": NaN, "f1": NaN, "precision": NaN, "recall": NaN, "average_precision": NaN, "Spearman_r": 0.5974135102819189, "Pearson_r": 0.7316832825394409, "R2": 0.5325904094238829, "MAE": 0.1687939273891527, "MSE": 0.0708612243104714, "poisson_deviance_explained": 0.48964910981666454}, "19": {"AUC": NaN, "kappa": NaN, "f1": NaN, "precision": NaN, "recall": NaN, "average_precision": NaN, "Spearman_r": 0.616870715104814, "Pearson_r": 0.7453590188634421, "R2": 0.5525309781297895, "MAE": 0.1747587080914007, "MSE": 0.0742904747872429, "poisson_deviance_explained": 0.5104795086082479}, "20": {"AUC": NaN, "kappa": NaN, "f1": NaN, "precision": NaN, "recall": NaN, "average_precision": NaN, "Spearman_r": 0.6169054178683941, "Pearson_r": 0.7407050044425401, "R2": 0.5454324101628059, "MAE": 0.18768851608602155, "MSE": 0.08247488132506813, "poisson_deviance_explained": 0.5022250820853195}, "21": {"AUC": NaN, "kappa": NaN, "f1": NaN, "precision": NaN, "recall": NaN, "average_precision": NaN, "Spearman_r": 0.6119385638385865, "Pearson_r": 0.7354062898054711, "R2": 0.5383747665307381, "MAE": 0.18507910277439946, "MSE": 0.08295291153777874, "poisson_deviance_explained": 0.4972822542372637}, "22": {"AUC": NaN, "kappa": NaN, "f1": NaN, "precision": NaN, "recall": NaN, "average_precision": NaN, "Spearman_r": 0.6391950759505436, "Pearson_r": 0.758397607738491, "R2": 0.5724146555818482, "MAE": 0.19004082699727504, "MSE": 0.08669059219856172, "poisson_deviance_explained": 0.5241660165735366}, "23": {"AUC": NaN, "kappa": NaN, "f1": NaN, "precision": NaN, "recall": NaN, "average_precision": NaN, "Spearman_r": 0.6596162035368864, "Pearson_r": 0.7682323302490365, "R2": 0.5859529386785518, "MAE": 0.2016710057676217, "MSE": 0.0937366072233879, "poisson_deviance_explained": 0.5317916782953602}, "24": {"AUC": NaN, "kappa": NaN, "f1": NaN, "precision": NaN, "recall": NaN, "average_precision": NaN, "Spearman_r": 0.662226507672227, "Pearson_r": 0.7601161968225982, "R2": 0.5726482590391954, "MAE": 0.21898571819476365, "MSE": 0.1041089406047223, "poisson_deviance_explained": 0.5184308995293967}, "25": {"AUC": NaN, "kappa": NaN, "f1": NaN, "precision": NaN, "recall": NaN, "average_precision": NaN, "Spearman_r": 0.6668701400292436, "Pearson_r": 0.7507517107545952, "R2": 0.5560032217014761, "MAE": 0.24175434342742985, "MSE": 0.11826616614597796, "poisson_deviance_explained": 0.49958266951442964}, "26": {"AUC": NaN, "kappa": NaN, "f1": NaN, "precision": NaN, "recall": NaN, "average_precision": NaN, "Spearman_r": 0.6634994241597086, "Pearson_r": 0.7567585956324265, "R2": 0.5676707970799897, "MAE": 0.2262386790194568, "MSE": 0.10975410604619316, "poisson_deviance_explained": 0.5159978084122356}, "27": {"AUC": NaN, "kappa": NaN, "f1": NaN, "precision": NaN, "recall": NaN, "average_precision": NaN, "Spearman_r": 0.6625245212283368,