{"1": {"AUC": NaN, "kappa": NaN, "f1": NaN, "precision": NaN, "recall": NaN, "average_precision": NaN, "Spearman_r": 0.6420691445230339, "Pearson_r": 0.704515607718258, "R2": 0.49469922903840335, "MAE": 0.2613188585142308, "MSE": 0.15038078737022548, "poisson_deviance_explained": 0.46491995038393374}, "2": {"AUC": NaN, "kappa": NaN, "f1": NaN, "precision": NaN, "recall": NaN, "average_precision": NaN, "Spearman_r": 0.6742523701265346, "Pearson_r": 0.72570146139828, "R2": 0.5256749905224978, "MAE": 0.25379728671855484, "MSE": 0.1392523828112547, "poisson_deviance_explained": 0.4895550785364392}, "3": {"AUC": NaN, "kappa": NaN, "f1": NaN, "precision": NaN, "recall": NaN, "average_precision": NaN, "Spearman_r": 0.6409230623286261, "Pearson_r": 0.7354484438189364, "R2": 0.5374942863802106, "MAE": 0.21297223083924524, "MSE": 0.11248140358090249, "poisson_deviance_explained": 0.5157973279044967}, "4": {"AUC": NaN, "kappa": NaN, "f1": NaN, "precision": NaN, "recall": NaN, "average_precision": NaN, "Spearman_r": 0.6525557808264157, "Pearson_r": 0.7354498273654071, "R2": 0.539263289455348, "MAE": 0.22827123049136466, "MSE": 0.1256870949275109, "poisson_deviance_explained": 0.49129089915315804}, "5": {"AUC": NaN, "kappa": NaN, "f1": NaN, "precision": NaN, "recall": NaN, "average_precision": NaN, "Spearman_r": 0.6544401630585048, "Pearson_r": 0.7174718893429773, "R2": 0.514462684317604, "MAE": 0.24227537588650044, "MSE": 0.13751942557127436, "poisson_deviance_explained": 0.4703760478050427}, "6": {"AUC": NaN, "kappa": NaN, "f1": NaN, "precision": NaN, "recall": NaN, "average_precision": NaN, "Spearman_r": 0.6815165990067689, "Pearson_r": 0.7369955591679492, "R2": 0.5392414337222976, "MAE": 0.2641799667367322, "MSE": 0.1375533845953845, "poisson_deviance_explained": 0.48291703699407573}, "7": {"AUC": NaN, "kappa": NaN, "f1": NaN, "precision": NaN, "recall": NaN, "average_precision": NaN, "Spearman_r": 0.6553002522876219, "Pearson_r": 0.7066234090403474, "R2": 0.4986336641897141, "MAE": 0.2791585890313723, "MSE": 0.15239969784801288, "poisson_deviance_explained": 0.44865337948953}, "8": {"AUC": NaN, "kappa": NaN, "f1": NaN, "precision": NaN, "recall": NaN, "average_precision": NaN, "Spearman_r": 0.6570418901092946, "Pearson_r": 0.7118227979637282, "R2": 0.5056910661608578, "MAE": 0.277150637678801, "MSE": 0.14628757406591278, "poisson_deviance_explained": 0.43132194236468224}, "9": {"AUC": NaN, "kappa": NaN, "f1": NaN, "precision": NaN, "recall": NaN, "average_precision": NaN, "Spearman_r": 0.6493517579726175, "Pearson_r": 0.7126810819862585, "R2": 0.5061084541689944, "MAE": 0.24780047651148732, "MSE": 0.12846415045477577, "poisson_deviance_explained": 0.46353898820827455}, "10": {"AUC": NaN, "kappa": NaN, "f1": NaN, "precision": NaN, "recall": NaN, "average_precision": NaN, "Spearman_r": 0.6444527915501522, "Pearson_r": 0.7240472941615086, "R2": 0.5223604751097553, "MAE": 0.23490161622066041, "MSE": 0.11176704975054323, "poisson_deviance_explained": 0.4536828251045164}, "11": {"AUC": NaN, "kappa": NaN, "f1": NaN, "precision": NaN, "recall": NaN, "average_precision": NaN, "Spearman_r": 0.6091226271638399, "Pearson_r": 0.6932955949400821, "R2": 0.4796939583942744, "MAE": 0.23491463228047454, "MSE": 0.11639024073456056, "poisson_deviance_explained": 0.41786858579570674}, "12": {"AUC": NaN, "kappa": NaN, "f1": NaN, "precision": NaN, "recall": NaN, "average_precision": NaN, "Spearman_r": 0.5701185163752693, "Pearson_r": 0.668659161738425, "R2": 0.44652977835389107, "MAE": 0.22792706508221597, "MSE": 0.10786106616100642, "poisson_deviance_explained": 0.3946000413205557}, "13": {"AUC": NaN, "kappa": NaN, "f1": NaN, "precision": NaN, "recall": NaN, "average_precision": NaN, "Spearman_r": 0.5471585889994938, "Pearson_r": 0.6727021862607043, "R2": 0.45090081833348494, "MAE": 0.18327024059463212, "MSE": 0.08571011403351929, "poisson_deviance_explained": 0.4328549213300572}, "14": {"AUC": NaN, "kappa": NaN, "f1": NaN, "precision": NaN, "recall": NaN, "average_precision": NaN, "Spearman_r": 0.5201107331344649, "Pearson_r": 0.6583592340915474, "R2": 0.43171720911237055, "MAE": 0.17034847849097196, "MSE": 0.07928509079527489, "poisson_deviance_explained": 0.4097710129509291}, "15": {"AUC": NaN, "kappa": NaN, "f1": NaN, "precision": NaN, "recall": NaN, "average_precision": NaN, "Spearman_r": 0.5408783659709285, "Pearson_r": 0.6939035162747862, "R2": 0.4794773194168409, "MAE": 0.16392393308534917, "MSE": 0.06775915905926286, "poisson_deviance_explained": 0.4312082706631386}, "16": {"AUC": NaN, "kappa": NaN, "f1": NaN, "precision": NaN, "recall": NaN, "average_precision": NaN, "Spearman_r": 0.5764224572407872, "Pearson_r": 0.7216983722269418, "R2": 0.5196536831224503, "MAE": 0.16079027196550397, "MSE": 0.07209249414664494, "poisson_deviance_explained": 0.4716719062318512}, "17": {"AUC": NaN, "kappa": NaN, "f1": NaN, "precision": NaN, "recall": NaN, "average_precision": NaN, "Spearman_r": 0.5850939076105568, "Pearson_r": 0.7045289758817674, "R2": 0.495612629645355, "MAE": 0.1679255669327459, "MSE": 0.07529238215715205, "poisson_deviance_explained": 0.45821438442823537}, "18": {"AUC": NaN, "kappa": NaN, "f1": NaN, "precision": NaN, "recall": NaN, "average_precision": NaN, "Spearman_r": 0.6022350098803914, "Pearson_r": 0.7076663681043347, "R2": 0.5000121591612733, "MAE": 0.18197349466267645, "MSE": 0.08097288233382983, "poisson_deviance_explained": 0.4586615044609279}, "19": {"AUC": NaN, "kappa": NaN, "f1": NaN, "precision": NaN, "recall": NaN, "average_precision": NaN, "Spearman_r": 0.6104252095890336, "Pearson_r": 0.6972966014221441, "R2": 0.4854848809780997, "MAE": 0.19606620340414463, "MSE": 0.09049696584673164, "poisson_deviance_explained": 0.4521703258059042}, "20": {"AUC": NaN, "kappa": NaN, "f1": NaN, "precision": NaN, "recall": NaN, "average_precision": NaN, "Spearman_r": 0.6183057324351262, "Pearson_r": 0.7041148935295729, "R2": 0.4952228143378562, "MAE": 0.20018677718775582, "MSE": 0.09244099473861461, "poisson_deviance_explained": 0.45868998318816545}, "21": {"AUC": NaN, "kappa": NaN, "f1": NaN, "precision": NaN, "recall": NaN, "average_precision": NaN, "Spearman_r": 0.6165305844175945, "Pearson_r": 0.703236262258932, "R2": 0.49336361509508, "MAE": 0.22107543899019816, "MSE": 0.10761302022355097, "poisson_deviance_explained": 0.4392765130459677}, "22": {"AUC": NaN, "kappa": NaN, "f1": NaN, "precision": NaN, "recall": NaN, "average_precision": NaN, "Spearman_r": 0.6234717331061573, "Pearson_r": 0.7070340469552864, "R2": 0.4989035896174365, "MAE": 0.22567640286236604, "MSE": 0.11301763287796276, "poisson_deviance_explained": 0.44939328140230306}, "23": {"AUC": NaN, "kappa": NaN, "f1": NaN, "precision": NaN, "recall": NaN, "average_precision": NaN, "Spearman_r": 0.6255251391114788, "Pearson_r": 0.7302871071412816, "R2": 0.5300578131373639, "MAE": 0.22485386456482817, "MSE": 0.1101927602423615, "poisson_deviance_explained": 0.46682857540747813}, "24": {"AUC": NaN, "kappa": NaN, "f1": NaN, "precision": NaN, "recall": NaN, "average_precision": NaN, "Spearman_r": 0.6561567819818684, "Pearson_r": 0.7464164788462297, "R2": 0.5527493955032196, "MAE": 0.24012930899748153, "MSE": 0.12009796643323399, "poisson_deviance_explained": 0.49916351963409766}, "25": {"AUC": NaN, "kappa": NaN, "f1": NaN, "precision": NaN, "recall": NaN, "average_precision": NaN, "Spearman_r": 0.6591341721853315, "Pearson_r": 0.733418321497559, "R2": 0.5349180824879088, "MAE": 0.2628517638593812, "MSE": 0.1388844164038406, "poisson_deviance_explained": 0.4741956791500481}, "26": {"AUC": NaN, "kappa": NaN, "f1": NaN, "precision": NaN, "recall": NaN, "average_precision": NaN, "Spearman_r": 0.6711121213072523, "Pearson_r": 0.7236675204503803, "R2": 0.521047794203433, "MAE": 0.28090220152806106, "MSE": 0.15742675594144667, "poisson_deviance_explained": 0.45342374190183243}, "27": {"AUC": NaN, "kappa": NaN, "f1": NaN, "precision": NaN, "recall": NaN, "average_precision": NaN, "Spearman_r": 0.6556165790767323,