{"1": {"AUC": NaN, "kappa": NaN, "f1": NaN, "precision": NaN, "recall": NaN, "average_precision": NaN, "Spearman_r": 0.6352996681097058, "Pearson_r": 0.697762769020124, "R2": 0.480040495208516, "MAE": 0.2771429859604268, "MSE": 0.15350996661907643, "poisson_deviance_explained": 0.4519275029095693}, "2": {"AUC": NaN, "kappa": NaN, "f1": NaN, "precision": NaN, "recall": NaN, "average_precision": NaN, "Spearman_r": 0.656915387255145, "Pearson_r": 0.7240522384224645, "R2": 0.5164519111455615, "MAE": 0.2624355775548223, "MSE": 0.1389731712247146, "poisson_deviance_explained": 0.47997957019484705}, "3": {"AUC": NaN, "kappa": NaN, "f1": NaN, "precision": NaN, "recall": NaN, "average_precision": NaN, "Spearman_r": 0.676173010361127, "Pearson_r": 0.7341903213197998, "R2": 0.5308680430043551, "MAE": 0.2505637590571864, "MSE": 0.12993437380081993, "poisson_deviance_explained": 0.4947530920096256}, "4": {"AUC": NaN, "kappa": NaN, "f1": NaN, "precision": NaN, "recall": NaN, "average_precision": NaN, "Spearman_r": 0.6372079197367343, "Pearson_r": 0.7143382293500664, "R2": 0.5040318441800274, "MAE": 0.23544424375909911, "MSE": 0.12165685224678872, "poisson_deviance_explained": 0.46887376631797006}, "5": {"AUC": NaN, "kappa": NaN, "f1": NaN, "precision": NaN, "recall": NaN, "average_precision": NaN, "Spearman_r": 0.6458710286695696, "Pearson_r": 0.7077631394882147, "R2": 0.49350112093318377, "MAE": 0.2541850681211329, "MSE": 0.13504857506460508, "poisson_deviance_explained": 0.46458296822231204}, "6": {"AUC": NaN, "kappa": NaN, "f1": NaN, "precision": NaN, "recall": NaN, "average_precision": NaN, "Spearman_r": 0.6811809552930499, "Pearson_r": 0.7194574211557963, "R2": 0.49677314659453176, "MAE": 0.315786546647039, "MSE": 0.17309196892686216, "poisson_deviance_explained": 0.4481392408524918}, "7": {"AUC": NaN, "kappa": NaN, "f1": NaN, "precision": NaN, "recall": NaN, "average_precision": NaN, "Spearman_r": 0.6787142584790165, "Pearson_r": 0.7196322651227084, "R2": 0.5036275535643262, "MAE": 0.29304356097705636, "MSE": 0.154558927641798, "poisson_deviance_explained": 0.4632824409205253}, "8": {"AUC": NaN, "kappa": NaN, "f1": NaN, "precision": NaN, "recall": NaN, "average_precision": NaN, "Spearman_r": 0.6324875148201593, "Pearson_r": 0.6960927928286613, "R2": 0.4765109136645208, "MAE": 0.28828615704423866, "MSE": 0.15048377812984923, "poisson_deviance_explained": 0.41699807284181856}, "9": {"AUC": NaN, "kappa": NaN, "f1": NaN, "precision": NaN, "recall": NaN, "average_precision": NaN, "Spearman_r": 0.66089273489373, "Pearson_r": 0.7207882197076965, "R2": 0.508288583235173, "MAE": 0.2592787333776049, "MSE": 0.12540903178396834, "poisson_deviance_explained": 0.4502105433974667}, "10": {"AUC": NaN, "kappa": NaN, "f1": NaN, "precision": NaN, "recall": NaN, "average_precision": NaN, "Spearman_r": 0.6579175958689575, "Pearson_r": 0.7364605652508163, "R2": 0.5328481373312398, "MAE": 0.24700330428059983, "MSE": 0.11489615633092505, "poisson_deviance_explained": 0.4557472395039307}, "11": {"AUC": NaN, "kappa": NaN, "f1": NaN, "precision": NaN, "recall": NaN, "average_precision": NaN, "Spearman_r": 0.6217302927111583, "Pearson_r": 0.7023125553489775, "R2": 0.48896187753599984, "MAE": 0.24348838363969502, "MSE": 0.11333770852695216, "poisson_deviance_explained": 0.4303884006301234}, "12": {"AUC": NaN, "kappa": NaN, "f1": NaN, "precision": NaN, "recall": NaN, "average_precision": NaN, "Spearman_r": 0.5756662882270996, "Pearson_r": 0.6676745895636987, "R2": 0.44424495560409294, "MAE": 0.21708458332317052, "MSE": 0.09907929721882486, "poisson_deviance_explained": 0.41090161596715347}, "13": {"AUC": NaN, "kappa": NaN, "f1": NaN, "precision": NaN, "recall": NaN, "average_precision": NaN, "Spearman_r": 0.5528592385266771, "Pearson_r": 0.669512989619767, "R2": 0.44437601348070077, "MAE": 0.18790482388985, "MSE": 0.08280639282339049, "poisson_deviance_explained": 0.42360439205216793}, "14": {"AUC": NaN, "kappa": NaN, "f1": NaN, "precision": NaN, "recall": NaN, "average_precision": NaN, "Spearman_r": 0.5361188420451266, "Pearson_r": 0.6586590687175223, "R2": 0.4311073230238377, "MAE": 0.18160453712672314, "MSE": 0.08217190599819835, "poisson_deviance_explained": 0.3977632009514348}, "15": {"AUC": NaN, "kappa": NaN, "f1": NaN, "precision": NaN, "recall": NaN, "average_precision": NaN, "Spearman_r": 0.5519511516992078, "Pearson_r": 0.7029860196927654, "R2": 0.489703719241093, "MAE": 0.16571100205734127, "MSE": 0.07035598679219539, "poisson_deviance_explained": 0.4470923409725892}, "16": {"AUC": NaN, "kappa": NaN, "f1": NaN, "precision": NaN, "recall": NaN, "average_precision": NaN, "Spearman_r": 0.5621574629089383, "Pearson_r": 0.7079516154566464, "R2": 0.4969161889579441, "MAE": 0.16699903974831587, "MSE": 0.06542615639916088, "poisson_deviance_explained": 0.44670331793118145}, "17": {"AUC": NaN, "kappa": NaN, "f1": NaN, "precision": NaN, "recall": NaN, "average_precision": NaN, "Spearman_r": 0.6043997338567664, "Pearson_r": 0.7059790632520132, "R2": 0.4965788490395373, "MAE": 0.18625753173004764, "MSE": 0.07634378910267943, "poisson_deviance_explained": 0.44583520579093605}, "18": {"AUC": NaN, "kappa": NaN, "f1": NaN, "precision": NaN, "recall": NaN, "average_precision": NaN, "Spearman_r": 0.6151539489042622, "Pearson_r": 0.7176155499058365, "R2": 0.5100533944276933, "MAE": 0.18454458488725908, "MSE": 0.07935414115432206, "poisson_deviance_explained": 0.4745569337846479}, "19": {"AUC": NaN, "kappa": NaN, "f1": NaN, "precision": NaN, "recall": NaN, "average_precision": NaN, "Spearman_r": 0.6142249822035286, "Pearson_r": 0.7106091105236115, "R2": 0.49832695396608806, "MAE": 0.2033247170561136, "MSE": 0.09040926169509009, "poisson_deviance_explained": 0.45956993242403865}, "20": {"AUC": NaN, "kappa": NaN, "f1": NaN, "precision": NaN, "recall": NaN, "average_precision": NaN, "Spearman_r": 0.610496736959049, "Pearson_r": 0.7068392623156313, "R2": 0.49665328372475914, "MAE": 0.20030592319544555, "MSE": 0.08881521831334233, "poisson_deviance_explained": 0.46069152507972333}, "21": {"AUC": NaN, "kappa": NaN, "f1": NaN, "precision": NaN, "recall": NaN, "average_precision": NaN, "Spearman_r": 0.6114600795752668, "Pearson_r": 0.6946918700008478, "R2": 0.4762810285938204, "MAE": 0.21179205851507893, "MSE": 0.10125762985190402, "poisson_deviance_explained": 0.44484889899900915}, "22": {"AUC": NaN, "kappa": NaN, "f1": NaN, "precision": NaN, "recall": NaN, "average_precision": NaN, "Spearman_r": 0.6349524812557394, "Pearson_r": 0.7315828433215026, "R2": 0.528745562509692, "MAE": 0.22682020972963615, "MSE": 0.11054541395381648, "poisson_deviance_explained": 0.4646194510868352}, "23": {"AUC": NaN, "kappa": NaN, "f1": NaN, "precision": NaN, "recall": NaN, "average_precision": NaN, "Spearman_r": 0.6446550848790418, "Pearson_r": 0.7456930296654799, "R2": 0.5463774231164364, "MAE": 0.23334275215790595, "MSE": 0.11257549063520644, "poisson_deviance_explained": 0.47440349020063266}, "24": {"AUC": NaN, "kappa": NaN, "f1": NaN, "precision": NaN, "recall": NaN, "average_precision": NaN, "Spearman_r": 0.6801653038753634, "Pearson_r": 0.7295405617357574, "R2": 0.5235853737433634, "MAE": 0.2754824177121336, "MSE": 0.1459207669530149, "poisson_deviance_explained": 0.48069983085573553}, "25": {"AUC": NaN, "kappa": NaN, "f1": NaN, "precision": NaN, "recall": NaN, "average_precision": NaN, "Spearman_r": 0.6729927689362397, "Pearson_r": 0.7358292826730101, "R2": 0.5246469031795273, "MAE": 0.2906636452843809, "MSE": 0.14994879347906848, "poisson_deviance_explained": 0.4682943290937279}, "26": {"AUC": NaN, "kappa": NaN, "f1": NaN, "precision": NaN, "recall": NaN, "average_precision": NaN, "Spearman_r": 0.6546938122625802, "Pearson_r": 0.7213887591754433, "R2": 0.5072530223463807, "MAE": 0.28975296314714705, "MSE": 0.14874005293629786, "poisson_deviance_explained": 0.4554938227872162}, "27": {"AUC": NaN, "kappa": NaN, "f1": NaN, "precision": NaN, "recall": NaN, "average_precision": NaN, "Spearman_r": 0.6648587593897823,